doi,Materials_1,Polymer_1,conjugation_1,Isomer_1,CentroSymmetry_1,mu_e_1,mu_h_1,E_LUMO (eV)_1,E_HOMO (eV)_1,MonomerA_1,MonomerB_1,Materials_2,Polymer_2,conjugation_2,Isomer_2,CentroSymmetry_2,mu_e_2,mu_h_2,E_LUMO (eV)_2,E_HOMO (eV)_2,MonomerA_2,MonomerB_2
10.1002/adfm.201102941,SiIDT-BT,*c1cc2c(s1)-c1cc3c(cc1[Si]2(CCCCCCCC)CCCCCCCC)-c1sc(-c2ccc(*)c4nsnc24)cc1[Si]3(CCCCCCCC)CCCCCCCC,1,0.0,0,0.0,0.014,-3.1,-5.3,*c1cc2c(s1)-c1cc3c(cc1[Si]2(CCCCCCCC)CCCCCCCC)-c1sc(*)cc1[Si]3(CCCCCCCC)CCCCCCCC,*c1ccc(*)c2nsnc12,SiIDT-DTBT,*c1ccc(-c2ccc(-c3ccc(-c4cc5c(s4)-c4cc6c(cc4[Si]5(CCCCCCCC)CCCCCCCC)-c4sc(*)cc4[Si]6(CCCCCCCC)CCCCCCCC)s3)c3nsnc23)s1,1,0.0,0,0.0,0.28,-3.4,-5.2,*c1cc2c(s1)-c1cc3c(cc1[Si]2(CCCCCCCC)CCCCCCCC)-c1sc(*)cc1[Si]3(CCCCCCCC)CCCCCCCC,*c1ccc(-c2ccc(-c3ccc(*)s3)c3nsnc23)s1
10.1002/adfm.201102941,SiIDT-BT,*c1cc2c(s1)-c1cc3c(cc1[Si]2(CCCCCCCC)CCCCCCCC)-c1sc(-c2ccc(*)c4nsnc24)cc1[Si]3(CCCCCCCC)CCCCCCCC,1,0.0,0,0.0,0.014,-3.1,-5.3,*c1cc2c(s1)-c1cc3c(cc1[Si]2(CCCCCCCC)CCCCCCCC)-c1sc(*)cc1[Si]3(CCCCCCCC)CCCCCCCC,*c1ccc(*)c2nsnc12,SiIDT-2FBT,*c1cc2c(s1)-c1cc3c(cc1[Si]2(CCCCCCCC)CCCCCCCC)-c1sc(-c2c(F)c(F)c(*)c4nsnc24)cc1[Si]3(CCCCCCCC)CCCCCCCC,1,0.0,0,0.0,0.004,-3.1,-5.3,*c1cc2c(s1)-c1cc3c(cc1[Si]2(CCCCCCCC)CCCCCCCC)-c1sc(*)cc1[Si]3(CCCCCCCC)CCCCCCCC,*c1c(F)c(F)c(*)c2nsnc12
10.1002/adfm.201102941,SiIDT-BT,*c1cc2c(s1)-c1cc3c(cc1[Si]2(CCCCCCCC)CCCCCCCC)-c1sc(-c2ccc(*)c4nsnc24)cc1[Si]3(CCCCCCCC)CCCCCCCC,1,0.0,0,0.0,0.014,-3.1,-5.3,*c1cc2c(s1)-c1cc3c(cc1[Si]2(CCCCCCCC)CCCCCCCC)-c1sc(*)cc1[Si]3(CCCCCCCC)CCCCCCCC,*c1ccc(*)c2nsnc12,SiIDT-2FDTBT,*c1ccc(-c2c(F)c(F)c(-c3ccc(-c4cc5c(s4)-c4cc6c(cc4[Si]5(CCCCCCCC)CCCCCCCC)-c4sc(*)cc4[Si]6(CCCCCCCC)CCCCCCCC)s3)c3nsnc23)s1,1,0.0,0,0.0,0.19,-3.2,-5.2,*c1cc2c(s1)-c1cc3c(cc1[Si]2(CCCCCCCC)CCCCCCCC)-c1sc(*)cc1[Si]3(CCCCCCCC)CCCCCCCC,*c1ccc(-c2c(F)c(F)c(-c3ccc(*)s3)c3nsnc23)s1
10.1002/adfm.201102941,SiIDT-DTBT,*c1ccc(-c2ccc(-c3ccc(-c4cc5c(s4)-c4cc6c(cc4[Si]5(CCCCCCCC)CCCCCCCC)-c4sc(*)cc4[Si]6(CCCCCCCC)CCCCCCCC)s3)c3nsnc23)s1,1,0.0,0,0.0,0.28,-3.4,-5.2,*c1cc2c(s1)-c1cc3c(cc1[Si]2(CCCCCCCC)CCCCCCCC)-c1sc(*)cc1[Si]3(CCCCCCCC)CCCCCCCC,*c1ccc(-c2ccc(-c3ccc(*)s3)c3nsnc23)s1,SiIDT-2FBT,*c1cc2c(s1)-c1cc3c(cc1[Si]2(CCCCCCCC)CCCCCCCC)-c1sc(-c2c(F)c(F)c(*)c4nsnc24)cc1[Si]3(CCCCCCCC)CCCCCCCC,1,0.0,0,0.0,0.004,-3.1,-5.3,*c1cc2c(s1)-c1cc3c(cc1[Si]2(CCCCCCCC)CCCCCCCC)-c1sc(*)cc1[Si]3(CCCCCCCC)CCCCCCCC,*c1c(F)c(F)c(*)c2nsnc12
10.1002/adfm.201102941,SiIDT-DTBT,*c1ccc(-c2ccc(-c3ccc(-c4cc5c(s4)-c4cc6c(cc4[Si]5(CCCCCCCC)CCCCCCCC)-c4sc(*)cc4[Si]6(CCCCCCCC)CCCCCCCC)s3)c3nsnc23)s1,1,0.0,0,0.0,0.28,-3.4,-5.2,*c1cc2c(s1)-c1cc3c(cc1[Si]2(CCCCCCCC)CCCCCCCC)-c1sc(*)cc1[Si]3(CCCCCCCC)CCCCCCCC,*c1ccc(-c2ccc(-c3ccc(*)s3)c3nsnc23)s1,SiIDT-2FDTBT,*c1ccc(-c2c(F)c(F)c(-c3ccc(-c4cc5c(s4)-c4cc6c(cc4[Si]5(CCCCCCCC)CCCCCCCC)-c4sc(*)cc4[Si]6(CCCCCCCC)CCCCCCCC)s3)c3nsnc23)s1,1,0.0,0,0.0,0.19,-3.2,-5.2,*c1cc2c(s1)-c1cc3c(cc1[Si]2(CCCCCCCC)CCCCCCCC)-c1sc(*)cc1[Si]3(CCCCCCCC)CCCCCCCC,*c1ccc(-c2c(F)c(F)c(-c3ccc(*)s3)c3nsnc23)s1
10.1002/adfm.201102941,SiIDT-2FBT,*c1cc2c(s1)-c1cc3c(cc1[Si]2(CCCCCCCC)CCCCCCCC)-c1sc(-c2c(F)c(F)c(*)c4nsnc24)cc1[Si]3(CCCCCCCC)CCCCCCCC,1,0.0,0,0.0,0.004,-3.1,-5.3,*c1cc2c(s1)-c1cc3c(cc1[Si]2(CCCCCCCC)CCCCCCCC)-c1sc(*)cc1[Si]3(CCCCCCCC)CCCCCCCC,*c1c(F)c(F)c(*)c2nsnc12,SiIDT-2FDTBT,*c1ccc(-c2c(F)c(F)c(-c3ccc(-c4cc5c(s4)-c4cc6c(cc4[Si]5(CCCCCCCC)CCCCCCCC)-c4sc(*)cc4[Si]6(CCCCCCCC)CCCCCCCC)s3)c3nsnc23)s1,1,0.0,0,0.0,0.19,-3.2,-5.2,*c1cc2c(s1)-c1cc3c(cc1[Si]2(CCCCCCCC)CCCCCCCC)-c1sc(*)cc1[Si]3(CCCCCCCC)CCCCCCCC,*c1ccc(-c2c(F)c(F)c(-c3ccc(*)s3)c3nsnc23)s1
10.1002/adfm.201300536,PTIIG-T,*c1ccc(-c2cc3c(s2)/C(=C2\C(=O)N(CC(CCCCCCCC)CCCCCCCCCC)c4cc(*)sc42)C(=O)N3CC(CCCCCCCC)CCCCCCCCCC)s1,1,0.0,0,0.0,0.17,-3.62,-5.03,*c1ccc(*)s1,*c1cc2c(s1)/C(=C1\C(=O)N(CC(CCCCCCCC)CCCCCCCCCC)c3cc(*)sc31)C(=O)N2CC(CCCCCCCC)CCCCCCCCCC,PTIIG-Se,*c1cc2c(s1)/C(=C1\C(=O)N(CC(CCCCCCCC)CCCCCCCCCC)c3cc(-c4ccc(*)[se]4)sc31)C(=O)N2CC(CCCCCCCC)CCCCCCCCCC,1,0.0,0,0.0,0.11,-3.6,-4.95,*c1ccc(*)[se]1,*c1cc2c(s1)/C(=C1\C(=O)N(CC(CCCCCCCC)CCCCCCCCCC)c3cc(*)sc31)C(=O)N2CC(CCCCCCCC)CCCCCCCCCC
10.1002/adfm.201300536,PTIIG-T,*c1ccc(-c2cc3c(s2)/C(=C2\C(=O)N(CC(CCCCCCCC)CCCCCCCCCC)c4cc(*)sc42)C(=O)N3CC(CCCCCCCC)CCCCCCCCCC)s1,1,0.0,0,0.0,0.17,-3.62,-5.03,*c1ccc(*)s1,*c1cc2c(s1)/C(=C1\C(=O)N(CC(CCCCCCCC)CCCCCCCCCC)c3cc(*)sc31)C(=O)N2CC(CCCCCCCC)CCCCCCCCCC,PTIIG-DT,*c1ccc(-c2ccc(-c3cc4c(s3)/C(=C3\C(=O)N(CC(CCCCCCCC)CCCCCCCCCC)c5cc(*)sc53)C(=O)N4CC(CCCCCCCC)CCCCCCCCCC)s2)s1,1,0.0,1,0.0,0.2,-3.5,-5.02,*c1ccc(-c2ccc(*)s2)s1,*c1cc2c(s1)/C(=C1\C(=O)N(CC(CCCCCCCC)CCCCCCCCCC)c3cc(*)sc31)C(=O)N2CC(CCCCCCCC)CCCCCCCCCC
10.1002/adfm.201300536,PTIIG-Se,*c1cc2c(s1)/C(=C1\C(=O)N(CC(CCCCCCCC)CCCCCCCCCC)c3cc(-c4ccc(*)[se]4)sc31)C(=O)N2CC(CCCCCCCC)CCCCCCCCCC,1,0.0,0,0.0,0.11,-3.6,-4.95,*c1ccc(*)[se]1,*c1cc2c(s1)/C(=C1\C(=O)N(CC(CCCCCCCC)CCCCCCCCCC)c3cc(*)sc31)C(=O)N2CC(CCCCCCCC)CCCCCCCCCC,PTIIG-DT,*c1ccc(-c2ccc(-c3cc4c(s3)/C(=C3\C(=O)N(CC(CCCCCCCC)CCCCCCCCCC)c5cc(*)sc53)C(=O)N4CC(CCCCCCCC)CCCCCCCCCC)s2)s1,1,0.0,1,0.0,0.2,-3.5,-5.02,*c1ccc(-c2ccc(*)s2)s1,*c1cc2c(s1)/C(=C1\C(=O)N(CC(CCCCCCCC)CCCCCCCCCC)c3cc(*)sc31)C(=O)N2CC(CCCCCCCC)CCCCCCCCCC
10.1002/adfm.201303219,PNDI-TVTO,*c1ccc(/C(OCC)=C(\OCC)c2ccc(-c3cc4c5c(c(*)cc6c5c3C(=O)N(CC(CCCCCCCC)CCCCCCCCCC)C6=O)C(=O)N(CC(CCCCCCCC)CCCCCCCCCC)C4=O)s2)s1,1,0.0,1,0.2,0.0,-4.04,-5.63,*c1cc2c3c(c(*)cc4c3c1C(=O)N(CC(CCCCCCCC)CCCCCCCCCC)C4=O)C(=O)N(CC(CCCCCCCC)CCCCCCCCCC)C2=O,*c1ccc(/C(OCC)=C(\OCC)c2ccc(*)s2)s1,TVTOEt-BT,*c1ccc(/C(OCC)=C(\OCC)c2ccc(-c3sc(-c4cc(CCCCCCCCCCCC)c(*)s4)cc3CCCCCCCCCCCC)s2)s1,1,0.0,1,0.0,0.0032,-3.37,-5.25,*c1ccc(/C(OCC)=C(\OCC)c2ccc(*)s2)s1,*c1sc(-c2cc(CCCCCCCCCCCC)c(*)s2)cc1CCCCCCCCCCCC
10.1002/adfm.201303219,PNDI-TVTO,*c1ccc(/C(OCC)=C(\OCC)c2ccc(-c3cc4c5c(c(*)cc6c5c3C(=O)N(CC(CCCCCCCC)CCCCCCCCCC)C6=O)C(=O)N(CC(CCCCCCCC)CCCCCCCCCC)C4=O)s2)s1,1,0.0,1,0.2,0.0,-4.04,-5.63,*c1cc2c3c(c(*)cc4c3c1C(=O)N(CC(CCCCCCCC)CCCCCCCCCC)C4=O)C(=O)N(CC(CCCCCCCC)CCCCCCCCCC)C2=O,*c1ccc(/C(OCC)=C(\OCC)c2ccc(*)s2)s1,TVTOEt-BTOC12H25,*c1ccc(/C(OCC)=C(\OCC)c2ccc(-c3cc(OCCCCCCCCCCCC)c(-c4sc(*)cc4OCCCCCCCCCCCC)s3)s2)s1,1,0.0,1,0.0,0.00075,-3.48,-5.2,*c1ccc(/C(OCC)=C(\OCC)c2ccc(*)s2)s1,*c1cc(OCCCCCCCCCCCC)c(-c2sc(*)cc2OCCCCCCCCCCCC)s1
10.1002/adfm.201303219,PNDI-TVTO,*c1ccc(/C(OCC)=C(\OCC)c2ccc(-c3cc4c5c(c(*)cc6c5c3C(=O)N(CC(CCCCCCCC)CCCCCCCCCC)C6=O)C(=O)N(CC(CCCCCCCC)CCCCCCCCCC)C4=O)s2)s1,1,0.0,1,0.2,0.0,-4.04,-5.63,*c1cc2c3c(c(*)cc4c3c1C(=O)N(CC(CCCCCCCC)CCCCCCCCCC)C4=O)C(=O)N(CC(CCCCCCCC)CCCCCCCCCC)C2=O,*c1ccc(/C(OCC)=C(\OCC)c2ccc(*)s2)s1,TVTOEt-BDTC12,*c1ccc(/C(OCC)=C(\OCC)c2ccc(-c3cc4c(CCCCCCCCCCCC)c5sc(*)cc5c(CCCCCCCCCCCC)c4s3)s2)s1,1,0.0,1,0.0,0.02,-3.18,-5.22,*c1ccc(/C(OCC)=C(\OCC)c2ccc(*)s2)s1,*c1cc2c(CCCCCCCCCCCC)c3sc(*)cc3c(CCCCCCCCCCCC)c2s1
10.1002/adfm.201303219,PNDI-TVTO,*c1ccc(/C(OCC)=C(\OCC)c2ccc(-c3cc4c5c(c(*)cc6c5c3C(=O)N(CC(CCCCCCCC)CCCCCCCCCC)C6=O)C(=O)N(CC(CCCCCCCC)CCCCCCCCCC)C4=O)s2)s1,1,0.0,1,0.2,0.0,-4.04,-5.63,*c1cc2c3c(c(*)cc4c3c1C(=O)N(CC(CCCCCCCC)CCCCCCCCCC)C4=O)C(=O)N(CC(CCCCCCCC)CCCCCCCCCC)C2=O,*c1ccc(/C(OCC)=C(\OCC)c2ccc(*)s2)s1,TVTOEt-BDTOC12,*c1ccc(/C(OCC)=C(\OCC)c2ccc(-c3cc4c(OCCCCCCCCCCCC)c5sc(*)cc5c(OCCCCCCCCCCCC)c4s3)s2)s1,1,0.0,1,0.0,0.0003,-3.26,-5.2,*c1ccc(/C(OCC)=C(\OCC)c2ccc(*)s2)s1,*c1cc2c(OCCCCCCCCCCCC)c3sc(*)cc3c(OCCCCCCCCCCCC)c2s1
10.1002/adfm.201303219,TVTOEt-BT,*c1ccc(/C(OCC)=C(\OCC)c2ccc(-c3sc(-c4cc(CCCCCCCCCCCC)c(*)s4)cc3CCCCCCCCCCCC)s2)s1,1,0.0,1,0.0,0.0032,-3.37,-5.25,*c1ccc(/C(OCC)=C(\OCC)c2ccc(*)s2)s1,*c1sc(-c2cc(CCCCCCCCCCCC)c(*)s2)cc1CCCCCCCCCCCC,TVTOEt-BTOC12H25,*c1ccc(/C(OCC)=C(\OCC)c2ccc(-c3cc(OCCCCCCCCCCCC)c(-c4sc(*)cc4OCCCCCCCCCCCC)s3)s2)s1,1,0.0,1,0.0,0.00075,-3.48,-5.2,*c1ccc(/C(OCC)=C(\OCC)c2ccc(*)s2)s1,*c1cc(OCCCCCCCCCCCC)c(-c2sc(*)cc2OCCCCCCCCCCCC)s1
10.1002/adfm.201303219,TVTOEt-BT,*c1ccc(/C(OCC)=C(\OCC)c2ccc(-c3sc(-c4cc(CCCCCCCCCCCC)c(*)s4)cc3CCCCCCCCCCCC)s2)s1,1,0.0,1,0.0,0.0032,-3.37,-5.25,*c1ccc(/C(OCC)=C(\OCC)c2ccc(*)s2)s1,*c1sc(-c2cc(CCCCCCCCCCCC)c(*)s2)cc1CCCCCCCCCCCC,TVTOEt-BDTC12,*c1ccc(/C(OCC)=C(\OCC)c2ccc(-c3cc4c(CCCCCCCCCCCC)c5sc(*)cc5c(CCCCCCCCCCCC)c4s3)s2)s1,1,0.0,1,0.0,0.02,-3.18,-5.22,*c1ccc(/C(OCC)=C(\OCC)c2ccc(*)s2)s1,*c1cc2c(CCCCCCCCCCCC)c3sc(*)cc3c(CCCCCCCCCCCC)c2s1
10.1002/adfm.201303219,TVTOEt-BT,*c1ccc(/C(OCC)=C(\OCC)c2ccc(-c3sc(-c4cc(CCCCCCCCCCCC)c(*)s4)cc3CCCCCCCCCCCC)s2)s1,1,0.0,1,0.0,0.0032,-3.37,-5.25,*c1ccc(/C(OCC)=C(\OCC)c2ccc(*)s2)s1,*c1sc(-c2cc(CCCCCCCCCCCC)c(*)s2)cc1CCCCCCCCCCCC,TVTOEt-BDTOC12,*c1ccc(/C(OCC)=C(\OCC)c2ccc(-c3cc4c(OCCCCCCCCCCCC)c5sc(*)cc5c(OCCCCCCCCCCCC)c4s3)s2)s1,1,0.0,1,0.0,0.0003,-3.26,-5.2,*c1ccc(/C(OCC)=C(\OCC)c2ccc(*)s2)s1,*c1cc2c(OCCCCCCCCCCCC)c3sc(*)cc3c(OCCCCCCCCCCCC)c2s1
10.1002/adfm.201303219,TVTOEt-BTOC12H25,*c1ccc(/C(OCC)=C(\OCC)c2ccc(-c3cc(OCCCCCCCCCCCC)c(-c4sc(*)cc4OCCCCCCCCCCCC)s3)s2)s1,1,0.0,1,0.0,0.00075,-3.48,-5.2,*c1ccc(/C(OCC)=C(\OCC)c2ccc(*)s2)s1,*c1cc(OCCCCCCCCCCCC)c(-c2sc(*)cc2OCCCCCCCCCCCC)s1,TVTOEt-BDTC12,*c1ccc(/C(OCC)=C(\OCC)c2ccc(-c3cc4c(CCCCCCCCCCCC)c5sc(*)cc5c(CCCCCCCCCCCC)c4s3)s2)s1,1,0.0,1,0.0,0.02,-3.18,-5.22,*c1ccc(/C(OCC)=C(\OCC)c2ccc(*)s2)s1,*c1cc2c(CCCCCCCCCCCC)c3sc(*)cc3c(CCCCCCCCCCCC)c2s1
10.1002/adfm.201303219,TVTOEt-BTOC12H25,*c1ccc(/C(OCC)=C(\OCC)c2ccc(-c3cc(OCCCCCCCCCCCC)c(-c4sc(*)cc4OCCCCCCCCCCCC)s3)s2)s1,1,0.0,1,0.0,0.00075,-3.48,-5.2,*c1ccc(/C(OCC)=C(\OCC)c2ccc(*)s2)s1,*c1cc(OCCCCCCCCCCCC)c(-c2sc(*)cc2OCCCCCCCCCCCC)s1,TVTOEt-BDTOC12,*c1ccc(/C(OCC)=C(\OCC)c2ccc(-c3cc4c(OCCCCCCCCCCCC)c5sc(*)cc5c(OCCCCCCCCCCCC)c4s3)s2)s1,1,0.0,1,0.0,0.0003,-3.26,-5.2,*c1ccc(/C(OCC)=C(\OCC)c2ccc(*)s2)s1,*c1cc2c(OCCCCCCCCCCCC)c3sc(*)cc3c(OCCCCCCCCCCCC)c2s1
10.1002/adfm.201303219,TVTOEt-BDTC12,*c1ccc(/C(OCC)=C(\OCC)c2ccc(-c3cc4c(CCCCCCCCCCCC)c5sc(*)cc5c(CCCCCCCCCCCC)c4s3)s2)s1,1,0.0,1,0.0,0.02,-3.18,-5.22,*c1ccc(/C(OCC)=C(\OCC)c2ccc(*)s2)s1,*c1cc2c(CCCCCCCCCCCC)c3sc(*)cc3c(CCCCCCCCCCCC)c2s1,TVTOEt-BDTOC12,*c1ccc(/C(OCC)=C(\OCC)c2ccc(-c3cc4c(OCCCCCCCCCCCC)c5sc(*)cc5c(OCCCCCCCCCCCC)c4s3)s2)s1,1,0.0,1,0.0,0.0003,-3.26,-5.2,*c1ccc(/C(OCC)=C(\OCC)c2ccc(*)s2)s1,*c1cc2c(OCCCCCCCCCCCC)c3sc(*)cc3c(OCCCCCCCCCCCC)c2s1
10.1002/adfm.201402307,TTIID-BT,*c1ccc(-c2ccc(-c3cc4sc5c(c4s3)N(CC(CCCCCCCCCC)CCCCCCCCCCCC)C(=O)/C5=C3/C(=O)N(CC(CCCCCCCCCC)CCCCCCCCCCCC)c4c3sc3cc(*)sc43)s2)s1,1,0.0,1,0.1,0.4,-3.6,-4.8,*c1cc2sc3c(c2s1)N(CC(CCCCCCCCCC)CCCCCCCCCCCC)C(=O)/C3=C1/C(=O)N(CC(CCCCCCCCCC)CCCCCCCCCCCC)c2c1sc1cc(*)sc21,*c1ccc(-c2ccc(*)s2)s1,TTIID-BTz,*c1cc2sc3c(c2s1)N(CC(CCCCCCCCCC)CCCCCCCCCCCC)C(=O)/C3=C1/C(=O)N(CC(CCCCCCCCCC)CCCCCCCCCCCC)c2c1sc1cc(-c3ccc(*)c4nsnc34)sc21,1,0.0,0,0.7,0.4,-3.9,-4.9,*c1cc2sc3c(c2s1)N(CC(CCCCCCCCCC)CCCCCCCCCCCC)C(=O)/C3=C1/C(=O)N(CC(CCCCCCCCCC)CCCCCCCCCCCC)c2c1sc1cc(*)sc21,*c1ccc(*)c2nsnc12
10.1002/adfm.201402307,TTIID-BT,*c1ccc(-c2ccc(-c3cc4sc5c(c4s3)N(CC(CCCCCCCCCC)CCCCCCCCCCCC)C(=O)/C5=C3/C(=O)N(CC(CCCCCCCCCC)CCCCCCCCCCCC)c4c3sc3cc(*)sc43)s2)s1,1,0.0,1,0.1,0.4,-3.6,-4.8,*c1cc2sc3c(c2s1)N(CC(CCCCCCCCCC)CCCCCCCCCCCC)C(=O)/C3=C1/C(=O)N(CC(CCCCCCCCCC)CCCCCCCCCCCC)c2c1sc1cc(*)sc21,*c1ccc(-c2ccc(*)s2)s1,TTIID-T,*c1ccc(-c2cc3sc4c(c3s2)N(CC(CCCCCCCCCC)CCCCCCCCCCCC)C(=O)/C4=C2/C(=O)N(CC(CCCCCCCCCC)CCCCCCCCCCCC)c3c2sc2cc(*)sc32)s1,1,0.0,0,0.2,0.2,-3.7,-4.8,*c1cc2sc3c(c2s1)N(CC(CCCCCCCCCC)CCCCCCCCCCCC)C(=O)/C3=C1/C(=O)N(CC(CCCCCCCCCC)CCCCCCCCCCCC)c2c1sc1cc(*)sc21,*c1ccc(*)s1
10.1002/adfm.201402307,TTIID-BTz,*c1cc2sc3c(c2s1)N(CC(CCCCCCCCCC)CCCCCCCCCCCC)C(=O)/C3=C1/C(=O)N(CC(CCCCCCCCCC)CCCCCCCCCCCC)c2c1sc1cc(-c3ccc(*)c4nsnc34)sc21,1,0.0,0,0.7,0.4,-3.9,-4.9,*c1cc2sc3c(c2s1)N(CC(CCCCCCCCCC)CCCCCCCCCCCC)C(=O)/C3=C1/C(=O)N(CC(CCCCCCCCCC)CCCCCCCCCCCC)c2c1sc1cc(*)sc21,*c1ccc(*)c2nsnc12,TTIID-T,*c1ccc(-c2cc3sc4c(c3s2)N(CC(CCCCCCCCCC)CCCCCCCCCCCC)C(=O)/C4=C2/C(=O)N(CC(CCCCCCCCCC)CCCCCCCCCCCC)c3c2sc2cc(*)sc32)s1,1,0.0,0,0.2,0.2,-3.7,-4.8,*c1cc2sc3c(c2s1)N(CC(CCCCCCCCCC)CCCCCCCCCCCC)C(=O)/C3=C1/C(=O)N(CC(CCCCCCCCCC)CCCCCCCCCCCC)c2c1sc1cc(*)sc21,*c1ccc(*)s1
10.1002/adfm.201404540,PDPP[T]2-T,*c1ccc(C2=C3C(=O)N(CC(CCCCCC)CCCCCCCC)C(c4ccc(-c5ccc(*)s5)s4)=C3C(=O)N2CC(CCCCCC)CCCCCCCC)s1,1,0.0,0,0.0,0.6,-3.69,-5.75,*c1ccc(*)s1,*c1ccc(C2=C3C(=O)N(CC(CCCCCC)CCCCCCCC)C(c4ccc(*)s4)=C3C(=O)N2CC(CCCCCC)CCCCCCCC)s1,PDPP[T]2-TF 2,*c1ccc(C2=C3C(=O)N(CC(CCCCCC)CCCCCCCC)C(c4ccc(-c5sc(*)c(F)c5F)s4)=C3C(=O)N2CC(CCCCCC)CCCCCCCC)s1,1,0.0,0,0.21,0.25,-3.7,-5.91,*c1sc(*)c(F)c1F,*c1ccc(C2=C3C(=O)N(CC(CCCCCC)CCCCCCCC)C(c4ccc(*)s4)=C3C(=O)N2CC(CCCCCC)CCCCCCCC)s1
10.1002/adfm.201404540,PDPP[T]2-T,*c1ccc(C2=C3C(=O)N(CC(CCCCCC)CCCCCCCC)C(c4ccc(-c5ccc(*)s5)s4)=C3C(=O)N2CC(CCCCCC)CCCCCCCC)s1,1,0.0,0,0.0,0.6,-3.69,-5.75,*c1ccc(*)s1,*c1ccc(C2=C3C(=O)N(CC(CCCCCC)CCCCCCCC)C(c4ccc(*)s4)=C3C(=O)N2CC(CCCCCC)CCCCCCCC)s1,PDPP[Py]2-T,*c1ccc(C2=C3C(=O)N(CC(CCCCCC)CCCCCCCC)C(c4ccc(-c5ccc(*)s5)cn4)=C3C(=O)N2CC(CCCCCC)CCCCCCCC)nc1,1,0.0,0,0.63,0.0,-3.78,-6.08,*c1ccc(*)s1,*c1ccc(C2=C3C(=O)N(CC(CCCCCC)CCCCCCCC)C(c4ccc(*)cn4)=C3C(=O)N2CC(CCCCCC)CCCCCCCC)nc1
10.1002/adfm.201404540,PDPP[T]2-T,*c1ccc(C2=C3C(=O)N(CC(CCCCCC)CCCCCCCC)C(c4ccc(-c5ccc(*)s5)s4)=C3C(=O)N2CC(CCCCCC)CCCCCCCC)s1,1,0.0,0,0.0,0.6,-3.69,-5.75,*c1ccc(*)s1,*c1ccc(C2=C3C(=O)N(CC(CCCCCC)CCCCCCCC)C(c4ccc(*)s4)=C3C(=O)N2CC(CCCCCC)CCCCCCCC)s1,PDPP[Py]2-TF 2,*c1ccc(C2=C3C(=O)N(CC(CCCCCC)CCCCCCCC)C(c4ccc(-c5sc(*)c(F)c5F)cn4)=C3C(=O)N2CC(CCCCCC)CCCCCCCC)nc1,1,0.0,0,0.15,0.0,-3.81,-6.11,*c1sc(*)c(F)c1F,*c1ccc(C2=C3C(=O)N(CC(CCCCCC)CCCCCCCC)C(c4ccc(*)cn4)=C3C(=O)N2CC(CCCCCC)CCCCCCCC)nc1
10.1002/adfm.201404540,PDPP[T]2-T,*c1ccc(C2=C3C(=O)N(CC(CCCCCC)CCCCCCCC)C(c4ccc(-c5ccc(*)s5)s4)=C3C(=O)N2CC(CCCCCC)CCCCCCCC)s1,1,0.0,0,0.0,0.6,-3.69,-5.75,*c1ccc(*)s1,*c1ccc(C2=C3C(=O)N(CC(CCCCCC)CCCCCCCC)C(c4ccc(*)s4)=C3C(=O)N2CC(CCCCCC)CCCCCCCC)s1,PDPP[Ph]2-T,*c1ccc(C2=C3C(=O)N(CC(CCCCCC)CCCCCCCC)C(c4ccc(-c5ccc(*)s5)cc4)=C3C(=O)N2CC(CCCCCC)CCCCCCCC)cc1,1,0.0,0,0.0,0.0008,-3.53,-5.97,*c1ccc(*)s1,*c1ccc(C2=C3C(=O)N(CC(CCCCCC)CCCCCCCC)C(c4ccc(*)cc4)=C3C(=O)N2CC(CCCCCC)CCCCCCCC)cc1
10.1002/adfm.201404540,PDPP[T]2-T,*c1ccc(C2=C3C(=O)N(CC(CCCCCC)CCCCCCCC)C(c4ccc(-c5ccc(*)s5)s4)=C3C(=O)N2CC(CCCCCC)CCCCCCCC)s1,1,0.0,0,0.0,0.6,-3.69,-5.75,*c1ccc(*)s1,*c1ccc(C2=C3C(=O)N(CC(CCCCCC)CCCCCCCC)C(c4ccc(*)s4)=C3C(=O)N2CC(CCCCCC)CCCCCCCC)s1,PDPP[Ph]2-TF 2,*c1ccc(C2=C3C(=O)N(CC(CCCCCC)CCCCCCCC)C(c4ccc(-c5sc(*)c(F)c5F)cc4)=C3C(=O)N2CC(CCCCCC)CCCCCCCC)cc1,1,0.0,0,0.0,0.00015,-3.57,-6.04,*c1sc(*)c(F)c1F,*c1ccc(C2=C3C(=O)N(CC(CCCCCC)CCCCCCCC)C(c4ccc(*)cc4)=C3C(=O)N2CC(CCCCCC)CCCCCCCC)cc1
10.1002/adfm.201404540,PDPP[T]2-TF 2,*c1ccc(C2=C3C(=O)N(CC(CCCCCC)CCCCCCCC)C(c4ccc(-c5sc(*)c(F)c5F)s4)=C3C(=O)N2CC(CCCCCC)CCCCCCCC)s1,1,0.0,0,0.21,0.25,-3.7,-5.91,*c1sc(*)c(F)c1F,*c1ccc(C2=C3C(=O)N(CC(CCCCCC)CCCCCCCC)C(c4ccc(*)s4)=C3C(=O)N2CC(CCCCCC)CCCCCCCC)s1,PDPP[Py]2-T,*c1ccc(C2=C3C(=O)N(CC(CCCCCC)CCCCCCCC)C(c4ccc(-c5ccc(*)s5)cn4)=C3C(=O)N2CC(CCCCCC)CCCCCCCC)nc1,1,0.0,0,0.63,0.0,-3.78,-6.08,*c1ccc(*)s1,*c1ccc(C2=C3C(=O)N(CC(CCCCCC)CCCCCCCC)C(c4ccc(*)cn4)=C3C(=O)N2CC(CCCCCC)CCCCCCCC)nc1
10.1002/adfm.201404540,PDPP[T]2-TF 2,*c1ccc(C2=C3C(=O)N(CC(CCCCCC)CCCCCCCC)C(c4ccc(-c5sc(*)c(F)c5F)s4)=C3C(=O)N2CC(CCCCCC)CCCCCCCC)s1,1,0.0,0,0.21,0.25,-3.7,-5.91,*c1sc(*)c(F)c1F,*c1ccc(C2=C3C(=O)N(CC(CCCCCC)CCCCCCCC)C(c4ccc(*)s4)=C3C(=O)N2CC(CCCCCC)CCCCCCCC)s1,PDPP[Py]2-TF 2,*c1ccc(C2=C3C(=O)N(CC(CCCCCC)CCCCCCCC)C(c4ccc(-c5sc(*)c(F)c5F)cn4)=C3C(=O)N2CC(CCCCCC)CCCCCCCC)nc1,1,0.0,0,0.15,0.0,-3.81,-6.11,*c1sc(*)c(F)c1F,*c1ccc(C2=C3C(=O)N(CC(CCCCCC)CCCCCCCC)C(c4ccc(*)cn4)=C3C(=O)N2CC(CCCCCC)CCCCCCCC)nc1
10.1002/adfm.201404540,PDPP[T]2-TF 2,*c1ccc(C2=C3C(=O)N(CC(CCCCCC)CCCCCCCC)C(c4ccc(-c5sc(*)c(F)c5F)s4)=C3C(=O)N2CC(CCCCCC)CCCCCCCC)s1,1,0.0,0,0.21,0.25,-3.7,-5.91,*c1sc(*)c(F)c1F,*c1ccc(C2=C3C(=O)N(CC(CCCCCC)CCCCCCCC)C(c4ccc(*)s4)=C3C(=O)N2CC(CCCCCC)CCCCCCCC)s1,PDPP[Ph]2-T,*c1ccc(C2=C3C(=O)N(CC(CCCCCC)CCCCCCCC)C(c4ccc(-c5ccc(*)s5)cc4)=C3C(=O)N2CC(CCCCCC)CCCCCCCC)cc1,1,0.0,0,0.0,0.0008,-3.53,-5.97,*c1ccc(*)s1,*c1ccc(C2=C3C(=O)N(CC(CCCCCC)CCCCCCCC)C(c4ccc(*)cc4)=C3C(=O)N2CC(CCCCCC)CCCCCCCC)cc1
10.1002/adfm.201404540,PDPP[T]2-TF 2,*c1ccc(C2=C3C(=O)N(CC(CCCCCC)CCCCCCCC)C(c4ccc(-c5sc(*)c(F)c5F)s4)=C3C(=O)N2CC(CCCCCC)CCCCCCCC)s1,1,0.0,0,0.21,0.25,-3.7,-5.91,*c1sc(*)c(F)c1F,*c1ccc(C2=C3C(=O)N(CC(CCCCCC)CCCCCCCC)C(c4ccc(*)s4)=C3C(=O)N2CC(CCCCCC)CCCCCCCC)s1,PDPP[Ph]2-TF 2,*c1ccc(C2=C3C(=O)N(CC(CCCCCC)CCCCCCCC)C(c4ccc(-c5sc(*)c(F)c5F)cc4)=C3C(=O)N2CC(CCCCCC)CCCCCCCC)cc1,1,0.0,0,0.0,0.00015,-3.57,-6.04,*c1sc(*)c(F)c1F,*c1ccc(C2=C3C(=O)N(CC(CCCCCC)CCCCCCCC)C(c4ccc(*)cc4)=C3C(=O)N2CC(CCCCCC)CCCCCCCC)cc1
10.1002/adfm.201404540,PDPP[Py]2-T,*c1ccc(C2=C3C(=O)N(CC(CCCCCC)CCCCCCCC)C(c4ccc(-c5ccc(*)s5)cn4)=C3C(=O)N2CC(CCCCCC)CCCCCCCC)nc1,1,0.0,0,0.63,0.0,-3.78,-6.08,*c1ccc(*)s1,*c1ccc(C2=C3C(=O)N(CC(CCCCCC)CCCCCCCC)C(c4ccc(*)cn4)=C3C(=O)N2CC(CCCCCC)CCCCCCCC)nc1,PDPP[Py]2-TF 2,*c1ccc(C2=C3C(=O)N(CC(CCCCCC)CCCCCCCC)C(c4ccc(-c5sc(*)c(F)c5F)cn4)=C3C(=O)N2CC(CCCCCC)CCCCCCCC)nc1,1,0.0,0,0.15,0.0,-3.81,-6.11,*c1sc(*)c(F)c1F,*c1ccc(C2=C3C(=O)N(CC(CCCCCC)CCCCCCCC)C(c4ccc(*)cn4)=C3C(=O)N2CC(CCCCCC)CCCCCCCC)nc1
10.1002/adfm.201404540,PDPP[Py]2-T,*c1ccc(C2=C3C(=O)N(CC(CCCCCC)CCCCCCCC)C(c4ccc(-c5ccc(*)s5)cn4)=C3C(=O)N2CC(CCCCCC)CCCCCCCC)nc1,1,0.0,0,0.63,0.0,-3.78,-6.08,*c1ccc(*)s1,*c1ccc(C2=C3C(=O)N(CC(CCCCCC)CCCCCCCC)C(c4ccc(*)cn4)=C3C(=O)N2CC(CCCCCC)CCCCCCCC)nc1,PDPP[Ph]2-T,*c1ccc(C2=C3C(=O)N(CC(CCCCCC)CCCCCCCC)C(c4ccc(-c5ccc(*)s5)cc4)=C3C(=O)N2CC(CCCCCC)CCCCCCCC)cc1,1,0.0,0,0.0,0.0008,-3.53,-5.97,*c1ccc(*)s1,*c1ccc(C2=C3C(=O)N(CC(CCCCCC)CCCCCCCC)C(c4ccc(*)cc4)=C3C(=O)N2CC(CCCCCC)CCCCCCCC)cc1
10.1002/adfm.201404540,PDPP[Py]2-T,*c1ccc(C2=C3C(=O)N(CC(CCCCCC)CCCCCCCC)C(c4ccc(-c5ccc(*)s5)cn4)=C3C(=O)N2CC(CCCCCC)CCCCCCCC)nc1,1,0.0,0,0.63,0.0,-3.78,-6.08,*c1ccc(*)s1,*c1ccc(C2=C3C(=O)N(CC(CCCCCC)CCCCCCCC)C(c4ccc(*)cn4)=C3C(=O)N2CC(CCCCCC)CCCCCCCC)nc1,PDPP[Ph]2-TF 2,*c1ccc(C2=C3C(=O)N(CC(CCCCCC)CCCCCCCC)C(c4ccc(-c5sc(*)c(F)c5F)cc4)=C3C(=O)N2CC(CCCCCC)CCCCCCCC)cc1,1,0.0,0,0.0,0.00015,-3.57,-6.04,*c1sc(*)c(F)c1F,*c1ccc(C2=C3C(=O)N(CC(CCCCCC)CCCCCCCC)C(c4ccc(*)cc4)=C3C(=O)N2CC(CCCCCC)CCCCCCCC)cc1
10.1002/adfm.201404540,PDPP[Py]2-TF 2,*c1ccc(C2=C3C(=O)N(CC(CCCCCC)CCCCCCCC)C(c4ccc(-c5sc(*)c(F)c5F)cn4)=C3C(=O)N2CC(CCCCCC)CCCCCCCC)nc1,1,0.0,0,0.15,0.0,-3.81,-6.11,*c1sc(*)c(F)c1F,*c1ccc(C2=C3C(=O)N(CC(CCCCCC)CCCCCCCC)C(c4ccc(*)cn4)=C3C(=O)N2CC(CCCCCC)CCCCCCCC)nc1,PDPP[Ph]2-T,*c1ccc(C2=C3C(=O)N(CC(CCCCCC)CCCCCCCC)C(c4ccc(-c5ccc(*)s5)cc4)=C3C(=O)N2CC(CCCCCC)CCCCCCCC)cc1,1,0.0,0,0.0,0.0008,-3.53,-5.97,*c1ccc(*)s1,*c1ccc(C2=C3C(=O)N(CC(CCCCCC)CCCCCCCC)C(c4ccc(*)cc4)=C3C(=O)N2CC(CCCCCC)CCCCCCCC)cc1
10.1002/adfm.201404540,PDPP[Py]2-TF 2,*c1ccc(C2=C3C(=O)N(CC(CCCCCC)CCCCCCCC)C(c4ccc(-c5sc(*)c(F)c5F)cn4)=C3C(=O)N2CC(CCCCCC)CCCCCCCC)nc1,1,0.0,0,0.15,0.0,-3.81,-6.11,*c1sc(*)c(F)c1F,*c1ccc(C2=C3C(=O)N(CC(CCCCCC)CCCCCCCC)C(c4ccc(*)cn4)=C3C(=O)N2CC(CCCCCC)CCCCCCCC)nc1,PDPP[Ph]2-TF 2,*c1ccc(C2=C3C(=O)N(CC(CCCCCC)CCCCCCCC)C(c4ccc(-c5sc(*)c(F)c5F)cc4)=C3C(=O)N2CC(CCCCCC)CCCCCCCC)cc1,1,0.0,0,0.0,0.00015,-3.57,-6.04,*c1sc(*)c(F)c1F,*c1ccc(C2=C3C(=O)N(CC(CCCCCC)CCCCCCCC)C(c4ccc(*)cc4)=C3C(=O)N2CC(CCCCCC)CCCCCCCC)cc1
10.1002/adfm.201404540,PDPP[Ph]2-T,*c1ccc(C2=C3C(=O)N(CC(CCCCCC)CCCCCCCC)C(c4ccc(-c5ccc(*)s5)cc4)=C3C(=O)N2CC(CCCCCC)CCCCCCCC)cc1,1,0.0,0,0.0,0.0008,-3.53,-5.97,*c1ccc(*)s1,*c1ccc(C2=C3C(=O)N(CC(CCCCCC)CCCCCCCC)C(c4ccc(*)cc4)=C3C(=O)N2CC(CCCCCC)CCCCCCCC)cc1,PDPP[Ph]2-TF 2,*c1ccc(C2=C3C(=O)N(CC(CCCCCC)CCCCCCCC)C(c4ccc(-c5sc(*)c(F)c5F)cc4)=C3C(=O)N2CC(CCCCCC)CCCCCCCC)cc1,1,0.0,0,0.0,0.00015,-3.57,-6.04,*c1sc(*)c(F)c1F,*c1ccc(C2=C3C(=O)N(CC(CCCCCC)CCCCCCCC)C(c4ccc(*)cc4)=C3C(=O)N2CC(CCCCCC)CCCCCCCC)cc1
10.1002/adfm.201502826,PBTTT,*c1cc2sc(-c3sc(-c4cc(CCCCCCCCCCCCCCCC)c(*)s4)cc3CCCCCCCCCCCCCCCC)cc2s1,1,0.0,1,0.0,0.72,-3.19,-5.1,*c1cc2sc(*)cc2s1,*c1sc(-c2cc(CCCCCCCCCCCCCCCC)c(*)s2)cc1CCCCCCCCCCCCCCCC,PFBTTT,*c1cc2sc(-c3sc(-c4sc(*)c(CCCCCCCCCCCCCCCC)c4F)c(F)c3CCCCCCCCCCCCCCCC)cc2s1,1,0.0,1,0.0,0.32,-3.17,-5.1,*c1cc2sc(*)cc2s1,*c1sc(-c2sc(*)c(CCCCCCCCCCCCCCCC)c2F)c(F)c1CCCCCCCCCCCCCCCC
10.1002/adfm.201604286,TPD-DTBT,*c1ccc(-c2ccc(-c3ccc(-c4sc(-c5sc(*)c6c5C(=O)N(CC(CCCCCCCCCC)CCCCCCCCCCCC)C6=O)c5c4C(=O)N(CC(CCCCCCCCCC)CCCCCCCCCCCC)C5=O)s3)c3nsnc23)s1,1,0.0,0,1.02,0.33,-4.01,-5.72,*c1ccc(-c2ccc(-c3ccc(*)s3)c3nsnc23)s1,*c1sc(-c2sc(*)c3c2C(=O)N(CC(CCCCCCCCCC)CCCCCCCCCCCC)C3=O)c2c1C(=O)N(CC(CCCCCCCCCC)CCCCCCCCCCCC)C2=O,TPD-2FDTBT,*c1ccc(-c2c(F)c(F)c(-c3ccc(-c4sc(-c5sc(*)c6c5C(=O)N(CC(CCCCCCCCCC)CCCCCCCCCCCC)C6=O)c5c4C(=O)N(CC(CCCCCCCCCC)CCCCCCCCCCCC)C5=O)s3)c3nsnc23)s1,1,0.0,0,0.36,0.16,-4.1,-5.85,*c1ccc(-c2c(F)c(F)c(-c3ccc(*)s3)c3nsnc23)s1,*c1sc(-c2sc(*)c3c2C(=O)N(CC(CCCCCCCCCC)CCCCCCCCCCCC)C3=O)c2c1C(=O)N(CC(CCCCCCCCCC)CCCCCCCCCCCC)C2=O
10.1002/adfm.201604608,PSNVT-DT,*c1ccc(/C=C/c2ccc(-c3sc(-c4c5c(c(-c6cc(CCCCCCCC)c(*)s6)c6nn(CC(CCCCCCCCCC)CCCCCCCCCCCC)nc46)N=S=N5)cc3CCCCCCCC)s2)s1,1,0.0,0,0.0,3.22,-3.58,-4.98,*c1sc(-c2c3c(c(-c4cc(CCCCCCCC)c(*)s4)c4nn(CC(CCCCCCCCCC)CCCCCCCCCCCC)nc24)N=S=N3)cc1CCCCCCCC,*c1ccc(/C=C/c2ccc(*)s2)s1,PSNVF-DT,*c1ccc(/C=C/c2ccc(-c3sc(-c4c5c(c(-c6cc(CCCCCCCC)c(*)s6)c6nn(CC(CCCCCCCCCC)CCCCCCCCCCCC)nc46)N=S=N5)cc3CCCCCCCC)o2)o1,1,0.0,0,0.0,1.21,-3.58,-4.93,*c1sc(-c2c3c(c(-c4cc(CCCCCCCC)c(*)s4)c4nn(CC(CCCCCCCCCC)CCCCCCCCCCCC)nc24)N=S=N3)cc1CCCCCCCC,*c1ccc(/C=C/c2ccc(*)o2)o1
10.1002/adfm.201604608,PSNVT-DT,*c1ccc(/C=C/c2ccc(-c3sc(-c4c5c(c(-c6cc(CCCCCCCC)c(*)s6)c6nn(CC(CCCCCCCCCC)CCCCCCCCCCCC)nc46)N=S=N5)cc3CCCCCCCC)s2)s1,1,0.0,0,0.0,3.22,-3.58,-4.98,*c1sc(-c2c3c(c(-c4cc(CCCCCCCC)c(*)s4)c4nn(CC(CCCCCCCCCC)CCCCCCCCCCCC)nc24)N=S=N3)cc1CCCCCCCC,*c1ccc(/C=C/c2ccc(*)s2)s1,PSNVTz-DT,*c1cnc(/C=C/c2ncc(-c3sc(-c4c5c(c(-c6cc(CCCCCCCCCCCCCCCC)c(*)s6)c6nn(CC(CCCCCCCCCC)CCCCCCCCCCCC)nc46)N=S=N5)cc3CCCCCCCCCCCCCCCC)s2)s1,1,0.0,0,0.16,0.086,-3.72,-5.21,*c1sc(-c2c3c(c(-c4cc(CCCCCCCCCCCCCCCC)c(*)s4)c4nn(CC(CCCCCCCCCC)CCCCCCCCCCCC)nc24)N=S=N3)cc1CCCCCCCCCCCCCCCC,*c1cnc(/C=C/c2ncc(*)s2)s1
10.1002/adfm.201604608,PSNVF-DT,*c1ccc(/C=C/c2ccc(-c3sc(-c4c5c(c(-c6cc(CCCCCCCC)c(*)s6)c6nn(CC(CCCCCCCCCC)CCCCCCCCCCCC)nc46)N=S=N5)cc3CCCCCCCC)o2)o1,1,0.0,0,0.0,1.21,-3.58,-4.93,*c1sc(-c2c3c(c(-c4cc(CCCCCCCC)c(*)s4)c4nn(CC(CCCCCCCCCC)CCCCCCCCCCCC)nc24)N=S=N3)cc1CCCCCCCC,*c1ccc(/C=C/c2ccc(*)o2)o1,PSNVTz-DT,*c1cnc(/C=C/c2ncc(-c3sc(-c4c5c(c(-c6cc(CCCCCCCCCCCCCCCC)c(*)s6)c6nn(CC(CCCCCCCCCC)CCCCCCCCCCCC)nc46)N=S=N5)cc3CCCCCCCCCCCCCCCC)s2)s1,1,0.0,0,0.16,0.086,-3.72,-5.21,*c1sc(-c2c3c(c(-c4cc(CCCCCCCCCCCCCCCC)c(*)s4)c4nn(CC(CCCCCCCCCC)CCCCCCCCCCCC)nc24)N=S=N3)cc1CCCCCCCCCCCCCCCC,*c1cnc(/C=C/c2ncc(*)s2)s1
10.1002/adfm.201701486,pSN-NDI,*c1cc2c3c(c(-c4sc(-c5c6c(c(-c7cc(CCCCCCCC)c(*)s7)c7nn(CC(CC)CCCC)nc57)N=S=N6)cc4CCCCCCCC)cc4c3c1C(=O)N(CC(CC)CCCC)C4=O)C(=O)N(CC(CC)CCCC)C2=O,1,0.0,0,0.0011,0.0,-3.72,-5.35,*c1sc(-c2c3c(c(-c4cc(CCCCCCCC)c(*)s4)c4nn(CC(CC)CCCC)nc24)N=S=N3)cc1CCCCCCCC,*c1cc2c3c(c(*)cc4c3c1C(=O)N(CC(CC)CCCC)C4=O)C(=O)N(CC(CC)CCCC)C2=O,pSeN-NDI,*c1cc2c3c(c(-c4sc(-c5c6c(c(-c7cc(CCCCCCCC)c(*)s7)c7nn(CC(CC)CCCC)nc57)N=[Se]=N6)cc4CCCCCCCC)cc4c3c1C(=O)N(CC(CC)CCCC)C4=O)C(=O)N(CC(CC)CCCC)C2=O,1,0.0,0,0.0041,0.0,-3.85,-5.2,*c1sc(-c2c3c(c(-c4cc(CCCCCCCC)c(*)s4)c4nn(CC(CC)CCCC)nc24)N=[Se]=N3)cc1CCCCCCCC,*c1cc2c3c(c(*)cc4c3c1C(=O)N(CC(CC)CCCC)C4=O)C(=O)N(CC(CC)CCCC)C2=O
10.1002/adfm.201701486,pSN-NDI,*c1cc2c3c(c(-c4sc(-c5c6c(c(-c7cc(CCCCCCCC)c(*)s7)c7nn(CC(CC)CCCC)nc57)N=S=N6)cc4CCCCCCCC)cc4c3c1C(=O)N(CC(CC)CCCC)C4=O)C(=O)N(CC(CC)CCCC)C2=O,1,0.0,0,0.0011,0.0,-3.72,-5.35,*c1sc(-c2c3c(c(-c4cc(CCCCCCCC)c(*)s4)c4nn(CC(CC)CCCC)nc24)N=S=N3)cc1CCCCCCCC,*c1cc2c3c(c(*)cc4c3c1C(=O)N(CC(CC)CCCC)C4=O)C(=O)N(CC(CC)CCCC)C2=O,pBBT-NDI,*c1cc2c3c(c(-c4sc(-c5c6c(c(-c7cc(CC(CCCC)CCCCCC)c(*)s7)c7nsnc57)N=S=N6)cc4CC(CCCC)CCCCCC)cc4c3c1C(=O)N(CC(CC)CCCC)C4=O)C(=O)N(CC(CC)CCCC)C2=O,1,0.0,1,0.039,0.0,-3.93,-5.68,*c1sc(-c2c3c(c(-c4cc(CC(CCCC)CCCCCC)c(*)s4)c4nsnc24)N=S=N3)cc1CC(CCCC)CCCCCC,*c1cc2c3c(c(*)cc4c3c1C(=O)N(CC(CC)CCCC)C4=O)C(=O)N(CC(CC)CCCC)C2=O
10.1002/adfm.201701486,pSN-NDI,*c1cc2c3c(c(-c4sc(-c5c6c(c(-c7cc(CCCCCCCC)c(*)s7)c7nn(CC(CC)CCCC)nc57)N=S=N6)cc4CCCCCCCC)cc4c3c1C(=O)N(CC(CC)CCCC)C4=O)C(=O)N(CC(CC)CCCC)C2=O,1,0.0,0,0.0011,0.0,-3.72,-5.35,*c1sc(-c2c3c(c(-c4cc(CCCCCCCC)c(*)s4)c4nn(CC(CC)CCCC)nc24)N=S=N3)cc1CCCCCCCC,*c1cc2c3c(c(*)cc4c3c1C(=O)N(CC(CC)CCCC)C4=O)C(=O)N(CC(CC)CCCC)C2=O,pSeS-NDI,*c1cc2c3c(c(-c4sc(-c5c6c(c(-c7cc(CC(CCCC)CCCCCC)c(*)s7)c7n[se]nc57)N=S=N6)cc4CC(CCCC)CCCCCC)cc4c3c1C(=O)N(CC(CC)CCCC)C4=O)C(=O)N(CC(CC)CCCC)C2=O,1,0.0,0,0.0027,0.0,-4.03,-5.34,*c1sc(-c2c3c(c(-c4cc(CC(CCCC)CCCCCC)c(*)s4)c4n[se]nc24)N=S=N3)cc1CC(CCCC)CCCCCC,*c1cc2c3c(c(*)cc4c3c1C(=O)N(CC(CC)CCCC)C4=O)C(=O)N(CC(CC)CCCC)C2=O
10.1002/adfm.201701486,pSeN-NDI,*c1cc2c3c(c(-c4sc(-c5c6c(c(-c7cc(CCCCCCCC)c(*)s7)c7nn(CC(CC)CCCC)nc57)N=[Se]=N6)cc4CCCCCCCC)cc4c3c1C(=O)N(CC(CC)CCCC)C4=O)C(=O)N(CC(CC)CCCC)C2=O,1,0.0,0,0.0041,0.0,-3.85,-5.2,*c1sc(-c2c3c(c(-c4cc(CCCCCCCC)c(*)s4)c4nn(CC(CC)CCCC)nc24)N=[Se]=N3)cc1CCCCCCCC,*c1cc2c3c(c(*)cc4c3c1C(=O)N(CC(CC)CCCC)C4=O)C(=O)N(CC(CC)CCCC)C2=O,pBBT-NDI,*c1cc2c3c(c(-c4sc(-c5c6c(c(-c7cc(CC(CCCC)CCCCCC)c(*)s7)c7nsnc57)N=S=N6)cc4CC(CCCC)CCCCCC)cc4c3c1C(=O)N(CC(CC)CCCC)C4=O)C(=O)N(CC(CC)CCCC)C2=O,1,0.0,1,0.039,0.0,-3.93,-5.68,*c1sc(-c2c3c(c(-c4cc(CC(CCCC)CCCCCC)c(*)s4)c4nsnc24)N=S=N3)cc1CC(CCCC)CCCCCC,*c1cc2c3c(c(*)cc4c3c1C(=O)N(CC(CC)CCCC)C4=O)C(=O)N(CC(CC)CCCC)C2=O
10.1002/adfm.201701486,pSeN-NDI,*c1cc2c3c(c(-c4sc(-c5c6c(c(-c7cc(CCCCCCCC)c(*)s7)c7nn(CC(CC)CCCC)nc57)N=[Se]=N6)cc4CCCCCCCC)cc4c3c1C(=O)N(CC(CC)CCCC)C4=O)C(=O)N(CC(CC)CCCC)C2=O,1,0.0,0,0.0041,0.0,-3.85,-5.2,*c1sc(-c2c3c(c(-c4cc(CCCCCCCC)c(*)s4)c4nn(CC(CC)CCCC)nc24)N=[Se]=N3)cc1CCCCCCCC,*c1cc2c3c(c(*)cc4c3c1C(=O)N(CC(CC)CCCC)C4=O)C(=O)N(CC(CC)CCCC)C2=O,pSeS-NDI,*c1cc2c3c(c(-c4sc(-c5c6c(c(-c7cc(CC(CCCC)CCCCCC)c(*)s7)c7n[se]nc57)N=S=N6)cc4CC(CCCC)CCCCCC)cc4c3c1C(=O)N(CC(CC)CCCC)C4=O)C(=O)N(CC(CC)CCCC)C2=O,1,0.0,0,0.0027,0.0,-4.03,-5.34,*c1sc(-c2c3c(c(-c4cc(CC(CCCC)CCCCCC)c(*)s4)c4n[se]nc24)N=S=N3)cc1CC(CCCC)CCCCCC,*c1cc2c3c(c(*)cc4c3c1C(=O)N(CC(CC)CCCC)C4=O)C(=O)N(CC(CC)CCCC)C2=O
10.1002/adfm.201701486,pBBT-NDI,*c1cc2c3c(c(-c4sc(-c5c6c(c(-c7cc(CC(CCCC)CCCCCC)c(*)s7)c7nsnc57)N=S=N6)cc4CC(CCCC)CCCCCC)cc4c3c1C(=O)N(CC(CC)CCCC)C4=O)C(=O)N(CC(CC)CCCC)C2=O,1,0.0,1,0.039,0.0,-3.93,-5.68,*c1sc(-c2c3c(c(-c4cc(CC(CCCC)CCCCCC)c(*)s4)c4nsnc24)N=S=N3)cc1CC(CCCC)CCCCCC,*c1cc2c3c(c(*)cc4c3c1C(=O)N(CC(CC)CCCC)C4=O)C(=O)N(CC(CC)CCCC)C2=O,pSeS-NDI,*c1cc2c3c(c(-c4sc(-c5c6c(c(-c7cc(CC(CCCC)CCCCCC)c(*)s7)c7n[se]nc57)N=S=N6)cc4CC(CCCC)CCCCCC)cc4c3c1C(=O)N(CC(CC)CCCC)C4=O)C(=O)N(CC(CC)CCCC)C2=O,1,0.0,0,0.0027,0.0,-4.03,-5.34,*c1sc(-c2c3c(c(-c4cc(CC(CCCC)CCCCCC)c(*)s4)c4n[se]nc24)N=S=N3)cc1CC(CCCC)CCCCCC,*c1cc2c3c(c(*)cc4c3c1C(=O)N(CC(CC)CCCC)C4=O)C(=O)N(CC(CC)CCCC)C2=O
10.1002/adfm.201801097,PPyDPP1-BT,*c1ccc(C2=C3C(=O)N(CC(CCCCCCCCCC)CCCCCCCCCCCC)C(c4ccc(-c5ccc(-c6ccc(*)s6)s5)cn4)=C3C(=O)N2CC(CCCCCCCCCC)CCCCCCCCCCCC)nc1,1,0.0,1,1.05,0.86,-3.47,-5.65,*c1ccc(C2=C3C(=O)N(CC(CCCCCCCCCC)CCCCCCCCCCCC)C(c4ccc(*)cn4)=C3C(=O)N2CC(CCCCCCCCCC)CCCCCCCCCCCC)nc1,*c1ccc(-c2ccc(*)s2)s1,PPyDPP1-4FBT,*c1ccc(C2=C3C(=O)N(CC(CCCCCCCCCC)CCCCCCCCCCCC)C(c4ccc(-c5sc(-c6sc(*)c(F)c6F)c(F)c5F)cn4)=C3C(=O)N2CC(CCCCCCCCCC)CCCCCCCCCCCC)nc1,1,0.0,1,1.02,0.0,-3.65,-5.93,*c1ccc(C2=C3C(=O)N(CC(CCCCCCCCCC)CCCCCCCCCCCC)C(c4ccc(*)cn4)=C3C(=O)N2CC(CCCCCCCCCC)CCCCCCCCCCCC)nc1,*c1sc(-c2sc(*)c(F)c2F)c(F)c1F
10.1002/adfm.201801097,PPyDPP1-BT,*c1ccc(C2=C3C(=O)N(CC(CCCCCCCCCC)CCCCCCCCCCCC)C(c4ccc(-c5ccc(-c6ccc(*)s6)s5)cn4)=C3C(=O)N2CC(CCCCCCCCCC)CCCCCCCCCCCC)nc1,1,0.0,1,1.05,0.86,-3.47,-5.65,*c1ccc(C2=C3C(=O)N(CC(CCCCCCCCCC)CCCCCCCCCCCC)C(c4ccc(*)cn4)=C3C(=O)N2CC(CCCCCCCCCC)CCCCCCCCCCCC)nc1,*c1ccc(-c2ccc(*)s2)s1,PPyDPP2-4FBT,*c1ccc(C2=C3C(=O)N(CCCC(CCCCCCCCCCCCCC)CCCCCCCCCCCCCC)C(c4ccc(-c5sc(-c6sc(*)c(F)c6F)c(F)c5F)cn4)=C3C(=O)N2CCCC(CCCCCCCCCCCCCC)CCCCCCCCCCCCCC)nc1,1,0.0,1,2.45,0.0,-3.69,-5.96,*c1ccc(C2=C3C(=O)N(CCCC(CCCCCCCCCCCCCC)CCCCCCCCCCCCCC)C(c4ccc(*)cn4)=C3C(=O)N2CCCC(CCCCCCCCCCCCCC)CCCCCCCCCCCCCC)nc1,*c1sc(-c2sc(*)c(F)c2F)c(F)c1F
10.1002/adfm.201801097,PPyDPP1-BT,*c1ccc(C2=C3C(=O)N(CC(CCCCCCCCCC)CCCCCCCCCCCC)C(c4ccc(-c5ccc(-c6ccc(*)s6)s5)cn4)=C3C(=O)N2CC(CCCCCCCCCC)CCCCCCCCCCCC)nc1,1,0.0,1,1.05,0.86,-3.47,-5.65,*c1ccc(C2=C3C(=O)N(CC(CCCCCCCCCC)CCCCCCCCCCCC)C(c4ccc(*)cn4)=C3C(=O)N2CC(CCCCCCCCCC)CCCCCCCCCCCC)nc1,*c1ccc(-c2ccc(*)s2)s1,PPyDPP1-4FTVT,*c1ccc(C2=C3C(=O)N(CC(CCCCCCCCCC)CCCCCCCCCCCC)C(c4ccc(-c5sc(/C=C/c6sc(*)c(F)c6F)c(F)c5F)cn4)=C3C(=O)N2CC(CCCCCCCCCC)CCCCCCCCCCCC)nc1,1,0.0,1,1.19,0.0,-3.66,-5.86,*c1ccc(C2=C3C(=O)N(CC(CCCCCCCCCC)CCCCCCCCCCCC)C(c4ccc(*)cn4)=C3C(=O)N2CC(CCCCCCCCCC)CCCCCCCCCCCC)nc1,*c1sc(/C=C/c2sc(*)c(F)c2F)c(F)c1F
10.1002/adfm.201801097,PPyDPP1-BT,*c1ccc(C2=C3C(=O)N(CC(CCCCCCCCCC)CCCCCCCCCCCC)C(c4ccc(-c5ccc(-c6ccc(*)s6)s5)cn4)=C3C(=O)N2CC(CCCCCCCCCC)CCCCCCCCCCCC)nc1,1,0.0,1,1.05,0.86,-3.47,-5.65,*c1ccc(C2=C3C(=O)N(CC(CCCCCCCCCC)CCCCCCCCCCCC)C(c4ccc(*)cn4)=C3C(=O)N2CC(CCCCCCCCCC)CCCCCCCCCCCC)nc1,*c1ccc(-c2ccc(*)s2)s1,PPyDPP2-4FTVT,*c1ccc(C2=C3C(=O)N(CCCC(CCCCCCCCCCCCCC)CCCCCCCCCCCCCC)C(c4ccc(-c5sc(/C=C/c6sc(*)c(F)c6F)c(F)c5F)cn4)=C3C(=O)N2CCCC(CCCCCCCCCCCCCC)CCCCCCCCCCCCCC)nc1,1,0.0,1,1.35,0.0,-3.67,-5.89,*c1ccc(C2=C3C(=O)N(CCCC(CCCCCCCCCCCCCC)CCCCCCCCCCCCCC)C(c4ccc(*)cn4)=C3C(=O)N2CCCC(CCCCCCCCCCCCCC)CCCCCCCCCCCCCC)nc1,*c1sc(/C=C/c2sc(*)c(F)c2F)c(F)c1F
10.1002/adfm.201801097,PPyDPP1-4FBT,*c1ccc(C2=C3C(=O)N(CC(CCCCCCCCCC)CCCCCCCCCCCC)C(c4ccc(-c5sc(-c6sc(*)c(F)c6F)c(F)c5F)cn4)=C3C(=O)N2CC(CCCCCCCCCC)CCCCCCCCCCCC)nc1,1,0.0,1,1.02,0.0,-3.65,-5.93,*c1ccc(C2=C3C(=O)N(CC(CCCCCCCCCC)CCCCCCCCCCCC)C(c4ccc(*)cn4)=C3C(=O)N2CC(CCCCCCCCCC)CCCCCCCCCCCC)nc1,*c1sc(-c2sc(*)c(F)c2F)c(F)c1F,PPyDPP2-4FBT,*c1ccc(C2=C3C(=O)N(CCCC(CCCCCCCCCCCCCC)CCCCCCCCCCCCCC)C(c4ccc(-c5sc(-c6sc(*)c(F)c6F)c(F)c5F)cn4)=C3C(=O)N2CCCC(CCCCCCCCCCCCCC)CCCCCCCCCCCCCC)nc1,1,0.0,1,2.45,0.0,-3.69,-5.96,*c1ccc(C2=C3C(=O)N(CCCC(CCCCCCCCCCCCCC)CCCCCCCCCCCCCC)C(c4ccc(*)cn4)=C3C(=O)N2CCCC(CCCCCCCCCCCCCC)CCCCCCCCCCCCCC)nc1,*c1sc(-c2sc(*)c(F)c2F)c(F)c1F
10.1002/adfm.201801097,PPyDPP1-4FBT,*c1ccc(C2=C3C(=O)N(CC(CCCCCCCCCC)CCCCCCCCCCCC)C(c4ccc(-c5sc(-c6sc(*)c(F)c6F)c(F)c5F)cn4)=C3C(=O)N2CC(CCCCCCCCCC)CCCCCCCCCCCC)nc1,1,0.0,1,1.02,0.0,-3.65,-5.93,*c1ccc(C2=C3C(=O)N(CC(CCCCCCCCCC)CCCCCCCCCCCC)C(c4ccc(*)cn4)=C3C(=O)N2CC(CCCCCCCCCC)CCCCCCCCCCCC)nc1,*c1sc(-c2sc(*)c(F)c2F)c(F)c1F,PPyDPP1-4FTVT,*c1ccc(C2=C3C(=O)N(CC(CCCCCCCCCC)CCCCCCCCCCCC)C(c4ccc(-c5sc(/C=C/c6sc(*)c(F)c6F)c(F)c5F)cn4)=C3C(=O)N2CC(CCCCCCCCCC)CCCCCCCCCCCC)nc1,1,0.0,1,1.19,0.0,-3.66,-5.86,*c1ccc(C2=C3C(=O)N(CC(CCCCCCCCCC)CCCCCCCCCCCC)C(c4ccc(*)cn4)=C3C(=O)N2CC(CCCCCCCCCC)CCCCCCCCCCCC)nc1,*c1sc(/C=C/c2sc(*)c(F)c2F)c(F)c1F
10.1002/adfm.201801097,PPyDPP1-4FBT,*c1ccc(C2=C3C(=O)N(CC(CCCCCCCCCC)CCCCCCCCCCCC)C(c4ccc(-c5sc(-c6sc(*)c(F)c6F)c(F)c5F)cn4)=C3C(=O)N2CC(CCCCCCCCCC)CCCCCCCCCCCC)nc1,1,0.0,1,1.02,0.0,-3.65,-5.93,*c1ccc(C2=C3C(=O)N(CC(CCCCCCCCCC)CCCCCCCCCCCC)C(c4ccc(*)cn4)=C3C(=O)N2CC(CCCCCCCCCC)CCCCCCCCCCCC)nc1,*c1sc(-c2sc(*)c(F)c2F)c(F)c1F,PPyDPP2-4FTVT,*c1ccc(C2=C3C(=O)N(CCCC(CCCCCCCCCCCCCC)CCCCCCCCCCCCCC)C(c4ccc(-c5sc(/C=C/c6sc(*)c(F)c6F)c(F)c5F)cn4)=C3C(=O)N2CCCC(CCCCCCCCCCCCCC)CCCCCCCCCCCCCC)nc1,1,0.0,1,1.35,0.0,-3.67,-5.89,*c1ccc(C2=C3C(=O)N(CCCC(CCCCCCCCCCCCCC)CCCCCCCCCCCCCC)C(c4ccc(*)cn4)=C3C(=O)N2CCCC(CCCCCCCCCCCCCC)CCCCCCCCCCCCCC)nc1,*c1sc(/C=C/c2sc(*)c(F)c2F)c(F)c1F
10.1002/adfm.201801097,PPyDPP2-4FBT,*c1ccc(C2=C3C(=O)N(CCCC(CCCCCCCCCCCCCC)CCCCCCCCCCCCCC)C(c4ccc(-c5sc(-c6sc(*)c(F)c6F)c(F)c5F)cn4)=C3C(=O)N2CCCC(CCCCCCCCCCCCCC)CCCCCCCCCCCCCC)nc1,1,0.0,1,2.45,0.0,-3.69,-5.96,*c1ccc(C2=C3C(=O)N(CCCC(CCCCCCCCCCCCCC)CCCCCCCCCCCCCC)C(c4ccc(*)cn4)=C3C(=O)N2CCCC(CCCCCCCCCCCCCC)CCCCCCCCCCCCCC)nc1,*c1sc(-c2sc(*)c(F)c2F)c(F)c1F,PPyDPP1-4FTVT,*c1ccc(C2=C3C(=O)N(CC(CCCCCCCCCC)CCCCCCCCCCCC)C(c4ccc(-c5sc(/C=C/c6sc(*)c(F)c6F)c(F)c5F)cn4)=C3C(=O)N2CC(CCCCCCCCCC)CCCCCCCCCCCC)nc1,1,0.0,1,1.19,0.0,-3.66,-5.86,*c1ccc(C2=C3C(=O)N(CC(CCCCCCCCCC)CCCCCCCCCCCC)C(c4ccc(*)cn4)=C3C(=O)N2CC(CCCCCCCCCC)CCCCCCCCCCCC)nc1,*c1sc(/C=C/c2sc(*)c(F)c2F)c(F)c1F
10.1002/adfm.201801097,PPyDPP2-4FBT,*c1ccc(C2=C3C(=O)N(CCCC(CCCCCCCCCCCCCC)CCCCCCCCCCCCCC)C(c4ccc(-c5sc(-c6sc(*)c(F)c6F)c(F)c5F)cn4)=C3C(=O)N2CCCC(CCCCCCCCCCCCCC)CCCCCCCCCCCCCC)nc1,1,0.0,1,2.45,0.0,-3.69,-5.96,*c1ccc(C2=C3C(=O)N(CCCC(CCCCCCCCCCCCCC)CCCCCCCCCCCCCC)C(c4ccc(*)cn4)=C3C(=O)N2CCCC(CCCCCCCCCCCCCC)CCCCCCCCCCCCCC)nc1,*c1sc(-c2sc(*)c(F)c2F)c(F)c1F,PPyDPP2-4FTVT,*c1ccc(C2=C3C(=O)N(CCCC(CCCCCCCCCCCCCC)CCCCCCCCCCCCCC)C(c4ccc(-c5sc(/C=C/c6sc(*)c(F)c6F)c(F)c5F)cn4)=C3C(=O)N2CCCC(CCCCCCCCCCCCCC)CCCCCCCCCCCCCC)nc1,1,0.0,1,1.35,0.0,-3.67,-5.89,*c1ccc(C2=C3C(=O)N(CCCC(CCCCCCCCCCCCCC)CCCCCCCCCCCCCC)C(c4ccc(*)cn4)=C3C(=O)N2CCCC(CCCCCCCCCCCCCC)CCCCCCCCCCCCCC)nc1,*c1sc(/C=C/c2sc(*)c(F)c2F)c(F)c1F
10.1002/adfm.201801097,PPyDPP1-4FTVT,*c1ccc(C2=C3C(=O)N(CC(CCCCCCCCCC)CCCCCCCCCCCC)C(c4ccc(-c5sc(/C=C/c6sc(*)c(F)c6F)c(F)c5F)cn4)=C3C(=O)N2CC(CCCCCCCCCC)CCCCCCCCCCCC)nc1,1,0.0,1,1.19,0.0,-3.66,-5.86,*c1ccc(C2=C3C(=O)N(CC(CCCCCCCCCC)CCCCCCCCCCCC)C(c4ccc(*)cn4)=C3C(=O)N2CC(CCCCCCCCCC)CCCCCCCCCCCC)nc1,*c1sc(/C=C/c2sc(*)c(F)c2F)c(F)c1F,PPyDPP2-4FTVT,*c1ccc(C2=C3C(=O)N(CCCC(CCCCCCCCCCCCCC)CCCCCCCCCCCCCC)C(c4ccc(-c5sc(/C=C/c6sc(*)c(F)c6F)c(F)c5F)cn4)=C3C(=O)N2CCCC(CCCCCCCCCCCCCC)CCCCCCCCCCCCCC)nc1,1,0.0,1,1.35,0.0,-3.67,-5.89,*c1ccc(C2=C3C(=O)N(CCCC(CCCCCCCCCCCCCC)CCCCCCCCCCCCCC)C(c4ccc(*)cn4)=C3C(=O)N2CCCC(CCCCCCCCCCCCCC)CCCCCCCCCCCCCC)nc1,*c1sc(/C=C/c2sc(*)c(F)c2F)c(F)c1F
10.1002/adfm.201804839,PBAI-V,*/C=C/c1sc(-c2ccc(-c3c(=O)n4c5ccccc5c5c(-c6ccc(-c7cc(CC(CCCCCCCC)CCCCCCCCCC)c(*)s7)s6)c(=O)n6c7ccccc7c3c6c54)s2)cc1CC(CCCCCCCC)CCCCCCCCCC,1,0.0,1,0.34,1.3,-3.65,-5.22,*c1sc(-c2ccc(-c3c(=O)n4c5ccccc5c5c(-c6ccc(-c7cc(CC(CCCCCCCC)CCCCCCCCCC)c(*)s7)s6)c(=O)n6c7ccccc7c3c6c54)s2)cc1CC(CCCCCCCC)CCCCCCCCCC,*/C=C/*,P2FBAI-V,*/C=C/c1sc(-c2ccc(-c3c(=O)n4c5ccc(F)cc5c5c(-c6ccc(-c7cc(CC(CCCCCCCC)CCCCCCCCCC)c(*)s7)s6)c(=O)n6c7ccc(F)cc7c3c6c54)s2)cc1CC(CCCCCCCC)CCCCCCCCCC,1,0.0,1,0.16,0.00084,-3.72,-5.58,*c1sc(-c2ccc(-c3c(=O)n4c5ccc(F)cc5c5c(-c6ccc(-c7cc(CC(CCCCCCCC)CCCCCCCCCC)c(*)s7)s6)c(=O)n6c7ccc(F)cc7c3c6c54)s2)cc1CC(CCCCCCCC)CCCCCCCCCC,*/C=C/*
10.1002/adfm.201804839,PBAI-V,*/C=C/c1sc(-c2ccc(-c3c(=O)n4c5ccccc5c5c(-c6ccc(-c7cc(CC(CCCCCCCC)CCCCCCCCCC)c(*)s7)s6)c(=O)n6c7ccccc7c3c6c54)s2)cc1CC(CCCCCCCC)CCCCCCCCCC,1,0.0,1,0.34,1.3,-3.65,-5.22,*c1sc(-c2ccc(-c3c(=O)n4c5ccccc5c5c(-c6ccc(-c7cc(CC(CCCCCCCC)CCCCCCCCCC)c(*)s7)s6)c(=O)n6c7ccccc7c3c6c54)s2)cc1CC(CCCCCCCC)CCCCCCCCCC,*/C=C/*,P2ClBAI-V,*/C=C/c1sc(-c2ccc(-c3c(=O)n4c5ccc(Cl)cc5c5c(-c6ccc(-c7cc(CC(CCCCCCCC)CCCCCCCCCC)c(*)s7)s6)c(=O)n6c7ccc(Cl)cc7c3c6c54)s2)cc1CC(CCCCCCCC)CCCCCCCCCC,1,0.0,1,1.46,4.04,-3.7,-5.32,*c1sc(-c2ccc(-c3c(=O)n4c5ccc(Cl)cc5c5c(-c6ccc(-c7cc(CC(CCCCCCCC)CCCCCCCCCC)c(*)s7)s6)c(=O)n6c7ccc(Cl)cc7c3c6c54)s2)cc1CC(CCCCCCCC)CCCCCCCCCC,*/C=C/*
10.1002/adfm.201804839,PBAI-V,*/C=C/c1sc(-c2ccc(-c3c(=O)n4c5ccccc5c5c(-c6ccc(-c7cc(CC(CCCCCCCC)CCCCCCCCCC)c(*)s7)s6)c(=O)n6c7ccccc7c3c6c54)s2)cc1CC(CCCCCCCC)CCCCCCCCCC,1,0.0,1,0.34,1.3,-3.65,-5.22,*c1sc(-c2ccc(-c3c(=O)n4c5ccccc5c5c(-c6ccc(-c7cc(CC(CCCCCCCC)CCCCCCCCCC)c(*)s7)s6)c(=O)n6c7ccccc7c3c6c54)s2)cc1CC(CCCCCCCC)CCCCCCCCCC,*/C=C/*,P4OBAI-V,*/C=C/c1sc(-c2ccc(-c3c(=O)n4c5cc6c(cc5c5c(-c7ccc(-c8cc(CC(CCCCCCCC)CCCCCCCCCC)c(*)s8)s7)c(=O)n7c8cc9c(cc8c3c7c54)OCO9)OCO6)s2)cc1CC(CCCCCCCC)CCCCCCCCCC,1,0.0,1,0.085,0.17,-3.57,-5.16,*c1sc(-c2ccc(-c3c(=O)n4c5cc6c(cc5c5c(-c7ccc(-c8cc(CC(CCCCCCCC)CCCCCCCCCC)c(*)s8)s7)c(=O)n7c8cc9c(cc8c3c7c54)OCO9)OCO6)s2)cc1CC(CCCCCCCC)CCCCCCCCCC,*/C=C/*
10.1002/adfm.201804839,P2FBAI-V,*/C=C/c1sc(-c2ccc(-c3c(=O)n4c5ccc(F)cc5c5c(-c6ccc(-c7cc(CC(CCCCCCCC)CCCCCCCCCC)c(*)s7)s6)c(=O)n6c7ccc(F)cc7c3c6c54)s2)cc1CC(CCCCCCCC)CCCCCCCCCC,1,0.0,1,0.16,0.00084,-3.72,-5.58,*c1sc(-c2ccc(-c3c(=O)n4c5ccc(F)cc5c5c(-c6ccc(-c7cc(CC(CCCCCCCC)CCCCCCCCCC)c(*)s7)s6)c(=O)n6c7ccc(F)cc7c3c6c54)s2)cc1CC(CCCCCCCC)CCCCCCCCCC,*/C=C/*,P2ClBAI-V,*/C=C/c1sc(-c2ccc(-c3c(=O)n4c5ccc(Cl)cc5c5c(-c6ccc(-c7cc(CC(CCCCCCCC)CCCCCCCCCC)c(*)s7)s6)c(=O)n6c7ccc(Cl)cc7c3c6c54)s2)cc1CC(CCCCCCCC)CCCCCCCCCC,1,0.0,1,1.46,4.04,-3.7,-5.32,*c1sc(-c2ccc(-c3c(=O)n4c5ccc(Cl)cc5c5c(-c6ccc(-c7cc(CC(CCCCCCCC)CCCCCCCCCC)c(*)s7)s6)c(=O)n6c7ccc(Cl)cc7c3c6c54)s2)cc1CC(CCCCCCCC)CCCCCCCCCC,*/C=C/*
10.1002/adfm.201804839,P2FBAI-V,*/C=C/c1sc(-c2ccc(-c3c(=O)n4c5ccc(F)cc5c5c(-c6ccc(-c7cc(CC(CCCCCCCC)CCCCCCCCCC)c(*)s7)s6)c(=O)n6c7ccc(F)cc7c3c6c54)s2)cc1CC(CCCCCCCC)CCCCCCCCCC,1,0.0,1,0.16,0.00084,-3.72,-5.58,*c1sc(-c2ccc(-c3c(=O)n4c5ccc(F)cc5c5c(-c6ccc(-c7cc(CC(CCCCCCCC)CCCCCCCCCC)c(*)s7)s6)c(=O)n6c7ccc(F)cc7c3c6c54)s2)cc1CC(CCCCCCCC)CCCCCCCCCC,*/C=C/*,P4OBAI-V,*/C=C/c1sc(-c2ccc(-c3c(=O)n4c5cc6c(cc5c5c(-c7ccc(-c8cc(CC(CCCCCCCC)CCCCCCCCCC)c(*)s8)s7)c(=O)n7c8cc9c(cc8c3c7c54)OCO9)OCO6)s2)cc1CC(CCCCCCCC)CCCCCCCCCC,1,0.0,1,0.085,0.17,-3.57,-5.16,*c1sc(-c2ccc(-c3c(=O)n4c5cc6c(cc5c5c(-c7ccc(-c8cc(CC(CCCCCCCC)CCCCCCCCCC)c(*)s8)s7)c(=O)n7c8cc9c(cc8c3c7c54)OCO9)OCO6)s2)cc1CC(CCCCCCCC)CCCCCCCCCC,*/C=C/*
10.1002/adfm.201804839,P2ClBAI-V,*/C=C/c1sc(-c2ccc(-c3c(=O)n4c5ccc(Cl)cc5c5c(-c6ccc(-c7cc(CC(CCCCCCCC)CCCCCCCCCC)c(*)s7)s6)c(=O)n6c7ccc(Cl)cc7c3c6c54)s2)cc1CC(CCCCCCCC)CCCCCCCCCC,1,0.0,1,1.46,4.04,-3.7,-5.32,*c1sc(-c2ccc(-c3c(=O)n4c5ccc(Cl)cc5c5c(-c6ccc(-c7cc(CC(CCCCCCCC)CCCCCCCCCC)c(*)s7)s6)c(=O)n6c7ccc(Cl)cc7c3c6c54)s2)cc1CC(CCCCCCCC)CCCCCCCCCC,*/C=C/*,P4OBAI-V,*/C=C/c1sc(-c2ccc(-c3c(=O)n4c5cc6c(cc5c5c(-c7ccc(-c8cc(CC(CCCCCCCC)CCCCCCCCCC)c(*)s8)s7)c(=O)n7c8cc9c(cc8c3c7c54)OCO9)OCO6)s2)cc1CC(CCCCCCCC)CCCCCCCCCC,1,0.0,1,0.085,0.17,-3.57,-5.16,*c1sc(-c2ccc(-c3c(=O)n4c5cc6c(cc5c5c(-c7ccc(-c8cc(CC(CCCCCCCC)CCCCCCCCCC)c(*)s8)s7)c(=O)n7c8cc9c(cc8c3c7c54)OCO9)OCO6)s2)cc1CC(CCCCCCCC)CCCCCCCCCC,*/C=C/*
10.1002/adfm.201805994,PIIG-T2,*c1ccc2c(c1)N(CC(CCCCCCCC)CCCCCCCCCC)C(=O)/C2=C1/C(=O)N(CC(CCCCCCCC)CCCCCCCCCC)c2cc(-c3ccc(-c4ccc(*)s4)s3)ccc21,1,0.0,1,0.01,0.09,-3.99,-5.63,*c1ccc(-c2ccc(*)s2)s1,*c1ccc2c(c1)N(CC(CCCCCCCC)CCCCCCCCCC)C(=O)/C2=C1/C(=O)N(CC(CCCCCCCC)CCCCCCCCCC)c2cc(*)ccc21,IIDFBT (NohYY PIIG-iFBT2),*c1ccc2c(c1)N(CC(CCCCCCCC)CCCCCCCCCC)C(=O)/C2=C1/C(=O)N(CC(CCCCCCCC)CCCCCCCCCC)c2cc(-c3cc(F)c(-c4sc(*)cc4F)s3)ccc21,1,0.0,1,0.05,0.12,-4.17,-5.8,*c1cc(F)c(-c2sc(*)cc2F)s1,*c1ccc2c(c1)N(CC(CCCCCCCC)CCCCCCCCCC)C(=O)/C2=C1/C(=O)N(CC(CCCCCCCC)CCCCCCCCCC)c2cc(*)ccc21
10.1002/adfm.201805994,PIIG-T2,*c1ccc2c(c1)N(CC(CCCCCCCC)CCCCCCCCCC)C(=O)/C2=C1/C(=O)N(CC(CCCCCCCC)CCCCCCCCCC)c2cc(-c3ccc(-c4ccc(*)s4)s3)ccc21,1,0.0,1,0.01,0.09,-3.99,-5.63,*c1ccc(-c2ccc(*)s2)s1,*c1ccc2c(c1)N(CC(CCCCCCCC)CCCCCCCCCC)C(=O)/C2=C1/C(=O)N(CC(CCCCCCCC)CCCCCCCCCC)c2cc(*)ccc21,IID-oFBT (NohYY PIIG-oFBT2),*c1ccc2c(c1)N(CC(CCCCCCCC)CCCCCCCCCC)C(=O)/C2=C1/C(=O)N(CC(CCCCCCCC)CCCCCCCCCC)c2cc(-c3sc(-c4cc(F)c(*)s4)cc3F)ccc21,1,0.0,1,0.09,0.09,-4.18,-5.86,*c1sc(-c2cc(F)c(*)s2)cc1F,*c1ccc2c(c1)N(CC(CCCCCCCC)CCCCCCCCCC)C(=O)/C2=C1/C(=O)N(CC(CCCCCCCC)CCCCCCCCCC)c2cc(*)ccc21
10.1002/adfm.201805994,IIDFBT (NohYY PIIG-iFBT2),*c1ccc2c(c1)N(CC(CCCCCCCC)CCCCCCCCCC)C(=O)/C2=C1/C(=O)N(CC(CCCCCCCC)CCCCCCCCCC)c2cc(-c3cc(F)c(-c4sc(*)cc4F)s3)ccc21,1,0.0,1,0.05,0.12,-4.17,-5.8,*c1cc(F)c(-c2sc(*)cc2F)s1,*c1ccc2c(c1)N(CC(CCCCCCCC)CCCCCCCCCC)C(=O)/C2=C1/C(=O)N(CC(CCCCCCCC)CCCCCCCCCC)c2cc(*)ccc21,IID-oFBT (NohYY PIIG-oFBT2),*c1ccc2c(c1)N(CC(CCCCCCCC)CCCCCCCCCC)C(=O)/C2=C1/C(=O)N(CC(CCCCCCCC)CCCCCCCCCC)c2cc(-c3sc(-c4cc(F)c(*)s4)cc3F)ccc21,1,0.0,1,0.09,0.09,-4.18,-5.86,*c1sc(-c2cc(F)c(*)s2)cc1F,*c1ccc2c(c1)N(CC(CCCCCCCC)CCCCCCCCCC)C(=O)/C2=C1/C(=O)N(CC(CCCCCCCC)CCCCCCCCCC)c2cc(*)ccc21
10.1002/adfm.201907452,SeDPP-FBT (pDPSe-DTF2),*c1cc(F)c(-c2sc(-c3ccc(C4=C5C(=O)N(CC(CCCCCCCC)CCCCCCCCCC)C(c6ccc(*)[se]6)=C5C(=O)N4CC(CCCCCCCC)CCCCCCCCCC)[se]3)cc2F)s1,1,0.0,1,0.0,0.95,-3.97,-5.3,*c1ccc(C2=C3C(=O)N(CC(CCCCCCCC)CCCCCCCCCC)C(c4ccc(*)[se]4)=C3C(=O)N2CC(CCCCCCCC)CCCCCCCCCC)[se]1,*c1cc(F)c(-c2sc(*)cc2F)s1,pDPF-DTF2,*c1ccc(C2=C3C(=O)N(CC(CCCCCCCC)CCCCCCCCCC)C(c4ccc(-c5cc(F)c(-c6sc(*)cc6F)s5)o4)=C3C(=O)N2CC(CCCCCCCC)CCCCCCCCCC)o1,1,0.0,1,0.0,0.61,-3.93,-5.39,*c1ccc(C2=C3C(=O)N(CC(CCCCCCCC)CCCCCCCCCC)C(c4ccc(*)o4)=C3C(=O)N2CC(CCCCCCCC)CCCCCCCCCC)o1,*c1cc(F)c(-c2sc(*)cc2F)s1
10.1002/adfm.201907452,SeDPP-FBT (pDPSe-DTF2),*c1cc(F)c(-c2sc(-c3ccc(C4=C5C(=O)N(CC(CCCCCCCC)CCCCCCCCCC)C(c6ccc(*)[se]6)=C5C(=O)N4CC(CCCCCCCC)CCCCCCCCCC)[se]3)cc2F)s1,1,0.0,1,0.0,0.95,-3.97,-5.3,*c1ccc(C2=C3C(=O)N(CC(CCCCCCCC)CCCCCCCCCC)C(c4ccc(*)[se]4)=C3C(=O)N2CC(CCCCCCCC)CCCCCCCCCC)[se]1,*c1cc(F)c(-c2sc(*)cc2F)s1,pDPPy-DTF2,*c1ccc(C2=C3C(=O)N(CC(CCCCCCCC)CCCCCCCCCC)C(c4ccc(-c5cc(F)c(-c6sc(*)cc6F)s5)cn4)=C3C(=O)N2CC(CCCCCCCC)CCCCCCCCCC)nc1,1,0.0,1,0.0,0.21,-4.06,-5.78,*c1ccc(C2=C3C(=O)N(CC(CCCCCCCC)CCCCCCCCCC)C(c4ccc(*)cn4)=C3C(=O)N2CC(CCCCCCCC)CCCCCCCCCC)nc1,*c1cc(F)c(-c2sc(*)cc2F)s1
10.1002/adfm.201907452,pDPF-DTF2,*c1ccc(C2=C3C(=O)N(CC(CCCCCCCC)CCCCCCCCCC)C(c4ccc(-c5cc(F)c(-c6sc(*)cc6F)s5)o4)=C3C(=O)N2CC(CCCCCCCC)CCCCCCCCCC)o1,1,0.0,1,0.0,0.61,-3.93,-5.39,*c1ccc(C2=C3C(=O)N(CC(CCCCCCCC)CCCCCCCCCC)C(c4ccc(*)o4)=C3C(=O)N2CC(CCCCCCCC)CCCCCCCCCC)o1,*c1cc(F)c(-c2sc(*)cc2F)s1,pDPPy-DTF2,*c1ccc(C2=C3C(=O)N(CC(CCCCCCCC)CCCCCCCCCC)C(c4ccc(-c5cc(F)c(-c6sc(*)cc6F)s5)cn4)=C3C(=O)N2CC(CCCCCCCC)CCCCCCCCCC)nc1,1,0.0,1,0.0,0.21,-4.06,-5.78,*c1ccc(C2=C3C(=O)N(CC(CCCCCCCC)CCCCCCCCCC)C(c4ccc(*)cn4)=C3C(=O)N2CC(CCCCCCCC)CCCCCCCCCC)nc1,*c1cc(F)c(-c2sc(*)cc2F)s1
10.1002/adfm.201910235,PDPPFT,*c1ccc(C2=C3C(=O)N(CCC(CCCCCCCCCCCCCCCCCC)CCCCCCCCCCCCCCCCCC)C(c4ccc(-c5sc(*)c(F)c5F)s4)=C3C(=O)N2CCC(CCCCCCCCCCCCCCCCCC)CCCCCCCCCCCCCCCCCC)s1,1,0.0,0,0.24,0.78,-3.68,-5.34,*c1sc(*)c(F)c1F,*c1ccc(C2=C3C(=O)N(CCC(CCCCCCCCCCCCCCCCCC)CCCCCCCCCCCCCCCCCC)C(c4ccc(*)s4)=C3C(=O)N2CCC(CCCCCCCCCCCCCCCCCC)CCCCCCCCCCCCCCCCCC)s1,PTFDFT,*c1ccc(C2=C3C(=O)N4C=Cc5cc(-c6sc(*)c(F)c6F)sc5C4=C3C(=O)N2CCC(CCCCCCCCCCCCCCCCCC)CCCCCCCCCCCCCCCCCC)s1,1,0.0,0,2.23,1.08,-3.79,-5.28,*c1sc(*)c(F)c1F,*c1ccc(C2=C3C(=O)N4C=Cc5cc(*)sc5C4=C3C(=O)N2CCC(CCCCCCCCCCCCCCCCCC)CCCCCCCCCCCCCCCCCC)s1
10.1002/adfm.202009359,NBA-BT,*c1ccc(-c2ccc(-c3cc4c5c(c(*)cc6c5c3C(=O)N6CC(CCCCCCCC)CCCCCCCCCC)C(=O)N4CC(CCCCCCCC)CCCCCCCCCC)s2)s1,1,0.0,1,0.4,0.0,-3.48,-5.59,*c1ccc(-c2ccc(*)s2)s1,*c1cc2c3c(c(*)cc4c3c1C(=O)N4CC(CCCCCCCC)CCCCCCCCCC)C(=O)N2CC(CCCCCCCC)CCCCCCCCCC,NBA-TVT,*c1ccc(/C=C/c2ccc(-c3cc4c5c(c(*)cc6c5c3C(=O)N6CC(CCCCCCCCCCCC)CCCCCCCCCCCCCC)C(=O)N4CC(CCCCCCCCCCCC)CCCCCCCCCCCCCC)s2)s1,1,0.0,1,1.85,0.0,-3.5,-5.51,*c1ccc(/C=C/c2ccc(*)s2)s1,*c1cc2c3c(c(*)cc4c3c1C(=O)N4CC(CCCCCCCCCCCC)CCCCCCCCCCCCCC)C(=O)N2CC(CCCCCCCCCCCC)CCCCCCCCCCCCCC
10.1002/adfm.202009359,NBA-BT,*c1ccc(-c2ccc(-c3cc4c5c(c(*)cc6c5c3C(=O)N6CC(CCCCCCCC)CCCCCCCCCC)C(=O)N4CC(CCCCCCCC)CCCCCCCCCC)s2)s1,1,0.0,1,0.4,0.0,-3.48,-5.59,*c1ccc(-c2ccc(*)s2)s1,*c1cc2c3c(c(*)cc4c3c1C(=O)N4CC(CCCCCCCC)CCCCCCCCCC)C(=O)N2CC(CCCCCCCC)CCCCCCCCCC,NBA-DTBT,*c1ccc(-c2ccc(-c3ccc(-c4cc5c6c(c(*)cc7c6c4C(=O)N7CC(CCCCCCCCCCCC)CCCCCCCCCCCCCC)C(=O)N5CC(CCCCCCCCCCCC)CCCCCCCCCCCCCC)s3)c3nsnc23)s1,1,0.0,0,3.25,0.0,-3.57,-5.57,*c1ccc(-c2ccc(-c3ccc(*)s3)c3nsnc23)s1,*c1cc2c3c(c(*)cc4c3c1C(=O)N4CC(CCCCCCCCCCCC)CCCCCCCCCCCCCC)C(=O)N2CC(CCCCCCCCCCCC)CCCCCCCCCCCCCC
10.1002/adfm.202009359,NBA-BT,*c1ccc(-c2ccc(-c3cc4c5c(c(*)cc6c5c3C(=O)N6CC(CCCCCCCC)CCCCCCCCCC)C(=O)N4CC(CCCCCCCC)CCCCCCCCCC)s2)s1,1,0.0,1,0.4,0.0,-3.48,-5.59,*c1ccc(-c2ccc(*)s2)s1,*c1cc2c3c(c(*)cc4c3c1C(=O)N4CC(CCCCCCCC)CCCCCCCCCC)C(=O)N2CC(CCCCCCCC)CCCCCCCCCC,NBA-DTBTff,*c1ccc(-c2c(F)c(F)c(-c3ccc(-c4cc5c6c(c(*)cc7c6c4C(=O)N7CC(CCCCCCCCCCCC)CCCCCCCCCCCCCC)C(=O)N5CC(CCCCCCCCCCCC)CCCCCCCCCCCCCC)s3)c3nsnc23)s1,1,0.0,0,4.46,0.0,-3.59,-5.92,*c1ccc(-c2c(F)c(F)c(-c3ccc(*)s3)c3nsnc23)s1,*c1cc2c3c(c(*)cc4c3c1C(=O)N4CC(CCCCCCCCCCCC)CCCCCCCCCCCCCC)C(=O)N2CC(CCCCCCCCCCCC)CCCCCCCCCCCCCC
10.1002/adfm.202009359,NBA-TVT,*c1ccc(/C=C/c2ccc(-c3cc4c5c(c(*)cc6c5c3C(=O)N6CC(CCCCCCCCCCCC)CCCCCCCCCCCCCC)C(=O)N4CC(CCCCCCCCCCCC)CCCCCCCCCCCCCC)s2)s1,1,0.0,1,1.85,0.0,-3.5,-5.51,*c1ccc(/C=C/c2ccc(*)s2)s1,*c1cc2c3c(c(*)cc4c3c1C(=O)N4CC(CCCCCCCCCCCC)CCCCCCCCCCCCCC)C(=O)N2CC(CCCCCCCCCCCC)CCCCCCCCCCCCCC,NBA-DTBT,*c1ccc(-c2ccc(-c3ccc(-c4cc5c6c(c(*)cc7c6c4C(=O)N7CC(CCCCCCCCCCCC)CCCCCCCCCCCCCC)C(=O)N5CC(CCCCCCCCCCCC)CCCCCCCCCCCCCC)s3)c3nsnc23)s1,1,0.0,0,3.25,0.0,-3.57,-5.57,*c1ccc(-c2ccc(-c3ccc(*)s3)c3nsnc23)s1,*c1cc2c3c(c(*)cc4c3c1C(=O)N4CC(CCCCCCCCCCCC)CCCCCCCCCCCCCC)C(=O)N2CC(CCCCCCCCCCCC)CCCCCCCCCCCCCC
10.1002/adfm.202009359,NBA-TVT,*c1ccc(/C=C/c2ccc(-c3cc4c5c(c(*)cc6c5c3C(=O)N6CC(CCCCCCCCCCCC)CCCCCCCCCCCCCC)C(=O)N4CC(CCCCCCCCCCCC)CCCCCCCCCCCCCC)s2)s1,1,0.0,1,1.85,0.0,-3.5,-5.51,*c1ccc(/C=C/c2ccc(*)s2)s1,*c1cc2c3c(c(*)cc4c3c1C(=O)N4CC(CCCCCCCCCCCC)CCCCCCCCCCCCCC)C(=O)N2CC(CCCCCCCCCCCC)CCCCCCCCCCCCCC,NBA-DTBTff,*c1ccc(-c2c(F)c(F)c(-c3ccc(-c4cc5c6c(c(*)cc7c6c4C(=O)N7CC(CCCCCCCCCCCC)CCCCCCCCCCCCCC)C(=O)N5CC(CCCCCCCCCCCC)CCCCCCCCCCCCCC)s3)c3nsnc23)s1,1,0.0,0,4.46,0.0,-3.59,-5.92,*c1ccc(-c2c(F)c(F)c(-c3ccc(*)s3)c3nsnc23)s1,*c1cc2c3c(c(*)cc4c3c1C(=O)N4CC(CCCCCCCCCCCC)CCCCCCCCCCCCCC)C(=O)N2CC(CCCCCCCCCCCC)CCCCCCCCCCCCCC
10.1002/adfm.202009359,NBA-DTBT,*c1ccc(-c2ccc(-c3ccc(-c4cc5c6c(c(*)cc7c6c4C(=O)N7CC(CCCCCCCCCCCC)CCCCCCCCCCCCCC)C(=O)N5CC(CCCCCCCCCCCC)CCCCCCCCCCCCCC)s3)c3nsnc23)s1,1,0.0,0,3.25,0.0,-3.57,-5.57,*c1ccc(-c2ccc(-c3ccc(*)s3)c3nsnc23)s1,*c1cc2c3c(c(*)cc4c3c1C(=O)N4CC(CCCCCCCCCCCC)CCCCCCCCCCCCCC)C(=O)N2CC(CCCCCCCCCCCC)CCCCCCCCCCCCCC,NBA-DTBTff,*c1ccc(-c2c(F)c(F)c(-c3ccc(-c4cc5c6c(c(*)cc7c6c4C(=O)N7CC(CCCCCCCCCCCC)CCCCCCCCCCCCCC)C(=O)N5CC(CCCCCCCCCCCC)CCCCCCCCCCCCCC)s3)c3nsnc23)s1,1,0.0,0,4.46,0.0,-3.59,-5.92,*c1ccc(-c2c(F)c(F)c(-c3ccc(*)s3)c3nsnc23)s1,*c1cc2c3c(c(*)cc4c3c1C(=O)N4CC(CCCCCCCCCCCC)CCCCCCCCCCCCCC)C(=O)N2CC(CCCCCCCCCCCC)CCCCCCCCCCCCCC
10.1002/adfm.202104881,FDPP-F,*c1ccc(C2=C3C(=O)N(CCCC(CCCCCC)CCCCCCCC)C(c4ccc(-c5ccc(*)o5)o4)=C3C(=O)N2CCCC(CCCCCC)CCCCCCCC)o1,1,0.0,0,0.0,0.89,-3.25,-5.22,*c1ccc(*)o1,*c1ccc(C2=C3C(=O)N(CCCC(CCCCCC)CCCCCCCC)C(c4ccc(*)o4)=C3C(=O)N2CCCC(CCCCCC)CCCCCCCC)o1,FDPP-T,*c1ccc(C2=C3C(=O)N(CCCC(CCCCCC)CCCCCCCC)C(c4ccc(-c5ccc(*)s5)o4)=C3C(=O)N2CCCC(CCCCCC)CCCCCCCC)o1,1,0.0,0,0.0,0.09,-3.31,-5.2,*c1ccc(*)s1,*c1ccc(C2=C3C(=O)N(CCCC(CCCCCC)CCCCCCCC)C(c4ccc(*)o4)=C3C(=O)N2CCCC(CCCCCC)CCCCCCCC)o1
10.1002/adfm.202104881,FDPP-F,*c1ccc(C2=C3C(=O)N(CCCC(CCCCCC)CCCCCCCC)C(c4ccc(-c5ccc(*)o5)o4)=C3C(=O)N2CCCC(CCCCCC)CCCCCCCC)o1,1,0.0,0,0.0,0.89,-3.25,-5.22,*c1ccc(*)o1,*c1ccc(C2=C3C(=O)N(CCCC(CCCCCC)CCCCCCCC)C(c4ccc(*)o4)=C3C(=O)N2CCCC(CCCCCC)CCCCCCCC)o1,FDPP-Se,*c1ccc(C2=C3C(=O)N(CCCC(CCCCCC)CCCCCCCC)C(c4ccc(-c5ccc(*)[se]5)o4)=C3C(=O)N2CCCC(CCCCCC)CCCCCCCC)o1,1,0.0,0,0.0,0.25,-3.32,-5.21,*c1ccc(*)[se]1,*c1ccc(C2=C3C(=O)N(CCCC(CCCCCC)CCCCCCCC)C(c4ccc(*)o4)=C3C(=O)N2CCCC(CCCCCC)CCCCCCCC)o1
10.1002/adfm.202104881,FDPP-F,*c1ccc(C2=C3C(=O)N(CCCC(CCCCCC)CCCCCCCC)C(c4ccc(-c5ccc(*)o5)o4)=C3C(=O)N2CCCC(CCCCCC)CCCCCCCC)o1,1,0.0,0,0.0,0.89,-3.25,-5.22,*c1ccc(*)o1,*c1ccc(C2=C3C(=O)N(CCCC(CCCCCC)CCCCCCCC)C(c4ccc(*)o4)=C3C(=O)N2CCCC(CCCCCC)CCCCCCCC)o1,TDPP-F,*c1ccc(-c2ccc(C3=C4C(=O)N(CCCC(CCCCCC)CCCCCCCC)C(c5ccc(*)s5)=C4C(=O)N3CCCC(CCCCCC)CCCCCCCC)s2)o1,1,0.0,0,0.0,0.56,-3.26,-5.1,*c1ccc(*)o1,*c1ccc(C2=C3C(=O)N(CCCC(CCCCCC)CCCCCCCC)C(c4ccc(*)s4)=C3C(=O)N2CCCC(CCCCCC)CCCCCCCC)s1
10.1002/adfm.202104881,FDPP-F,*c1ccc(C2=C3C(=O)N(CCCC(CCCCCC)CCCCCCCC)C(c4ccc(-c5ccc(*)o5)o4)=C3C(=O)N2CCCC(CCCCCC)CCCCCCCC)o1,1,0.0,0,0.0,0.89,-3.25,-5.22,*c1ccc(*)o1,*c1ccc(C2=C3C(=O)N(CCCC(CCCCCC)CCCCCCCC)C(c4ccc(*)o4)=C3C(=O)N2CCCC(CCCCCC)CCCCCCCC)o1,TDPP-T,*c1ccc(C2=C3C(=O)N(CCCC(CCCCCC)CCCCCCCC)C(c4ccc(-c5ccc(*)s5)s4)=C3C(=O)N2CCCC(CCCCCC)CCCCCCCC)s1,1,0.0,0,0.0,2.53,-3.2,-5.2,*c1ccc(*)s1,*c1ccc(C2=C3C(=O)N(CCCC(CCCCCC)CCCCCCCC)C(c4ccc(*)s4)=C3C(=O)N2CCCC(CCCCCC)CCCCCCCC)s1
10.1002/adfm.202104881,FDPP-F,*c1ccc(C2=C3C(=O)N(CCCC(CCCCCC)CCCCCCCC)C(c4ccc(-c5ccc(*)o5)o4)=C3C(=O)N2CCCC(CCCCCC)CCCCCCCC)o1,1,0.0,0,0.0,0.89,-3.25,-5.22,*c1ccc(*)o1,*c1ccc(C2=C3C(=O)N(CCCC(CCCCCC)CCCCCCCC)C(c4ccc(*)o4)=C3C(=O)N2CCCC(CCCCCC)CCCCCCCC)o1,TDPP-Se,*c1ccc(C2=C3C(=O)N(CCCC(CCCCCC)CCCCCCCC)C(c4ccc(-c5ccc(*)[se]5)s4)=C3C(=O)N2CCCC(CCCCCC)CCCCCCCC)s1,1,0.0,0,0.0,3.19,-3.28,-5.16,*c1ccc(*)[se]1,*c1ccc(C2=C3C(=O)N(CCCC(CCCCCC)CCCCCCCC)C(c4ccc(*)s4)=C3C(=O)N2CCCC(CCCCCC)CCCCCCCC)s1
10.1002/adfm.202104881,FDPP-F,*c1ccc(C2=C3C(=O)N(CCCC(CCCCCC)CCCCCCCC)C(c4ccc(-c5ccc(*)o5)o4)=C3C(=O)N2CCCC(CCCCCC)CCCCCCCC)o1,1,0.0,0,0.0,0.89,-3.25,-5.22,*c1ccc(*)o1,*c1ccc(C2=C3C(=O)N(CCCC(CCCCCC)CCCCCCCC)C(c4ccc(*)o4)=C3C(=O)N2CCCC(CCCCCC)CCCCCCCC)o1,SeDPP-F,*c1ccc(-c2ccc(C3=C4C(=O)N(CCCC(CCCCCC)CCCCCCCC)C(c5ccc(*)[se]5)=C4C(=O)N3CCCC(CCCCCC)CCCCCCCC)[se]2)o1,1,0.0,0,0.0,0.87,-3.32,-5.04,*c1ccc(*)o1,*c1ccc(C2=C3C(=O)N(CCCC(CCCCCC)CCCCCCCC)C(c4ccc(*)[se]4)=C3C(=O)N2CCCC(CCCCCC)CCCCCCCC)[se]1
10.1002/adfm.202104881,FDPP-F,*c1ccc(C2=C3C(=O)N(CCCC(CCCCCC)CCCCCCCC)C(c4ccc(-c5ccc(*)o5)o4)=C3C(=O)N2CCCC(CCCCCC)CCCCCCCC)o1,1,0.0,0,0.0,0.89,-3.25,-5.22,*c1ccc(*)o1,*c1ccc(C2=C3C(=O)N(CCCC(CCCCCC)CCCCCCCC)C(c4ccc(*)o4)=C3C(=O)N2CCCC(CCCCCC)CCCCCCCC)o1,SeDPP-T,*c1ccc(-c2ccc(C3=C4C(=O)N(CCCC(CCCCCC)CCCCCCCC)C(c5ccc(*)[se]5)=C4C(=O)N3CCCC(CCCCCC)CCCCCCCC)[se]2)s1,1,0.0,0,0.0,1.7,-3.33,-5.04,*c1ccc(*)s1,*c1ccc(C2=C3C(=O)N(CCCC(CCCCCC)CCCCCCCC)C(c4ccc(*)[se]4)=C3C(=O)N2CCCC(CCCCCC)CCCCCCCC)[se]1
10.1002/adfm.202104881,FDPP-F,*c1ccc(C2=C3C(=O)N(CCCC(CCCCCC)CCCCCCCC)C(c4ccc(-c5ccc(*)o5)o4)=C3C(=O)N2CCCC(CCCCCC)CCCCCCCC)o1,1,0.0,0,0.0,0.89,-3.25,-5.22,*c1ccc(*)o1,*c1ccc(C2=C3C(=O)N(CCCC(CCCCCC)CCCCCCCC)C(c4ccc(*)o4)=C3C(=O)N2CCCC(CCCCCC)CCCCCCCC)o1,SeDPP-Se,*c1ccc(C2=C3C(=O)N(CCCC(CCCCCC)CCCCCCCC)C(c4ccc(-c5ccc(*)[se]5)[se]4)=C3C(=O)N2CCCC(CCCCCC)CCCCCCCC)[se]1,1,0.0,0,0.0,2.57,-3.36,-5.05,*c1ccc(*)[se]1,*c1ccc(C2=C3C(=O)N(CCCC(CCCCCC)CCCCCCCC)C(c4ccc(*)[se]4)=C3C(=O)N2CCCC(CCCCCC)CCCCCCCC)[se]1
10.1002/adfm.202104881,FDPP-T,*c1ccc(C2=C3C(=O)N(CCCC(CCCCCC)CCCCCCCC)C(c4ccc(-c5ccc(*)s5)o4)=C3C(=O)N2CCCC(CCCCCC)CCCCCCCC)o1,1,0.0,0,0.0,0.09,-3.31,-5.2,*c1ccc(*)s1,*c1ccc(C2=C3C(=O)N(CCCC(CCCCCC)CCCCCCCC)C(c4ccc(*)o4)=C3C(=O)N2CCCC(CCCCCC)CCCCCCCC)o1,FDPP-Se,*c1ccc(C2=C3C(=O)N(CCCC(CCCCCC)CCCCCCCC)C(c4ccc(-c5ccc(*)[se]5)o4)=C3C(=O)N2CCCC(CCCCCC)CCCCCCCC)o1,1,0.0,0,0.0,0.25,-3.32,-5.21,*c1ccc(*)[se]1,*c1ccc(C2=C3C(=O)N(CCCC(CCCCCC)CCCCCCCC)C(c4ccc(*)o4)=C3C(=O)N2CCCC(CCCCCC)CCCCCCCC)o1
10.1002/adfm.202104881,FDPP-T,*c1ccc(C2=C3C(=O)N(CCCC(CCCCCC)CCCCCCCC)C(c4ccc(-c5ccc(*)s5)o4)=C3C(=O)N2CCCC(CCCCCC)CCCCCCCC)o1,1,0.0,0,0.0,0.09,-3.31,-5.2,*c1ccc(*)s1,*c1ccc(C2=C3C(=O)N(CCCC(CCCCCC)CCCCCCCC)C(c4ccc(*)o4)=C3C(=O)N2CCCC(CCCCCC)CCCCCCCC)o1,TDPP-F,*c1ccc(-c2ccc(C3=C4C(=O)N(CCCC(CCCCCC)CCCCCCCC)C(c5ccc(*)s5)=C4C(=O)N3CCCC(CCCCCC)CCCCCCCC)s2)o1,1,0.0,0,0.0,0.56,-3.26,-5.1,*c1ccc(*)o1,*c1ccc(C2=C3C(=O)N(CCCC(CCCCCC)CCCCCCCC)C(c4ccc(*)s4)=C3C(=O)N2CCCC(CCCCCC)CCCCCCCC)s1
10.1002/adfm.202104881,FDPP-T,*c1ccc(C2=C3C(=O)N(CCCC(CCCCCC)CCCCCCCC)C(c4ccc(-c5ccc(*)s5)o4)=C3C(=O)N2CCCC(CCCCCC)CCCCCCCC)o1,1,0.0,0,0.0,0.09,-3.31,-5.2,*c1ccc(*)s1,*c1ccc(C2=C3C(=O)N(CCCC(CCCCCC)CCCCCCCC)C(c4ccc(*)o4)=C3C(=O)N2CCCC(CCCCCC)CCCCCCCC)o1,TDPP-T,*c1ccc(C2=C3C(=O)N(CCCC(CCCCCC)CCCCCCCC)C(c4ccc(-c5ccc(*)s5)s4)=C3C(=O)N2CCCC(CCCCCC)CCCCCCCC)s1,1,0.0,0,0.0,2.53,-3.2,-5.2,*c1ccc(*)s1,*c1ccc(C2=C3C(=O)N(CCCC(CCCCCC)CCCCCCCC)C(c4ccc(*)s4)=C3C(=O)N2CCCC(CCCCCC)CCCCCCCC)s1
10.1002/adfm.202104881,FDPP-T,*c1ccc(C2=C3C(=O)N(CCCC(CCCCCC)CCCCCCCC)C(c4ccc(-c5ccc(*)s5)o4)=C3C(=O)N2CCCC(CCCCCC)CCCCCCCC)o1,1,0.0,0,0.0,0.09,-3.31,-5.2,*c1ccc(*)s1,*c1ccc(C2=C3C(=O)N(CCCC(CCCCCC)CCCCCCCC)C(c4ccc(*)o4)=C3C(=O)N2CCCC(CCCCCC)CCCCCCCC)o1,TDPP-Se,*c1ccc(C2=C3C(=O)N(CCCC(CCCCCC)CCCCCCCC)C(c4ccc(-c5ccc(*)[se]5)s4)=C3C(=O)N2CCCC(CCCCCC)CCCCCCCC)s1,1,0.0,0,0.0,3.19,-3.28,-5.16,*c1ccc(*)[se]1,*c1ccc(C2=C3C(=O)N(CCCC(CCCCCC)CCCCCCCC)C(c4ccc(*)s4)=C3C(=O)N2CCCC(CCCCCC)CCCCCCCC)s1
10.1002/adfm.202104881,FDPP-T,*c1ccc(C2=C3C(=O)N(CCCC(CCCCCC)CCCCCCCC)C(c4ccc(-c5ccc(*)s5)o4)=C3C(=O)N2CCCC(CCCCCC)CCCCCCCC)o1,1,0.0,0,0.0,0.09,-3.31,-5.2,*c1ccc(*)s1,*c1ccc(C2=C3C(=O)N(CCCC(CCCCCC)CCCCCCCC)C(c4ccc(*)o4)=C3C(=O)N2CCCC(CCCCCC)CCCCCCCC)o1,SeDPP-F,*c1ccc(-c2ccc(C3=C4C(=O)N(CCCC(CCCCCC)CCCCCCCC)C(c5ccc(*)[se]5)=C4C(=O)N3CCCC(CCCCCC)CCCCCCCC)[se]2)o1,1,0.0,0,0.0,0.87,-3.32,-5.04,*c1ccc(*)o1,*c1ccc(C2=C3C(=O)N(CCCC(CCCCCC)CCCCCCCC)C(c4ccc(*)[se]4)=C3C(=O)N2CCCC(CCCCCC)CCCCCCCC)[se]1
10.1002/adfm.202104881,FDPP-T,*c1ccc(C2=C3C(=O)N(CCCC(CCCCCC)CCCCCCCC)C(c4ccc(-c5ccc(*)s5)o4)=C3C(=O)N2CCCC(CCCCCC)CCCCCCCC)o1,1,0.0,0,0.0,0.09,-3.31,-5.2,*c1ccc(*)s1,*c1ccc(C2=C3C(=O)N(CCCC(CCCCCC)CCCCCCCC)C(c4ccc(*)o4)=C3C(=O)N2CCCC(CCCCCC)CCCCCCCC)o1,SeDPP-T,*c1ccc(-c2ccc(C3=C4C(=O)N(CCCC(CCCCCC)CCCCCCCC)C(c5ccc(*)[se]5)=C4C(=O)N3CCCC(CCCCCC)CCCCCCCC)[se]2)s1,1,0.0,0,0.0,1.7,-3.33,-5.04,*c1ccc(*)s1,*c1ccc(C2=C3C(=O)N(CCCC(CCCCCC)CCCCCCCC)C(c4ccc(*)[se]4)=C3C(=O)N2CCCC(CCCCCC)CCCCCCCC)[se]1
10.1002/adfm.202104881,FDPP-T,*c1ccc(C2=C3C(=O)N(CCCC(CCCCCC)CCCCCCCC)C(c4ccc(-c5ccc(*)s5)o4)=C3C(=O)N2CCCC(CCCCCC)CCCCCCCC)o1,1,0.0,0,0.0,0.09,-3.31,-5.2,*c1ccc(*)s1,*c1ccc(C2=C3C(=O)N(CCCC(CCCCCC)CCCCCCCC)C(c4ccc(*)o4)=C3C(=O)N2CCCC(CCCCCC)CCCCCCCC)o1,SeDPP-Se,*c1ccc(C2=C3C(=O)N(CCCC(CCCCCC)CCCCCCCC)C(c4ccc(-c5ccc(*)[se]5)[se]4)=C3C(=O)N2CCCC(CCCCCC)CCCCCCCC)[se]1,1,0.0,0,0.0,2.57,-3.36,-5.05,*c1ccc(*)[se]1,*c1ccc(C2=C3C(=O)N(CCCC(CCCCCC)CCCCCCCC)C(c4ccc(*)[se]4)=C3C(=O)N2CCCC(CCCCCC)CCCCCCCC)[se]1
10.1002/adfm.202104881,FDPP-Se,*c1ccc(C2=C3C(=O)N(CCCC(CCCCCC)CCCCCCCC)C(c4ccc(-c5ccc(*)[se]5)o4)=C3C(=O)N2CCCC(CCCCCC)CCCCCCCC)o1,1,0.0,0,0.0,0.25,-3.32,-5.21,*c1ccc(*)[se]1,*c1ccc(C2=C3C(=O)N(CCCC(CCCCCC)CCCCCCCC)C(c4ccc(*)o4)=C3C(=O)N2CCCC(CCCCCC)CCCCCCCC)o1,TDPP-F,*c1ccc(-c2ccc(C3=C4C(=O)N(CCCC(CCCCCC)CCCCCCCC)C(c5ccc(*)s5)=C4C(=O)N3CCCC(CCCCCC)CCCCCCCC)s2)o1,1,0.0,0,0.0,0.56,-3.26,-5.1,*c1ccc(*)o1,*c1ccc(C2=C3C(=O)N(CCCC(CCCCCC)CCCCCCCC)C(c4ccc(*)s4)=C3C(=O)N2CCCC(CCCCCC)CCCCCCCC)s1
10.1002/adfm.202104881,FDPP-Se,*c1ccc(C2=C3C(=O)N(CCCC(CCCCCC)CCCCCCCC)C(c4ccc(-c5ccc(*)[se]5)o4)=C3C(=O)N2CCCC(CCCCCC)CCCCCCCC)o1,1,0.0,0,0.0,0.25,-3.32,-5.21,*c1ccc(*)[se]1,*c1ccc(C2=C3C(=O)N(CCCC(CCCCCC)CCCCCCCC)C(c4ccc(*)o4)=C3C(=O)N2CCCC(CCCCCC)CCCCCCCC)o1,TDPP-T,*c1ccc(C2=C3C(=O)N(CCCC(CCCCCC)CCCCCCCC)C(c4ccc(-c5ccc(*)s5)s4)=C3C(=O)N2CCCC(CCCCCC)CCCCCCCC)s1,1,0.0,0,0.0,2.53,-3.2,-5.2,*c1ccc(*)s1,*c1ccc(C2=C3C(=O)N(CCCC(CCCCCC)CCCCCCCC)C(c4ccc(*)s4)=C3C(=O)N2CCCC(CCCCCC)CCCCCCCC)s1
10.1002/adfm.202104881,FDPP-Se,*c1ccc(C2=C3C(=O)N(CCCC(CCCCCC)CCCCCCCC)C(c4ccc(-c5ccc(*)[se]5)o4)=C3C(=O)N2CCCC(CCCCCC)CCCCCCCC)o1,1,0.0,0,0.0,0.25,-3.32,-5.21,*c1ccc(*)[se]1,*c1ccc(C2=C3C(=O)N(CCCC(CCCCCC)CCCCCCCC)C(c4ccc(*)o4)=C3C(=O)N2CCCC(CCCCCC)CCCCCCCC)o1,TDPP-Se,*c1ccc(C2=C3C(=O)N(CCCC(CCCCCC)CCCCCCCC)C(c4ccc(-c5ccc(*)[se]5)s4)=C3C(=O)N2CCCC(CCCCCC)CCCCCCCC)s1,1,0.0,0,0.0,3.19,-3.28,-5.16,*c1ccc(*)[se]1,*c1ccc(C2=C3C(=O)N(CCCC(CCCCCC)CCCCCCCC)C(c4ccc(*)s4)=C3C(=O)N2CCCC(CCCCCC)CCCCCCCC)s1
10.1002/adfm.202104881,FDPP-Se,*c1ccc(C2=C3C(=O)N(CCCC(CCCCCC)CCCCCCCC)C(c4ccc(-c5ccc(*)[se]5)o4)=C3C(=O)N2CCCC(CCCCCC)CCCCCCCC)o1,1,0.0,0,0.0,0.25,-3.32,-5.21,*c1ccc(*)[se]1,*c1ccc(C2=C3C(=O)N(CCCC(CCCCCC)CCCCCCCC)C(c4ccc(*)o4)=C3C(=O)N2CCCC(CCCCCC)CCCCCCCC)o1,SeDPP-F,*c1ccc(-c2ccc(C3=C4C(=O)N(CCCC(CCCCCC)CCCCCCCC)C(c5ccc(*)[se]5)=C4C(=O)N3CCCC(CCCCCC)CCCCCCCC)[se]2)o1,1,0.0,0,0.0,0.87,-3.32,-5.04,*c1ccc(*)o1,*c1ccc(C2=C3C(=O)N(CCCC(CCCCCC)CCCCCCCC)C(c4ccc(*)[se]4)=C3C(=O)N2CCCC(CCCCCC)CCCCCCCC)[se]1
10.1002/adfm.202104881,FDPP-Se,*c1ccc(C2=C3C(=O)N(CCCC(CCCCCC)CCCCCCCC)C(c4ccc(-c5ccc(*)[se]5)o4)=C3C(=O)N2CCCC(CCCCCC)CCCCCCCC)o1,1,0.0,0,0.0,0.25,-3.32,-5.21,*c1ccc(*)[se]1,*c1ccc(C2=C3C(=O)N(CCCC(CCCCCC)CCCCCCCC)C(c4ccc(*)o4)=C3C(=O)N2CCCC(CCCCCC)CCCCCCCC)o1,SeDPP-T,*c1ccc(-c2ccc(C3=C4C(=O)N(CCCC(CCCCCC)CCCCCCCC)C(c5ccc(*)[se]5)=C4C(=O)N3CCCC(CCCCCC)CCCCCCCC)[se]2)s1,1,0.0,0,0.0,1.7,-3.33,-5.04,*c1ccc(*)s1,*c1ccc(C2=C3C(=O)N(CCCC(CCCCCC)CCCCCCCC)C(c4ccc(*)[se]4)=C3C(=O)N2CCCC(CCCCCC)CCCCCCCC)[se]1
10.1002/adfm.202104881,FDPP-Se,*c1ccc(C2=C3C(=O)N(CCCC(CCCCCC)CCCCCCCC)C(c4ccc(-c5ccc(*)[se]5)o4)=C3C(=O)N2CCCC(CCCCCC)CCCCCCCC)o1,1,0.0,0,0.0,0.25,-3.32,-5.21,*c1ccc(*)[se]1,*c1ccc(C2=C3C(=O)N(CCCC(CCCCCC)CCCCCCCC)C(c4ccc(*)o4)=C3C(=O)N2CCCC(CCCCCC)CCCCCCCC)o1,SeDPP-Se,*c1ccc(C2=C3C(=O)N(CCCC(CCCCCC)CCCCCCCC)C(c4ccc(-c5ccc(*)[se]5)[se]4)=C3C(=O)N2CCCC(CCCCCC)CCCCCCCC)[se]1,1,0.0,0,0.0,2.57,-3.36,-5.05,*c1ccc(*)[se]1,*c1ccc(C2=C3C(=O)N(CCCC(CCCCCC)CCCCCCCC)C(c4ccc(*)[se]4)=C3C(=O)N2CCCC(CCCCCC)CCCCCCCC)[se]1
10.1002/adfm.202104881,TDPP-F,*c1ccc(-c2ccc(C3=C4C(=O)N(CCCC(CCCCCC)CCCCCCCC)C(c5ccc(*)s5)=C4C(=O)N3CCCC(CCCCCC)CCCCCCCC)s2)o1,1,0.0,0,0.0,0.56,-3.26,-5.1,*c1ccc(*)o1,*c1ccc(C2=C3C(=O)N(CCCC(CCCCCC)CCCCCCCC)C(c4ccc(*)s4)=C3C(=O)N2CCCC(CCCCCC)CCCCCCCC)s1,TDPP-T,*c1ccc(C2=C3C(=O)N(CCCC(CCCCCC)CCCCCCCC)C(c4ccc(-c5ccc(*)s5)s4)=C3C(=O)N2CCCC(CCCCCC)CCCCCCCC)s1,1,0.0,0,0.0,2.53,-3.2,-5.2,*c1ccc(*)s1,*c1ccc(C2=C3C(=O)N(CCCC(CCCCCC)CCCCCCCC)C(c4ccc(*)s4)=C3C(=O)N2CCCC(CCCCCC)CCCCCCCC)s1
10.1002/adfm.202104881,TDPP-F,*c1ccc(-c2ccc(C3=C4C(=O)N(CCCC(CCCCCC)CCCCCCCC)C(c5ccc(*)s5)=C4C(=O)N3CCCC(CCCCCC)CCCCCCCC)s2)o1,1,0.0,0,0.0,0.56,-3.26,-5.1,*c1ccc(*)o1,*c1ccc(C2=C3C(=O)N(CCCC(CCCCCC)CCCCCCCC)C(c4ccc(*)s4)=C3C(=O)N2CCCC(CCCCCC)CCCCCCCC)s1,TDPP-Se,*c1ccc(C2=C3C(=O)N(CCCC(CCCCCC)CCCCCCCC)C(c4ccc(-c5ccc(*)[se]5)s4)=C3C(=O)N2CCCC(CCCCCC)CCCCCCCC)s1,1,0.0,0,0.0,3.19,-3.28,-5.16,*c1ccc(*)[se]1,*c1ccc(C2=C3C(=O)N(CCCC(CCCCCC)CCCCCCCC)C(c4ccc(*)s4)=C3C(=O)N2CCCC(CCCCCC)CCCCCCCC)s1
10.1002/adfm.202104881,TDPP-F,*c1ccc(-c2ccc(C3=C4C(=O)N(CCCC(CCCCCC)CCCCCCCC)C(c5ccc(*)s5)=C4C(=O)N3CCCC(CCCCCC)CCCCCCCC)s2)o1,1,0.0,0,0.0,0.56,-3.26,-5.1,*c1ccc(*)o1,*c1ccc(C2=C3C(=O)N(CCCC(CCCCCC)CCCCCCCC)C(c4ccc(*)s4)=C3C(=O)N2CCCC(CCCCCC)CCCCCCCC)s1,SeDPP-F,*c1ccc(-c2ccc(C3=C4C(=O)N(CCCC(CCCCCC)CCCCCCCC)C(c5ccc(*)[se]5)=C4C(=O)N3CCCC(CCCCCC)CCCCCCCC)[se]2)o1,1,0.0,0,0.0,0.87,-3.32,-5.04,*c1ccc(*)o1,*c1ccc(C2=C3C(=O)N(CCCC(CCCCCC)CCCCCCCC)C(c4ccc(*)[se]4)=C3C(=O)N2CCCC(CCCCCC)CCCCCCCC)[se]1
10.1002/adfm.202104881,TDPP-F,*c1ccc(-c2ccc(C3=C4C(=O)N(CCCC(CCCCCC)CCCCCCCC)C(c5ccc(*)s5)=C4C(=O)N3CCCC(CCCCCC)CCCCCCCC)s2)o1,1,0.0,0,0.0,0.56,-3.26,-5.1,*c1ccc(*)o1,*c1ccc(C2=C3C(=O)N(CCCC(CCCCCC)CCCCCCCC)C(c4ccc(*)s4)=C3C(=O)N2CCCC(CCCCCC)CCCCCCCC)s1,SeDPP-T,*c1ccc(-c2ccc(C3=C4C(=O)N(CCCC(CCCCCC)CCCCCCCC)C(c5ccc(*)[se]5)=C4C(=O)N3CCCC(CCCCCC)CCCCCCCC)[se]2)s1,1,0.0,0,0.0,1.7,-3.33,-5.04,*c1ccc(*)s1,*c1ccc(C2=C3C(=O)N(CCCC(CCCCCC)CCCCCCCC)C(c4ccc(*)[se]4)=C3C(=O)N2CCCC(CCCCCC)CCCCCCCC)[se]1
10.1002/adfm.202104881,TDPP-F,*c1ccc(-c2ccc(C3=C4C(=O)N(CCCC(CCCCCC)CCCCCCCC)C(c5ccc(*)s5)=C4C(=O)N3CCCC(CCCCCC)CCCCCCCC)s2)o1,1,0.0,0,0.0,0.56,-3.26,-5.1,*c1ccc(*)o1,*c1ccc(C2=C3C(=O)N(CCCC(CCCCCC)CCCCCCCC)C(c4ccc(*)s4)=C3C(=O)N2CCCC(CCCCCC)CCCCCCCC)s1,SeDPP-Se,*c1ccc(C2=C3C(=O)N(CCCC(CCCCCC)CCCCCCCC)C(c4ccc(-c5ccc(*)[se]5)[se]4)=C3C(=O)N2CCCC(CCCCCC)CCCCCCCC)[se]1,1,0.0,0,0.0,2.57,-3.36,-5.05,*c1ccc(*)[se]1,*c1ccc(C2=C3C(=O)N(CCCC(CCCCCC)CCCCCCCC)C(c4ccc(*)[se]4)=C3C(=O)N2CCCC(CCCCCC)CCCCCCCC)[se]1
10.1002/adfm.202104881,TDPP-T,*c1ccc(C2=C3C(=O)N(CCCC(CCCCCC)CCCCCCCC)C(c4ccc(-c5ccc(*)s5)s4)=C3C(=O)N2CCCC(CCCCCC)CCCCCCCC)s1,1,0.0,0,0.0,2.53,-3.2,-5.2,*c1ccc(*)s1,*c1ccc(C2=C3C(=O)N(CCCC(CCCCCC)CCCCCCCC)C(c4ccc(*)s4)=C3C(=O)N2CCCC(CCCCCC)CCCCCCCC)s1,TDPP-Se,*c1ccc(C2=C3C(=O)N(CCCC(CCCCCC)CCCCCCCC)C(c4ccc(-c5ccc(*)[se]5)s4)=C3C(=O)N2CCCC(CCCCCC)CCCCCCCC)s1,1,0.0,0,0.0,3.19,-3.28,-5.16,*c1ccc(*)[se]1,*c1ccc(C2=C3C(=O)N(CCCC(CCCCCC)CCCCCCCC)C(c4ccc(*)s4)=C3C(=O)N2CCCC(CCCCCC)CCCCCCCC)s1
10.1002/adfm.202104881,TDPP-T,*c1ccc(C2=C3C(=O)N(CCCC(CCCCCC)CCCCCCCC)C(c4ccc(-c5ccc(*)s5)s4)=C3C(=O)N2CCCC(CCCCCC)CCCCCCCC)s1,1,0.0,0,0.0,2.53,-3.2,-5.2,*c1ccc(*)s1,*c1ccc(C2=C3C(=O)N(CCCC(CCCCCC)CCCCCCCC)C(c4ccc(*)s4)=C3C(=O)N2CCCC(CCCCCC)CCCCCCCC)s1,SeDPP-F,*c1ccc(-c2ccc(C3=C4C(=O)N(CCCC(CCCCCC)CCCCCCCC)C(c5ccc(*)[se]5)=C4C(=O)N3CCCC(CCCCCC)CCCCCCCC)[se]2)o1,1,0.0,0,0.0,0.87,-3.32,-5.04,*c1ccc(*)o1,*c1ccc(C2=C3C(=O)N(CCCC(CCCCCC)CCCCCCCC)C(c4ccc(*)[se]4)=C3C(=O)N2CCCC(CCCCCC)CCCCCCCC)[se]1
10.1002/adfm.202104881,TDPP-T,*c1ccc(C2=C3C(=O)N(CCCC(CCCCCC)CCCCCCCC)C(c4ccc(-c5ccc(*)s5)s4)=C3C(=O)N2CCCC(CCCCCC)CCCCCCCC)s1,1,0.0,0,0.0,2.53,-3.2,-5.2,*c1ccc(*)s1,*c1ccc(C2=C3C(=O)N(CCCC(CCCCCC)CCCCCCCC)C(c4ccc(*)s4)=C3C(=O)N2CCCC(CCCCCC)CCCCCCCC)s1,SeDPP-T,*c1ccc(-c2ccc(C3=C4C(=O)N(CCCC(CCCCCC)CCCCCCCC)C(c5ccc(*)[se]5)=C4C(=O)N3CCCC(CCCCCC)CCCCCCCC)[se]2)s1,1,0.0,0,0.0,1.7,-3.33,-5.04,*c1ccc(*)s1,*c1ccc(C2=C3C(=O)N(CCCC(CCCCCC)CCCCCCCC)C(c4ccc(*)[se]4)=C3C(=O)N2CCCC(CCCCCC)CCCCCCCC)[se]1
10.1002/adfm.202104881,TDPP-T,*c1ccc(C2=C3C(=O)N(CCCC(CCCCCC)CCCCCCCC)C(c4ccc(-c5ccc(*)s5)s4)=C3C(=O)N2CCCC(CCCCCC)CCCCCCCC)s1,1,0.0,0,0.0,2.53,-3.2,-5.2,*c1ccc(*)s1,*c1ccc(C2=C3C(=O)N(CCCC(CCCCCC)CCCCCCCC)C(c4ccc(*)s4)=C3C(=O)N2CCCC(CCCCCC)CCCCCCCC)s1,SeDPP-Se,*c1ccc(C2=C3C(=O)N(CCCC(CCCCCC)CCCCCCCC)C(c4ccc(-c5ccc(*)[se]5)[se]4)=C3C(=O)N2CCCC(CCCCCC)CCCCCCCC)[se]1,1,0.0,0,0.0,2.57,-3.36,-5.05,*c1ccc(*)[se]1,*c1ccc(C2=C3C(=O)N(CCCC(CCCCCC)CCCCCCCC)C(c4ccc(*)[se]4)=C3C(=O)N2CCCC(CCCCCC)CCCCCCCC)[se]1
10.1002/adfm.202104881,TDPP-Se,*c1ccc(C2=C3C(=O)N(CCCC(CCCCCC)CCCCCCCC)C(c4ccc(-c5ccc(*)[se]5)s4)=C3C(=O)N2CCCC(CCCCCC)CCCCCCCC)s1,1,0.0,0,0.0,3.19,-3.28,-5.16,*c1ccc(*)[se]1,*c1ccc(C2=C3C(=O)N(CCCC(CCCCCC)CCCCCCCC)C(c4ccc(*)s4)=C3C(=O)N2CCCC(CCCCCC)CCCCCCCC)s1,SeDPP-F,*c1ccc(-c2ccc(C3=C4C(=O)N(CCCC(CCCCCC)CCCCCCCC)C(c5ccc(*)[se]5)=C4C(=O)N3CCCC(CCCCCC)CCCCCCCC)[se]2)o1,1,0.0,0,0.0,0.87,-3.32,-5.04,*c1ccc(*)o1,*c1ccc(C2=C3C(=O)N(CCCC(CCCCCC)CCCCCCCC)C(c4ccc(*)[se]4)=C3C(=O)N2CCCC(CCCCCC)CCCCCCCC)[se]1
10.1002/adfm.202104881,TDPP-Se,*c1ccc(C2=C3C(=O)N(CCCC(CCCCCC)CCCCCCCC)C(c4ccc(-c5ccc(*)[se]5)s4)=C3C(=O)N2CCCC(CCCCCC)CCCCCCCC)s1,1,0.0,0,0.0,3.19,-3.28,-5.16,*c1ccc(*)[se]1,*c1ccc(C2=C3C(=O)N(CCCC(CCCCCC)CCCCCCCC)C(c4ccc(*)s4)=C3C(=O)N2CCCC(CCCCCC)CCCCCCCC)s1,SeDPP-T,*c1ccc(-c2ccc(C3=C4C(=O)N(CCCC(CCCCCC)CCCCCCCC)C(c5ccc(*)[se]5)=C4C(=O)N3CCCC(CCCCCC)CCCCCCCC)[se]2)s1,1,0.0,0,0.0,1.7,-3.33,-5.04,*c1ccc(*)s1,*c1ccc(C2=C3C(=O)N(CCCC(CCCCCC)CCCCCCCC)C(c4ccc(*)[se]4)=C3C(=O)N2CCCC(CCCCCC)CCCCCCCC)[se]1
10.1002/adfm.202104881,TDPP-Se,*c1ccc(C2=C3C(=O)N(CCCC(CCCCCC)CCCCCCCC)C(c4ccc(-c5ccc(*)[se]5)s4)=C3C(=O)N2CCCC(CCCCCC)CCCCCCCC)s1,1,0.0,0,0.0,3.19,-3.28,-5.16,*c1ccc(*)[se]1,*c1ccc(C2=C3C(=O)N(CCCC(CCCCCC)CCCCCCCC)C(c4ccc(*)s4)=C3C(=O)N2CCCC(CCCCCC)CCCCCCCC)s1,SeDPP-Se,*c1ccc(C2=C3C(=O)N(CCCC(CCCCCC)CCCCCCCC)C(c4ccc(-c5ccc(*)[se]5)[se]4)=C3C(=O)N2CCCC(CCCCCC)CCCCCCCC)[se]1,1,0.0,0,0.0,2.57,-3.36,-5.05,*c1ccc(*)[se]1,*c1ccc(C2=C3C(=O)N(CCCC(CCCCCC)CCCCCCCC)C(c4ccc(*)[se]4)=C3C(=O)N2CCCC(CCCCCC)CCCCCCCC)[se]1
10.1002/adfm.202104881,SeDPP-F,*c1ccc(-c2ccc(C3=C4C(=O)N(CCCC(CCCCCC)CCCCCCCC)C(c5ccc(*)[se]5)=C4C(=O)N3CCCC(CCCCCC)CCCCCCCC)[se]2)o1,1,0.0,0,0.0,0.87,-3.32,-5.04,*c1ccc(*)o1,*c1ccc(C2=C3C(=O)N(CCCC(CCCCCC)CCCCCCCC)C(c4ccc(*)[se]4)=C3C(=O)N2CCCC(CCCCCC)CCCCCCCC)[se]1,SeDPP-T,*c1ccc(-c2ccc(C3=C4C(=O)N(CCCC(CCCCCC)CCCCCCCC)C(c5ccc(*)[se]5)=C4C(=O)N3CCCC(CCCCCC)CCCCCCCC)[se]2)s1,1,0.0,0,0.0,1.7,-3.33,-5.04,*c1ccc(*)s1,*c1ccc(C2=C3C(=O)N(CCCC(CCCCCC)CCCCCCCC)C(c4ccc(*)[se]4)=C3C(=O)N2CCCC(CCCCCC)CCCCCCCC)[se]1
10.1002/adfm.202104881,SeDPP-F,*c1ccc(-c2ccc(C3=C4C(=O)N(CCCC(CCCCCC)CCCCCCCC)C(c5ccc(*)[se]5)=C4C(=O)N3CCCC(CCCCCC)CCCCCCCC)[se]2)o1,1,0.0,0,0.0,0.87,-3.32,-5.04,*c1ccc(*)o1,*c1ccc(C2=C3C(=O)N(CCCC(CCCCCC)CCCCCCCC)C(c4ccc(*)[se]4)=C3C(=O)N2CCCC(CCCCCC)CCCCCCCC)[se]1,SeDPP-Se,*c1ccc(C2=C3C(=O)N(CCCC(CCCCCC)CCCCCCCC)C(c4ccc(-c5ccc(*)[se]5)[se]4)=C3C(=O)N2CCCC(CCCCCC)CCCCCCCC)[se]1,1,0.0,0,0.0,2.57,-3.36,-5.05,*c1ccc(*)[se]1,*c1ccc(C2=C3C(=O)N(CCCC(CCCCCC)CCCCCCCC)C(c4ccc(*)[se]4)=C3C(=O)N2CCCC(CCCCCC)CCCCCCCC)[se]1
10.1002/adfm.202104881,SeDPP-T,*c1ccc(-c2ccc(C3=C4C(=O)N(CCCC(CCCCCC)CCCCCCCC)C(c5ccc(*)[se]5)=C4C(=O)N3CCCC(CCCCCC)CCCCCCCC)[se]2)s1,1,0.0,0,0.0,1.7,-3.33,-5.04,*c1ccc(*)s1,*c1ccc(C2=C3C(=O)N(CCCC(CCCCCC)CCCCCCCC)C(c4ccc(*)[se]4)=C3C(=O)N2CCCC(CCCCCC)CCCCCCCC)[se]1,SeDPP-Se,*c1ccc(C2=C3C(=O)N(CCCC(CCCCCC)CCCCCCCC)C(c4ccc(-c5ccc(*)[se]5)[se]4)=C3C(=O)N2CCCC(CCCCCC)CCCCCCCC)[se]1,1,0.0,0,0.0,2.57,-3.36,-5.05,*c1ccc(*)[se]1,*c1ccc(C2=C3C(=O)N(CCCC(CCCCCC)CCCCCCCC)C(c4ccc(*)[se]4)=C3C(=O)N2CCCC(CCCCCC)CCCCCCCC)[se]1
10.1002/adfm.202201903,PAQM-DFBTA,*c1ccc(/C=c2\nc(OCC(CCCCCCCCCC)CCCCCCCCCCCC)/c(=C/c3ccc(-c4c(F)c(F)c(*)c5nn(CCC)nc45)s3)nc2OCC(CCCCCCCCCC)CCCCCCCCCCCC)s1,1,0.0,0,0.0,0.71,-3.61,-5.12,*c1c(F)c(F)c(*)c2nn(CCC)nc12,*c1ccc(/C=c2\nc(OCC(CCCCCCCCCC)CCCCCCCCCCCC)/c(=C/c3ccc(*)s3)nc2OCC(CCCCCCCCCC)CCCCCCCCCCCC)s1,PAQM-TPD,*c1ccc(/C=c2\nc(OCC(CCCCCCCCCC)CCCCCCCCCCCC)/c(=C/c3ccc(-c4sc(*)c5c4C(=O)N(CCCCCC)C5=O)s3)nc2OCC(CCCCCCCCCC)CCCCCCCCCCCC)s1,1,0.0,0,0.0,0.72,-3.81,-5.24,*c1sc(*)c2c1C(=O)N(CCCCCC)C2=O,*c1ccc(/C=c2\nc(OCC(CCCCCCCCCC)CCCCCCCCCCCC)/c(=C/c3ccc(*)s3)nc2OCC(CCCCCCCCCC)CCCCCCCCCCCC)s1
10.1002/adfm.202201903,PAQM-DFBTA,*c1ccc(/C=c2\nc(OCC(CCCCCCCCCC)CCCCCCCCCCCC)/c(=C/c3ccc(-c4c(F)c(F)c(*)c5nn(CCC)nc45)s3)nc2OCC(CCCCCCCCCC)CCCCCCCCCCCC)s1,1,0.0,0,0.0,0.71,-3.61,-5.12,*c1c(F)c(F)c(*)c2nn(CCC)nc12,*c1ccc(/C=c2\nc(OCC(CCCCCCCCCC)CCCCCCCCCCCC)/c(=C/c3ccc(*)s3)nc2OCC(CCCCCCCCCC)CCCCCCCCCCCC)s1,PAQM-BT,*c1ccc(/C=c2\nc(OCC(CCCCCCCCCC)CCCCCCCCCCCC)/c(=C/c3ccc(-c4ccc(*)c5nsnc45)s3)nc2OCC(CCCCCCCCCC)CCCCCCCCCCCC)s1,1,0.0,0,0.0,5.1,-3.84,-5.14,*c1ccc(*)c2nsnc12,*c1ccc(/C=c2\nc(OCC(CCCCCCCCCC)CCCCCCCCCCCC)/c(=C/c3ccc(*)s3)nc2OCC(CCCCCCCCCC)CCCCCCCCCCCC)s1
10.1002/adfm.202201903,PAQM-DFBTA,*c1ccc(/C=c2\nc(OCC(CCCCCCCCCC)CCCCCCCCCCCC)/c(=C/c3ccc(-c4c(F)c(F)c(*)c5nn(CCC)nc45)s3)nc2OCC(CCCCCCCCCC)CCCCCCCCCCCC)s1,1,0.0,0,0.0,0.71,-3.61,-5.12,*c1c(F)c(F)c(*)c2nn(CCC)nc12,*c1ccc(/C=c2\nc(OCC(CCCCCCCCCC)CCCCCCCCCCCC)/c(=C/c3ccc(*)s3)nc2OCC(CCCCCCCCCC)CCCCCCCCCCCC)s1,PAQM-BSe,*c1ccc(/C=c2\nc(OCC(CCCCCCCCCC)CCCCCCCCCCCC)/c(=C/c3ccc(-c4ccc(*)c5n[se]nc45)s3)nc2OCC(CCCCCCCCCC)CCCCCCCCCCCC)s1,1,0.0,0,0.0,0.52,-3.96,-5.17,*c1ccc(*)c2n[se]nc12,*c1ccc(/C=c2\nc(OCC(CCCCCCCCCC)CCCCCCCCCCCC)/c(=C/c3ccc(*)s3)nc2OCC(CCCCCCCCCC)CCCCCCCCCCCC)s1
10.1002/adfm.202201903,PAQM-DFBTA,*c1ccc(/C=c2\nc(OCC(CCCCCCCCCC)CCCCCCCCCCCC)/c(=C/c3ccc(-c4c(F)c(F)c(*)c5nn(CCC)nc45)s3)nc2OCC(CCCCCCCCCC)CCCCCCCCCCCC)s1,1,0.0,0,0.0,0.71,-3.61,-5.12,*c1c(F)c(F)c(*)c2nn(CCC)nc12,*c1ccc(/C=c2\nc(OCC(CCCCCCCCCC)CCCCCCCCCCCC)/c(=C/c3ccc(*)s3)nc2OCC(CCCCCCCCCC)CCCCCCCCCCCC)s1,PAQM-DFBT,*c1ccc(/C=c2\nc(OCC(CCCCCCCCCC)CCCCCCCCCCCC)/c(=C/c3ccc(-c4c(F)c(F)c(*)c5nsnc45)s3)nc2OCC(CCCCCCCCCC)CCCCCCCCCCCC)s1,1,0.0,0,0.0,4.11,-3.88,-5.21,*c1c(F)c(F)c(*)c2nsnc12,*c1ccc(/C=c2\nc(OCC(CCCCCCCCCC)CCCCCCCCCCCC)/c(=C/c3ccc(*)s3)nc2OCC(CCCCCCCCCC)CCCCCCCCCCCC)s1
10.1002/adfm.202201903,PAQM-DFBTA,*c1ccc(/C=c2\nc(OCC(CCCCCCCCCC)CCCCCCCCCCCC)/c(=C/c3ccc(-c4c(F)c(F)c(*)c5nn(CCC)nc45)s3)nc2OCC(CCCCCCCCCC)CCCCCCCCCCCC)s1,1,0.0,0,0.0,0.71,-3.61,-5.12,*c1c(F)c(F)c(*)c2nn(CCC)nc12,*c1ccc(/C=c2\nc(OCC(CCCCCCCCCC)CCCCCCCCCCCC)/c(=C/c3ccc(*)s3)nc2OCC(CCCCCCCCCC)CCCCCCCCCCCC)s1,PAQM-IID,*c1ccc2c(c1)N(CCCCCCCC)C(=O)/C2=C1/C(=O)N(CCCCCCCC)c2cc(-c3ccc(/C=c4\nc(OCC(CCCCCCCCCC)CCCCCCCCCCCC)/c(=C/c5ccc(*)s5)nc4OCC(CCCCCCCCCC)CCCCCCCCCCCC)s3)ccc21,1,0.0,1,0.0,1.48,-3.77,-5.16,*c1ccc2c(c1)N(CCCCCCCC)C(=O)/C2=C1/C(=O)N(CCCCCCCC)c2cc(*)ccc21,*c1ccc(/C=c2\nc(OCC(CCCCCCCCCC)CCCCCCCCCCCC)/c(=C/c3ccc(*)s3)nc2OCC(CCCCCCCCCC)CCCCCCCCCCCC)s1
10.1002/adfm.202201903,PAQM-TPD,*c1ccc(/C=c2\nc(OCC(CCCCCCCCCC)CCCCCCCCCCCC)/c(=C/c3ccc(-c4sc(*)c5c4C(=O)N(CCCCCC)C5=O)s3)nc2OCC(CCCCCCCCCC)CCCCCCCCCCCC)s1,1,0.0,0,0.0,0.72,-3.81,-5.24,*c1sc(*)c2c1C(=O)N(CCCCCC)C2=O,*c1ccc(/C=c2\nc(OCC(CCCCCCCCCC)CCCCCCCCCCCC)/c(=C/c3ccc(*)s3)nc2OCC(CCCCCCCCCC)CCCCCCCCCCCC)s1,PAQM-BT,*c1ccc(/C=c2\nc(OCC(CCCCCCCCCC)CCCCCCCCCCCC)/c(=C/c3ccc(-c4ccc(*)c5nsnc45)s3)nc2OCC(CCCCCCCCCC)CCCCCCCCCCCC)s1,1,0.0,0,0.0,5.1,-3.84,-5.14,*c1ccc(*)c2nsnc12,*c1ccc(/C=c2\nc(OCC(CCCCCCCCCC)CCCCCCCCCCCC)/c(=C/c3ccc(*)s3)nc2OCC(CCCCCCCCCC)CCCCCCCCCCCC)s1
10.1002/adfm.202201903,PAQM-TPD,*c1ccc(/C=c2\nc(OCC(CCCCCCCCCC)CCCCCCCCCCCC)/c(=C/c3ccc(-c4sc(*)c5c4C(=O)N(CCCCCC)C5=O)s3)nc2OCC(CCCCCCCCCC)CCCCCCCCCCCC)s1,1,0.0,0,0.0,0.72,-3.81,-5.24,*c1sc(*)c2c1C(=O)N(CCCCCC)C2=O,*c1ccc(/C=c2\nc(OCC(CCCCCCCCCC)CCCCCCCCCCCC)/c(=C/c3ccc(*)s3)nc2OCC(CCCCCCCCCC)CCCCCCCCCCCC)s1,PAQM-BSe,*c1ccc(/C=c2\nc(OCC(CCCCCCCCCC)CCCCCCCCCCCC)/c(=C/c3ccc(-c4ccc(*)c5n[se]nc45)s3)nc2OCC(CCCCCCCCCC)CCCCCCCCCCCC)s1,1,0.0,0,0.0,0.52,-3.96,-5.17,*c1ccc(*)c2n[se]nc12,*c1ccc(/C=c2\nc(OCC(CCCCCCCCCC)CCCCCCCCCCCC)/c(=C/c3ccc(*)s3)nc2OCC(CCCCCCCCCC)CCCCCCCCCCCC)s1
10.1002/adfm.202201903,PAQM-TPD,*c1ccc(/C=c2\nc(OCC(CCCCCCCCCC)CCCCCCCCCCCC)/c(=C/c3ccc(-c4sc(*)c5c4C(=O)N(CCCCCC)C5=O)s3)nc2OCC(CCCCCCCCCC)CCCCCCCCCCCC)s1,1,0.0,0,0.0,0.72,-3.81,-5.24,*c1sc(*)c2c1C(=O)N(CCCCCC)C2=O,*c1ccc(/C=c2\nc(OCC(CCCCCCCCCC)CCCCCCCCCCCC)/c(=C/c3ccc(*)s3)nc2OCC(CCCCCCCCCC)CCCCCCCCCCCC)s1,PAQM-DFBT,*c1ccc(/C=c2\nc(OCC(CCCCCCCCCC)CCCCCCCCCCCC)/c(=C/c3ccc(-c4c(F)c(F)c(*)c5nsnc45)s3)nc2OCC(CCCCCCCCCC)CCCCCCCCCCCC)s1,1,0.0,0,0.0,4.11,-3.88,-5.21,*c1c(F)c(F)c(*)c2nsnc12,*c1ccc(/C=c2\nc(OCC(CCCCCCCCCC)CCCCCCCCCCCC)/c(=C/c3ccc(*)s3)nc2OCC(CCCCCCCCCC)CCCCCCCCCCCC)s1
10.1002/adfm.202201903,PAQM-TPD,*c1ccc(/C=c2\nc(OCC(CCCCCCCCCC)CCCCCCCCCCCC)/c(=C/c3ccc(-c4sc(*)c5c4C(=O)N(CCCCCC)C5=O)s3)nc2OCC(CCCCCCCCCC)CCCCCCCCCCCC)s1,1,0.0,0,0.0,0.72,-3.81,-5.24,*c1sc(*)c2c1C(=O)N(CCCCCC)C2=O,*c1ccc(/C=c2\nc(OCC(CCCCCCCCCC)CCCCCCCCCCCC)/c(=C/c3ccc(*)s3)nc2OCC(CCCCCCCCCC)CCCCCCCCCCCC)s1,PAQM-IID,*c1ccc2c(c1)N(CCCCCCCC)C(=O)/C2=C1/C(=O)N(CCCCCCCC)c2cc(-c3ccc(/C=c4\nc(OCC(CCCCCCCCCC)CCCCCCCCCCCC)/c(=C/c5ccc(*)s5)nc4OCC(CCCCCCCCCC)CCCCCCCCCCCC)s3)ccc21,1,0.0,1,0.0,1.48,-3.77,-5.16,*c1ccc2c(c1)N(CCCCCCCC)C(=O)/C2=C1/C(=O)N(CCCCCCCC)c2cc(*)ccc21,*c1ccc(/C=c2\nc(OCC(CCCCCCCCCC)CCCCCCCCCCCC)/c(=C/c3ccc(*)s3)nc2OCC(CCCCCCCCCC)CCCCCCCCCCCC)s1
10.1002/adfm.202201903,PAQM-BT,*c1ccc(/C=c2\nc(OCC(CCCCCCCCCC)CCCCCCCCCCCC)/c(=C/c3ccc(-c4ccc(*)c5nsnc45)s3)nc2OCC(CCCCCCCCCC)CCCCCCCCCCCC)s1,1,0.0,0,0.0,5.1,-3.84,-5.14,*c1ccc(*)c2nsnc12,*c1ccc(/C=c2\nc(OCC(CCCCCCCCCC)CCCCCCCCCCCC)/c(=C/c3ccc(*)s3)nc2OCC(CCCCCCCCCC)CCCCCCCCCCCC)s1,PAQM-BSe,*c1ccc(/C=c2\nc(OCC(CCCCCCCCCC)CCCCCCCCCCCC)/c(=C/c3ccc(-c4ccc(*)c5n[se]nc45)s3)nc2OCC(CCCCCCCCCC)CCCCCCCCCCCC)s1,1,0.0,0,0.0,0.52,-3.96,-5.17,*c1ccc(*)c2n[se]nc12,*c1ccc(/C=c2\nc(OCC(CCCCCCCCCC)CCCCCCCCCCCC)/c(=C/c3ccc(*)s3)nc2OCC(CCCCCCCCCC)CCCCCCCCCCCC)s1
10.1002/adfm.202201903,PAQM-BT,*c1ccc(/C=c2\nc(OCC(CCCCCCCCCC)CCCCCCCCCCCC)/c(=C/c3ccc(-c4ccc(*)c5nsnc45)s3)nc2OCC(CCCCCCCCCC)CCCCCCCCCCCC)s1,1,0.0,0,0.0,5.1,-3.84,-5.14,*c1ccc(*)c2nsnc12,*c1ccc(/C=c2\nc(OCC(CCCCCCCCCC)CCCCCCCCCCCC)/c(=C/c3ccc(*)s3)nc2OCC(CCCCCCCCCC)CCCCCCCCCCCC)s1,PAQM-DFBT,*c1ccc(/C=c2\nc(OCC(CCCCCCCCCC)CCCCCCCCCCCC)/c(=C/c3ccc(-c4c(F)c(F)c(*)c5nsnc45)s3)nc2OCC(CCCCCCCCCC)CCCCCCCCCCCC)s1,1,0.0,0,0.0,4.11,-3.88,-5.21,*c1c(F)c(F)c(*)c2nsnc12,*c1ccc(/C=c2\nc(OCC(CCCCCCCCCC)CCCCCCCCCCCC)/c(=C/c3ccc(*)s3)nc2OCC(CCCCCCCCCC)CCCCCCCCCCCC)s1
10.1002/adfm.202201903,PAQM-BT,*c1ccc(/C=c2\nc(OCC(CCCCCCCCCC)CCCCCCCCCCCC)/c(=C/c3ccc(-c4ccc(*)c5nsnc45)s3)nc2OCC(CCCCCCCCCC)CCCCCCCCCCCC)s1,1,0.0,0,0.0,5.1,-3.84,-5.14,*c1ccc(*)c2nsnc12,*c1ccc(/C=c2\nc(OCC(CCCCCCCCCC)CCCCCCCCCCCC)/c(=C/c3ccc(*)s3)nc2OCC(CCCCCCCCCC)CCCCCCCCCCCC)s1,PAQM-IID,*c1ccc2c(c1)N(CCCCCCCC)C(=O)/C2=C1/C(=O)N(CCCCCCCC)c2cc(-c3ccc(/C=c4\nc(OCC(CCCCCCCCCC)CCCCCCCCCCCC)/c(=C/c5ccc(*)s5)nc4OCC(CCCCCCCCCC)CCCCCCCCCCCC)s3)ccc21,1,0.0,1,0.0,1.48,-3.77,-5.16,*c1ccc2c(c1)N(CCCCCCCC)C(=O)/C2=C1/C(=O)N(CCCCCCCC)c2cc(*)ccc21,*c1ccc(/C=c2\nc(OCC(CCCCCCCCCC)CCCCCCCCCCCC)/c(=C/c3ccc(*)s3)nc2OCC(CCCCCCCCCC)CCCCCCCCCCCC)s1
10.1002/adfm.202201903,PAQM-BSe,*c1ccc(/C=c2\nc(OCC(CCCCCCCCCC)CCCCCCCCCCCC)/c(=C/c3ccc(-c4ccc(*)c5n[se]nc45)s3)nc2OCC(CCCCCCCCCC)CCCCCCCCCCCC)s1,1,0.0,0,0.0,0.52,-3.96,-5.17,*c1ccc(*)c2n[se]nc12,*c1ccc(/C=c2\nc(OCC(CCCCCCCCCC)CCCCCCCCCCCC)/c(=C/c3ccc(*)s3)nc2OCC(CCCCCCCCCC)CCCCCCCCCCCC)s1,PAQM-DFBT,*c1ccc(/C=c2\nc(OCC(CCCCCCCCCC)CCCCCCCCCCCC)/c(=C/c3ccc(-c4c(F)c(F)c(*)c5nsnc45)s3)nc2OCC(CCCCCCCCCC)CCCCCCCCCCCC)s1,1,0.0,0,0.0,4.11,-3.88,-5.21,*c1c(F)c(F)c(*)c2nsnc12,*c1ccc(/C=c2\nc(OCC(CCCCCCCCCC)CCCCCCCCCCCC)/c(=C/c3ccc(*)s3)nc2OCC(CCCCCCCCCC)CCCCCCCCCCCC)s1
10.1002/adfm.202201903,PAQM-BSe,*c1ccc(/C=c2\nc(OCC(CCCCCCCCCC)CCCCCCCCCCCC)/c(=C/c3ccc(-c4ccc(*)c5n[se]nc45)s3)nc2OCC(CCCCCCCCCC)CCCCCCCCCCCC)s1,1,0.0,0,0.0,0.52,-3.96,-5.17,*c1ccc(*)c2n[se]nc12,*c1ccc(/C=c2\nc(OCC(CCCCCCCCCC)CCCCCCCCCCCC)/c(=C/c3ccc(*)s3)nc2OCC(CCCCCCCCCC)CCCCCCCCCCCC)s1,PAQM-IID,*c1ccc2c(c1)N(CCCCCCCC)C(=O)/C2=C1/C(=O)N(CCCCCCCC)c2cc(-c3ccc(/C=c4\nc(OCC(CCCCCCCCCC)CCCCCCCCCCCC)/c(=C/c5ccc(*)s5)nc4OCC(CCCCCCCCCC)CCCCCCCCCCCC)s3)ccc21,1,0.0,1,0.0,1.48,-3.77,-5.16,*c1ccc2c(c1)N(CCCCCCCC)C(=O)/C2=C1/C(=O)N(CCCCCCCC)c2cc(*)ccc21,*c1ccc(/C=c2\nc(OCC(CCCCCCCCCC)CCCCCCCCCCCC)/c(=C/c3ccc(*)s3)nc2OCC(CCCCCCCCCC)CCCCCCCCCCCC)s1
10.1002/adfm.202201903,PAQM-DFBT,*c1ccc(/C=c2\nc(OCC(CCCCCCCCCC)CCCCCCCCCCCC)/c(=C/c3ccc(-c4c(F)c(F)c(*)c5nsnc45)s3)nc2OCC(CCCCCCCCCC)CCCCCCCCCCCC)s1,1,0.0,0,0.0,4.11,-3.88,-5.21,*c1c(F)c(F)c(*)c2nsnc12,*c1ccc(/C=c2\nc(OCC(CCCCCCCCCC)CCCCCCCCCCCC)/c(=C/c3ccc(*)s3)nc2OCC(CCCCCCCCCC)CCCCCCCCCCCC)s1,PAQM-IID,*c1ccc2c(c1)N(CCCCCCCC)C(=O)/C2=C1/C(=O)N(CCCCCCCC)c2cc(-c3ccc(/C=c4\nc(OCC(CCCCCCCCCC)CCCCCCCCCCCC)/c(=C/c5ccc(*)s5)nc4OCC(CCCCCCCCCC)CCCCCCCCCCCC)s3)ccc21,1,0.0,1,0.0,1.48,-3.77,-5.16,*c1ccc2c(c1)N(CCCCCCCC)C(=O)/C2=C1/C(=O)N(CCCCCCCC)c2cc(*)ccc21,*c1ccc(/C=c2\nc(OCC(CCCCCCCCCC)CCCCCCCCCCCC)/c(=C/c3ccc(*)s3)nc2OCC(CCCCCCCCCC)CCCCCCCCCCCC)s1
10.1002/adfm.202210846,PFIDTO-T,*c1ccc(-c2sc3c(c2CC(CCCCCCCCCC)CCCCCCCCCCCC)c(=O)c2c(F)c4c(c(F)c23)c(=O)c2c(CC(CCCCCCCCCC)CCCCCCCCCCCC)c(*)sc24)s1,1,0.0,0,0.27,0.0,-3.81,-5.81,*c1ccc(*)s1,*c1sc2c(c1CC(CCCCCCCCCC)CCCCCCCCCCCC)c(=O)c1c(F)c3c(c(F)c12)c(=O)c1c(CC(CCCCCCCCCC)CCCCCCCCCCCC)c(*)sc13,PFIDTO-Se,*c1ccc(-c2sc3c(c2CC(CCCCCCCCCC)CCCCCCCCCCCC)c(=O)c2c(F)c4c(c(F)c23)c(=O)c2c(CC(CCCCCCCCCC)CCCCCCCCCCCC)c(*)sc24)[se]1,1,0.0,0,1.01,0.0,-3.84,-5.75,*c1ccc(*)[se]1,*c1sc2c(c1CC(CCCCCCCCCC)CCCCCCCCCCCC)c(=O)c1c(F)c3c(c(F)c12)c(=O)c1c(CC(CCCCCCCCCC)CCCCCCCCCCCC)c(*)sc13
10.1002/adfm.202412647,PmQ2F,*c1cc(C#N)c(-c2sc(-c3ccc4c(c3F)N(CCCC(CCCCCCCCCCCCCCCCCC)CCCCCCCCCCCCCCCCCC)C(=O)C4=c3cc/c(=C4\C5=C(C(=O)N4CCC(C)CC)/C(=c4\ccc(=C6C(=O)N(CCCC(CCCCCCCCCCCCCCCCCC)CCCCCCCCCCCCCCCCCC)c7c6ccc(*)c7F)s4)N(CCC(C)CC)C5=O)s3)cc2C#N)s1,1,1.0,1,0.023,0.0,-4.19,-5.5,*c1ccc2c(c1F)N(CCCC(CCCCCCCCCCCCCCCCCC)CCCCCCCCCCCCCCCCCC)C(=O)C2=c1cc/c(=C2\C3=C(C(=O)N2CCC(C)CC)/C(=c2\ccc(=C4C(=O)N(CCCC(CCCCCCCCCCCCCCCCCC)CCCCCCCCCCCCCCCCCC)c5c4ccc(*)c5F)s2)N(CCC(C)CC)C3=O)s1,*c1cc(C#N)c(-c2sc(*)cc2C#N)s1,PsQ4F,*c1cc(C#N)c(-c2sc(-c3ccc4c(c3F)N(CCCC(CCCCCCCCCCCCCCCCCC)CCCCCCCCCCCCCCCCCC)C(=O)/C4=c3\s/c(=C4/C5=C(C(=O)N4CCC(C)CC)/C(=c4\cc(F)/c(=C6/C(=O)N(CCCC(CCCCCCCCCCCCCCCCCC)CCCCCCCCCCCCCCCCCC)c7c6ccc(*)c7F)s4)N(CCC(C)CC)C5=O)cc3F)cc2C#N)s1,1,0.0,1,0.055,0.0,-4.3,-5.7,*c1ccc2c(c1F)N(CCCC(CCCCCCCCCCCCCCCCCC)CCCCCCCCCCCCCCCCCC)C(=O)/C2=c1\s/c(=C2/C3=C(C(=O)N2CCC(C)CC)/C(=c2\cc(F)/c(=C4/C(=O)N(CCCC(CCCCCCCCCCCCCCCCCC)CCCCCCCCCCCCCCCCCC)c5c4ccc(*)c5F)s2)N(CCC(C)CC)C3=O)cc1F,*c1cc(C#N)c(-c2sc(*)cc2C#N)s1
10.1002/adfm.202412647,PmQ2F,*c1cc(C#N)c(-c2sc(-c3ccc4c(c3F)N(CCCC(CCCCCCCCCCCCCCCCCC)CCCCCCCCCCCCCCCCCC)C(=O)C4=c3cc/c(=C4\C5=C(C(=O)N4CCC(C)CC)/C(=c4\ccc(=C6C(=O)N(CCCC(CCCCCCCCCCCCCCCCCC)CCCCCCCCCCCCCCCCCC)c7c6ccc(*)c7F)s4)N(CCC(C)CC)C5=O)s3)cc2C#N)s1,1,1.0,1,0.023,0.0,-4.19,-5.5,*c1ccc2c(c1F)N(CCCC(CCCCCCCCCCCCCCCCCC)CCCCCCCCCCCCCCCCCC)C(=O)C2=c1cc/c(=C2\C3=C(C(=O)N2CCC(C)CC)/C(=c2\ccc(=C4C(=O)N(CCCC(CCCCCCCCCCCCCCCCCC)CCCCCCCCCCCCCCCCCC)c5c4ccc(*)c5F)s2)N(CCC(C)CC)C3=O)s1,*c1cc(C#N)c(-c2sc(*)cc2C#N)s1,PsQ6F,*c1cc(C#N)c(-c2sc(-c3c(F)cc4c(c3F)N(CCCC(CCCCCCCCCCCCCCCCCC)CCCCCCCCCCCCCCCCCC)C(=O)/C4=c3\s/c(=C4/C5=C(C(=O)N4CCC(C)CC)/C(=c4\cc(F)/c(=C6/C(=O)N(CCCC(CCCCCCCCCCCCCCCCCC)CCCCCCCCCCCCCCCCCC)c7c6cc(F)c(*)c7F)s4)N(CCC(C)CC)C5=O)cc3F)cc2C#N)s1,1,0.0,1,0.082,0.0,-4.48,-6.09,*c1c(F)cc2c(c1F)N(CCCC(CCCCCCCCCCCCCCCCCC)CCCCCCCCCCCCCCCCCC)C(=O)/C2=c1\s/c(=C2/C3=C(C(=O)N2CCC(C)CC)/C(=c2\cc(F)/c(=C4/C(=O)N(CCCC(CCCCCCCCCCCCCCCCCC)CCCCCCCCCCCCCCCCCC)c5c4cc(F)c(*)c5F)s2)N(CCC(C)CC)C3=O)cc1F,*c1cc(C#N)c(-c2sc(*)cc2C#N)s1
10.1002/adfm.202412647,PsQ4F,*c1cc(C#N)c(-c2sc(-c3ccc4c(c3F)N(CCCC(CCCCCCCCCCCCCCCCCC)CCCCCCCCCCCCCCCCCC)C(=O)/C4=c3\s/c(=C4/C5=C(C(=O)N4CCC(C)CC)/C(=c4\cc(F)/c(=C6/C(=O)N(CCCC(CCCCCCCCCCCCCCCCCC)CCCCCCCCCCCCCCCCCC)c7c6ccc(*)c7F)s4)N(CCC(C)CC)C5=O)cc3F)cc2C#N)s1,1,0.0,1,0.055,0.0,-4.3,-5.7,*c1ccc2c(c1F)N(CCCC(CCCCCCCCCCCCCCCCCC)CCCCCCCCCCCCCCCCCC)C(=O)/C2=c1\s/c(=C2/C3=C(C(=O)N2CCC(C)CC)/C(=c2\cc(F)/c(=C4/C(=O)N(CCCC(CCCCCCCCCCCCCCCCCC)CCCCCCCCCCCCCCCCCC)c5c4ccc(*)c5F)s2)N(CCC(C)CC)C3=O)cc1F,*c1cc(C#N)c(-c2sc(*)cc2C#N)s1,PsQ6F,*c1cc(C#N)c(-c2sc(-c3c(F)cc4c(c3F)N(CCCC(CCCCCCCCCCCCCCCCCC)CCCCCCCCCCCCCCCCCC)C(=O)/C4=c3\s/c(=C4/C5=C(C(=O)N4CCC(C)CC)/C(=c4\cc(F)/c(=C6/C(=O)N(CCCC(CCCCCCCCCCCCCCCCCC)CCCCCCCCCCCCCCCCCC)c7c6cc(F)c(*)c7F)s4)N(CCC(C)CC)C5=O)cc3F)cc2C#N)s1,1,0.0,1,0.082,0.0,-4.48,-6.09,*c1c(F)cc2c(c1F)N(CCCC(CCCCCCCCCCCCCCCCCC)CCCCCCCCCCCCCCCCCC)C(=O)/C2=c1\s/c(=C2/C3=C(C(=O)N2CCC(C)CC)/C(=c2\cc(F)/c(=C4/C(=O)N(CCCC(CCCCCCCCCCCCCCCCCC)CCCCCCCCCCCCCCCCCC)c5c4cc(F)c(*)c5F)s2)N(CCC(C)CC)C3=O)cc1F,*c1cc(C#N)c(-c2sc(*)cc2C#N)s1
10.1002/adfm.202418105,EDPP4FP-EDPPT,*c1ccc(/C=C/C2=C3C(=O)N(CC(CCCCCCCC)CCCCCCCCCC)C(/C=C/c4ccc(-c5c(F)c(F)c(/C=C/C6=C7C(=O)N(CC(CCCCCCCC)CCCCCCCCCC)C(/C=C/c8c(F)c(F)c(*)c(F)c8F)=C7C(=O)N6CC(CCCCCCCC)CCCCCCCCCC)c(F)c5F)s4)=C3C(=O)N2CC(CCCCCCCC)CCCCCCCCCC)s1,1,0.0,1,3.7,4.6,-3.77,-5.45,*c1ccc(/C=C/C2=C3C(=O)N(CC(CCCCCCCC)CCCCCCCCCC)C(/C=C/c4ccc(*)s4)=C3C(=O)N2CC(CCCCCCCC)CCCCCCCCCC)s1,*c1c(F)c(F)c(/C=C/C2=C3C(=O)N(CC(CCCCCCCC)CCCCCCCCCC)C(/C=C/c4c(F)c(F)c(*)c(F)c4F)=C3C(=O)N2CC(CCCCCCCC)CCCCCCCCCC)c(F)c1F,EDPP4FP-DPPT,*c1ccc(C2=C3C(=O)N(CC(CCCCCCCC)CCCCCCCCCC)C(c4ccc(-c5c(F)c(F)c(/C=C/C6=C7C(=O)N(CC(CCCCCCCC)CCCCCCCCCC)C(/C=C/c8c(F)c(F)c(*)c(F)c8F)=C7C(=O)N6CC(CCCCCCCC)CCCCCCCCCC)c(F)c5F)s4)=C3C(=O)N2CC(CCCCCCCC)CCCCCCCCCC)s1,1,0.0,1,3.1,3.7,-3.73,-5.51,*c1ccc(C2=C3C(=O)N(CC(CCCCCCCC)CCCCCCCCCC)C(c4ccc(*)s4)=C3C(=O)N2CC(CCCCCCCC)CCCCCCCCCC)s1,*c1c(F)c(F)c(/C=C/C2=C3C(=O)N(CC(CCCCCCCC)CCCCCCCCCC)C(/C=C/c4c(F)c(F)c(*)c(F)c4F)=C3C(=O)N2CC(CCCCCCCC)CCCCCCCCCC)c(F)c1F
10.1002/adfm.202418105,EDPP4FP-EDPPT,*c1ccc(/C=C/C2=C3C(=O)N(CC(CCCCCCCC)CCCCCCCCCC)C(/C=C/c4ccc(-c5c(F)c(F)c(/C=C/C6=C7C(=O)N(CC(CCCCCCCC)CCCCCCCCCC)C(/C=C/c8c(F)c(F)c(*)c(F)c8F)=C7C(=O)N6CC(CCCCCCCC)CCCCCCCCCC)c(F)c5F)s4)=C3C(=O)N2CC(CCCCCCCC)CCCCCCCCCC)s1,1,0.0,1,3.7,4.6,-3.77,-5.45,*c1ccc(/C=C/C2=C3C(=O)N(CC(CCCCCCCC)CCCCCCCCCC)C(/C=C/c4ccc(*)s4)=C3C(=O)N2CC(CCCCCCCC)CCCCCCCCCC)s1,*c1c(F)c(F)c(/C=C/C2=C3C(=O)N(CC(CCCCCCCC)CCCCCCCCCC)C(/C=C/c4c(F)c(F)c(*)c(F)c4F)=C3C(=O)N2CC(CCCCCCCC)CCCCCCCCCC)c(F)c1F,EDPP4FP-EDPP4FP,*c1c(F)c(F)c(/C=C/C2=C3C(=O)N(CC(CCCCCCCC)CCCCCCCCCC)C(/C=C/c4c(F)c(F)c(-c5c(F)c(F)c(/C=C/C6=C7C(=O)N(CC(CCCCCCCC)CCCCCCCCCC)C(/C=C/c8c(F)c(F)c(*)c(F)c8F)=C7C(=O)N6CC(CCCCCCCC)CCCCCCCCCC)c(F)c5F)c(F)c4F)=C3C(=O)N2CC(CCCCCCCC)CCCCCCCCCC)c(F)c1F,1,0.0,1,0.065,0.0,-3.83,-5.85,*c1c(F)c(F)c(/C=C/C2=C3C(=O)N(CC(CCCCCCCC)CCCCCCCCCC)C(/C=C/c4c(F)c(F)c(*)c(F)c4F)=C3C(=O)N2CC(CCCCCCCC)CCCCCCCCCC)c(F)c1F,*c1c(F)c(F)c(/C=C/C2=C3C(=O)N(CC(CCCCCCCC)CCCCCCCCCC)C(/C=C/c4c(F)c(F)c(*)c(F)c4F)=C3C(=O)N2CC(CCCCCCCC)CCCCCCCCCC)c(F)c1F
10.1002/adfm.202418105,EDPP4FP-DPPT,*c1ccc(C2=C3C(=O)N(CC(CCCCCCCC)CCCCCCCCCC)C(c4ccc(-c5c(F)c(F)c(/C=C/C6=C7C(=O)N(CC(CCCCCCCC)CCCCCCCCCC)C(/C=C/c8c(F)c(F)c(*)c(F)c8F)=C7C(=O)N6CC(CCCCCCCC)CCCCCCCCCC)c(F)c5F)s4)=C3C(=O)N2CC(CCCCCCCC)CCCCCCCCCC)s1,1,0.0,1,3.1,3.7,-3.73,-5.51,*c1ccc(C2=C3C(=O)N(CC(CCCCCCCC)CCCCCCCCCC)C(c4ccc(*)s4)=C3C(=O)N2CC(CCCCCCCC)CCCCCCCCCC)s1,*c1c(F)c(F)c(/C=C/C2=C3C(=O)N(CC(CCCCCCCC)CCCCCCCCCC)C(/C=C/c4c(F)c(F)c(*)c(F)c4F)=C3C(=O)N2CC(CCCCCCCC)CCCCCCCCCC)c(F)c1F,EDPP4FP-EDPP4FP,*c1c(F)c(F)c(/C=C/C2=C3C(=O)N(CC(CCCCCCCC)CCCCCCCCCC)C(/C=C/c4c(F)c(F)c(-c5c(F)c(F)c(/C=C/C6=C7C(=O)N(CC(CCCCCCCC)CCCCCCCCCC)C(/C=C/c8c(F)c(F)c(*)c(F)c8F)=C7C(=O)N6CC(CCCCCCCC)CCCCCCCCCC)c(F)c5F)c(F)c4F)=C3C(=O)N2CC(CCCCCCCC)CCCCCCCCCC)c(F)c1F,1,0.0,1,0.065,0.0,-3.83,-5.85,*c1c(F)c(F)c(/C=C/C2=C3C(=O)N(CC(CCCCCCCC)CCCCCCCCCC)C(/C=C/c4c(F)c(F)c(*)c(F)c4F)=C3C(=O)N2CC(CCCCCCCC)CCCCCCCCCC)c(F)c1F,*c1c(F)c(F)c(/C=C/C2=C3C(=O)N(CC(CCCCCCCC)CCCCCCCCCC)C(/C=C/c4c(F)c(F)c(*)c(F)c4F)=C3C(=O)N2CC(CCCCCCCC)CCCCCCCCCC)c(F)c1F
10.1002/adma.201002117,PBBTz3T,*c1ccc(-c2sc(-c3nc4cc5sc(-c6cc(CC(CCCCCC)CCCCCCCC)c(*)s6)nc5cc4s3)cc2CC(CCCCCC)CCCCCCCC)s1,1,0.0,0,0.0,0.18,-3.4,-5.3,*c1ccc(*)s1,*c1sc(-c2nc3cc4sc(-c5cc(CC(CCCCCC)CCCCCCCC)c(*)s5)nc4cc3s2)cc1CC(CCCCCC)CCCCCCCC,PBBTz4T,*c1ccc(-c2ccc(-c3sc(-c4nc5cc6sc(-c7cc(CC(CCCCCC)CCCCCCCC)c(*)s7)nc6cc5s4)cc3CC(CCCCCC)CCCCCCCC)s2)s1,1,0.0,1,0.0,0.26,-3.3,-5.2,*c1ccc(-c2ccc(*)s2)s1,*c1sc(-c2nc3cc4sc(-c5cc(CC(CCCCCC)CCCCCCCC)c(*)s5)nc4cc3s2)cc1CC(CCCCCC)CCCCCCCC
10.1002/adma.201104522,PSeDPPBT,*c1ccc(C2=C3C(=O)N(CC(CCCCCCCC)CCCCCCCCCC)C(c4ccc(-c5ccc(*)c6nsnc56)[se]4)=C3C(=O)N2CC(CCCCCCCC)CCCCCCCCCC)[se]1,1,0.0,0,0.84,0.46,-3.84,-5.16,*c1ccc(*)c2nsnc12,*c1ccc(C2=C3C(=O)N(CC(CCCCCCCC)CCCCCCCCCC)C(c4ccc(*)[se]4)=C3C(=O)N2CC(CCCCCCCC)CCCCCCCCCC)[se]1,PDPPBT,*c1ccc(C2=C3C(=O)N(CC(CCCCCCCC)CCCCCCCCCC)C(c4ccc(-c5ccc(*)c6nsnc56)s4)=C3C(=O)N2CC(CCCCCCCC)CCCCCCCCCC)s1,1,0.0,0,0.57,0.33,-3.77,-5.25,*c1ccc(*)c2nsnc12,*c1ccc(C2=C3C(=O)N(CC(CCCCCCCC)CCCCCCCCCC)C(c4ccc(*)s4)=C3C(=O)N2CC(CCCCCCCC)CCCCCCCCCC)s1
10.1002/adma.201205320,DPPPhF0,*c1ccc(-c2ccc(C3=C4C(=O)N(CC(CCCCCC)CCCCCCCC)C(c5ccc(*)s5)=C4C(=O)N3CC(CCCCCC)CCCCCCCC)s2)cc1,1,0.0,1,0.24,0.4,-3.56,-5.36,*c1ccc(*)cc1,*c1ccc(C2=C3C(=O)N(CC(CCCCCC)CCCCCCCC)C(c4ccc(*)s4)=C3C(=O)N2CC(CCCCCC)CCCCCCCC)s1,DPPPhF1,*c1ccc(C2=C3C(=O)N(CC(CCCCCC)CCCCCCCC)C(c4ccc(-c5ccc(*)c(F)c5)s4)=C3C(=O)N2CC(CCCCCC)CCCCCCCC)s1,1,0.0,0,0.26,0.3,-3.57,-5.45,*c1ccc(*)c(F)c1,*c1ccc(C2=C3C(=O)N(CC(CCCCCC)CCCCCCCC)C(c4ccc(*)s4)=C3C(=O)N2CC(CCCCCC)CCCCCCCC)s1
10.1002/adma.201205320,DPPPhF0,*c1ccc(-c2ccc(C3=C4C(=O)N(CC(CCCCCC)CCCCCCCC)C(c5ccc(*)s5)=C4C(=O)N3CC(CCCCCC)CCCCCCCC)s2)cc1,1,0.0,1,0.24,0.4,-3.56,-5.36,*c1ccc(*)cc1,*c1ccc(C2=C3C(=O)N(CC(CCCCCC)CCCCCCCC)C(c4ccc(*)s4)=C3C(=O)N2CC(CCCCCC)CCCCCCCC)s1,DPPPhF2,*c1ccc(C2=C3C(=O)N(CC(CCCCCC)CCCCCCCC)C(c4ccc(-c5cc(F)c(*)cc5F)s4)=C3C(=O)N2CC(CCCCCC)CCCCCCCC)s1,1,0.0,1,0.12,0.03,-3.56,-5.57,*c1cc(F)c(*)cc1F,*c1ccc(C2=C3C(=O)N(CC(CCCCCC)CCCCCCCC)C(c4ccc(*)s4)=C3C(=O)N2CC(CCCCCC)CCCCCCCC)s1
10.1002/adma.201205320,DPPPhF0,*c1ccc(-c2ccc(C3=C4C(=O)N(CC(CCCCCC)CCCCCCCC)C(c5ccc(*)s5)=C4C(=O)N3CC(CCCCCC)CCCCCCCC)s2)cc1,1,0.0,1,0.24,0.4,-3.56,-5.36,*c1ccc(*)cc1,*c1ccc(C2=C3C(=O)N(CC(CCCCCC)CCCCCCCC)C(c4ccc(*)s4)=C3C(=O)N2CC(CCCCCC)CCCCCCCC)s1,DPPPhF4,*c1ccc(C2=C3C(=O)N(CC(CCCCCC)CCCCCCCC)C(c4ccc(-c5c(F)c(F)c(*)c(F)c5F)s4)=C3C(=O)N2CC(CCCCCC)CCCCCCCC)s1,1,0.0,1,2.36,0.25,-3.64,-5.65,*c1c(F)c(F)c(*)c(F)c1F,*c1ccc(C2=C3C(=O)N(CC(CCCCCC)CCCCCCCC)C(c4ccc(*)s4)=C3C(=O)N2CC(CCCCCC)CCCCCCCC)s1
10.1002/adma.201205320,DPPPhF1,*c1ccc(C2=C3C(=O)N(CC(CCCCCC)CCCCCCCC)C(c4ccc(-c5ccc(*)c(F)c5)s4)=C3C(=O)N2CC(CCCCCC)CCCCCCCC)s1,1,0.0,0,0.26,0.3,-3.57,-5.45,*c1ccc(*)c(F)c1,*c1ccc(C2=C3C(=O)N(CC(CCCCCC)CCCCCCCC)C(c4ccc(*)s4)=C3C(=O)N2CC(CCCCCC)CCCCCCCC)s1,DPPPhF2,*c1ccc(C2=C3C(=O)N(CC(CCCCCC)CCCCCCCC)C(c4ccc(-c5cc(F)c(*)cc5F)s4)=C3C(=O)N2CC(CCCCCC)CCCCCCCC)s1,1,0.0,1,0.12,0.03,-3.56,-5.57,*c1cc(F)c(*)cc1F,*c1ccc(C2=C3C(=O)N(CC(CCCCCC)CCCCCCCC)C(c4ccc(*)s4)=C3C(=O)N2CC(CCCCCC)CCCCCCCC)s1
10.1002/adma.201205320,DPPPhF1,*c1ccc(C2=C3C(=O)N(CC(CCCCCC)CCCCCCCC)C(c4ccc(-c5ccc(*)c(F)c5)s4)=C3C(=O)N2CC(CCCCCC)CCCCCCCC)s1,1,0.0,0,0.26,0.3,-3.57,-5.45,*c1ccc(*)c(F)c1,*c1ccc(C2=C3C(=O)N(CC(CCCCCC)CCCCCCCC)C(c4ccc(*)s4)=C3C(=O)N2CC(CCCCCC)CCCCCCCC)s1,DPPPhF4,*c1ccc(C2=C3C(=O)N(CC(CCCCCC)CCCCCCCC)C(c4ccc(-c5c(F)c(F)c(*)c(F)c5F)s4)=C3C(=O)N2CC(CCCCCC)CCCCCCCC)s1,1,0.0,1,2.36,0.25,-3.64,-5.65,*c1c(F)c(F)c(*)c(F)c1F,*c1ccc(C2=C3C(=O)N(CC(CCCCCC)CCCCCCCC)C(c4ccc(*)s4)=C3C(=O)N2CC(CCCCCC)CCCCCCCC)s1
10.1002/adma.201205320,DPPPhF2,*c1ccc(C2=C3C(=O)N(CC(CCCCCC)CCCCCCCC)C(c4ccc(-c5cc(F)c(*)cc5F)s4)=C3C(=O)N2CC(CCCCCC)CCCCCCCC)s1,1,0.0,1,0.12,0.03,-3.56,-5.57,*c1cc(F)c(*)cc1F,*c1ccc(C2=C3C(=O)N(CC(CCCCCC)CCCCCCCC)C(c4ccc(*)s4)=C3C(=O)N2CC(CCCCCC)CCCCCCCC)s1,DPPPhF4,*c1ccc(C2=C3C(=O)N(CC(CCCCCC)CCCCCCCC)C(c4ccc(-c5c(F)c(F)c(*)c(F)c5F)s4)=C3C(=O)N2CC(CCCCCC)CCCCCCCC)s1,1,0.0,1,2.36,0.25,-3.64,-5.65,*c1c(F)c(F)c(*)c(F)c1F,*c1ccc(C2=C3C(=O)N(CC(CCCCCC)CCCCCCCC)C(c4ccc(*)s4)=C3C(=O)N2CC(CCCCCC)CCCCCCCC)s1
10.1002/adma.201302052,DPP-B3T,*c1ccc(C2=C3C(=O)N(CC(CCCCCCCC)CCCCCCCCCC)C(c4ccc(-c5cc6c7cscc7c7cc(*)sc7c6s5)s4)=C3C(=O)N2CC(CCCCCCCC)CCCCCCCCCC)s1,1,0.0,0,0.0,0.2,-3.55,-5.35,*c1cc2c3cscc3c3cc(*)sc3c2s1,*c1ccc(C2=C3C(=O)N(CC(CCCCCCCC)CCCCCCCCCC)C(c4ccc(*)s4)=C3C(=O)N2CC(CCCCCCCC)CCCCCCCCCC)s1,DPP-B3T-R,*c1ccc(C2=C3C(=O)N(CC(CCCCCCCC)CCCCCCCCCC)C(c4ccc(-c5cc6c(s5)c5sc(*)cc5c5c(CCCCCCCCCCCC)sc(CCCCCCCCCCCC)c65)s4)=C3C(=O)N2CC(CCCCCCCC)CCCCCCCCCC)s1,1,0.0,0,0.0,0.007,-3.44,-5.45,*c1cc2c(s1)c1sc(*)cc1c1c(CCCCCCCCCCCC)sc(CCCCCCCCCCCC)c21,*c1ccc(C2=C3C(=O)N(CC(CCCCCCCC)CCCCCCCCCC)C(c4ccc(*)s4)=C3C(=O)N2CC(CCCCCCCC)CCCCCCCCCC)s1
10.1002/adma.201403262,PDPP-TVT,*c1ccc(/C=C/c2ccc(-c3ccc(C4=C5C(=O)N(CC(CCCCCCCCCC)CCCCCCCCCCCC)C(c6ccc(*)s6)=C5C(=O)N4CC(CCCCCCCCCC)CCCCCCCCCCCC)s3)s2)s1,1,0.0,1,0.0,2.77,-3.79,-5.37,*c1ccc(/C=C/c2ccc(*)s2)s1,*c1ccc(C2=C3C(=O)N(CC(CCCCCCCCCC)CCCCCCCCCCCC)C(c4ccc(*)s4)=C3C(=O)N2CC(CCCCCCCCCC)CCCCCCCCCCCC)s1,PDPP-CNTVT,*c1ccc(C2=C3C(=O)N(CC(CCCCCCCCCC)CCCCCCCCCCCC)C(c4ccc(-c5ccc(/C=C(\C#N)c6ccc(*)s6)s5)s4)=C3C(=O)N2CC(CCCCCCCCCC)CCCCCCCCCCCC)s1,1,0.0,0,7.0,0.749,-3.92,-5.77,*c1ccc(/C=C(\C#N)c2ccc(*)s2)s1,*c1ccc(C2=C3C(=O)N(CC(CCCCCCCCCC)CCCCCCCCCCCC)C(c4ccc(*)s4)=C3C(=O)N2CC(CCCCCCCCCC)CCCCCCCCCCCC)s1
10.1002/adma.201502896,PDPP-TVT,*c1ccc(/C=C/c2ccc(-c3ccc(C4=C5C(=O)N(CC(CCCCCCCCCC)CCCCCCCCCCCC)C(c6ccc(*)s6)=C5C(=O)N4CC(CCCCCCCCCC)CCCCCCCCCCCC)s3)s2)s1,1,0.0,1,0.0,3.05,-3.35,-5.17,*c1ccc(/C=C/c2ccc(*)s2)s1,*c1ccc(C2=C3C(=O)N(CC(CCCCCCCCCC)CCCCCCCCCCCC)C(c4ccc(*)s4)=C3C(=O)N2CC(CCCCCCCCCC)CCCCCCCCCCCC)s1,PDPP-4FTVT,*c1ccc(C2=C3C(=O)N(CC(CCCCCCCCCC)CCCCCCCCCCCC)C(c4ccc(-c5sc(/C=C/c6sc(*)c(F)c6F)c(F)c5F)s4)=C3C(=O)N2CC(CCCCCCCCCC)CCCCCCCCCCCC)s1,1,0.0,1,5.86,3.4,-3.5,-5.36,*c1sc(/C=C/c2sc(*)c(F)c2F)c(F)c1F,*c1ccc(C2=C3C(=O)N(CC(CCCCCCCCCC)CCCCCCCCCCCC)C(c4ccc(*)s4)=C3C(=O)N2CC(CCCCCCCCCC)CCCCCCCCCCCC)s1
10.1002/adma.201600541,F4BDOPV2T,*c1ccc(-c2ccc(-c3c(F)cc4c(c3F)N(CCCC(CCCCCCCCCCCCCCCCCC)CCCCCCCCCCCCCCCCCC)C(=O)/C4=C3/C(=O)Oc4cc5c(cc43)OC(=O)/C5=C3/C(=O)N(CCCC(CCCCCCCCCCCCCCCCCC)CCCCCCCCCCCCCCCCCC)c4c3cc(F)c(*)c4F)s2)s1,1,0.0,1,1.24,0.0,-4.32,-5.96,*c1ccc(-c2ccc(*)s2)s1,*c1c(F)cc2c(c1F)N(CCCC(CCCCCCCCCCCCCCCCCC)CCCCCCCCCCCCCCCCCC)C(=O)/C2=C1/C(=O)Oc2cc3c(cc21)OC(=O)/C3=C1/C(=O)N(CCCC(CCCCCCCCCCCCCCCCCC)CCCCCCCCCCCCCCCCCC)c2c1cc(F)c(*)c2F,F4BDOPV-2Se,*c1ccc(-c2ccc(-c3c(F)cc4c(c3F)N(CCCC(CCCCCCCCCCCCCCCCCC)CCCCCCCCCCCCCCCCCC)C(=O)/C4=C3/C(=O)Oc4cc5c(cc43)OC(=O)/C5=C3/C(=O)N(CCCC(CCCCCCCCCCCCCCCCCC)CCCCCCCCCCCCCCCCCC)c4c3cc(F)c(*)c4F)[se]2)[se]1,1,0.0,1,0.64,0.0,-4.34,-5.91,*c1ccc(-c2ccc(*)[se]2)[se]1,*c1c(F)cc2c(c1F)N(CCCC(CCCCCCCCCCCCCCCCCC)CCCCCCCCCCCCCCCCCC)C(=O)/C2=C1/C(=O)Oc2cc3c(cc21)OC(=O)/C3=C1/C(=O)N(CCCC(CCCCCCCCCCCCCCCCCC)CCCCCCCCCCCCCCCCCC)c2c1cc(F)c(*)c2F
10.1002/adma.201601373,TBI-TT,*c1cc2sc(-c3cc4c(=O)n(CC(CCCCCCCCCC)CCCCCCCCCCCC)c(=O)c5c(sc6c5sc5c7sc(*)cc7c(=O)n(CC(CCCCCCCCCC)CCCCCCCCCCCC)c(=O)c56)c4s3)cc2s1,1,0.0,1,0.022,0.031,-3.4,-5.85,*c1cc2c(=O)n(CC(CCCCCCCCCC)CCCCCCCCCCCC)c(=O)c3c(sc4c3sc3c5sc(*)cc5c(=O)n(CC(CCCCCCCCCC)CCCCCCCCCCCC)c(=O)c34)c2s1,*c1cc2sc(*)cc2s1,PTBI2T,*c1ccc(-c2ccc(-c3cc4c(=O)n(CC(CCCCCCCCCC)CCCCCCCCCCCC)c(=O)c5c(sc6c5sc5c7sc(*)cc7c(=O)n(CC(CCCCCCCCCC)CCCCCCCCCCCC)c(=O)c56)c4s3)s2)s1,1,0.0,1,0.0,0.061,-3.22,-5.7,*c1cc2c(=O)n(CC(CCCCCCCCCC)CCCCCCCCCCCC)c(=O)c3c(sc4c3sc3c5sc(*)cc5c(=O)n(CC(CCCCCCCCCC)CCCCCCCCCCCC)c(=O)c34)c2s1,*c1ccc(-c2ccc(*)s2)s1
10.1002/adma.201601373,TBI-TT,*c1cc2sc(-c3cc4c(=O)n(CC(CCCCCCCCCC)CCCCCCCCCCCC)c(=O)c5c(sc6c5sc5c7sc(*)cc7c(=O)n(CC(CCCCCCCCCC)CCCCCCCCCCCC)c(=O)c56)c4s3)cc2s1,1,0.0,1,0.022,0.031,-3.4,-5.85,*c1cc2c(=O)n(CC(CCCCCCCCCC)CCCCCCCCCCCC)c(=O)c3c(sc4c3sc3c5sc(*)cc5c(=O)n(CC(CCCCCCCCCC)CCCCCCCCCCCC)c(=O)c34)c2s1,*c1cc2sc(*)cc2s1,PTBI2TR,*c1cc2c(=O)n(CC(CCCCCC)CCCCCCCC)c(=O)c3c(sc4c3sc3c5sc(-c6sc(-c7cc(CCCCCCCCCCCC)c(*)s7)cc6CCCCCCCCCCCC)cc5c(=O)n(CC(CCCCCC)CCCCCCCC)c(=O)c34)c2s1,1,0.0,1,0.0,0.054,-3.31,-5.58,*c1cc2c(=O)n(CC(CCCCCC)CCCCCCCC)c(=O)c3c(sc4c3sc3c5sc(*)cc5c(=O)n(CC(CCCCCC)CCCCCCCC)c(=O)c34)c2s1,*c1sc(-c2cc(CCCCCCCCCCCC)c(*)s2)cc1CCCCCCCCCCCC
10.1002/adma.201601373,TBI-TT,*c1cc2sc(-c3cc4c(=O)n(CC(CCCCCCCCCC)CCCCCCCCCCCC)c(=O)c5c(sc6c5sc5c7sc(*)cc7c(=O)n(CC(CCCCCCCCCC)CCCCCCCCCCCC)c(=O)c56)c4s3)cc2s1,1,0.0,1,0.022,0.031,-3.4,-5.85,*c1cc2c(=O)n(CC(CCCCCCCCCC)CCCCCCCCCCCC)c(=O)c3c(sc4c3sc3c5sc(*)cc5c(=O)n(CC(CCCCCCCCCC)CCCCCCCCCCCC)c(=O)c34)c2s1,*c1cc2sc(*)cc2s1,PTBI2Tz,*c1cnc(-c2ncc(-c3cc4c(=O)n(CC(CCCCCCCCCC)CCCCCCCCCCCC)c(=O)c5c(sc6c5sc5c7sc(*)cc7c(=O)n(CC(CCCCCCCCCC)CCCCCCCCCCCC)c(=O)c56)c4s3)s2)s1,1,0.0,1,0.05,0.0,-3.56,-6.12,*c1cc2c(=O)n(CC(CCCCCCCCCC)CCCCCCCCCCCC)c(=O)c3c(sc4c3sc3c5sc(*)cc5c(=O)n(CC(CCCCCCCCCC)CCCCCCCCCCCC)c(=O)c34)c2s1,*c1cnc(-c2ncc(*)s2)s1
10.1002/adma.201601373,PTBI2T,*c1ccc(-c2ccc(-c3cc4c(=O)n(CC(CCCCCCCCCC)CCCCCCCCCCCC)c(=O)c5c(sc6c5sc5c7sc(*)cc7c(=O)n(CC(CCCCCCCCCC)CCCCCCCCCCCC)c(=O)c56)c4s3)s2)s1,1,0.0,1,0.0,0.061,-3.22,-5.7,*c1cc2c(=O)n(CC(CCCCCCCCCC)CCCCCCCCCCCC)c(=O)c3c(sc4c3sc3c5sc(*)cc5c(=O)n(CC(CCCCCCCCCC)CCCCCCCCCCCC)c(=O)c34)c2s1,*c1ccc(-c2ccc(*)s2)s1,PTBI2TR,*c1cc2c(=O)n(CC(CCCCCC)CCCCCCCC)c(=O)c3c(sc4c3sc3c5sc(-c6sc(-c7cc(CCCCCCCCCCCC)c(*)s7)cc6CCCCCCCCCCCC)cc5c(=O)n(CC(CCCCCC)CCCCCCCC)c(=O)c34)c2s1,1,0.0,1,0.0,0.054,-3.31,-5.58,*c1cc2c(=O)n(CC(CCCCCC)CCCCCCCC)c(=O)c3c(sc4c3sc3c5sc(*)cc5c(=O)n(CC(CCCCCC)CCCCCCCC)c(=O)c34)c2s1,*c1sc(-c2cc(CCCCCCCCCCCC)c(*)s2)cc1CCCCCCCCCCCC
10.1002/adma.201601373,PTBI2T,*c1ccc(-c2ccc(-c3cc4c(=O)n(CC(CCCCCCCCCC)CCCCCCCCCCCC)c(=O)c5c(sc6c5sc5c7sc(*)cc7c(=O)n(CC(CCCCCCCCCC)CCCCCCCCCCCC)c(=O)c56)c4s3)s2)s1,1,0.0,1,0.0,0.061,-3.22,-5.7,*c1cc2c(=O)n(CC(CCCCCCCCCC)CCCCCCCCCCCC)c(=O)c3c(sc4c3sc3c5sc(*)cc5c(=O)n(CC(CCCCCCCCCC)CCCCCCCCCCCC)c(=O)c34)c2s1,*c1ccc(-c2ccc(*)s2)s1,PTBI2Tz,*c1cnc(-c2ncc(-c3cc4c(=O)n(CC(CCCCCCCCCC)CCCCCCCCCCCC)c(=O)c5c(sc6c5sc5c7sc(*)cc7c(=O)n(CC(CCCCCCCCCC)CCCCCCCCCCCC)c(=O)c56)c4s3)s2)s1,1,0.0,1,0.05,0.0,-3.56,-6.12,*c1cc2c(=O)n(CC(CCCCCCCCCC)CCCCCCCCCCCC)c(=O)c3c(sc4c3sc3c5sc(*)cc5c(=O)n(CC(CCCCCCCCCC)CCCCCCCCCCCC)c(=O)c34)c2s1,*c1cnc(-c2ncc(*)s2)s1
10.1002/adma.201601373,PTBI2TR,*c1cc2c(=O)n(CC(CCCCCC)CCCCCCCC)c(=O)c3c(sc4c3sc3c5sc(-c6sc(-c7cc(CCCCCCCCCCCC)c(*)s7)cc6CCCCCCCCCCCC)cc5c(=O)n(CC(CCCCCC)CCCCCCCC)c(=O)c34)c2s1,1,0.0,1,0.0,0.054,-3.31,-5.58,*c1cc2c(=O)n(CC(CCCCCC)CCCCCCCC)c(=O)c3c(sc4c3sc3c5sc(*)cc5c(=O)n(CC(CCCCCC)CCCCCCCC)c(=O)c34)c2s1,*c1sc(-c2cc(CCCCCCCCCCCC)c(*)s2)cc1CCCCCCCCCCCC,PTBI2Tz,*c1cnc(-c2ncc(-c3cc4c(=O)n(CC(CCCCCCCCCC)CCCCCCCCCCCC)c(=O)c5c(sc6c5sc5c7sc(*)cc7c(=O)n(CC(CCCCCCCCCC)CCCCCCCCCCCC)c(=O)c56)c4s3)s2)s1,1,0.0,1,0.05,0.0,-3.56,-6.12,*c1cc2c(=O)n(CC(CCCCCCCCCC)CCCCCCCCCCCC)c(=O)c3c(sc4c3sc3c5sc(*)cc5c(=O)n(CC(CCCCCCCCCC)CCCCCCCCCCCC)c(=O)c34)c2s1,*c1cnc(-c2ncc(*)s2)s1
10.1002/adma.201602410,PNBS,*c1ccc(-c2ccc(-c3ccc(-c4cc5c6c(c(*)cc7c6c4C(=O)N(CC(CCCCCCCCCC)CCCCCCCCCCCC)C7=O)C(=O)N(CC(CCCCCCCCCC)CCCCCCCCCCCC)C5=O)[se]3)c3nsnc23)[se]1,1,0.0,0,8.5,1.7,-3.81,-5.84,*c1ccc(-c2ccc(-c3ccc(*)[se]3)c3nsnc23)[se]1,*c1cc2c3c(c(*)cc4c3c1C(=O)N(CC(CCCCCCCCCC)CCCCCCCCCCCC)C4=O)C(=O)N(CC(CCCCCCCCCC)CCCCCCCCCCCC)C2=O,PNBSF,*c1ccc(-c2c(F)c(F)c(-c3ccc(-c4cc5c6c(c(*)cc7c6c4C(=O)N(CC(CCCCCCCCCC)CCCCCCCCCCCC)C7=O)C(=O)N(CC(CCCCCCCCCC)CCCCCCCCCCCC)C5=O)[se]3)c3nsnc23)[se]1,1,0.0,0,3.5,0.0,-3.88,-6.2,*c1ccc(-c2c(F)c(F)c(-c3ccc(*)[se]3)c3nsnc23)[se]1,*c1cc2c3c(c(*)cc4c3c1C(=O)N(CC(CCCCCCCCCC)CCCCCCCCCCCC)C4=O)C(=O)N(CC(CCCCCCCCCC)CCCCCCCCCCCC)C2=O
10.1002/adma.201602410,PNBS,*c1ccc(-c2ccc(-c3ccc(-c4cc5c6c(c(*)cc7c6c4C(=O)N(CC(CCCCCCCCCC)CCCCCCCCCCCC)C7=O)C(=O)N(CC(CCCCCCCCCC)CCCCCCCCCCCC)C5=O)[se]3)c3nsnc23)[se]1,1,0.0,0,8.5,1.7,-3.81,-5.84,*c1ccc(-c2ccc(-c3ccc(*)[se]3)c3nsnc23)[se]1,*c1cc2c3c(c(*)cc4c3c1C(=O)N(CC(CCCCCCCCCC)CCCCCCCCCCCC)C4=O)C(=O)N(CC(CCCCCCCCCC)CCCCCCCCCCCC)C2=O,PNBT,*c1ccc(-c2ccc(-c3ccc(-c4cc5c6c(c(*)cc7c6c4C(=O)N(CC(CCCCCCCCCC)CCCCCCCCCCCC)C7=O)C(=O)N(CC(CCCCCCCCCC)CCCCCCCCCCCC)C5=O)s3)c3nsnc23)s1,1,0.0,0,3.1,0.7,-3.77,-5.9,*c1ccc(-c2ccc(-c3ccc(*)s3)c3nsnc23)s1,*c1cc2c3c(c(*)cc4c3c1C(=O)N(CC(CCCCCCCCCC)CCCCCCCCCCCC)C4=O)C(=O)N(CC(CCCCCCCCCC)CCCCCCCCCCCC)C2=O
10.1002/adma.201602410,PNBS,*c1ccc(-c2ccc(-c3ccc(-c4cc5c6c(c(*)cc7c6c4C(=O)N(CC(CCCCCCCCCC)CCCCCCCCCCCC)C7=O)C(=O)N(CC(CCCCCCCCCC)CCCCCCCCCCCC)C5=O)[se]3)c3nsnc23)[se]1,1,0.0,0,8.5,1.7,-3.81,-5.84,*c1ccc(-c2ccc(-c3ccc(*)[se]3)c3nsnc23)[se]1,*c1cc2c3c(c(*)cc4c3c1C(=O)N(CC(CCCCCCCCCC)CCCCCCCCCCCC)C4=O)C(=O)N(CC(CCCCCCCCCC)CCCCCCCCCCCC)C2=O,PNBTF,*c1ccc(-c2c(F)c(F)c(-c3ccc(-c4cc5c6c(c(*)cc7c6c4C(=O)N(CC(CCCCCCCCCC)CCCCCCCCCCCC)C7=O)C(=O)N(CC(CCCCCCCCCC)CCCCCCCCCCCC)C5=O)s3)c3nsnc23)s1,1,0.0,0,2.2,0.0,-3.85,-6.24,*c1ccc(-c2c(F)c(F)c(-c3ccc(*)s3)c3nsnc23)s1,*c1cc2c3c(c(*)cc4c3c1C(=O)N(CC(CCCCCCCCCC)CCCCCCCCCCCC)C4=O)C(=O)N(CC(CCCCCCCCCC)CCCCCCCCCCCC)C2=O
10.1002/adma.201602410,PNBSF,*c1ccc(-c2c(F)c(F)c(-c3ccc(-c4cc5c6c(c(*)cc7c6c4C(=O)N(CC(CCCCCCCCCC)CCCCCCCCCCCC)C7=O)C(=O)N(CC(CCCCCCCCCC)CCCCCCCCCCCC)C5=O)[se]3)c3nsnc23)[se]1,1,0.0,0,3.5,0.0,-3.88,-6.2,*c1ccc(-c2c(F)c(F)c(-c3ccc(*)[se]3)c3nsnc23)[se]1,*c1cc2c3c(c(*)cc4c3c1C(=O)N(CC(CCCCCCCCCC)CCCCCCCCCCCC)C4=O)C(=O)N(CC(CCCCCCCCCC)CCCCCCCCCCCC)C2=O,PNBT,*c1ccc(-c2ccc(-c3ccc(-c4cc5c6c(c(*)cc7c6c4C(=O)N(CC(CCCCCCCCCC)CCCCCCCCCCCC)C7=O)C(=O)N(CC(CCCCCCCCCC)CCCCCCCCCCCC)C5=O)s3)c3nsnc23)s1,1,0.0,0,3.1,0.7,-3.77,-5.9,*c1ccc(-c2ccc(-c3ccc(*)s3)c3nsnc23)s1,*c1cc2c3c(c(*)cc4c3c1C(=O)N(CC(CCCCCCCCCC)CCCCCCCCCCCC)C4=O)C(=O)N(CC(CCCCCCCCCC)CCCCCCCCCCCC)C2=O
10.1002/adma.201602410,PNBSF,*c1ccc(-c2c(F)c(F)c(-c3ccc(-c4cc5c6c(c(*)cc7c6c4C(=O)N(CC(CCCCCCCCCC)CCCCCCCCCCCC)C7=O)C(=O)N(CC(CCCCCCCCCC)CCCCCCCCCCCC)C5=O)[se]3)c3nsnc23)[se]1,1,0.0,0,3.5,0.0,-3.88,-6.2,*c1ccc(-c2c(F)c(F)c(-c3ccc(*)[se]3)c3nsnc23)[se]1,*c1cc2c3c(c(*)cc4c3c1C(=O)N(CC(CCCCCCCCCC)CCCCCCCCCCCC)C4=O)C(=O)N(CC(CCCCCCCCCC)CCCCCCCCCCCC)C2=O,PNBTF,*c1ccc(-c2c(F)c(F)c(-c3ccc(-c4cc5c6c(c(*)cc7c6c4C(=O)N(CC(CCCCCCCCCC)CCCCCCCCCCCC)C7=O)C(=O)N(CC(CCCCCCCCCC)CCCCCCCCCCCC)C5=O)s3)c3nsnc23)s1,1,0.0,0,2.2,0.0,-3.85,-6.24,*c1ccc(-c2c(F)c(F)c(-c3ccc(*)s3)c3nsnc23)s1,*c1cc2c3c(c(*)cc4c3c1C(=O)N(CC(CCCCCCCCCC)CCCCCCCCCCCC)C4=O)C(=O)N(CC(CCCCCCCCCC)CCCCCCCCCCCC)C2=O
10.1002/adma.201602410,PNBT,*c1ccc(-c2ccc(-c3ccc(-c4cc5c6c(c(*)cc7c6c4C(=O)N(CC(CCCCCCCCCC)CCCCCCCCCCCC)C7=O)C(=O)N(CC(CCCCCCCCCC)CCCCCCCCCCCC)C5=O)s3)c3nsnc23)s1,1,0.0,0,3.1,0.7,-3.77,-5.9,*c1ccc(-c2ccc(-c3ccc(*)s3)c3nsnc23)s1,*c1cc2c3c(c(*)cc4c3c1C(=O)N(CC(CCCCCCCCCC)CCCCCCCCCCCC)C4=O)C(=O)N(CC(CCCCCCCCCC)CCCCCCCCCCCC)C2=O,PNBTF,*c1ccc(-c2c(F)c(F)c(-c3ccc(-c4cc5c6c(c(*)cc7c6c4C(=O)N(CC(CCCCCCCCCC)CCCCCCCCCCCC)C7=O)C(=O)N(CC(CCCCCCCCCC)CCCCCCCCCCCC)C5=O)s3)c3nsnc23)s1,1,0.0,0,2.2,0.0,-3.85,-6.24,*c1ccc(-c2c(F)c(F)c(-c3ccc(*)s3)c3nsnc23)s1,*c1cc2c3c(c(*)cc4c3c1C(=O)N(CC(CCCCCCCCCC)CCCCCCCCCCCC)C4=O)C(=O)N(CC(CCCCCCCCCC)CCCCCCCCCCCC)C2=O
10.1002/adma.201606025,DPP-DESVS,*c1ccc(C2=C3C(=O)N(CC(CCCCCCCC)CCCCCCCCCC)C(c4ccc(-c5ccc(/C(OCC)=C(\OCC)c6ccc(*)[se]6)[se]5)s4)=C3C(=O)N2CC(CCCCCCCC)CCCCCCCCCC)s1,1,0.0,1,0.0,1.49,-3.74,-5.29,*c1ccc(/C(OCC)=C(\OCC)c2ccc(*)[se]2)[se]1,*c1ccc(C2=C3C(=O)N(CC(CCCCCCCC)CCCCCCCCCC)C(c4ccc(*)s4)=C3C(=O)N2CC(CCCCCCCC)CCCCCCCCCC)s1,NDI-DESVS,*c1ccc(/C(OCC)=C(\OCC)c2ccc(-c3cc4c5c(c(*)cc6c5c3C(=O)N(CC(CCCCCCCC)CCCCCCCCCC)C6=O)C(=O)N(CC(CCCCCCCC)CCCCCCCCCC)C4=O)[se]2)[se]1,1,0.0,1,0.64,0.0,-4.12,-5.48,*c1ccc(/C(OCC)=C(\OCC)c2ccc(*)[se]2)[se]1,*c1cc2c3c(c(*)cc4c3c1C(=O)N(CC(CCCCCCCC)CCCCCCCCCC)C4=O)C(=O)N(CC(CCCCCCCC)CCCCCCCCCC)C2=O
10.1002/adma.201606025,DPP-DESVS,*c1ccc(C2=C3C(=O)N(CC(CCCCCCCC)CCCCCCCCCC)C(c4ccc(-c5ccc(/C(OCC)=C(\OCC)c6ccc(*)[se]6)[se]5)s4)=C3C(=O)N2CC(CCCCCCCC)CCCCCCCCCC)s1,1,0.0,1,0.0,1.49,-3.74,-5.29,*c1ccc(/C(OCC)=C(\OCC)c2ccc(*)[se]2)[se]1,*c1ccc(C2=C3C(=O)N(CC(CCCCCCCC)CCCCCCCCCC)C(c4ccc(*)s4)=C3C(=O)N2CC(CCCCCCCC)CCCCCCCCCC)s1,DTBTff-DESVS,*c1ccc(/C(OCC)=C(\OCC)c2ccc(-c3sc(-c4c(F)c(F)c(-c5cc(CC(CCCCCCCC)CCCCCCCCCC)c(*)s5)c5nsnc45)cc3CC(CCCCCCCC)CCCCCCCCCC)[se]2)[se]1,1,0.0,0,0.0,0.14,-3.8,-5.38,*c1ccc(/C(OCC)=C(\OCC)c2ccc(*)[se]2)[se]1,*c1sc(-c2c(F)c(F)c(-c3cc(CC(CCCCCCCC)CCCCCCCCCC)c(*)s3)c3nsnc23)cc1CC(CCCCCCCC)CCCCCCCCCC
10.1002/adma.201606025,DPP-DESVS,*c1ccc(C2=C3C(=O)N(CC(CCCCCCCC)CCCCCCCCCC)C(c4ccc(-c5ccc(/C(OCC)=C(\OCC)c6ccc(*)[se]6)[se]5)s4)=C3C(=O)N2CC(CCCCCCCC)CCCCCCCCCC)s1,1,0.0,1,0.0,1.49,-3.74,-5.29,*c1ccc(/C(OCC)=C(\OCC)c2ccc(*)[se]2)[se]1,*c1ccc(C2=C3C(=O)N(CC(CCCCCCCC)CCCCCCCCCC)C(c4ccc(*)s4)=C3C(=O)N2CC(CCCCCCCC)CCCCCCCCCC)s1,DTBTff-SVS,*c1ccc(/C=C/c2ccc(-c3sc(-c4c(F)c(F)c(-c5cc(CC(CCCCCCCC)CCCCCCCCCC)c(*)s5)c5nsnc45)cc3CC(CCCCCCCC)CCCCCCCCCC)[se]2)[se]1,1,0.0,0,0.0,0.0349,-3.92,-5.49,*c1ccc(/C=C/c2ccc(*)[se]2)[se]1,*c1sc(-c2c(F)c(F)c(-c3cc(CC(CCCCCCCC)CCCCCCCCCC)c(*)s3)c3nsnc23)cc1CC(CCCCCCCC)CCCCCCCCCC
10.1002/adma.201606025,NDI-DESVS,*c1ccc(/C(OCC)=C(\OCC)c2ccc(-c3cc4c5c(c(*)cc6c5c3C(=O)N(CC(CCCCCCCC)CCCCCCCCCC)C6=O)C(=O)N(CC(CCCCCCCC)CCCCCCCCCC)C4=O)[se]2)[se]1,1,0.0,1,0.64,0.0,-4.12,-5.48,*c1ccc(/C(OCC)=C(\OCC)c2ccc(*)[se]2)[se]1,*c1cc2c3c(c(*)cc4c3c1C(=O)N(CC(CCCCCCCC)CCCCCCCCCC)C4=O)C(=O)N(CC(CCCCCCCC)CCCCCCCCCC)C2=O,DTBTff-DESVS,*c1ccc(/C(OCC)=C(\OCC)c2ccc(-c3sc(-c4c(F)c(F)c(-c5cc(CC(CCCCCCCC)CCCCCCCCCC)c(*)s5)c5nsnc45)cc3CC(CCCCCCCC)CCCCCCCCCC)[se]2)[se]1,1,0.0,0,0.0,0.14,-3.8,-5.38,*c1ccc(/C(OCC)=C(\OCC)c2ccc(*)[se]2)[se]1,*c1sc(-c2c(F)c(F)c(-c3cc(CC(CCCCCCCC)CCCCCCCCCC)c(*)s3)c3nsnc23)cc1CC(CCCCCCCC)CCCCCCCCCC
10.1002/adma.201606025,NDI-DESVS,*c1ccc(/C(OCC)=C(\OCC)c2ccc(-c3cc4c5c(c(*)cc6c5c3C(=O)N(CC(CCCCCCCC)CCCCCCCCCC)C6=O)C(=O)N(CC(CCCCCCCC)CCCCCCCCCC)C4=O)[se]2)[se]1,1,0.0,1,0.64,0.0,-4.12,-5.48,*c1ccc(/C(OCC)=C(\OCC)c2ccc(*)[se]2)[se]1,*c1cc2c3c(c(*)cc4c3c1C(=O)N(CC(CCCCCCCC)CCCCCCCCCC)C4=O)C(=O)N(CC(CCCCCCCC)CCCCCCCCCC)C2=O,DTBTff-SVS,*c1ccc(/C=C/c2ccc(-c3sc(-c4c(F)c(F)c(-c5cc(CC(CCCCCCCC)CCCCCCCCCC)c(*)s5)c5nsnc45)cc3CC(CCCCCCCC)CCCCCCCCCC)[se]2)[se]1,1,0.0,0,0.0,0.0349,-3.92,-5.49,*c1ccc(/C=C/c2ccc(*)[se]2)[se]1,*c1sc(-c2c(F)c(F)c(-c3cc(CC(CCCCCCCC)CCCCCCCCCC)c(*)s3)c3nsnc23)cc1CC(CCCCCCCC)CCCCCCCCCC
10.1002/adma.201606025,DTBTff-DESVS,*c1ccc(/C(OCC)=C(\OCC)c2ccc(-c3sc(-c4c(F)c(F)c(-c5cc(CC(CCCCCCCC)CCCCCCCCCC)c(*)s5)c5nsnc45)cc3CC(CCCCCCCC)CCCCCCCCCC)[se]2)[se]1,1,0.0,0,0.0,0.14,-3.8,-5.38,*c1ccc(/C(OCC)=C(\OCC)c2ccc(*)[se]2)[se]1,*c1sc(-c2c(F)c(F)c(-c3cc(CC(CCCCCCCC)CCCCCCCCCC)c(*)s3)c3nsnc23)cc1CC(CCCCCCCC)CCCCCCCCCC,DTBTff-SVS,*c1ccc(/C=C/c2ccc(-c3sc(-c4c(F)c(F)c(-c5cc(CC(CCCCCCCC)CCCCCCCCCC)c(*)s5)c5nsnc45)cc3CC(CCCCCCCC)CCCCCCCCCC)[se]2)[se]1,1,0.0,0,0.0,0.0349,-3.92,-5.49,*c1ccc(/C=C/c2ccc(*)[se]2)[se]1,*c1sc(-c2c(F)c(F)c(-c3cc(CC(CCCCCCCC)CCCCCCCCCC)c(*)s3)c3nsnc23)cc1CC(CCCCCCCC)CCCCCCCCCC
10.1002/adma.201606162,P2DPP-BT,*c1ccc(C2=C3C(=O)N(CC(CCCCCCCCCC)CCCCCCCCCCCC)C(c4ccc(-c5ccc(C6=C7C(=O)N(CC(CCCCCCCCCC)CCCCCCCCCCCC)C(c8ccc(-c9ccc(-c%10ccc(*)s%10)s9)s8)=C7C(=O)N6CC(CCCCCCCCCC)CCCCCCCCCCCC)s5)s4)=C3C(=O)N2CC(CCCCCCCCCC)CCCCCCCCCCCC)s1,1,0.0,1,2.6,2.99,-3.5,-5.44,*c1ccc(-c2ccc(*)s2)s1,*c1ccc(C2=C3C(=O)N(CC(CCCCCCCCCC)CCCCCCCCCCCC)C(c4ccc(-c5ccc(C6=C7C(=O)N(CC(CCCCCCCCCC)CCCCCCCCCCCC)C(c8ccc(*)s8)=C7C(=O)N6CC(CCCCCCCCCC)CCCCCCCCCCCC)s5)s4)=C3C(=O)N2CC(CCCCCCCCCC)CCCCCCCCCCCC)s1,P2DPP-TT,*c1ccc(C2=C3C(=O)N(CC(CCCCCCCCCC)CCCCCCCCCCCC)C(c4ccc(-c5ccc(C6=C7C(=O)N(CC(CCCCCCCCCC)CCCCCCCCCCCC)C(c8ccc(-c9cc%10sc(*)cc%10s9)s8)=C7C(=O)N6CC(CCCCCCCCCC)CCCCCCCCCCCC)s5)s4)=C3C(=O)N2CC(CCCCCCCCCC)CCCCCCCCCCCC)s1,1,0.0,1,3.01,4.16,-3.54,-5.37,*c1cc2sc(*)cc2s1,*c1ccc(C2=C3C(=O)N(CC(CCCCCCCCCC)CCCCCCCCCCCC)C(c4ccc(-c5ccc(C6=C7C(=O)N(CC(CCCCCCCCCC)CCCCCCCCCCCC)C(c8ccc(*)s8)=C7C(=O)N6CC(CCCCCCCCCC)CCCCCCCCCCCC)s5)s4)=C3C(=O)N2CC(CCCCCCCCCC)CCCCCCCCCCCC)s1
10.1002/adma.201606162,P2DPP-BT,*c1ccc(C2=C3C(=O)N(CC(CCCCCCCCCC)CCCCCCCCCCCC)C(c4ccc(-c5ccc(C6=C7C(=O)N(CC(CCCCCCCCCC)CCCCCCCCCCCC)C(c8ccc(-c9ccc(-c%10ccc(*)s%10)s9)s8)=C7C(=O)N6CC(CCCCCCCCCC)CCCCCCCCCCCC)s5)s4)=C3C(=O)N2CC(CCCCCCCCCC)CCCCCCCCCCCC)s1,1,0.0,1,2.6,2.99,-3.5,-5.44,*c1ccc(-c2ccc(*)s2)s1,*c1ccc(C2=C3C(=O)N(CC(CCCCCCCCCC)CCCCCCCCCCCC)C(c4ccc(-c5ccc(C6=C7C(=O)N(CC(CCCCCCCCCC)CCCCCCCCCCCC)C(c8ccc(*)s8)=C7C(=O)N6CC(CCCCCCCCCC)CCCCCCCCCCCC)s5)s4)=C3C(=O)N2CC(CCCCCCCCCC)CCCCCCCCCCCC)s1,P2DPP-TVT,*c1ccc(/C=C/c2ccc(-c3ccc(C4=C5C(=O)N(CC(CCCCCCCCCC)CCCCCCCCCCCC)C(c6ccc(-c7ccc(C8=C9C(=O)N(CC(CCCCCCCCCC)CCCCCCCCCCCC)C(c%10ccc(*)s%10)=C9C(=O)N8CC(CCCCCCCCCC)CCCCCCCCCCCC)s7)s6)=C5C(=O)N4CC(CCCCCCCCCC)CCCCCCCCCCCC)s3)s2)s1,1,0.0,1,0.65,3.9,-3.48,-5.46,*c1ccc(/C=C/c2ccc(*)s2)s1,*c1ccc(C2=C3C(=O)N(CC(CCCCCCCCCC)CCCCCCCCCCCC)C(c4ccc(-c5ccc(C6=C7C(=O)N(CC(CCCCCCCCCC)CCCCCCCCCCCC)C(c8ccc(*)s8)=C7C(=O)N6CC(CCCCCCCCCC)CCCCCCCCCCCC)s5)s4)=C3C(=O)N2CC(CCCCCCCCCC)CCCCCCCCCCCC)s1
10.1002/adma.201606162,P2DPP-BT,*c1ccc(C2=C3C(=O)N(CC(CCCCCCCCCC)CCCCCCCCCCCC)C(c4ccc(-c5ccc(C6=C7C(=O)N(CC(CCCCCCCCCC)CCCCCCCCCCCC)C(c8ccc(-c9ccc(-c%10ccc(*)s%10)s9)s8)=C7C(=O)N6CC(CCCCCCCCCC)CCCCCCCCCCCC)s5)s4)=C3C(=O)N2CC(CCCCCCCCCC)CCCCCCCCCCCC)s1,1,0.0,1,2.6,2.99,-3.5,-5.44,*c1ccc(-c2ccc(*)s2)s1,*c1ccc(C2=C3C(=O)N(CC(CCCCCCCCCC)CCCCCCCCCCCC)C(c4ccc(-c5ccc(C6=C7C(=O)N(CC(CCCCCCCCCC)CCCCCCCCCCCC)C(c8ccc(*)s8)=C7C(=O)N6CC(CCCCCCCCCC)CCCCCCCCCCCC)s5)s4)=C3C(=O)N2CC(CCCCCCCCCC)CCCCCCCCCCCC)s1,P2DPP-BDT,*c1ccc(C2=C3C(=O)N(CC(CCCCCCCCCC)CCCCCCCCCCCC)C(c4ccc(-c5ccc(C6=C7C(=O)N(CC(CCCCCCCCCC)CCCCCCCCCCCC)C(c8ccc(-c9cc%10cc%11sc(*)cc%11cc%10s9)s8)=C7C(=O)N6CC(CCCCCCCCCC)CCCCCCCCCCCC)s5)s4)=C3C(=O)N2CC(CCCCCCCCCC)CCCCCCCCCCCC)s1,1,0.0,1,0.78,1.0,-3.52,-5.39,*c1cc2cc3sc(*)cc3cc2s1,*c1ccc(C2=C3C(=O)N(CC(CCCCCCCCCC)CCCCCCCCCCCC)C(c4ccc(-c5ccc(C6=C7C(=O)N(CC(CCCCCCCCCC)CCCCCCCCCCCC)C(c8ccc(*)s8)=C7C(=O)N6CC(CCCCCCCCCC)CCCCCCCCCCCC)s5)s4)=C3C(=O)N2CC(CCCCCCCCCC)CCCCCCCCCCCC)s1
10.1002/adma.201606162,P2DPP-TT,*c1ccc(C2=C3C(=O)N(CC(CCCCCCCCCC)CCCCCCCCCCCC)C(c4ccc(-c5ccc(C6=C7C(=O)N(CC(CCCCCCCCCC)CCCCCCCCCCCC)C(c8ccc(-c9cc%10sc(*)cc%10s9)s8)=C7C(=O)N6CC(CCCCCCCCCC)CCCCCCCCCCCC)s5)s4)=C3C(=O)N2CC(CCCCCCCCCC)CCCCCCCCCCCC)s1,1,0.0,1,3.01,4.16,-3.54,-5.37,*c1cc2sc(*)cc2s1,*c1ccc(C2=C3C(=O)N(CC(CCCCCCCCCC)CCCCCCCCCCCC)C(c4ccc(-c5ccc(C6=C7C(=O)N(CC(CCCCCCCCCC)CCCCCCCCCCCC)C(c8ccc(*)s8)=C7C(=O)N6CC(CCCCCCCCCC)CCCCCCCCCCCC)s5)s4)=C3C(=O)N2CC(CCCCCCCCCC)CCCCCCCCCCCC)s1,P2DPP-TVT,*c1ccc(/C=C/c2ccc(-c3ccc(C4=C5C(=O)N(CC(CCCCCCCCCC)CCCCCCCCCCCC)C(c6ccc(-c7ccc(C8=C9C(=O)N(CC(CCCCCCCCCC)CCCCCCCCCCCC)C(c%10ccc(*)s%10)=C9C(=O)N8CC(CCCCCCCCCC)CCCCCCCCCCCC)s7)s6)=C5C(=O)N4CC(CCCCCCCCCC)CCCCCCCCCCCC)s3)s2)s1,1,0.0,1,0.65,3.9,-3.48,-5.46,*c1ccc(/C=C/c2ccc(*)s2)s1,*c1ccc(C2=C3C(=O)N(CC(CCCCCCCCCC)CCCCCCCCCCCC)C(c4ccc(-c5ccc(C6=C7C(=O)N(CC(CCCCCCCCCC)CCCCCCCCCCCC)C(c8ccc(*)s8)=C7C(=O)N6CC(CCCCCCCCCC)CCCCCCCCCCCC)s5)s4)=C3C(=O)N2CC(CCCCCCCCCC)CCCCCCCCCCCC)s1
10.1002/adma.201606162,P2DPP-TT,*c1ccc(C2=C3C(=O)N(CC(CCCCCCCCCC)CCCCCCCCCCCC)C(c4ccc(-c5ccc(C6=C7C(=O)N(CC(CCCCCCCCCC)CCCCCCCCCCCC)C(c8ccc(-c9cc%10sc(*)cc%10s9)s8)=C7C(=O)N6CC(CCCCCCCCCC)CCCCCCCCCCCC)s5)s4)=C3C(=O)N2CC(CCCCCCCCCC)CCCCCCCCCCCC)s1,1,0.0,1,3.01,4.16,-3.54,-5.37,*c1cc2sc(*)cc2s1,*c1ccc(C2=C3C(=O)N(CC(CCCCCCCCCC)CCCCCCCCCCCC)C(c4ccc(-c5ccc(C6=C7C(=O)N(CC(CCCCCCCCCC)CCCCCCCCCCCC)C(c8ccc(*)s8)=C7C(=O)N6CC(CCCCCCCCCC)CCCCCCCCCCCC)s5)s4)=C3C(=O)N2CC(CCCCCCCCCC)CCCCCCCCCCCC)s1,P2DPP-BDT,*c1ccc(C2=C3C(=O)N(CC(CCCCCCCCCC)CCCCCCCCCCCC)C(c4ccc(-c5ccc(C6=C7C(=O)N(CC(CCCCCCCCCC)CCCCCCCCCCCC)C(c8ccc(-c9cc%10cc%11sc(*)cc%11cc%10s9)s8)=C7C(=O)N6CC(CCCCCCCCCC)CCCCCCCCCCCC)s5)s4)=C3C(=O)N2CC(CCCCCCCCCC)CCCCCCCCCCCC)s1,1,0.0,1,0.78,1.0,-3.52,-5.39,*c1cc2cc3sc(*)cc3cc2s1,*c1ccc(C2=C3C(=O)N(CC(CCCCCCCCCC)CCCCCCCCCCCC)C(c4ccc(-c5ccc(C6=C7C(=O)N(CC(CCCCCCCCCC)CCCCCCCCCCCC)C(c8ccc(*)s8)=C7C(=O)N6CC(CCCCCCCCCC)CCCCCCCCCCCC)s5)s4)=C3C(=O)N2CC(CCCCCCCCCC)CCCCCCCCCCCC)s1
10.1002/adma.201606162,P2DPP-TVT,*c1ccc(/C=C/c2ccc(-c3ccc(C4=C5C(=O)N(CC(CCCCCCCCCC)CCCCCCCCCCCC)C(c6ccc(-c7ccc(C8=C9C(=O)N(CC(CCCCCCCCCC)CCCCCCCCCCCC)C(c%10ccc(*)s%10)=C9C(=O)N8CC(CCCCCCCCCC)CCCCCCCCCCCC)s7)s6)=C5C(=O)N4CC(CCCCCCCCCC)CCCCCCCCCCCC)s3)s2)s1,1,0.0,1,0.65,3.9,-3.48,-5.46,*c1ccc(/C=C/c2ccc(*)s2)s1,*c1ccc(C2=C3C(=O)N(CC(CCCCCCCCCC)CCCCCCCCCCCC)C(c4ccc(-c5ccc(C6=C7C(=O)N(CC(CCCCCCCCCC)CCCCCCCCCCCC)C(c8ccc(*)s8)=C7C(=O)N6CC(CCCCCCCCCC)CCCCCCCCCCCC)s5)s4)=C3C(=O)N2CC(CCCCCCCCCC)CCCCCCCCCCCC)s1,P2DPP-BDT,*c1ccc(C2=C3C(=O)N(CC(CCCCCCCCCC)CCCCCCCCCCCC)C(c4ccc(-c5ccc(C6=C7C(=O)N(CC(CCCCCCCCCC)CCCCCCCCCCCC)C(c8ccc(-c9cc%10cc%11sc(*)cc%11cc%10s9)s8)=C7C(=O)N6CC(CCCCCCCCCC)CCCCCCCCCCCC)s5)s4)=C3C(=O)N2CC(CCCCCCCCCC)CCCCCCCCCCCC)s1,1,0.0,1,0.78,1.0,-3.52,-5.39,*c1cc2cc3sc(*)cc3cc2s1,*c1ccc(C2=C3C(=O)N(CC(CCCCCCCCCC)CCCCCCCCCCCC)C(c4ccc(-c5ccc(C6=C7C(=O)N(CC(CCCCCCCCCC)CCCCCCCCCCCC)C(c8ccc(*)s8)=C7C(=O)N6CC(CCCCCCCCCC)CCCCCCCCCCCC)s5)s4)=C3C(=O)N2CC(CCCCCCCCCC)CCCCCCCCCCCC)s1
10.1002/adma.201606217,FIID-DFTE(P6F),*c1ccc2c(c1F)N(CC(CCCCCCCCCC)CCCCCCCCCCCC)C(=O)/C2=C1/C(=O)N(CC(CCCCCCCCCC)CCCCCCCCCCCC)c2c1ccc(-c1sc(/C=C/c3sc(*)c(F)c3F)c(F)c1F)c2F,1,0.0,1,3.5,3.94,-3.83,-5.82,*c1sc(/C=C/c2sc(*)c(F)c2F)c(F)c1F,*c1ccc2c(c1F)N(CC(CCCCCCCCCC)CCCCCCCCCCCC)C(=O)/C2=C1/C(=O)N(CC(CCCCCCCCCC)CCCCCCCCCCCC)c2c1ccc(*)c2F,IID-DTE2(P0F),*c1ccc2c(c1)N(CC(CCCCCCCCCC)CCCCCCCCCCCC)C(=O)/C2=C1/C(=O)N(CC(CCCCCCCCCC)CCCCCCCCCCCC)c2cc(-c3ccc(/C=C/c4ccc(*)s4)s3)ccc21,1,0.0,1,0.0,0.67,-3.63,-5.48,*c1ccc(/C=C/c2ccc(*)s2)s1,*c1ccc2c(c1)N(CC(CCCCCCCCCC)CCCCCCCCCCCC)C(=O)/C2=C1/C(=O)N(CC(CCCCCCCCCC)CCCCCCCCCCCC)c2cc(*)ccc21
10.1002/adma.201606217,FIID-DFTE(P6F),*c1ccc2c(c1F)N(CC(CCCCCCCCCC)CCCCCCCCCCCC)C(=O)/C2=C1/C(=O)N(CC(CCCCCCCCCC)CCCCCCCCCCCC)c2c1ccc(-c1sc(/C=C/c3sc(*)c(F)c3F)c(F)c1F)c2F,1,0.0,1,3.5,3.94,-3.83,-5.82,*c1sc(/C=C/c2sc(*)c(F)c2F)c(F)c1F,*c1ccc2c(c1F)N(CC(CCCCCCCCCC)CCCCCCCCCCCC)C(=O)/C2=C1/C(=O)N(CC(CCCCCCCCCC)CCCCCCCCCCCC)c2c1ccc(*)c2F,FIID-DTE2(P2F),*c1ccc(/C=C/c2ccc(-c3ccc4c(c3F)N(CC(CCCCCCCCCC)CCCCCCCCCCCC)C(=O)/C4=C3/C(=O)N(CC(CCCCCCCCCC)CCCCCCCCCCCC)c4c3ccc(*)c4F)s2)s1,1,0.0,1,2.77,3.49,-3.7,-5.54,*c1ccc(/C=C/c2ccc(*)s2)s1,*c1ccc2c(c1F)N(CC(CCCCCCCCCC)CCCCCCCCCCCC)C(=O)/C2=C1/C(=O)N(CC(CCCCCCCCCC)CCCCCCCCCCCC)c2c1ccc(*)c2F
10.1002/adma.201606217,FIID-DFTE(P6F),*c1ccc2c(c1F)N(CC(CCCCCCCCCC)CCCCCCCCCCCC)C(=O)/C2=C1/C(=O)N(CC(CCCCCCCCCC)CCCCCCCCCCCC)c2c1ccc(-c1sc(/C=C/c3sc(*)c(F)c3F)c(F)c1F)c2F,1,0.0,1,3.5,3.94,-3.83,-5.82,*c1sc(/C=C/c2sc(*)c(F)c2F)c(F)c1F,*c1ccc2c(c1F)N(CC(CCCCCCCCCC)CCCCCCCCCCCC)C(=O)/C2=C1/C(=O)N(CC(CCCCCCCCCC)CCCCCCCCCCCC)c2c1ccc(*)c2F,IID-DFTE2(P4F),*c1ccc2c(c1)N(CC(CCCCCCCCCC)CCCCCCCCCCCC)C(=O)/C2=C1/C(=O)N(CC(CCCCCCCCCC)CCCCCCCCCCCC)c2cc(-c3sc(/C=C/c4sc(*)c(F)c4F)c(F)c3F)ccc21,1,0.0,1,1.63,0.89,-3.68,-5.76,*c1sc(/C=C/c2sc(*)c(F)c2F)c(F)c1F,*c1ccc2c(c1)N(CC(CCCCCCCCCC)CCCCCCCCCCCC)C(=O)/C2=C1/C(=O)N(CC(CCCCCCCCCC)CCCCCCCCCCCC)c2cc(*)ccc21
10.1002/adma.201606217,FIID-DFTE(P6F),*c1ccc2c(c1F)N(CC(CCCCCCCCCC)CCCCCCCCCCCC)C(=O)/C2=C1/C(=O)N(CC(CCCCCCCCCC)CCCCCCCCCCCC)c2c1ccc(-c1sc(/C=C/c3sc(*)c(F)c3F)c(F)c1F)c2F,1,0.0,1,3.5,3.94,-3.83,-5.82,*c1sc(/C=C/c2sc(*)c(F)c2F)c(F)c1F,*c1ccc2c(c1F)N(CC(CCCCCCCCCC)CCCCCCCCCCCC)C(=O)/C2=C1/C(=O)N(CC(CCCCCCCCCC)CCCCCCCCCCCC)c2c1ccc(*)c2F,P6F-C3,*c1ccc2c(c1F)N(CCCC(CCCCCCCCCCCCCC)CCCCCCCCCCCCCC)C(=O)/C2=C1/C(=O)N(CCCC(CCCCCCCCCCCCCC)CCCCCCCCCCCCCC)c2c1ccc(-c1sc(/C=C/c3sc(*)c(F)c3F)c(F)c1F)c2F,1,0.0,1,4.97,0.0,-3.8,-5.95,*c1sc(/C=C/c2sc(*)c(F)c2F)c(F)c1F,*c1ccc2c(c1F)N(CCCC(CCCCCCCCCCCCCC)CCCCCCCCCCCCCC)C(=O)/C2=C1/C(=O)N(CCCC(CCCCCCCCCCCCCC)CCCCCCCCCCCCCC)c2c1ccc(*)c2F
10.1002/adma.201606217,FIID-DFTE(P6F),*c1ccc2c(c1F)N(CC(CCCCCCCCCC)CCCCCCCCCCCC)C(=O)/C2=C1/C(=O)N(CC(CCCCCCCCCC)CCCCCCCCCCCC)c2c1ccc(-c1sc(/C=C/c3sc(*)c(F)c3F)c(F)c1F)c2F,1,0.0,1,3.5,3.94,-3.83,-5.82,*c1sc(/C=C/c2sc(*)c(F)c2F)c(F)c1F,*c1ccc2c(c1F)N(CC(CCCCCCCCCC)CCCCCCCCCCCC)C(=O)/C2=C1/C(=O)N(CC(CCCCCCCCCC)CCCCCCCCCCCC)c2c1ccc(*)c2F,P6F-2TC3,*c1ccc2c(c1F)N(CCCC(CCCCCCCCCCCCCC)CCCCCCCCCCCCCC)C(=O)/C2=C1/C(=O)N(CCCC(CCCCCCCCCCCCCC)CCCCCCCCCCCCCC)c2c1ccc(-c1sc(-c3sc(*)c(F)c3F)c(F)c1F)c2F,1,0.0,1,1.35,0.0,-3.92,-6.09,*c1sc(-c2sc(*)c(F)c2F)c(F)c1F,*c1ccc2c(c1F)N(CCCC(CCCCCCCCCCCCCC)CCCCCCCCCCCCCC)C(=O)/C2=C1/C(=O)N(CCCC(CCCCCCCCCCCCCC)CCCCCCCCCCCCCC)c2c1ccc(*)c2F
10.1002/adma.201606217,IID-DTE2(P0F),*c1ccc2c(c1)N(CC(CCCCCCCCCC)CCCCCCCCCCCC)C(=O)/C2=C1/C(=O)N(CC(CCCCCCCCCC)CCCCCCCCCCCC)c2cc(-c3ccc(/C=C/c4ccc(*)s4)s3)ccc21,1,0.0,1,0.0,0.67,-3.63,-5.48,*c1ccc(/C=C/c2ccc(*)s2)s1,*c1ccc2c(c1)N(CC(CCCCCCCCCC)CCCCCCCCCCCC)C(=O)/C2=C1/C(=O)N(CC(CCCCCCCCCC)CCCCCCCCCCCC)c2cc(*)ccc21,FIID-DTE2(P2F),*c1ccc(/C=C/c2ccc(-c3ccc4c(c3F)N(CC(CCCCCCCCCC)CCCCCCCCCCCC)C(=O)/C4=C3/C(=O)N(CC(CCCCCCCCCC)CCCCCCCCCCCC)c4c3ccc(*)c4F)s2)s1,1,0.0,1,2.77,3.49,-3.7,-5.54,*c1ccc(/C=C/c2ccc(*)s2)s1,*c1ccc2c(c1F)N(CC(CCCCCCCCCC)CCCCCCCCCCCC)C(=O)/C2=C1/C(=O)N(CC(CCCCCCCCCC)CCCCCCCCCCCC)c2c1ccc(*)c2F
10.1002/adma.201606217,IID-DTE2(P0F),*c1ccc2c(c1)N(CC(CCCCCCCCCC)CCCCCCCCCCCC)C(=O)/C2=C1/C(=O)N(CC(CCCCCCCCCC)CCCCCCCCCCCC)c2cc(-c3ccc(/C=C/c4ccc(*)s4)s3)ccc21,1,0.0,1,0.0,0.67,-3.63,-5.48,*c1ccc(/C=C/c2ccc(*)s2)s1,*c1ccc2c(c1)N(CC(CCCCCCCCCC)CCCCCCCCCCCC)C(=O)/C2=C1/C(=O)N(CC(CCCCCCCCCC)CCCCCCCCCCCC)c2cc(*)ccc21,IID-DFTE2(P4F),*c1ccc2c(c1)N(CC(CCCCCCCCCC)CCCCCCCCCCCC)C(=O)/C2=C1/C(=O)N(CC(CCCCCCCCCC)CCCCCCCCCCCC)c2cc(-c3sc(/C=C/c4sc(*)c(F)c4F)c(F)c3F)ccc21,1,0.0,1,1.63,0.89,-3.68,-5.76,*c1sc(/C=C/c2sc(*)c(F)c2F)c(F)c1F,*c1ccc2c(c1)N(CC(CCCCCCCCCC)CCCCCCCCCCCC)C(=O)/C2=C1/C(=O)N(CC(CCCCCCCCCC)CCCCCCCCCCCC)c2cc(*)ccc21
10.1002/adma.201606217,IID-DTE2(P0F),*c1ccc2c(c1)N(CC(CCCCCCCCCC)CCCCCCCCCCCC)C(=O)/C2=C1/C(=O)N(CC(CCCCCCCCCC)CCCCCCCCCCCC)c2cc(-c3ccc(/C=C/c4ccc(*)s4)s3)ccc21,1,0.0,1,0.0,0.67,-3.63,-5.48,*c1ccc(/C=C/c2ccc(*)s2)s1,*c1ccc2c(c1)N(CC(CCCCCCCCCC)CCCCCCCCCCCC)C(=O)/C2=C1/C(=O)N(CC(CCCCCCCCCC)CCCCCCCCCCCC)c2cc(*)ccc21,P6F-C3,*c1ccc2c(c1F)N(CCCC(CCCCCCCCCCCCCC)CCCCCCCCCCCCCC)C(=O)/C2=C1/C(=O)N(CCCC(CCCCCCCCCCCCCC)CCCCCCCCCCCCCC)c2c1ccc(-c1sc(/C=C/c3sc(*)c(F)c3F)c(F)c1F)c2F,1,0.0,1,4.97,0.0,-3.8,-5.95,*c1sc(/C=C/c2sc(*)c(F)c2F)c(F)c1F,*c1ccc2c(c1F)N(CCCC(CCCCCCCCCCCCCC)CCCCCCCCCCCCCC)C(=O)/C2=C1/C(=O)N(CCCC(CCCCCCCCCCCCCC)CCCCCCCCCCCCCC)c2c1ccc(*)c2F
10.1002/adma.201606217,IID-DTE2(P0F),*c1ccc2c(c1)N(CC(CCCCCCCCCC)CCCCCCCCCCCC)C(=O)/C2=C1/C(=O)N(CC(CCCCCCCCCC)CCCCCCCCCCCC)c2cc(-c3ccc(/C=C/c4ccc(*)s4)s3)ccc21,1,0.0,1,0.0,0.67,-3.63,-5.48,*c1ccc(/C=C/c2ccc(*)s2)s1,*c1ccc2c(c1)N(CC(CCCCCCCCCC)CCCCCCCCCCCC)C(=O)/C2=C1/C(=O)N(CC(CCCCCCCCCC)CCCCCCCCCCCC)c2cc(*)ccc21,P6F-2TC3,*c1ccc2c(c1F)N(CCCC(CCCCCCCCCCCCCC)CCCCCCCCCCCCCC)C(=O)/C2=C1/C(=O)N(CCCC(CCCCCCCCCCCCCC)CCCCCCCCCCCCCC)c2c1ccc(-c1sc(-c3sc(*)c(F)c3F)c(F)c1F)c2F,1,0.0,1,1.35,0.0,-3.92,-6.09,*c1sc(-c2sc(*)c(F)c2F)c(F)c1F,*c1ccc2c(c1F)N(CCCC(CCCCCCCCCCCCCC)CCCCCCCCCCCCCC)C(=O)/C2=C1/C(=O)N(CCCC(CCCCCCCCCCCCCC)CCCCCCCCCCCCCC)c2c1ccc(*)c2F
10.1002/adma.201606217,FIID-DTE2(P2F),*c1ccc(/C=C/c2ccc(-c3ccc4c(c3F)N(CC(CCCCCCCCCC)CCCCCCCCCCCC)C(=O)/C4=C3/C(=O)N(CC(CCCCCCCCCC)CCCCCCCCCCCC)c4c3ccc(*)c4F)s2)s1,1,0.0,1,2.77,3.49,-3.7,-5.54,*c1ccc(/C=C/c2ccc(*)s2)s1,*c1ccc2c(c1F)N(CC(CCCCCCCCCC)CCCCCCCCCCCC)C(=O)/C2=C1/C(=O)N(CC(CCCCCCCCCC)CCCCCCCCCCCC)c2c1ccc(*)c2F,IID-DFTE2(P4F),*c1ccc2c(c1)N(CC(CCCCCCCCCC)CCCCCCCCCCCC)C(=O)/C2=C1/C(=O)N(CC(CCCCCCCCCC)CCCCCCCCCCCC)c2cc(-c3sc(/C=C/c4sc(*)c(F)c4F)c(F)c3F)ccc21,1,0.0,1,1.63,0.89,-3.68,-5.76,*c1sc(/C=C/c2sc(*)c(F)c2F)c(F)c1F,*c1ccc2c(c1)N(CC(CCCCCCCCCC)CCCCCCCCCCCC)C(=O)/C2=C1/C(=O)N(CC(CCCCCCCCCC)CCCCCCCCCCCC)c2cc(*)ccc21
10.1002/adma.201606217,FIID-DTE2(P2F),*c1ccc(/C=C/c2ccc(-c3ccc4c(c3F)N(CC(CCCCCCCCCC)CCCCCCCCCCCC)C(=O)/C4=C3/C(=O)N(CC(CCCCCCCCCC)CCCCCCCCCCCC)c4c3ccc(*)c4F)s2)s1,1,0.0,1,2.77,3.49,-3.7,-5.54,*c1ccc(/C=C/c2ccc(*)s2)s1,*c1ccc2c(c1F)N(CC(CCCCCCCCCC)CCCCCCCCCCCC)C(=O)/C2=C1/C(=O)N(CC(CCCCCCCCCC)CCCCCCCCCCCC)c2c1ccc(*)c2F,P6F-C3,*c1ccc2c(c1F)N(CCCC(CCCCCCCCCCCCCC)CCCCCCCCCCCCCC)C(=O)/C2=C1/C(=O)N(CCCC(CCCCCCCCCCCCCC)CCCCCCCCCCCCCC)c2c1ccc(-c1sc(/C=C/c3sc(*)c(F)c3F)c(F)c1F)c2F,1,0.0,1,4.97,0.0,-3.8,-5.95,*c1sc(/C=C/c2sc(*)c(F)c2F)c(F)c1F,*c1ccc2c(c1F)N(CCCC(CCCCCCCCCCCCCC)CCCCCCCCCCCCCC)C(=O)/C2=C1/C(=O)N(CCCC(CCCCCCCCCCCCCC)CCCCCCCCCCCCCC)c2c1ccc(*)c2F
10.1002/adma.201606217,FIID-DTE2(P2F),*c1ccc(/C=C/c2ccc(-c3ccc4c(c3F)N(CC(CCCCCCCCCC)CCCCCCCCCCCC)C(=O)/C4=C3/C(=O)N(CC(CCCCCCCCCC)CCCCCCCCCCCC)c4c3ccc(*)c4F)s2)s1,1,0.0,1,2.77,3.49,-3.7,-5.54,*c1ccc(/C=C/c2ccc(*)s2)s1,*c1ccc2c(c1F)N(CC(CCCCCCCCCC)CCCCCCCCCCCC)C(=O)/C2=C1/C(=O)N(CC(CCCCCCCCCC)CCCCCCCCCCCC)c2c1ccc(*)c2F,P6F-2TC3,*c1ccc2c(c1F)N(CCCC(CCCCCCCCCCCCCC)CCCCCCCCCCCCCC)C(=O)/C2=C1/C(=O)N(CCCC(CCCCCCCCCCCCCC)CCCCCCCCCCCCCC)c2c1ccc(-c1sc(-c3sc(*)c(F)c3F)c(F)c1F)c2F,1,0.0,1,1.35,0.0,-3.92,-6.09,*c1sc(-c2sc(*)c(F)c2F)c(F)c1F,*c1ccc2c(c1F)N(CCCC(CCCCCCCCCCCCCC)CCCCCCCCCCCCCC)C(=O)/C2=C1/C(=O)N(CCCC(CCCCCCCCCCCCCC)CCCCCCCCCCCCCC)c2c1ccc(*)c2F
10.1002/adma.201606217,IID-DFTE2(P4F),*c1ccc2c(c1)N(CC(CCCCCCCCCC)CCCCCCCCCCCC)C(=O)/C2=C1/C(=O)N(CC(CCCCCCCCCC)CCCCCCCCCCCC)c2cc(-c3sc(/C=C/c4sc(*)c(F)c4F)c(F)c3F)ccc21,1,0.0,1,1.63,0.89,-3.68,-5.76,*c1sc(/C=C/c2sc(*)c(F)c2F)c(F)c1F,*c1ccc2c(c1)N(CC(CCCCCCCCCC)CCCCCCCCCCCC)C(=O)/C2=C1/C(=O)N(CC(CCCCCCCCCC)CCCCCCCCCCCC)c2cc(*)ccc21,P6F-C3,*c1ccc2c(c1F)N(CCCC(CCCCCCCCCCCCCC)CCCCCCCCCCCCCC)C(=O)/C2=C1/C(=O)N(CCCC(CCCCCCCCCCCCCC)CCCCCCCCCCCCCC)c2c1ccc(-c1sc(/C=C/c3sc(*)c(F)c3F)c(F)c1F)c2F,1,0.0,1,4.97,0.0,-3.8,-5.95,*c1sc(/C=C/c2sc(*)c(F)c2F)c(F)c1F,*c1ccc2c(c1F)N(CCCC(CCCCCCCCCCCCCC)CCCCCCCCCCCCCC)C(=O)/C2=C1/C(=O)N(CCCC(CCCCCCCCCCCCCC)CCCCCCCCCCCCCC)c2c1ccc(*)c2F
10.1002/adma.201606217,IID-DFTE2(P4F),*c1ccc2c(c1)N(CC(CCCCCCCCCC)CCCCCCCCCCCC)C(=O)/C2=C1/C(=O)N(CC(CCCCCCCCCC)CCCCCCCCCCCC)c2cc(-c3sc(/C=C/c4sc(*)c(F)c4F)c(F)c3F)ccc21,1,0.0,1,1.63,0.89,-3.68,-5.76,*c1sc(/C=C/c2sc(*)c(F)c2F)c(F)c1F,*c1ccc2c(c1)N(CC(CCCCCCCCCC)CCCCCCCCCCCC)C(=O)/C2=C1/C(=O)N(CC(CCCCCCCCCC)CCCCCCCCCCCC)c2cc(*)ccc21,P6F-2TC3,*c1ccc2c(c1F)N(CCCC(CCCCCCCCCCCCCC)CCCCCCCCCCCCCC)C(=O)/C2=C1/C(=O)N(CCCC(CCCCCCCCCCCCCC)CCCCCCCCCCCCCC)c2c1ccc(-c1sc(-c3sc(*)c(F)c3F)c(F)c1F)c2F,1,0.0,1,1.35,0.0,-3.92,-6.09,*c1sc(-c2sc(*)c(F)c2F)c(F)c1F,*c1ccc2c(c1F)N(CCCC(CCCCCCCCCCCCCC)CCCCCCCCCCCCCC)C(=O)/C2=C1/C(=O)N(CCCC(CCCCCCCCCCCCCC)CCCCCCCCCCCCCC)c2c1ccc(*)c2F
10.1002/adma.201606217,P6F-C3,*c1ccc2c(c1F)N(CCCC(CCCCCCCCCCCCCC)CCCCCCCCCCCCCC)C(=O)/C2=C1/C(=O)N(CCCC(CCCCCCCCCCCCCC)CCCCCCCCCCCCCC)c2c1ccc(-c1sc(/C=C/c3sc(*)c(F)c3F)c(F)c1F)c2F,1,0.0,1,4.97,0.0,-3.8,-5.95,*c1sc(/C=C/c2sc(*)c(F)c2F)c(F)c1F,*c1ccc2c(c1F)N(CCCC(CCCCCCCCCCCCCC)CCCCCCCCCCCCCC)C(=O)/C2=C1/C(=O)N(CCCC(CCCCCCCCCCCCCC)CCCCCCCCCCCCCC)c2c1ccc(*)c2F,P6F-2TC3,*c1ccc2c(c1F)N(CCCC(CCCCCCCCCCCCCC)CCCCCCCCCCCCCC)C(=O)/C2=C1/C(=O)N(CCCC(CCCCCCCCCCCCCC)CCCCCCCCCCCCCC)c2c1ccc(-c1sc(-c3sc(*)c(F)c3F)c(F)c1F)c2F,1,0.0,1,1.35,0.0,-3.92,-6.09,*c1sc(-c2sc(*)c(F)c2F)c(F)c1F,*c1ccc2c(c1F)N(CCCC(CCCCCCCCCCCCCC)CCCCCCCCCCCCCC)C(=O)/C2=C1/C(=O)N(CCCC(CCCCCCCCCCCCCC)CCCCCCCCCCCCCC)c2c1ccc(*)c2F
10.1002/adma.201702115,IIDFBT (PIID-2FBT),*c1ccc2c(c1)N(CCCC(CCCCCCCCCC)CCCCCCCCCC)C(=O)/C2=C1/C(=O)N(CCCC(CCCCCCCCCC)CCCCCCCCCC)c2cc(-c3cc(F)c(-c4sc(*)cc4F)s3)ccc21,1,0.0,1,2.06,5.33,-3.46,-5.66,*c1ccc2c(c1)N(CCCC(CCCCCCCCCC)CCCCCCCCCC)C(=O)/C2=C1/C(=O)N(CCCC(CCCCCCCCCC)CCCCCCCCCC)c2cc(*)ccc21,*c1cc(F)c(-c2sc(*)cc2F)s1,P1FIID-2FBT,*c1ccc2c(c1)N(CCCC(CCCCCCCCCC)CCCCCCCCCC)C(=O)/C2=C1/C(=O)N(CCCC(CCCCCCCCCC)CCCCCCCCCC)c2c1ccc(-c1cc(F)c(-c3sc(*)cc3F)s1)c2F,1,0.0,0,6.76,6.41,-3.55,-5.63,*c1ccc2c(c1)N(CCCC(CCCCCCCCCC)CCCCCCCCCC)C(=O)/C2=C1/C(=O)N(CCCC(CCCCCCCCCC)CCCCCCCCCC)c2c1ccc(*)c2F,*c1cc(F)c(-c2sc(*)cc2F)s1
10.1002/adma.201702115,IIDFBT (PIID-2FBT),*c1ccc2c(c1)N(CCCC(CCCCCCCCCC)CCCCCCCCCC)C(=O)/C2=C1/C(=O)N(CCCC(CCCCCCCCCC)CCCCCCCCCC)c2cc(-c3cc(F)c(-c4sc(*)cc4F)s3)ccc21,1,0.0,1,2.06,5.33,-3.46,-5.66,*c1ccc2c(c1)N(CCCC(CCCCCCCCCC)CCCCCCCCCC)C(=O)/C2=C1/C(=O)N(CCCC(CCCCCCCCCC)CCCCCCCCCC)c2cc(*)ccc21,*c1cc(F)c(-c2sc(*)cc2F)s1,FIIDFBT,*c1cc(F)c(-c2sc(-c3ccc4c(c3F)N(CCCC(CCCCCCCCCC)CCCCCCCCCC)C(=O)/C4=C3/C(=O)N(CCCC(CCCCCCCCCC)CCCCCCCCCC)c4c3ccc(*)c4F)cc2F)s1,1,0.0,1,9.7,2.75,-3.64,-5.72,*c1ccc2c(c1F)N(CCCC(CCCCCCCCCC)CCCCCCCCCC)C(=O)/C2=C1/C(=O)N(CCCC(CCCCCCCCCC)CCCCCCCCCC)c2c1ccc(*)c2F,*c1cc(F)c(-c2sc(*)cc2F)s1
10.1002/adma.201702115,P1FIID-2FBT,*c1ccc2c(c1)N(CCCC(CCCCCCCCCC)CCCCCCCCCC)C(=O)/C2=C1/C(=O)N(CCCC(CCCCCCCCCC)CCCCCCCCCC)c2c1ccc(-c1cc(F)c(-c3sc(*)cc3F)s1)c2F,1,0.0,0,6.76,6.41,-3.55,-5.63,*c1ccc2c(c1)N(CCCC(CCCCCCCCCC)CCCCCCCCCC)C(=O)/C2=C1/C(=O)N(CCCC(CCCCCCCCCC)CCCCCCCCCC)c2c1ccc(*)c2F,*c1cc(F)c(-c2sc(*)cc2F)s1,FIIDFBT,*c1cc(F)c(-c2sc(-c3ccc4c(c3F)N(CCCC(CCCCCCCCCC)CCCCCCCCCC)C(=O)/C4=C3/C(=O)N(CCCC(CCCCCCCCCC)CCCCCCCCCC)c4c3ccc(*)c4F)cc2F)s1,1,0.0,1,9.7,2.75,-3.64,-5.72,*c1ccc2c(c1F)N(CCCC(CCCCCCCCCC)CCCCCCCCCC)C(=O)/C2=C1/C(=O)N(CCCC(CCCCCCCCCC)CCCCCCCCCC)c2c1ccc(*)c2F,*c1cc(F)c(-c2sc(*)cc2F)s1
10.1002/adma.201702523,TIF-BT,*c1cc2cc3c(cc2s1)-c1cc2c(cc1C3(CCCCCCCCCCCCCCCC)CCCCCCCCCCCCCCCC)-c1cc3sc(-c4ccc(*)c5nsnc45)cc3cc1C2(CCCCCCCCCCCCCCCC)CCCCCCCCCCCCCCCC,1,0.0,0,0.0,2.8,-3.7,-5.7,*c1cc2cc3c(cc2s1)-c1cc2c(cc1C3(CCCCCCCCCCCCCCCC)CCCCCCCCCCCCCCCC)-c1cc3sc(*)cc3cc1C2(CCCCCCCCCCCCCCCC)CCCCCCCCCCCCCCCC,*c1ccc(*)c2nsnc12,TIF-FBT,*c1cc2cc3c(cc2s1)-c1cc2c(cc1C3(CCCCCCCCCCCCCCCC)CCCCCCCCCCCCCCCC)-c1cc3sc(-c4cc(F)c(*)c5nsnc45)cc3cc1C2(CCCCCCCCCCCCCCCC)CCCCCCCCCCCCCCCC,1,0.0,0,0.0,0.5,-3.7,-5.7,*c1cc2cc3c(cc2s1)-c1cc2c(cc1C3(CCCCCCCCCCCCCCCC)CCCCCCCCCCCCCCCC)-c1cc3sc(*)cc3cc1C2(CCCCCCCCCCCCCCCC)CCCCCCCCCCCCCCCC,*c1cc(F)c(*)c2nsnc12
10.1002/adma.201702523,TIF-BT,*c1cc2cc3c(cc2s1)-c1cc2c(cc1C3(CCCCCCCCCCCCCCCC)CCCCCCCCCCCCCCCC)-c1cc3sc(-c4ccc(*)c5nsnc45)cc3cc1C2(CCCCCCCCCCCCCCCC)CCCCCCCCCCCCCCCC,1,0.0,0,0.0,2.8,-3.7,-5.7,*c1cc2cc3c(cc2s1)-c1cc2c(cc1C3(CCCCCCCCCCCCCCCC)CCCCCCCCCCCCCCCC)-c1cc3sc(*)cc3cc1C2(CCCCCCCCCCCCCCCC)CCCCCCCCCCCCCCCC,*c1ccc(*)c2nsnc12,TIF-DFBT,*c1cc2cc3c(cc2s1)-c1cc2c(cc1C3(CCCCCCCCCCCCCCCC)CCCCCCCCCCCCCCCC)-c1cc3sc(-c4c(F)c(F)c(*)c5nsnc45)cc3cc1C2(CCCCCCCCCCCCCCCC)CCCCCCCCCCCCCCCC,1,0.0,0,0.0,0.2,-3.7,-5.8,*c1cc2cc3c(cc2s1)-c1cc2c(cc1C3(CCCCCCCCCCCCCCCC)CCCCCCCCCCCCCCCC)-c1cc3sc(*)cc3cc1C2(CCCCCCCCCCCCCCCC)CCCCCCCCCCCCCCCC,*c1c(F)c(F)c(*)c2nsnc12
10.1002/adma.201702523,TIF-BT,*c1cc2cc3c(cc2s1)-c1cc2c(cc1C3(CCCCCCCCCCCCCCCC)CCCCCCCCCCCCCCCC)-c1cc3sc(-c4ccc(*)c5nsnc45)cc3cc1C2(CCCCCCCCCCCCCCCC)CCCCCCCCCCCCCCCC,1,0.0,0,0.0,2.8,-3.7,-5.7,*c1cc2cc3c(cc2s1)-c1cc2c(cc1C3(CCCCCCCCCCCCCCCC)CCCCCCCCCCCCCCCC)-c1cc3sc(*)cc3cc1C2(CCCCCCCCCCCCCCCC)CCCCCCCCCCCCCCCC,*c1ccc(*)c2nsnc12,TIF-TT,*c1cc2cc3c(cc2s1)-c1cc2c(cc1C3(CCCCCCCCCCCCCCCC)CCCCCCCCCCCCCCCC)-c1cc3sc(-c4cc5sc(*)cc5s4)cc3cc1C2(CCCCCCCCCCCCCCCC)CCCCCCCCCCCCCCCC,1,0.0,1,0.0,0.0006,-3.3,-5.5,*c1cc2cc3c(cc2s1)-c1cc2c(cc1C3(CCCCCCCCCCCCCCCC)CCCCCCCCCCCCCCCC)-c1cc3sc(*)cc3cc1C2(CCCCCCCCCCCCCCCC)CCCCCCCCCCCCCCCC,*c1cc2sc(*)cc2s1
10.1002/adma.201702523,TIF-FBT,*c1cc2cc3c(cc2s1)-c1cc2c(cc1C3(CCCCCCCCCCCCCCCC)CCCCCCCCCCCCCCCC)-c1cc3sc(-c4cc(F)c(*)c5nsnc45)cc3cc1C2(CCCCCCCCCCCCCCCC)CCCCCCCCCCCCCCCC,1,0.0,0,0.0,0.5,-3.7,-5.7,*c1cc2cc3c(cc2s1)-c1cc2c(cc1C3(CCCCCCCCCCCCCCCC)CCCCCCCCCCCCCCCC)-c1cc3sc(*)cc3cc1C2(CCCCCCCCCCCCCCCC)CCCCCCCCCCCCCCCC,*c1cc(F)c(*)c2nsnc12,TIF-DFBT,*c1cc2cc3c(cc2s1)-c1cc2c(cc1C3(CCCCCCCCCCCCCCCC)CCCCCCCCCCCCCCCC)-c1cc3sc(-c4c(F)c(F)c(*)c5nsnc45)cc3cc1C2(CCCCCCCCCCCCCCCC)CCCCCCCCCCCCCCCC,1,0.0,0,0.0,0.2,-3.7,-5.8,*c1cc2cc3c(cc2s1)-c1cc2c(cc1C3(CCCCCCCCCCCCCCCC)CCCCCCCCCCCCCCCC)-c1cc3sc(*)cc3cc1C2(CCCCCCCCCCCCCCCC)CCCCCCCCCCCCCCCC,*c1c(F)c(F)c(*)c2nsnc12
10.1002/adma.201702523,TIF-FBT,*c1cc2cc3c(cc2s1)-c1cc2c(cc1C3(CCCCCCCCCCCCCCCC)CCCCCCCCCCCCCCCC)-c1cc3sc(-c4cc(F)c(*)c5nsnc45)cc3cc1C2(CCCCCCCCCCCCCCCC)CCCCCCCCCCCCCCCC,1,0.0,0,0.0,0.5,-3.7,-5.7,*c1cc2cc3c(cc2s1)-c1cc2c(cc1C3(CCCCCCCCCCCCCCCC)CCCCCCCCCCCCCCCC)-c1cc3sc(*)cc3cc1C2(CCCCCCCCCCCCCCCC)CCCCCCCCCCCCCCCC,*c1cc(F)c(*)c2nsnc12,TIF-TT,*c1cc2cc3c(cc2s1)-c1cc2c(cc1C3(CCCCCCCCCCCCCCCC)CCCCCCCCCCCCCCCC)-c1cc3sc(-c4cc5sc(*)cc5s4)cc3cc1C2(CCCCCCCCCCCCCCCC)CCCCCCCCCCCCCCCC,1,0.0,1,0.0,0.0006,-3.3,-5.5,*c1cc2cc3c(cc2s1)-c1cc2c(cc1C3(CCCCCCCCCCCCCCCC)CCCCCCCCCCCCCCCC)-c1cc3sc(*)cc3cc1C2(CCCCCCCCCCCCCCCC)CCCCCCCCCCCCCCCC,*c1cc2sc(*)cc2s1
10.1002/adma.201702523,TIF-DFBT,*c1cc2cc3c(cc2s1)-c1cc2c(cc1C3(CCCCCCCCCCCCCCCC)CCCCCCCCCCCCCCCC)-c1cc3sc(-c4c(F)c(F)c(*)c5nsnc45)cc3cc1C2(CCCCCCCCCCCCCCCC)CCCCCCCCCCCCCCCC,1,0.0,0,0.0,0.2,-3.7,-5.8,*c1cc2cc3c(cc2s1)-c1cc2c(cc1C3(CCCCCCCCCCCCCCCC)CCCCCCCCCCCCCCCC)-c1cc3sc(*)cc3cc1C2(CCCCCCCCCCCCCCCC)CCCCCCCCCCCCCCCC,*c1c(F)c(F)c(*)c2nsnc12,TIF-TT,*c1cc2cc3c(cc2s1)-c1cc2c(cc1C3(CCCCCCCCCCCCCCCC)CCCCCCCCCCCCCCCC)-c1cc3sc(-c4cc5sc(*)cc5s4)cc3cc1C2(CCCCCCCCCCCCCCCC)CCCCCCCCCCCCCCCC,1,0.0,1,0.0,0.0006,-3.3,-5.5,*c1cc2cc3c(cc2s1)-c1cc2c(cc1C3(CCCCCCCCCCCCCCCC)CCCCCCCCCCCCCCCC)-c1cc3sc(*)cc3cc1C2(CCCCCCCCCCCCCCCC)CCCCCCCCCCCCCCCC,*c1cc2sc(*)cc2s1
10.1002/adma.201704843,PPyDPP-T,*c1ccc(C2=C3C(=O)N(CC(CCCCCCCCCC)CCCCCCCCCCCC)C(c4ccc(-c5ccc(*)s5)cn4)=C3C(=O)N2CC(CCCCCCCCCC)CCCCCCCCCCCC)nc1,1,0.0,0,0.004,0.0008,-3.62,-5.33,*c1ccc(*)s1,*c1ccc(C2=C3C(=O)N(CC(CCCCCCCCCC)CCCCCCCCCCCC)C(c4ccc(*)cn4)=C3C(=O)N2CC(CCCCCCCCCC)CCCCCCCCCCCC)nc1,PPyDPP-2FT,*c1ccc(C2=C3C(=O)N(CC(CCCCCCCCCC)CCCCCCCCCCCC)C(c4ccc(-c5sc(*)c(F)c5F)cn4)=C3C(=O)N2CC(CCCCCCCCCC)CCCCCCCCCCCC)nc1,1,0.0,0,0.021,0.0003,-3.94,-5.72,*c1sc(*)c(F)c1F,*c1ccc(C2=C3C(=O)N(CC(CCCCCCCCCC)CCCCCCCCCCCC)C(c4ccc(*)cn4)=C3C(=O)N2CC(CCCCCCCCCC)CCCCCCCCCCCC)nc1
10.1002/adma.201704843,PPyDPP-T,*c1ccc(C2=C3C(=O)N(CC(CCCCCCCCCC)CCCCCCCCCCCC)C(c4ccc(-c5ccc(*)s5)cn4)=C3C(=O)N2CC(CCCCCCCCCC)CCCCCCCCCCCC)nc1,1,0.0,0,0.004,0.0008,-3.62,-5.33,*c1ccc(*)s1,*c1ccc(C2=C3C(=O)N(CC(CCCCCCCCCC)CCCCCCCCCCCC)C(c4ccc(*)cn4)=C3C(=O)N2CC(CCCCCCCCCC)CCCCCCCCCCCC)nc1,PQDPP-T,*c1ccc2nc(C3=C4C(=O)N(CC(CCCCCCCCCC)CCCCCCCCCCCC)C(c5ccc6cc(-c7ccc(*)s7)ccc6n5)=C4C(=O)N3CC(CCCCCCCCCC)CCCCCCCCCCCC)ccc2c1,1,0.0,0,0.72,0.5,-3.68,-5.42,*c1ccc(*)s1,*c1ccc2nc(C3=C4C(=O)N(CC(CCCCCCCCCC)CCCCCCCCCCCC)C(c5ccc6cc(*)ccc6n5)=C4C(=O)N3CC(CCCCCCCCCC)CCCCCCCCCCCC)ccc2c1
10.1002/adma.201704843,PPyDPP-T,*c1ccc(C2=C3C(=O)N(CC(CCCCCCCCCC)CCCCCCCCCCCC)C(c4ccc(-c5ccc(*)s5)cn4)=C3C(=O)N2CC(CCCCCCCCCC)CCCCCCCCCCCC)nc1,1,0.0,0,0.004,0.0008,-3.62,-5.33,*c1ccc(*)s1,*c1ccc(C2=C3C(=O)N(CC(CCCCCCCCCC)CCCCCCCCCCCC)C(c4ccc(*)cn4)=C3C(=O)N2CC(CCCCCCCCCC)CCCCCCCCCCCC)nc1,PQDPP-2FT,*c1ccc2nc(C3=C4C(=O)N(CC(CCCCCCCCCC)CCCCCCCCCCCC)C(c5ccc6cc(-c7sc(*)c(F)c7F)ccc6n5)=C4C(=O)N3CC(CCCCCCCCCC)CCCCCCCCCCCC)ccc2c1,1,0.0,0,6.04,0.21,-3.84,-5.64,*c1sc(*)c(F)c1F,*c1ccc2nc(C3=C4C(=O)N(CC(CCCCCCCCCC)CCCCCCCCCCCC)C(c5ccc6cc(*)ccc6n5)=C4C(=O)N3CC(CCCCCCCCCC)CCCCCCCCCCCC)ccc2c1
10.1002/adma.201704843,PPyDPP-2FT,*c1ccc(C2=C3C(=O)N(CC(CCCCCCCCCC)CCCCCCCCCCCC)C(c4ccc(-c5sc(*)c(F)c5F)cn4)=C3C(=O)N2CC(CCCCCCCCCC)CCCCCCCCCCCC)nc1,1,0.0,0,0.021,0.0003,-3.94,-5.72,*c1sc(*)c(F)c1F,*c1ccc(C2=C3C(=O)N(CC(CCCCCCCCCC)CCCCCCCCCCCC)C(c4ccc(*)cn4)=C3C(=O)N2CC(CCCCCCCCCC)CCCCCCCCCCCC)nc1,PQDPP-T,*c1ccc2nc(C3=C4C(=O)N(CC(CCCCCCCCCC)CCCCCCCCCCCC)C(c5ccc6cc(-c7ccc(*)s7)ccc6n5)=C4C(=O)N3CC(CCCCCCCCCC)CCCCCCCCCCCC)ccc2c1,1,0.0,0,0.72,0.5,-3.68,-5.42,*c1ccc(*)s1,*c1ccc2nc(C3=C4C(=O)N(CC(CCCCCCCCCC)CCCCCCCCCCCC)C(c5ccc6cc(*)ccc6n5)=C4C(=O)N3CC(CCCCCCCCCC)CCCCCCCCCCCC)ccc2c1
10.1002/adma.201704843,PPyDPP-2FT,*c1ccc(C2=C3C(=O)N(CC(CCCCCCCCCC)CCCCCCCCCCCC)C(c4ccc(-c5sc(*)c(F)c5F)cn4)=C3C(=O)N2CC(CCCCCCCCCC)CCCCCCCCCCCC)nc1,1,0.0,0,0.021,0.0003,-3.94,-5.72,*c1sc(*)c(F)c1F,*c1ccc(C2=C3C(=O)N(CC(CCCCCCCCCC)CCCCCCCCCCCC)C(c4ccc(*)cn4)=C3C(=O)N2CC(CCCCCCCCCC)CCCCCCCCCCCC)nc1,PQDPP-2FT,*c1ccc2nc(C3=C4C(=O)N(CC(CCCCCCCCCC)CCCCCCCCCCCC)C(c5ccc6cc(-c7sc(*)c(F)c7F)ccc6n5)=C4C(=O)N3CC(CCCCCCCCCC)CCCCCCCCCCCC)ccc2c1,1,0.0,0,6.04,0.21,-3.84,-5.64,*c1sc(*)c(F)c1F,*c1ccc2nc(C3=C4C(=O)N(CC(CCCCCCCCCC)CCCCCCCCCCCC)C(c5ccc6cc(*)ccc6n5)=C4C(=O)N3CC(CCCCCCCCCC)CCCCCCCCCCCC)ccc2c1
10.1002/adma.201704843,PQDPP-T,*c1ccc2nc(C3=C4C(=O)N(CC(CCCCCCCCCC)CCCCCCCCCCCC)C(c5ccc6cc(-c7ccc(*)s7)ccc6n5)=C4C(=O)N3CC(CCCCCCCCCC)CCCCCCCCCCCC)ccc2c1,1,0.0,0,0.72,0.5,-3.68,-5.42,*c1ccc(*)s1,*c1ccc2nc(C3=C4C(=O)N(CC(CCCCCCCCCC)CCCCCCCCCCCC)C(c5ccc6cc(*)ccc6n5)=C4C(=O)N3CC(CCCCCCCCCC)CCCCCCCCCCCC)ccc2c1,PQDPP-2FT,*c1ccc2nc(C3=C4C(=O)N(CC(CCCCCCCCCC)CCCCCCCCCCCC)C(c5ccc6cc(-c7sc(*)c(F)c7F)ccc6n5)=C4C(=O)N3CC(CCCCCCCCCC)CCCCCCCCCCCC)ccc2c1,1,0.0,0,6.04,0.21,-3.84,-5.64,*c1sc(*)c(F)c1F,*c1ccc2nc(C3=C4C(=O)N(CC(CCCCCCCCCC)CCCCCCCCCCCC)C(c5ccc6cc(*)ccc6n5)=C4C(=O)N3CC(CCCCCCCCCC)CCCCCCCCCCCC)ccc2c1
10.1002/adma.201706557,PQuT-T,*c1ccc2c(c1)N(CC(CCCCCCCCCC)CCCCCCCCCCCC)C(=O)/C2=c1/cc/c(=C2\C(=O)N(CC(CCCCCCCCCC)CCCCCCCCCCCC)c3cc(-c4ccc(*)s4)ccc32)s1,1,0.0,0,1.11,4.82,-3.56,-5.24,*c1ccc(*)s1,*c1ccc2c(c1)N(CC(CCCCCCCCCC)CCCCCCCCCCCC)C(=O)/C2=c1/cc/c(=C2\C(=O)N(CC(CCCCCCCCCC)CCCCCCCCCCCC)c3cc(*)ccc32)s1,PQuT-BT,*c1ccc2c(c1)N(CC(CCCCCCCCCC)CCCCCCCCCCCC)C(=O)/C2=c1/cc/c(=C2\C(=O)N(CC(CCCCCCCCCC)CCCCCCCCCCCC)c3cc(-c4ccc(-c5ccc(*)s5)s4)ccc32)s1,1,0.0,0,0.74,8.09,-3.55,-5.11,*c1ccc(-c2ccc(*)s2)s1,*c1ccc2c(c1)N(CC(CCCCCCCCCC)CCCCCCCCCCCC)C(=O)/C2=c1/cc/c(=C2\C(=O)N(CC(CCCCCCCCCC)CCCCCCCCCCCC)c3cc(*)ccc32)s1
10.1002/adma.201707164,pBTT,*c1ccc(-c2ccc(-c3ccc(-c4cc5c6c(c(*)cc7c6c4C(=O)N(CC(CCCCCCCCCC)CCCCCCCCCCCC)C7=O)C(=O)N(CC(CCCCCCCCCC)CCCCCCCCCCCC)C5=O)s3)c3nsnc23)s1,1,0.0,0,0.92,0.19,-3.78,-5.77,*c1ccc(-c2ccc(-c3ccc(*)s3)c3nsnc23)s1,*c1cc2c3c(c(*)cc4c3c1C(=O)N(CC(CCCCCCCCCC)CCCCCCCCCCCC)C4=O)C(=O)N(CC(CCCCCCCCCC)CCCCCCCCCCCC)C2=O,pBTTz,*c1cnc(-c2ccc(-c3ncc(-c4cc5c6c(c(*)cc7c6c4C(=O)N(CC(CCCCCCCCCC)CCCCCCCCCCCC)C7=O)C(=O)N(CC(CCCCCCCCCC)CCCCCCCCCCCC)C5=O)s3)c3nsnc23)s1,1,0.0,0,0.46,0.0,-3.86,-6.01,*c1cnc(-c2ccc(-c3ncc(*)s3)c3nsnc23)s1,*c1cc2c3c(c(*)cc4c3c1C(=O)N(CC(CCCCCCCCCC)CCCCCCCCCCCC)C4=O)C(=O)N(CC(CCCCCCCCCC)CCCCCCCCCCCC)C2=O
10.1002/adma.201707164,pBTT,*c1ccc(-c2ccc(-c3ccc(-c4cc5c6c(c(*)cc7c6c4C(=O)N(CC(CCCCCCCCCC)CCCCCCCCCCCC)C7=O)C(=O)N(CC(CCCCCCCCCC)CCCCCCCCCCCC)C5=O)s3)c3nsnc23)s1,1,0.0,0,0.92,0.19,-3.78,-5.77,*c1ccc(-c2ccc(-c3ccc(*)s3)c3nsnc23)s1,*c1cc2c3c(c(*)cc4c3c1C(=O)N(CC(CCCCCCCCCC)CCCCCCCCCCCC)C4=O)C(=O)N(CC(CCCCCCCCCC)CCCCCCCCCCCC)C2=O,pPTT,*c1ccc(-c2ncc(-c3ccc(-c4cc5c6c(c(*)cc7c6c4C(=O)N(CC(CCCCCCCCCC)CCCCCCCCCCCC)C7=O)C(=O)N(CC(CCCCCCCCCC)CCCCCCCCCCCC)C5=O)s3)c3nsnc23)s1,1,0.0,0,2.11,0.0,-3.81,-5.87,*c1ccc(-c2cnc(-c3ccc(*)s3)c3nsnc23)s1,*c1cc2c3c(c(*)cc4c3c1C(=O)N(CC(CCCCCCCCCC)CCCCCCCCCCCC)C4=O)C(=O)N(CC(CCCCCCCCCC)CCCCCCCCCCCC)C2=O
10.1002/adma.201707164,pBTT,*c1ccc(-c2ccc(-c3ccc(-c4cc5c6c(c(*)cc7c6c4C(=O)N(CC(CCCCCCCCCC)CCCCCCCCCCCC)C7=O)C(=O)N(CC(CCCCCCCCCC)CCCCCCCCCCCC)C5=O)s3)c3nsnc23)s1,1,0.0,0,0.92,0.19,-3.78,-5.77,*c1ccc(-c2ccc(-c3ccc(*)s3)c3nsnc23)s1,*c1cc2c3c(c(*)cc4c3c1C(=O)N(CC(CCCCCCCCCC)CCCCCCCCCCCC)C4=O)C(=O)N(CC(CCCCCCCCCC)CCCCCCCCCCCC)C2=O,pSNT,*c1ccc(-c2c3c(c(-c4ccc(-c5cc6c7c(c(*)cc8c7c5C(=O)N(CC(CCCCCCCCCC)CCCCCCCCCCCC)C8=O)C(=O)N(CC(CCCCCCCCCC)CCCCCCCCCCCC)C6=O)s4)c4nn(CC(CC)CCCC)nc24)N=S=N3)s1,1,0.0,0,4.87,0.011,-3.88,-5.45,*c1ccc(-c2c3c(c(-c4ccc(*)s4)c4nn(CC(CC)CCCC)nc24)N=S=N3)s1,*c1cc2c3c(c(*)cc4c3c1C(=O)N(CC(CCCCCCCCCC)CCCCCCCCCCCC)C4=O)C(=O)N(CC(CCCCCCCCCC)CCCCCCCCCCCC)C2=O
10.1002/adma.201707164,pBTTz,*c1cnc(-c2ccc(-c3ncc(-c4cc5c6c(c(*)cc7c6c4C(=O)N(CC(CCCCCCCCCC)CCCCCCCCCCCC)C7=O)C(=O)N(CC(CCCCCCCCCC)CCCCCCCCCCCC)C5=O)s3)c3nsnc23)s1,1,0.0,0,0.46,0.0,-3.86,-6.01,*c1cnc(-c2ccc(-c3ncc(*)s3)c3nsnc23)s1,*c1cc2c3c(c(*)cc4c3c1C(=O)N(CC(CCCCCCCCCC)CCCCCCCCCCCC)C4=O)C(=O)N(CC(CCCCCCCCCC)CCCCCCCCCCCC)C2=O,pPTT,*c1ccc(-c2ncc(-c3ccc(-c4cc5c6c(c(*)cc7c6c4C(=O)N(CC(CCCCCCCCCC)CCCCCCCCCCCC)C7=O)C(=O)N(CC(CCCCCCCCCC)CCCCCCCCCCCC)C5=O)s3)c3nsnc23)s1,1,0.0,0,2.11,0.0,-3.81,-5.87,*c1ccc(-c2cnc(-c3ccc(*)s3)c3nsnc23)s1,*c1cc2c3c(c(*)cc4c3c1C(=O)N(CC(CCCCCCCCCC)CCCCCCCCCCCC)C4=O)C(=O)N(CC(CCCCCCCCCC)CCCCCCCCCCCC)C2=O
10.1002/adma.201707164,pBTTz,*c1cnc(-c2ccc(-c3ncc(-c4cc5c6c(c(*)cc7c6c4C(=O)N(CC(CCCCCCCCCC)CCCCCCCCCCCC)C7=O)C(=O)N(CC(CCCCCCCCCC)CCCCCCCCCCCC)C5=O)s3)c3nsnc23)s1,1,0.0,0,0.46,0.0,-3.86,-6.01,*c1cnc(-c2ccc(-c3ncc(*)s3)c3nsnc23)s1,*c1cc2c3c(c(*)cc4c3c1C(=O)N(CC(CCCCCCCCCC)CCCCCCCCCCCC)C4=O)C(=O)N(CC(CCCCCCCCCC)CCCCCCCCCCCC)C2=O,pSNT,*c1ccc(-c2c3c(c(-c4ccc(-c5cc6c7c(c(*)cc8c7c5C(=O)N(CC(CCCCCCCCCC)CCCCCCCCCCCC)C8=O)C(=O)N(CC(CCCCCCCCCC)CCCCCCCCCCCC)C6=O)s4)c4nn(CC(CC)CCCC)nc24)N=S=N3)s1,1,0.0,0,4.87,0.011,-3.88,-5.45,*c1ccc(-c2c3c(c(-c4ccc(*)s4)c4nn(CC(CC)CCCC)nc24)N=S=N3)s1,*c1cc2c3c(c(*)cc4c3c1C(=O)N(CC(CCCCCCCCCC)CCCCCCCCCCCC)C4=O)C(=O)N(CC(CCCCCCCCCC)CCCCCCCCCCCC)C2=O
10.1002/adma.201707164,pPTT,*c1ccc(-c2ncc(-c3ccc(-c4cc5c6c(c(*)cc7c6c4C(=O)N(CC(CCCCCCCCCC)CCCCCCCCCCCC)C7=O)C(=O)N(CC(CCCCCCCCCC)CCCCCCCCCCCC)C5=O)s3)c3nsnc23)s1,1,0.0,0,2.11,0.0,-3.81,-5.87,*c1ccc(-c2cnc(-c3ccc(*)s3)c3nsnc23)s1,*c1cc2c3c(c(*)cc4c3c1C(=O)N(CC(CCCCCCCCCC)CCCCCCCCCCCC)C4=O)C(=O)N(CC(CCCCCCCCCC)CCCCCCCCCCCC)C2=O,pSNT,*c1ccc(-c2c3c(c(-c4ccc(-c5cc6c7c(c(*)cc8c7c5C(=O)N(CC(CCCCCCCCCC)CCCCCCCCCCCC)C8=O)C(=O)N(CC(CCCCCCCCCC)CCCCCCCCCCCC)C6=O)s4)c4nn(CC(CC)CCCC)nc24)N=S=N3)s1,1,0.0,0,4.87,0.011,-3.88,-5.45,*c1ccc(-c2c3c(c(-c4ccc(*)s4)c4nn(CC(CC)CCCC)nc24)N=S=N3)s1,*c1cc2c3c(c(*)cc4c3c1C(=O)N(CC(CCCCCCCCCC)CCCCCCCCCCCC)C4=O)C(=O)N(CC(CCCCCCCCCC)CCCCCCCCCCCC)C2=O
10.1002/adma.201806010,PDBD-T,*c1ccc(C2=C3C(=O)N(CC(CCCCCCCC)CCCCCCCCCC)C(c4ccc(-c5ccc(-c6ccc(C7=C8C(=O)N(CC(CCCCCCCC)CCCCCCCCCC)C(c9ccc(-c%10ccc(*)s%10)s9)=C8C(=O)N7CC(CCCCCCCC)CCCCCCCCCC)s6)c6nsnc56)s4)=C3C(=O)N2CC(CCCCCCCC)CCCCCCCCCC)s1,1,0.0,0,2.83,3.52,-3.85,-5.05,*c1ccc(*)s1,*c1ccc(C2=C3C(=O)N(CC(CCCCCCCC)CCCCCCCCCC)C(c4ccc(-c5ccc(-c6ccc(C7=C8C(=O)N(CC(CCCCCCCC)CCCCCCCCCC)C(c9ccc(*)s9)=C8C(=O)N7CC(CCCCCCCC)CCCCCCCCCC)s6)c6nsnc56)s4)=C3C(=O)N2CC(CCCCCCCC)CCCCCCCCCC)s1,PDBD-Se,*c1ccc(C2=C3C(=O)N(CC(CCCCCCCC)CCCCCCCCCC)C(c4ccc(-c5ccc(-c6ccc(C7=C8C(=O)N(CC(CCCCCCCC)CCCCCCCCCC)C(c9ccc(-c%10ccc(*)[se]%10)s9)=C8C(=O)N7CC(CCCCCCCC)CCCCCCCCCC)s6)c6nsnc56)s4)=C3C(=O)N2CC(CCCCCCCC)CCCCCCCCCC)s1,1,0.0,0,7.71,8.9,-3.85,-5.03,*c1ccc(*)[se]1,*c1ccc(C2=C3C(=O)N(CC(CCCCCCCC)CCCCCCCCCC)C(c4ccc(-c5ccc(-c6ccc(C7=C8C(=O)N(CC(CCCCCCCC)CCCCCCCCCC)C(c9ccc(*)s9)=C8C(=O)N7CC(CCCCCCCC)CCCCCCCCCC)s6)c6nsnc56)s4)=C3C(=O)N2CC(CCCCCCCC)CCCCCCCCCC)s1
10.1002/adma.202001476,DCNBT-TPC,*c1cc2c(s1)-c1cc3c(cc1OC2(CCCCCCCC)CCCCCCCC)-c1sc(-c2c(C#N)c(C#N)c(*)c4nsnc24)cc1C(CCCCCCCC)(CCCCCCCC)O3,1,0.0,0,1.72,0.0,-3.8,-5.54,*c1cc2c(s1)-c1cc3c(cc1OC2(CCCCCCCC)CCCCCCCC)-c1sc(*)cc1C(CCCCCCCC)(CCCCCCCC)O3,*c1c(C#N)c(C#N)c(*)c2nsnc12,DCNBT-TPIC,*c1cc2c(s1)-c1cc3c(cc1C(CCCCCCCC)(CCCCCCCC)O2)-c1sc(-c2c(C#N)c(C#N)c(*)c4nsnc24)cc1OC3(CCCCCCCC)CCCCCCCC,1,0.0,0,0.16,0.0,-3.87,-5.51,*c1cc2c(s1)-c1cc3c(cc1C(CCCCCCCC)(CCCCCCCC)O2)-c1sc(*)cc1OC3(CCCCCCCC)CCCCCCCC,*c1c(C#N)c(C#N)c(*)c2nsnc12
10.1002/adma.202300145,PNFFN-FDTE,*c1ccc2c(n1)N(CCCC(CCCCCCCCCC)CCCCCCCCCC)C(=O)/C2=C1/C(=O)N(CCCC(CCCCCCCCCC)CCCCCCCCCC)c2c1ccc(/C=C/c1ccc3c(c1F)N(CCCC(CCCCCCCCCC)CCCCCCCCCC)C(=O)/C3=C1/C(=O)N(CCCC(CCCCCCCCCC)CCCCCCCCCC)c3nc(-c4cc(F)c(/C=C/c5sc(*)cc5F)s4)ccc31)c2F,1,0.0,1,16.67,0.42,-3.79,-5.78,*c1cc(F)c(/C=C/c2sc(*)cc2F)s1,*c1ccc2c(n1)N(CCCC(CCCCCCCCCC)CCCCCCCCCC)C(=O)/C2=C1/C(=O)N(CCCC(CCCCCCCCCC)CCCCCCCCCC)c2c1ccc(/C=C/c1ccc3c(c1F)N(CCCC(CCCCCCCCCC)CCCCCCCCCC)C(=O)/C3=C1/C(=O)N(CCCC(CCCCCCCCCC)CCCCCCCCCC)c3nc(*)ccc31)c2F,PNFFN-DTE,*c1ccc2c(n1)N(CCCC(CCCCCCCCCC)CCCCCCCCCC)C(=O)/C2=C1/C(=O)N(CCCC(CCCCCCCCCC)CCCCCCCCCC)c2c1ccc(/C=C/c1ccc3c(c1F)N(CCCC(CCCCCCCCCC)CCCCCCCCCC)C(=O)/C3=C1/C(=O)N(CCCC(CCCCCCCCCC)CCCCCCCCCC)c3nc(-c4ccc(/C=C/c5ccc(*)s5)s4)ccc31)c2F,1,0.0,1,3.83,1.22,-3.64,-5.48,*c1ccc(/C=C/c2ccc(*)s2)s1,*c1ccc2c(n1)N(CCCC(CCCCCCCCCC)CCCCCCCCCC)C(=O)/C2=C1/C(=O)N(CCCC(CCCCCCCCCC)CCCCCCCCCC)c2c1ccc(/C=C/c1ccc3c(c1F)N(CCCC(CCCCCCCCCC)CCCCCCCCCC)C(=O)/C3=C1/C(=O)N(CCCC(CCCCCCCCCC)CCCCCCCCCC)c3nc(*)ccc31)c2F
10.1002/adma.202305987,PPT-4,*c1cc2sc(-c3cnc(-c4cc5sc(-c6ncc(*)c7nn(CCCCC(CCCCCCCCCC)CCCCCCCCCC)nc67)cc5s4)c4nn(CCCCC(CCCCCCCCCC)CCCCCCCCCC)nc34)cc2s1,1,0.0,1,0.0,0.97,-3.65,-5.43,*c1cnc(-c2cc3sc(-c4ncc(*)c5nn(CCCCC(CCCCCCCCCC)CCCCCCCCCC)nc45)cc3s2)c2nn(CCCCC(CCCCCCCCCC)CCCCCCCCCC)nc12,*c1cc2sc(*)cc2s1,PPT-5,*c1cc2sc(-c3cnc(-c4cc(F)c(-c5sc(-c6ncc(*)c7nn(CCCCC(CCCCCCCCCC)CCCCCCCCCC)nc67)cc5F)s4)c4nn(CCCCC(CCCCCCCCCC)CCCCCCCCCC)nc34)cc2s1,1,0.0,1,0.0,1.17,-3.74,-5.52,*c1cnc(-c2cc(F)c(-c3sc(-c4ncc(*)c5nn(CCCCC(CCCCCCCCCC)CCCCCCCCCC)nc45)cc3F)s2)c2nn(CCCCC(CCCCCCCCCC)CCCCCCCCCC)nc12,*c1cc2sc(*)cc2s1
10.1002/adma.202305987,PPT-4,*c1cc2sc(-c3cnc(-c4cc5sc(-c6ncc(*)c7nn(CCCCC(CCCCCCCCCC)CCCCCCCCCC)nc67)cc5s4)c4nn(CCCCC(CCCCCCCCCC)CCCCCCCCCC)nc34)cc2s1,1,0.0,1,0.0,0.97,-3.65,-5.43,*c1cnc(-c2cc3sc(-c4ncc(*)c5nn(CCCCC(CCCCCCCCCC)CCCCCCCCCC)nc45)cc3s2)c2nn(CCCCC(CCCCCCCCCC)CCCCCCCCCC)nc12,*c1cc2sc(*)cc2s1,PPT-6,*c1ccc(C2=C3C(=O)N(CCCCCCCC)C(c4ccc(-c5cnc(-c6cc7sc(-c8ncc(*)c9nn(CCCCC(CCCCCCCCCC)CCCCCCCCCC)nc89)cc7s6)c6nn(CCCCC(CCCCCCCCCC)CCCCCCCCCC)nc56)s4)=C3C(=O)N2CCCCCCCC)s1,1,0.0,1,0.0,0.16,-3.9,-5.29,*c1cnc(-c2cc3sc(-c4ncc(*)c5nn(CCCCC(CCCCCCCCCC)CCCCCCCCCC)nc45)cc3s2)c2nn(CCCCC(CCCCCCCCCC)CCCCCCCCCC)nc12,*c1ccc(C2=C3C(=O)N(CCCCCCCC)C(c4ccc(*)s4)=C3C(=O)N2CCCCCCCC)s1
10.1002/adma.202305987,PPT-4,*c1cc2sc(-c3cnc(-c4cc5sc(-c6ncc(*)c7nn(CCCCC(CCCCCCCCCC)CCCCCCCCCC)nc67)cc5s4)c4nn(CCCCC(CCCCCCCCCC)CCCCCCCCCC)nc34)cc2s1,1,0.0,1,0.0,0.97,-3.65,-5.43,*c1cnc(-c2cc3sc(-c4ncc(*)c5nn(CCCCC(CCCCCCCCCC)CCCCCCCCCC)nc45)cc3s2)c2nn(CCCCC(CCCCCCCCCC)CCCCCCCCCC)nc12,*c1cc2sc(*)cc2s1,PPT-7,*c1ccc(C2=C3C(=O)N(CCCCCCCC)C(c4ccc(-c5cnc(-c6cc(F)c(-c7sc(-c8ncc(*)c9nn(CCCCC(CCCCCCCCCC)CCCCCCCCCC)nc89)cc7F)s6)c6nn(CCCCC(CCCCCCCCCC)CCCCCCCCCC)nc56)s4)=C3C(=O)N2CCCCCCCC)s1,1,0.0,1,0.0,0.022,-3.96,-5.33,*c1cnc(-c2cc(F)c(-c3sc(-c4ncc(*)c5nn(CCCCC(CCCCCCCCCC)CCCCCCCCCC)nc45)cc3F)s2)c2nn(CCCCC(CCCCCCCCCC)CCCCCCCCCC)nc12,*c1ccc(C2=C3C(=O)N(CCCCCCCC)C(c4ccc(*)s4)=C3C(=O)N2CCCCCCCC)s1
10.1002/adma.202305987,PPT-5,*c1cc2sc(-c3cnc(-c4cc(F)c(-c5sc(-c6ncc(*)c7nn(CCCCC(CCCCCCCCCC)CCCCCCCCCC)nc67)cc5F)s4)c4nn(CCCCC(CCCCCCCCCC)CCCCCCCCCC)nc34)cc2s1,1,0.0,1,0.0,1.17,-3.74,-5.52,*c1cnc(-c2cc(F)c(-c3sc(-c4ncc(*)c5nn(CCCCC(CCCCCCCCCC)CCCCCCCCCC)nc45)cc3F)s2)c2nn(CCCCC(CCCCCCCCCC)CCCCCCCCCC)nc12,*c1cc2sc(*)cc2s1,PPT-6,*c1ccc(C2=C3C(=O)N(CCCCCCCC)C(c4ccc(-c5cnc(-c6cc7sc(-c8ncc(*)c9nn(CCCCC(CCCCCCCCCC)CCCCCCCCCC)nc89)cc7s6)c6nn(CCCCC(CCCCCCCCCC)CCCCCCCCCC)nc56)s4)=C3C(=O)N2CCCCCCCC)s1,1,0.0,1,0.0,0.16,-3.9,-5.29,*c1cnc(-c2cc3sc(-c4ncc(*)c5nn(CCCCC(CCCCCCCCCC)CCCCCCCCCC)nc45)cc3s2)c2nn(CCCCC(CCCCCCCCCC)CCCCCCCCCC)nc12,*c1ccc(C2=C3C(=O)N(CCCCCCCC)C(c4ccc(*)s4)=C3C(=O)N2CCCCCCCC)s1
10.1002/adma.202305987,PPT-5,*c1cc2sc(-c3cnc(-c4cc(F)c(-c5sc(-c6ncc(*)c7nn(CCCCC(CCCCCCCCCC)CCCCCCCCCC)nc67)cc5F)s4)c4nn(CCCCC(CCCCCCCCCC)CCCCCCCCCC)nc34)cc2s1,1,0.0,1,0.0,1.17,-3.74,-5.52,*c1cnc(-c2cc(F)c(-c3sc(-c4ncc(*)c5nn(CCCCC(CCCCCCCCCC)CCCCCCCCCC)nc45)cc3F)s2)c2nn(CCCCC(CCCCCCCCCC)CCCCCCCCCC)nc12,*c1cc2sc(*)cc2s1,PPT-7,*c1ccc(C2=C3C(=O)N(CCCCCCCC)C(c4ccc(-c5cnc(-c6cc(F)c(-c7sc(-c8ncc(*)c9nn(CCCCC(CCCCCCCCCC)CCCCCCCCCC)nc89)cc7F)s6)c6nn(CCCCC(CCCCCCCCCC)CCCCCCCCCC)nc56)s4)=C3C(=O)N2CCCCCCCC)s1,1,0.0,1,0.0,0.022,-3.96,-5.33,*c1cnc(-c2cc(F)c(-c3sc(-c4ncc(*)c5nn(CCCCC(CCCCCCCCCC)CCCCCCCCCC)nc45)cc3F)s2)c2nn(CCCCC(CCCCCCCCCC)CCCCCCCCCC)nc12,*c1ccc(C2=C3C(=O)N(CCCCCCCC)C(c4ccc(*)s4)=C3C(=O)N2CCCCCCCC)s1
10.1002/adma.202305987,PPT-6,*c1ccc(C2=C3C(=O)N(CCCCCCCC)C(c4ccc(-c5cnc(-c6cc7sc(-c8ncc(*)c9nn(CCCCC(CCCCCCCCCC)CCCCCCCCCC)nc89)cc7s6)c6nn(CCCCC(CCCCCCCCCC)CCCCCCCCCC)nc56)s4)=C3C(=O)N2CCCCCCCC)s1,1,0.0,1,0.0,0.16,-3.9,-5.29,*c1cnc(-c2cc3sc(-c4ncc(*)c5nn(CCCCC(CCCCCCCCCC)CCCCCCCCCC)nc45)cc3s2)c2nn(CCCCC(CCCCCCCCCC)CCCCCCCCCC)nc12,*c1ccc(C2=C3C(=O)N(CCCCCCCC)C(c4ccc(*)s4)=C3C(=O)N2CCCCCCCC)s1,PPT-7,*c1ccc(C2=C3C(=O)N(CCCCCCCC)C(c4ccc(-c5cnc(-c6cc(F)c(-c7sc(-c8ncc(*)c9nn(CCCCC(CCCCCCCCCC)CCCCCCCCCC)nc89)cc7F)s6)c6nn(CCCCC(CCCCCCCCCC)CCCCCCCCCC)nc56)s4)=C3C(=O)N2CCCCCCCC)s1,1,0.0,1,0.0,0.022,-3.96,-5.33,*c1cnc(-c2cc(F)c(-c3sc(-c4ncc(*)c5nn(CCCCC(CCCCCCCCCC)CCCCCCCCCC)nc45)cc3F)s2)c2nn(CCCCC(CCCCCCCCCC)CCCCCCCCCC)nc12,*c1ccc(C2=C3C(=O)N(CCCCCCCC)C(c4ccc(*)s4)=C3C(=O)N2CCCCCCCC)s1
10.1002/admi.201901036,DPP-IDT,*c1ccc(C2=C3C(=O)N(CC(CC)CCCC)C(c4ccc(-c5cc6c(s5)-c5cc7c(cc5C6(CCCCCCCC)CCCCCCCC)-c5sc(*)cc5C7(CCCCCCCC)CCCCCCCC)s4)=C3C(=O)N2CC(CC)CCCC)s1,1,0.0,1,0.0,1.02,-3.66,-5.44,*c1cc2c(s1)-c1cc3c(cc1C2(CCCCCCCC)CCCCCCCC)-c1sc(*)cc1C3(CCCCCCCC)CCCCCCCC,*c1ccc(C2=C3C(=O)N(CC(CC)CCCC)C(c4ccc(*)s4)=C3C(=O)N2CC(CC)CCCC)s1,DPPS-IDT,*c1ccc(C2=C3C(=S)N(CC(CC)CCCC)C(c4ccc(-c5cc6c(s5)-c5cc7c(cc5C6(CCCCCCCC)CCCCCCCC)-c5sc(*)cc5C7(CCCCCCCC)CCCCCCCC)s4)=C3C(=S)N2CC(CC)CCCC)s1,1,0.0,1,0.0,1.64,-3.79,-5.23,*c1cc2c(s1)-c1cc3c(cc1C2(CCCCCCCC)CCCCCCCC)-c1sc(*)cc1C3(CCCCCCCC)CCCCCCCC,*c1ccc(C2=C3C(=S)N(CC(CC)CCCC)C(c4ccc(*)s4)=C3C(=S)N2CC(CC)CCCC)s1
10.1002/adom.202201243,PPT-1,*c1ccc(-c2ncc(-c3ccc(-c4cnc(-c5ccc(-c6cc(F)c(-c7sc(*)cc7F)s6)s5)c5nn(CCCCC(CCCCCCCCCC)CCCCCCCCCC)nc45)c4nsnc34)c3nn(CCCCC(CCCCCCCCCC)CCCCCCCCCC)nc23)s1,1,0.0,0,0.0,0.009,-3.71,-5.51,*c1cc(F)c(-c2sc(*)cc2F)s1,*c1ccc(-c2ncc(-c3ccc(-c4cnc(-c5ccc(*)s5)c5nn(CCCCC(CCCCCCCCCC)CCCCCCCCCC)nc45)c4nsnc34)c3nn(CCCCC(CCCCCCCCCC)CCCCCCCCCC)nc23)s1,PPT-2,*c1cc(F)c(-c2sc(-c3cnc(-c4cc5sc(-c6ncc(*)c7nn(CCCCC(CCCCCCCCCC)CCCCCCCCCC)nc67)cc5s4)c4nn(CCCCC(CCCCCCCCCC)CCCCCCCCCC)nc34)cc2F)s1,1,0.0,1,0.0,0.35,-3.7,-5.48,*c1cc(F)c(-c2sc(*)cc2F)s1,*c1cnc(-c2cc3sc(-c4ncc(*)c5nn(CCCCC(CCCCCCCCCC)CCCCCCCCCC)nc45)cc3s2)c2nn(CCCCC(CCCCCCCCCC)CCCCCCCCCC)nc12
10.1002/adom.202201243,PPT-1,*c1ccc(-c2ncc(-c3ccc(-c4cnc(-c5ccc(-c6cc(F)c(-c7sc(*)cc7F)s6)s5)c5nn(CCCCC(CCCCCCCCCC)CCCCCCCCCC)nc45)c4nsnc34)c3nn(CCCCC(CCCCCCCCCC)CCCCCCCCCC)nc23)s1,1,0.0,0,0.0,0.009,-3.71,-5.51,*c1cc(F)c(-c2sc(*)cc2F)s1,*c1ccc(-c2ncc(-c3ccc(-c4cnc(-c5ccc(*)s5)c5nn(CCCCC(CCCCCCCCCC)CCCCCCCCCC)nc45)c4nsnc34)c3nn(CCCCC(CCCCCCCCCC)CCCCCCCCCC)nc23)s1,PPT-3,*c1cc(F)c(-c2sc(-c3cnc(-c4cc(F)c(-c5sc(-c6ncc(*)c7nn(CCCCC(CCCCCCCCCC)CCCCCCCCCC)nc67)cc5F)s4)c4nn(CCCCC(CCCCCCCCCC)CCCCCCCCCC)nc34)cc2F)s1,1,0.0,1,0.0,0.07,-3.7,-5.49,*c1cc(F)c(-c2sc(*)cc2F)s1,*c1cnc(-c2cc(F)c(-c3sc(-c4ncc(*)c5nn(CCCCC(CCCCCCCCCC)CCCCCCCCCC)nc45)cc3F)s2)c2nn(CCCCC(CCCCCCCCCC)CCCCCCCCCC)nc12
10.1002/adom.202201243,PPT-2,*c1cc(F)c(-c2sc(-c3cnc(-c4cc5sc(-c6ncc(*)c7nn(CCCCC(CCCCCCCCCC)CCCCCCCCCC)nc67)cc5s4)c4nn(CCCCC(CCCCCCCCCC)CCCCCCCCCC)nc34)cc2F)s1,1,0.0,1,0.0,0.35,-3.7,-5.48,*c1cc(F)c(-c2sc(*)cc2F)s1,*c1cnc(-c2cc3sc(-c4ncc(*)c5nn(CCCCC(CCCCCCCCCC)CCCCCCCCCC)nc45)cc3s2)c2nn(CCCCC(CCCCCCCCCC)CCCCCCCCCC)nc12,PPT-3,*c1cc(F)c(-c2sc(-c3cnc(-c4cc(F)c(-c5sc(-c6ncc(*)c7nn(CCCCC(CCCCCCCCCC)CCCCCCCCCC)nc67)cc5F)s4)c4nn(CCCCC(CCCCCCCCCC)CCCCCCCCCC)nc34)cc2F)s1,1,0.0,1,0.0,0.07,-3.7,-5.49,*c1cc(F)c(-c2sc(*)cc2F)s1,*c1cnc(-c2cc(F)c(-c3sc(-c4ncc(*)c5nn(CCCCC(CCCCCCCCCC)CCCCCCCCCC)nc45)cc3F)s2)c2nn(CCCCC(CCCCCCCCCC)CCCCCCCCCC)nc12
10.1002/advs.201801743,PhI-ffBT,*c1ccc(-c2c(F)c(F)c(-c3ccc(-c4sc(-c5ccc(-c6cc(CC(CCCCCC)CCCCCCCC)c(*)s6)c6c5C(=O)N(CC(CCCCCC)CCCCCCCC)C6=O)cc4CC(CCCCCC)CCCCCCCC)s3)c3nsnc23)s1,1,0.0,0,0.0,0.63,-3.8,-5.55,*c1ccc(-c2c(F)c(F)c(-c3ccc(*)s3)c3nsnc23)s1,*c1sc(-c2ccc(-c3cc(CC(CCCCCC)CCCCCCCC)c(*)s3)c3c2C(=O)N(CC(CCCCCC)CCCCCCCC)C3=O)cc1CC(CCCCCC)CCCCCCCC,ffPhI-ffBT,*c1ccc(-c2c(F)c(F)c(-c3ccc(-c4sc(-c5c(F)c(F)c(-c6cc(CC(CCCCCC)CCCCCCCC)c(*)s6)c6c5C(=O)N(CC(CCCCCC)CCCCCCCC)C6=O)cc4CC(CCCCCC)CCCCCCCC)s3)c3nsnc23)s1,1,0.0,0,0.0,0.93,-3.86,-5.63,*c1ccc(-c2c(F)c(F)c(-c3ccc(*)s3)c3nsnc23)s1,*c1sc(-c2c(F)c(F)c(-c3cc(CC(CCCCCC)CCCCCCCC)c(*)s3)c3c2C(=O)N(CC(CCCCCC)CCCCCCCC)C3=O)cc1CC(CCCCCC)CCCCCCCC
10.1002/aelm.201500039,PTTD2TV,*/C=C/c1sc(C2=C3SC(=O)C(c4cc(CC(CCCCCCCCCC)CCCCCCCCCCCC)c(*)s4)=C3SC2=O)cc1CC(CCCCCCCCCC)CCCCCCCCCCCC,1,0.0,1,0.009,0.0033,-3.75,-5.49,*c1sc(C2=C3SC(=O)C(c4cc(CC(CCCCCCCCCC)CCCCCCCCCCCC)c(*)s4)=C3SC2=O)cc1CC(CCCCCCCCCC)CCCCCCCCCCCC,*/C=C/*,PTTD2TTT,*c1cc2sc(-c3sc(C4=C5SC(=O)C(c6cc(CC(CCCCCCCCCC)CCCCCCCCCCCC)c(*)s6)=C5SC4=O)cc3CC(CCCCCCCCCC)CCCCCCCCCCCC)cc2s1,1,0.0,1,0.14,0.14,-3.84,-5.38,*c1sc(C2=C3SC(=O)C(c4cc(CC(CCCCCCCCCC)CCCCCCCCCCCC)c(*)s4)=C3SC2=O)cc1CC(CCCCCCCCCC)CCCCCCCCCCCC,*c1cc2sc(*)cc2s1
10.1002/aelm.201500039,PTTD2TV,*/C=C/c1sc(C2=C3SC(=O)C(c4cc(CC(CCCCCCCCCC)CCCCCCCCCCCC)c(*)s4)=C3SC2=O)cc1CC(CCCCCCCCCC)CCCCCCCCCCCC,1,0.0,1,0.009,0.0033,-3.75,-5.49,*c1sc(C2=C3SC(=O)C(c4cc(CC(CCCCCCCCCC)CCCCCCCCCCCC)c(*)s4)=C3SC2=O)cc1CC(CCCCCCCCCC)CCCCCCCCCCCC,*/C=C/*,PTTD4T,*c1ccc(-c2ccc(-c3sc(C4=C5SC(=O)C(c6cc(CC(CCCCCCCCCC)CCCCCCCCCCCC)c(*)s6)=C5SC4=O)cc3CC(CCCCCCCCCC)CCCCCCCCCCCC)s2)s1,1,0.0,1,0.17,0.28,-3.83,-5.19,*c1sc(C2=C3SC(=O)C(c4cc(CC(CCCCCCCCCC)CCCCCCCCCCCC)c(*)s4)=C3SC2=O)cc1CC(CCCCCCCCCC)CCCCCCCCCCCC,*c1ccc(-c2ccc(*)s2)s1
10.1002/aelm.201500039,PTTD2TV,*/C=C/c1sc(C2=C3SC(=O)C(c4cc(CC(CCCCCCCCCC)CCCCCCCCCCCC)c(*)s4)=C3SC2=O)cc1CC(CCCCCCCCCC)CCCCCCCCCCCC,1,0.0,1,0.009,0.0033,-3.75,-5.49,*c1sc(C2=C3SC(=O)C(c4cc(CC(CCCCCCCCCC)CCCCCCCCCCCC)c(*)s4)=C3SC2=O)cc1CC(CCCCCCCCCC)CCCCCCCCCCCC,*/C=C/*,PTTD4TV,*c1ccc(/C=C/c2ccc(-c3sc(C4=C5SC(=O)C(c6cc(CC(CCCCCCCCCC)CCCCCCCCCCCC)c(*)s6)=C5SC4=O)cc3CC(CCCCCCCCCC)CCCCCCCCCCCC)s2)s1,1,0.0,1,0.041,0.23,-3.84,-5.14,*c1sc(C2=C3SC(=O)C(c4cc(CC(CCCCCCCCCC)CCCCCCCCCCCC)c(*)s4)=C3SC2=O)cc1CC(CCCCCCCCCC)CCCCCCCCCCCC,*c1ccc(/C=C/c2ccc(*)s2)s1
10.1002/aelm.201500039,PTTD2TTT,*c1cc2sc(-c3sc(C4=C5SC(=O)C(c6cc(CC(CCCCCCCCCC)CCCCCCCCCCCC)c(*)s6)=C5SC4=O)cc3CC(CCCCCCCCCC)CCCCCCCCCCCC)cc2s1,1,0.0,1,0.14,0.14,-3.84,-5.38,*c1sc(C2=C3SC(=O)C(c4cc(CC(CCCCCCCCCC)CCCCCCCCCCCC)c(*)s4)=C3SC2=O)cc1CC(CCCCCCCCCC)CCCCCCCCCCCC,*c1cc2sc(*)cc2s1,PTTD4T,*c1ccc(-c2ccc(-c3sc(C4=C5SC(=O)C(c6cc(CC(CCCCCCCCCC)CCCCCCCCCCCC)c(*)s6)=C5SC4=O)cc3CC(CCCCCCCCCC)CCCCCCCCCCCC)s2)s1,1,0.0,1,0.17,0.28,-3.83,-5.19,*c1sc(C2=C3SC(=O)C(c4cc(CC(CCCCCCCCCC)CCCCCCCCCCCC)c(*)s4)=C3SC2=O)cc1CC(CCCCCCCCCC)CCCCCCCCCCCC,*c1ccc(-c2ccc(*)s2)s1
10.1002/aelm.201500039,PTTD2TTT,*c1cc2sc(-c3sc(C4=C5SC(=O)C(c6cc(CC(CCCCCCCCCC)CCCCCCCCCCCC)c(*)s6)=C5SC4=O)cc3CC(CCCCCCCCCC)CCCCCCCCCCCC)cc2s1,1,0.0,1,0.14,0.14,-3.84,-5.38,*c1sc(C2=C3SC(=O)C(c4cc(CC(CCCCCCCCCC)CCCCCCCCCCCC)c(*)s4)=C3SC2=O)cc1CC(CCCCCCCCCC)CCCCCCCCCCCC,*c1cc2sc(*)cc2s1,PTTD4TV,*c1ccc(/C=C/c2ccc(-c3sc(C4=C5SC(=O)C(c6cc(CC(CCCCCCCCCC)CCCCCCCCCCCC)c(*)s6)=C5SC4=O)cc3CC(CCCCCCCCCC)CCCCCCCCCCCC)s2)s1,1,0.0,1,0.041,0.23,-3.84,-5.14,*c1sc(C2=C3SC(=O)C(c4cc(CC(CCCCCCCCCC)CCCCCCCCCCCC)c(*)s4)=C3SC2=O)cc1CC(CCCCCCCCCC)CCCCCCCCCCCC,*c1ccc(/C=C/c2ccc(*)s2)s1
10.1002/aelm.201500039,PTTD4T,*c1ccc(-c2ccc(-c3sc(C4=C5SC(=O)C(c6cc(CC(CCCCCCCCCC)CCCCCCCCCCCC)c(*)s6)=C5SC4=O)cc3CC(CCCCCCCCCC)CCCCCCCCCCCC)s2)s1,1,0.0,1,0.17,0.28,-3.83,-5.19,*c1sc(C2=C3SC(=O)C(c4cc(CC(CCCCCCCCCC)CCCCCCCCCCCC)c(*)s4)=C3SC2=O)cc1CC(CCCCCCCCCC)CCCCCCCCCCCC,*c1ccc(-c2ccc(*)s2)s1,PTTD4TV,*c1ccc(/C=C/c2ccc(-c3sc(C4=C5SC(=O)C(c6cc(CC(CCCCCCCCCC)CCCCCCCCCCCC)c(*)s6)=C5SC4=O)cc3CC(CCCCCCCCCC)CCCCCCCCCCCC)s2)s1,1,0.0,1,0.041,0.23,-3.84,-5.14,*c1sc(C2=C3SC(=O)C(c4cc(CC(CCCCCCCCCC)CCCCCCCCCCCC)c(*)s4)=C3SC2=O)cc1CC(CCCCCCCCCC)CCCCCCCCCCCC,*c1ccc(/C=C/c2ccc(*)s2)s1
10.1002/aelm.201500313,PT-BdiTBI,*c1ccc(-c2cc3c(s2)/C(=C2\C(=O)N(CC(CCCCCCCC)CCCCCCCCCC)c4cc(-c5ccc6c(c5)N(CC(CCCCCCCC)CCCCCCCCCC)C(=O)/C6=C5/C(=O)N(CC(CC)CCCC)c6cc(*)sc65)ccc42)C(=O)N3CC(CC)CCCC)s1,1,0.0,0,0.015,0.025,-3.75,-5.51,*c1ccc(*)s1,*c1cc2c(s1)/C(=C1\C(=O)N(CC(CCCCCCCC)CCCCCCCCCC)c3cc(-c4ccc5c(c4)N(CC(CCCCCCCC)CCCCCCCCCC)C(=O)/C5=C4/C(=O)N(CC(CC)CCCC)c5cc(*)sc54)ccc31)C(=O)N2CC(CC)CCCC,P2T-BdiTBI,*c1ccc(-c2ccc(-c3cc4c(s3)/C(=C3\C(=O)N(CC(CCCCCCCC)CCCCCCCCCC)c5cc(-c6ccc7c(c6)N(CC(CCCCCCCC)CCCCCCCCCC)C(=O)/C7=C6/C(=O)N(CC(CC)CCCC)c7cc(*)sc76)ccc53)C(=O)N4CC(CC)CCCC)s2)s1,1,0.0,1,0.0066,0.027,-3.73,-5.4,*c1ccc(-c2ccc(*)s2)s1,*c1cc2c(s1)/C(=C1\C(=O)N(CC(CCCCCCCC)CCCCCCCCCC)c3cc(-c4ccc5c(c4)N(CC(CCCCCCCC)CCCCCCCCCC)C(=O)/C5=C4/C(=O)N(CC(CC)CCCC)c5cc(*)sc54)ccc31)C(=O)N2CC(CC)CCCC
10.1002/aelm.201700078,PAIID-BS,*c1ccc2c(n1)N(CCCC(CCCCCCCCCC)CCCCCCCCCC)C(=O)/C2=C1/C(=O)N(CCCC(CCCCCCCCCC)CCCCCCCCCC)c2nc(-c3ccc(-c4ccc(*)[se]4)[se]3)ccc21,1,0.0,1,0.32,2.38,-3.66,-5.58,*c1ccc2c(n1)N(CCCC(CCCCCCCCCC)CCCCCCCCCC)C(=O)/C2=C1/C(=O)N(CCCC(CCCCCCCCCC)CCCCCCCCCC)c2nc(*)ccc21,*c1ccc(-c2ccc(*)[se]2)[se]1,PAIID-DSE,*c1ccc2c(n1)N(CCCC(CCCCCCCCCC)CCCCCCCCCC)C(=O)/C2=C1/C(=O)N(CCCC(CCCCCCCCCC)CCCCCCCCCC)c2nc(-c3ccc(/C=C/c4ccc(*)[se]4)[se]3)ccc21,1,0.0,1,0.14,0.73,-3.65,-5.54,*c1ccc2c(n1)N(CCCC(CCCCCCCCCC)CCCCCCCCCC)C(=O)/C2=C1/C(=O)N(CCCC(CCCCCCCCCC)CCCCCCCCCC)c2nc(*)ccc21,*c1ccc(/C=C/c2ccc(*)[se]2)[se]1
10.1002/aelm.201700078,PAIID-BS,*c1ccc2c(n1)N(CCCC(CCCCCCCCCC)CCCCCCCCCC)C(=O)/C2=C1/C(=O)N(CCCC(CCCCCCCCCC)CCCCCCCCCC)c2nc(-c3ccc(-c4ccc(*)[se]4)[se]3)ccc21,1,0.0,1,0.32,2.38,-3.66,-5.58,*c1ccc2c(n1)N(CCCC(CCCCCCCCCC)CCCCCCCCCC)C(=O)/C2=C1/C(=O)N(CCCC(CCCCCCCCCC)CCCCCCCCCC)c2nc(*)ccc21,*c1ccc(-c2ccc(*)[se]2)[se]1,PAIID-DTE,*c1ccc2c(n1)N(CCCC(CCCCCCCCCC)CCCCCCCCCC)C(=O)/C2=C1/C(=O)N(CCCC(CCCCCCCCCC)CCCCCCCCCC)c2nc(-c3ccc(/C=C/c4ccc(*)s4)s3)ccc21,1,0.0,1,0.02,1.59,-3.6,-5.56,*c1ccc2c(n1)N(CCCC(CCCCCCCCCC)CCCCCCCCCC)C(=O)/C2=C1/C(=O)N(CCCC(CCCCCCCCCC)CCCCCCCCCC)c2nc(*)ccc21,*c1ccc(/C=C/c2ccc(*)s2)s1
10.1002/aelm.201700078,PAIID-BS,*c1ccc2c(n1)N(CCCC(CCCCCCCCCC)CCCCCCCCCC)C(=O)/C2=C1/C(=O)N(CCCC(CCCCCCCCCC)CCCCCCCCCC)c2nc(-c3ccc(-c4ccc(*)[se]4)[se]3)ccc21,1,0.0,1,0.32,2.38,-3.66,-5.58,*c1ccc2c(n1)N(CCCC(CCCCCCCCCC)CCCCCCCCCC)C(=O)/C2=C1/C(=O)N(CCCC(CCCCCCCCCC)CCCCCCCCCC)c2nc(*)ccc21,*c1ccc(-c2ccc(*)[se]2)[se]1,AIID-TT,*c1ccc2c(n1)N(CCCC(CCCCCCCCCC)CCCCCCCCCC)C(=O)/C2=C1/C(=O)N(CCCC(CCCCCCCCCC)CCCCCCCCCC)c2nc(-c3cc4sc(*)cc4s3)ccc21,1,0.0,1,1.54,1.14,-3.7,-5.68,*c1ccc2c(n1)N(CCCC(CCCCCCCCCC)CCCCCCCCCC)C(=O)/C2=C1/C(=O)N(CCCC(CCCCCCCCCC)CCCCCCCCCC)c2nc(*)ccc21,*c1cc2sc(*)cc2s1
10.1002/aelm.201700078,PAIID-BS,*c1ccc2c(n1)N(CCCC(CCCCCCCCCC)CCCCCCCCCC)C(=O)/C2=C1/C(=O)N(CCCC(CCCCCCCCCC)CCCCCCCCCC)c2nc(-c3ccc(-c4ccc(*)[se]4)[se]3)ccc21,1,0.0,1,0.32,2.38,-3.66,-5.58,*c1ccc2c(n1)N(CCCC(CCCCCCCCCC)CCCCCCCCCC)C(=O)/C2=C1/C(=O)N(CCCC(CCCCCCCCCC)CCCCCCCCCC)c2nc(*)ccc21,*c1ccc(-c2ccc(*)[se]2)[se]1,PAIID-BT (S-N),*c1ccc2c(n1)N(CCCC(CCCCCCCCCC)CCCCCCCCCC)C(=O)/C2=C1/C(=O)N(CCCC(CCCCCCCCCC)CCCCCCCCCC)c2nc(-c3ccc(-c4ccc(*)s4)s3)ccc21,1,0.0,1,0.78,2.33,-3.64,-5.67,*c1ccc2c(n1)N(CCCC(CCCCCCCCCC)CCCCCCCCCC)C(=O)/C2=C1/C(=O)N(CCCC(CCCCCCCCCC)CCCCCCCCCC)c2nc(*)ccc21,*c1ccc(-c2ccc(*)s2)s1
10.1002/aelm.201700078,PAIID-DSE,*c1ccc2c(n1)N(CCCC(CCCCCCCCCC)CCCCCCCCCC)C(=O)/C2=C1/C(=O)N(CCCC(CCCCCCCCCC)CCCCCCCCCC)c2nc(-c3ccc(/C=C/c4ccc(*)[se]4)[se]3)ccc21,1,0.0,1,0.14,0.73,-3.65,-5.54,*c1ccc2c(n1)N(CCCC(CCCCCCCCCC)CCCCCCCCCC)C(=O)/C2=C1/C(=O)N(CCCC(CCCCCCCCCC)CCCCCCCCCC)c2nc(*)ccc21,*c1ccc(/C=C/c2ccc(*)[se]2)[se]1,PAIID-DTE,*c1ccc2c(n1)N(CCCC(CCCCCCCCCC)CCCCCCCCCC)C(=O)/C2=C1/C(=O)N(CCCC(CCCCCCCCCC)CCCCCCCCCC)c2nc(-c3ccc(/C=C/c4ccc(*)s4)s3)ccc21,1,0.0,1,0.02,1.59,-3.6,-5.56,*c1ccc2c(n1)N(CCCC(CCCCCCCCCC)CCCCCCCCCC)C(=O)/C2=C1/C(=O)N(CCCC(CCCCCCCCCC)CCCCCCCCCC)c2nc(*)ccc21,*c1ccc(/C=C/c2ccc(*)s2)s1
10.1002/aelm.201700078,PAIID-DSE,*c1ccc2c(n1)N(CCCC(CCCCCCCCCC)CCCCCCCCCC)C(=O)/C2=C1/C(=O)N(CCCC(CCCCCCCCCC)CCCCCCCCCC)c2nc(-c3ccc(/C=C/c4ccc(*)[se]4)[se]3)ccc21,1,0.0,1,0.14,0.73,-3.65,-5.54,*c1ccc2c(n1)N(CCCC(CCCCCCCCCC)CCCCCCCCCC)C(=O)/C2=C1/C(=O)N(CCCC(CCCCCCCCCC)CCCCCCCCCC)c2nc(*)ccc21,*c1ccc(/C=C/c2ccc(*)[se]2)[se]1,AIID-TT,*c1ccc2c(n1)N(CCCC(CCCCCCCCCC)CCCCCCCCCC)C(=O)/C2=C1/C(=O)N(CCCC(CCCCCCCCCC)CCCCCCCCCC)c2nc(-c3cc4sc(*)cc4s3)ccc21,1,0.0,1,1.54,1.14,-3.7,-5.68,*c1ccc2c(n1)N(CCCC(CCCCCCCCCC)CCCCCCCCCC)C(=O)/C2=C1/C(=O)N(CCCC(CCCCCCCCCC)CCCCCCCCCC)c2nc(*)ccc21,*c1cc2sc(*)cc2s1
10.1002/aelm.201700078,PAIID-DSE,*c1ccc2c(n1)N(CCCC(CCCCCCCCCC)CCCCCCCCCC)C(=O)/C2=C1/C(=O)N(CCCC(CCCCCCCCCC)CCCCCCCCCC)c2nc(-c3ccc(/C=C/c4ccc(*)[se]4)[se]3)ccc21,1,0.0,1,0.14,0.73,-3.65,-5.54,*c1ccc2c(n1)N(CCCC(CCCCCCCCCC)CCCCCCCCCC)C(=O)/C2=C1/C(=O)N(CCCC(CCCCCCCCCC)CCCCCCCCCC)c2nc(*)ccc21,*c1ccc(/C=C/c2ccc(*)[se]2)[se]1,PAIID-BT (S-N),*c1ccc2c(n1)N(CCCC(CCCCCCCCCC)CCCCCCCCCC)C(=O)/C2=C1/C(=O)N(CCCC(CCCCCCCCCC)CCCCCCCCCC)c2nc(-c3ccc(-c4ccc(*)s4)s3)ccc21,1,0.0,1,0.78,2.33,-3.64,-5.67,*c1ccc2c(n1)N(CCCC(CCCCCCCCCC)CCCCCCCCCC)C(=O)/C2=C1/C(=O)N(CCCC(CCCCCCCCCC)CCCCCCCCCC)c2nc(*)ccc21,*c1ccc(-c2ccc(*)s2)s1
10.1002/aelm.201700078,PAIID-DTE,*c1ccc2c(n1)N(CCCC(CCCCCCCCCC)CCCCCCCCCC)C(=O)/C2=C1/C(=O)N(CCCC(CCCCCCCCCC)CCCCCCCCCC)c2nc(-c3ccc(/C=C/c4ccc(*)s4)s3)ccc21,1,0.0,1,0.02,1.59,-3.6,-5.56,*c1ccc2c(n1)N(CCCC(CCCCCCCCCC)CCCCCCCCCC)C(=O)/C2=C1/C(=O)N(CCCC(CCCCCCCCCC)CCCCCCCCCC)c2nc(*)ccc21,*c1ccc(/C=C/c2ccc(*)s2)s1,AIID-TT,*c1ccc2c(n1)N(CCCC(CCCCCCCCCC)CCCCCCCCCC)C(=O)/C2=C1/C(=O)N(CCCC(CCCCCCCCCC)CCCCCCCCCC)c2nc(-c3cc4sc(*)cc4s3)ccc21,1,0.0,1,1.54,1.14,-3.7,-5.68,*c1ccc2c(n1)N(CCCC(CCCCCCCCCC)CCCCCCCCCC)C(=O)/C2=C1/C(=O)N(CCCC(CCCCCCCCCC)CCCCCCCCCC)c2nc(*)ccc21,*c1cc2sc(*)cc2s1
10.1002/aelm.201700078,PAIID-DTE,*c1ccc2c(n1)N(CCCC(CCCCCCCCCC)CCCCCCCCCC)C(=O)/C2=C1/C(=O)N(CCCC(CCCCCCCCCC)CCCCCCCCCC)c2nc(-c3ccc(/C=C/c4ccc(*)s4)s3)ccc21,1,0.0,1,0.02,1.59,-3.6,-5.56,*c1ccc2c(n1)N(CCCC(CCCCCCCCCC)CCCCCCCCCC)C(=O)/C2=C1/C(=O)N(CCCC(CCCCCCCCCC)CCCCCCCCCC)c2nc(*)ccc21,*c1ccc(/C=C/c2ccc(*)s2)s1,PAIID-BT (S-N),*c1ccc2c(n1)N(CCCC(CCCCCCCCCC)CCCCCCCCCC)C(=O)/C2=C1/C(=O)N(CCCC(CCCCCCCCCC)CCCCCCCCCC)c2nc(-c3ccc(-c4ccc(*)s4)s3)ccc21,1,0.0,1,0.78,2.33,-3.64,-5.67,*c1ccc2c(n1)N(CCCC(CCCCCCCCCC)CCCCCCCCCC)C(=O)/C2=C1/C(=O)N(CCCC(CCCCCCCCCC)CCCCCCCCCC)c2nc(*)ccc21,*c1ccc(-c2ccc(*)s2)s1
10.1002/aelm.201700078,AIID-TT,*c1ccc2c(n1)N(CCCC(CCCCCCCCCC)CCCCCCCCCC)C(=O)/C2=C1/C(=O)N(CCCC(CCCCCCCCCC)CCCCCCCCCC)c2nc(-c3cc4sc(*)cc4s3)ccc21,1,0.0,1,1.54,1.14,-3.7,-5.68,*c1ccc2c(n1)N(CCCC(CCCCCCCCCC)CCCCCCCCCC)C(=O)/C2=C1/C(=O)N(CCCC(CCCCCCCCCC)CCCCCCCCCC)c2nc(*)ccc21,*c1cc2sc(*)cc2s1,PAIID-BT (S-N),*c1ccc2c(n1)N(CCCC(CCCCCCCCCC)CCCCCCCCCC)C(=O)/C2=C1/C(=O)N(CCCC(CCCCCCCCCC)CCCCCCCCCC)c2nc(-c3ccc(-c4ccc(*)s4)s3)ccc21,1,0.0,1,0.78,2.33,-3.64,-5.67,*c1ccc2c(n1)N(CCCC(CCCCCCCCCC)CCCCCCCCCC)C(=O)/C2=C1/C(=O)N(CCCC(CCCCCCCCCC)CCCCCCCCCC)c2nc(*)ccc21,*c1ccc(-c2ccc(*)s2)s1
10.1002/aelm.201700100,PffBX-BT,*c1ccc(-c2ccc(-c3sc(-c4c(F)c(F)c(-c5cc(CC(CCCCCCCCCC)CCCCCCCCCCCC)c(*)s5)c5nonc45)cc3CC(CCCCCCCCCC)CCCCCCCCCCCC)s2)s1,1,0.0,0,0.0,2.92,-3.83,-5.45,*c1ccc(-c2ccc(*)s2)s1,*c1sc(-c2c(F)c(F)c(-c3cc(CC(CCCCCCCCCC)CCCCCCCCCCCC)c(*)s3)c3nonc23)cc1CC(CCCCCCCCCC)CCCCCCCCCCCC,PffBX-BT2F,*c1cc(F)c(-c2sc(-c3sc(-c4c(F)c(F)c(-c5cc(CC(CCCCCCCCCC)CCCCCCCCCCCC)c(*)s5)c5nonc45)cc3CC(CCCCCCCCCC)CCCCCCCCCCCC)cc2F)s1,1,0.0,0,0.0,0.7,-3.83,-5.48,*c1cc(F)c(-c2sc(*)cc2F)s1,*c1sc(-c2c(F)c(F)c(-c3cc(CC(CCCCCCCCCC)CCCCCCCCCCCC)c(*)s3)c3nonc23)cc1CC(CCCCCCCCCC)CCCCCCCCCCCC
10.1002/aelm.201700100,PffBX-BT,*c1ccc(-c2ccc(-c3sc(-c4c(F)c(F)c(-c5cc(CC(CCCCCCCCCC)CCCCCCCCCCCC)c(*)s5)c5nonc45)cc3CC(CCCCCCCCCC)CCCCCCCCCCCC)s2)s1,1,0.0,0,0.0,2.92,-3.83,-5.45,*c1ccc(-c2ccc(*)s2)s1,*c1sc(-c2c(F)c(F)c(-c3cc(CC(CCCCCCCCCC)CCCCCCCCCCCC)c(*)s3)c3nonc23)cc1CC(CCCCCCCCCC)CCCCCCCCCCCC,PffBX-TTz,*c1cnc(-c2ccc(-c3sc(-c4c(F)c(F)c(-c5cc(CC(CCCCCCCCCC)CCCCCCCCCCCC)c(*)s5)c5nonc45)cc3CC(CCCCCCCCCC)CCCCCCCCCCCC)s2)s1,1,0.0,0,0.35,0.27,-4.0,-5.65,*c1ccc(-c2ncc(*)s2)s1,*c1sc(-c2c(F)c(F)c(-c3cc(CC(CCCCCCCCCC)CCCCCCCCCCCC)c(*)s3)c3nonc23)cc1CC(CCCCCCCCCC)CCCCCCCCCCCC
10.1002/aelm.201700100,PffBX-BT,*c1ccc(-c2ccc(-c3sc(-c4c(F)c(F)c(-c5cc(CC(CCCCCCCCCC)CCCCCCCCCCCC)c(*)s5)c5nonc45)cc3CC(CCCCCCCCCC)CCCCCCCCCCCC)s2)s1,1,0.0,0,0.0,2.92,-3.83,-5.45,*c1ccc(-c2ccc(*)s2)s1,*c1sc(-c2c(F)c(F)c(-c3cc(CC(CCCCCCCCCC)CCCCCCCCCCCC)c(*)s3)c3nonc23)cc1CC(CCCCCCCCCC)CCCCCCCCCCCC,PffBX-BTz,*c1cnc(-c2ncc(-c3sc(-c4c(F)c(F)c(-c5cc(CC(CCCCCCCCCC)CCCCCCCCCCCC)c(*)s5)c5nonc45)cc3CC(CCCCCCCCCC)CCCCCCCCCCCC)s2)s1,1,0.0,0,0.83,0.0,-4.13,-5.87,*c1cnc(-c2ncc(*)s2)s1,*c1sc(-c2c(F)c(F)c(-c3cc(CC(CCCCCCCCCC)CCCCCCCCCCCC)c(*)s3)c3nonc23)cc1CC(CCCCCCCCCC)CCCCCCCCCCCC
10.1002/aelm.201700100,PffBX-BT2F,*c1cc(F)c(-c2sc(-c3sc(-c4c(F)c(F)c(-c5cc(CC(CCCCCCCCCC)CCCCCCCCCCCC)c(*)s5)c5nonc45)cc3CC(CCCCCCCCCC)CCCCCCCCCCCC)cc2F)s1,1,0.0,0,0.0,0.7,-3.83,-5.48,*c1cc(F)c(-c2sc(*)cc2F)s1,*c1sc(-c2c(F)c(F)c(-c3cc(CC(CCCCCCCCCC)CCCCCCCCCCCC)c(*)s3)c3nonc23)cc1CC(CCCCCCCCCC)CCCCCCCCCCCC,PffBX-TTz,*c1cnc(-c2ccc(-c3sc(-c4c(F)c(F)c(-c5cc(CC(CCCCCCCCCC)CCCCCCCCCCCC)c(*)s5)c5nonc45)cc3CC(CCCCCCCCCC)CCCCCCCCCCCC)s2)s1,1,0.0,0,0.35,0.27,-4.0,-5.65,*c1ccc(-c2ncc(*)s2)s1,*c1sc(-c2c(F)c(F)c(-c3cc(CC(CCCCCCCCCC)CCCCCCCCCCCC)c(*)s3)c3nonc23)cc1CC(CCCCCCCCCC)CCCCCCCCCCCC
10.1002/aelm.201700100,PffBX-BT2F,*c1cc(F)c(-c2sc(-c3sc(-c4c(F)c(F)c(-c5cc(CC(CCCCCCCCCC)CCCCCCCCCCCC)c(*)s5)c5nonc45)cc3CC(CCCCCCCCCC)CCCCCCCCCCCC)cc2F)s1,1,0.0,0,0.0,0.7,-3.83,-5.48,*c1cc(F)c(-c2sc(*)cc2F)s1,*c1sc(-c2c(F)c(F)c(-c3cc(CC(CCCCCCCCCC)CCCCCCCCCCCC)c(*)s3)c3nonc23)cc1CC(CCCCCCCCCC)CCCCCCCCCCCC,PffBX-BTz,*c1cnc(-c2ncc(-c3sc(-c4c(F)c(F)c(-c5cc(CC(CCCCCCCCCC)CCCCCCCCCCCC)c(*)s5)c5nonc45)cc3CC(CCCCCCCCCC)CCCCCCCCCCCC)s2)s1,1,0.0,0,0.83,0.0,-4.13,-5.87,*c1cnc(-c2ncc(*)s2)s1,*c1sc(-c2c(F)c(F)c(-c3cc(CC(CCCCCCCCCC)CCCCCCCCCCCC)c(*)s3)c3nonc23)cc1CC(CCCCCCCCCC)CCCCCCCCCCCC
10.1002/aelm.201700100,PffBX-TTz,*c1cnc(-c2ccc(-c3sc(-c4c(F)c(F)c(-c5cc(CC(CCCCCCCCCC)CCCCCCCCCCCC)c(*)s5)c5nonc45)cc3CC(CCCCCCCCCC)CCCCCCCCCCCC)s2)s1,1,0.0,0,0.35,0.27,-4.0,-5.65,*c1ccc(-c2ncc(*)s2)s1,*c1sc(-c2c(F)c(F)c(-c3cc(CC(CCCCCCCCCC)CCCCCCCCCCCC)c(*)s3)c3nonc23)cc1CC(CCCCCCCCCC)CCCCCCCCCCCC,PffBX-BTz,*c1cnc(-c2ncc(-c3sc(-c4c(F)c(F)c(-c5cc(CC(CCCCCCCCCC)CCCCCCCCCCCC)c(*)s5)c5nonc45)cc3CC(CCCCCCCCCC)CCCCCCCCCCCC)s2)s1,1,0.0,0,0.83,0.0,-4.13,-5.87,*c1cnc(-c2ncc(*)s2)s1,*c1sc(-c2c(F)c(F)c(-c3cc(CC(CCCCCCCCCC)CCCCCCCCCCCC)c(*)s3)c3nonc23)cc1CC(CCCCCCCCCC)CCCCCCCCCCCC
10.1002/aelm.201700410,IDTBT,*c1cc2c(s1)-c1cc3c(cc1C2(CCCCCCCCCCCCCCCC)CCCCCCCCCCCCCCCC)-c1sc(-c2ccc(*)c4nsnc24)cc1C3(CCCCCCCCCCCCCCCC)CCCCCCCCCCCCCCCC,1,0.0,0,0.0,1.5,-3.6,-5.3,*c1cc2c(s1)-c1cc3c(cc1C2(CCCCCCCCCCCCCCCC)CCCCCCCCCCCCCCCC)-c1sc(*)cc1C3(CCCCCCCCCCCCCCCC)CCCCCCCCCCCCCCCC,*c1ccc(*)c2nsnc12,IDT-DTBT,*c1cc2c(s1)-c1cc3c(cc1C2(CCCCCCCCCCCCCCCC)CCCCCCCCCCCCCCCC)-c1sc(-c2cc4c5nsnc5c5cc(*)sc5c4s2)cc1C3(CCCCCCCCCCCCCCCC)CCCCCCCCCCCCCCCC,1,0.0,0,0.0,0.06,-3.5,-5.5,*c1cc2c(s1)-c1cc3c(cc1C2(CCCCCCCCCCCCCCCC)CCCCCCCCCCCCCCCC)-c1sc(*)cc1C3(CCCCCCCCCCCCCCCC)CCCCCCCCCCCCCCCC,*c1cc2c3nsnc3c3cc(*)sc3c2s1
10.1002/aelm.201700410,IDTBT,*c1cc2c(s1)-c1cc3c(cc1C2(CCCCCCCCCCCCCCCC)CCCCCCCCCCCCCCCC)-c1sc(-c2ccc(*)c4nsnc24)cc1C3(CCCCCCCCCCCCCCCC)CCCCCCCCCCCCCCCC,1,0.0,0,0.0,1.5,-3.6,-5.3,*c1cc2c(s1)-c1cc3c(cc1C2(CCCCCCCCCCCCCCCC)CCCCCCCCCCCCCCCC)-c1sc(*)cc1C3(CCCCCCCCCCCCCCCC)CCCCCCCCCCCCCCCC,*c1ccc(*)c2nsnc12,IDT-DTBPT,*c1cc2c(s1)-c1cc3c(cc1C2(CCCCCCCCCCCCCCCC)CCCCCCCCCCCCCCCC)-c1sc(-c2cc4c5nc6nsnc6nc5c5cc(*)sc5c4s2)cc1C3(CCCCCCCCCCCCCCCC)CCCCCCCCCCCCCCCC,1,0.0,0,0.0,0.03,-4.0,-5.4,*c1cc2c(s1)-c1cc3c(cc1C2(CCCCCCCCCCCCCCCC)CCCCCCCCCCCCCCCC)-c1sc(*)cc1C3(CCCCCCCCCCCCCCCC)CCCCCCCCCCCCCCCC,*c1cc2c3nc4nsnc4nc3c3cc(*)sc3c2s1
10.1002/aelm.201700410,IDT-DTBT,*c1cc2c(s1)-c1cc3c(cc1C2(CCCCCCCCCCCCCCCC)CCCCCCCCCCCCCCCC)-c1sc(-c2cc4c5nsnc5c5cc(*)sc5c4s2)cc1C3(CCCCCCCCCCCCCCCC)CCCCCCCCCCCCCCCC,1,0.0,0,0.0,0.06,-3.5,-5.5,*c1cc2c(s1)-c1cc3c(cc1C2(CCCCCCCCCCCCCCCC)CCCCCCCCCCCCCCCC)-c1sc(*)cc1C3(CCCCCCCCCCCCCCCC)CCCCCCCCCCCCCCCC,*c1cc2c3nsnc3c3cc(*)sc3c2s1,IDT-DTBPT,*c1cc2c(s1)-c1cc3c(cc1C2(CCCCCCCCCCCCCCCC)CCCCCCCCCCCCCCCC)-c1sc(-c2cc4c5nc6nsnc6nc5c5cc(*)sc5c4s2)cc1C3(CCCCCCCCCCCCCCCC)CCCCCCCCCCCCCCCC,1,0.0,0,0.0,0.03,-4.0,-5.4,*c1cc2c(s1)-c1cc3c(cc1C2(CCCCCCCCCCCCCCCC)CCCCCCCCCCCCCCCC)-c1sc(*)cc1C3(CCCCCCCCCCCCCCCC)CCCCCCCCCCCCCCCC,*c1cc2c3nc4nsnc4nc3c3cc(*)sc3c2s1
10.1002/aelm.202000490,2DT-dFBTz-T2,*c1ccc(-c2ccc(-c3c(F)c(F)c(*)c4nn(CC(CCCCCCCCCC)CCCCCCCCCCCC)nc34)s2)s1,1,0.0,1,0.0,0.2,-3.62,-5.5,*c1ccc(-c2ccc(*)s2)s1,*c1c(F)c(F)c(*)c2nn(CC(CCCCCCCCCC)CCCCCCCCCCCC)nc12,5DH-dFBTz-T2,*c1ccc(-c2ccc(-c3c(F)c(F)c(*)c4nn(CCCCC(CCCCCCCCCC)CCCCCCCCCCCC)nc34)s2)s1,1,0.0,1,0.0,0.07,-3.58,-5.44,*c1ccc(-c2ccc(*)s2)s1,*c1c(F)c(F)c(*)c2nn(CCCCC(CCCCCCCCCC)CCCCCCCCCCCC)nc12
10.1002/aelm.202000490,2DT-dFBTz-T2,*c1ccc(-c2ccc(-c3c(F)c(F)c(*)c4nn(CC(CCCCCCCCCC)CCCCCCCCCCCC)nc34)s2)s1,1,0.0,1,0.0,0.2,-3.62,-5.5,*c1ccc(-c2ccc(*)s2)s1,*c1c(F)c(F)c(*)c2nn(CC(CCCCCCCCCC)CCCCCCCCCCCC)nc12,2DT-dFBTz-TVT,*c1ccc(/C=C/c2ccc(-c3c(F)c(F)c(*)c4nn(CC(CCCCCCCCCC)CCCCCCCCCCCC)nc34)s2)s1,1,0.0,1,0.0,0.14,-3.63,-5.46,*c1ccc(/C=C/c2ccc(*)s2)s1,*c1c(F)c(F)c(*)c2nn(CC(CCCCCCCCCC)CCCCCCCCCCCC)nc12
10.1002/aelm.202000490,2DT-dFBTz-T2,*c1ccc(-c2ccc(-c3c(F)c(F)c(*)c4nn(CC(CCCCCCCCCC)CCCCCCCCCCCC)nc34)s2)s1,1,0.0,1,0.0,0.2,-3.62,-5.5,*c1ccc(-c2ccc(*)s2)s1,*c1c(F)c(F)c(*)c2nn(CC(CCCCCCCCCC)CCCCCCCCCCCC)nc12,5DH-dFBTz-TVT,*c1ccc(/C=C/c2ccc(-c3c(F)c(F)c(*)c4nn(CCCCC(CCCCCCCCCC)CCCCCCCCCCCC)nc34)s2)s1,1,0.0,1,0.0,0.017,-3.62,-5.44,*c1ccc(/C=C/c2ccc(*)s2)s1,*c1c(F)c(F)c(*)c2nn(CCCCC(CCCCCCCCCC)CCCCCCCCCCCC)nc12
10.1002/aelm.202000490,5DH-dFBTz-T2,*c1ccc(-c2ccc(-c3c(F)c(F)c(*)c4nn(CCCCC(CCCCCCCCCC)CCCCCCCCCCCC)nc34)s2)s1,1,0.0,1,0.0,0.07,-3.58,-5.44,*c1ccc(-c2ccc(*)s2)s1,*c1c(F)c(F)c(*)c2nn(CCCCC(CCCCCCCCCC)CCCCCCCCCCCC)nc12,2DT-dFBTz-TVT,*c1ccc(/C=C/c2ccc(-c3c(F)c(F)c(*)c4nn(CC(CCCCCCCCCC)CCCCCCCCCCCC)nc34)s2)s1,1,0.0,1,0.0,0.14,-3.63,-5.46,*c1ccc(/C=C/c2ccc(*)s2)s1,*c1c(F)c(F)c(*)c2nn(CC(CCCCCCCCCC)CCCCCCCCCCCC)nc12
10.1002/aelm.202000490,5DH-dFBTz-T2,*c1ccc(-c2ccc(-c3c(F)c(F)c(*)c4nn(CCCCC(CCCCCCCCCC)CCCCCCCCCCCC)nc34)s2)s1,1,0.0,1,0.0,0.07,-3.58,-5.44,*c1ccc(-c2ccc(*)s2)s1,*c1c(F)c(F)c(*)c2nn(CCCCC(CCCCCCCCCC)CCCCCCCCCCCC)nc12,5DH-dFBTz-TVT,*c1ccc(/C=C/c2ccc(-c3c(F)c(F)c(*)c4nn(CCCCC(CCCCCCCCCC)CCCCCCCCCCCC)nc34)s2)s1,1,0.0,1,0.0,0.017,-3.62,-5.44,*c1ccc(/C=C/c2ccc(*)s2)s1,*c1c(F)c(F)c(*)c2nn(CCCCC(CCCCCCCCCC)CCCCCCCCCCCC)nc12
10.1002/aelm.202000490,2DT-dFBTz-TVT,*c1ccc(/C=C/c2ccc(-c3c(F)c(F)c(*)c4nn(CC(CCCCCCCCCC)CCCCCCCCCCCC)nc34)s2)s1,1,0.0,1,0.0,0.14,-3.63,-5.46,*c1ccc(/C=C/c2ccc(*)s2)s1,*c1c(F)c(F)c(*)c2nn(CC(CCCCCCCCCC)CCCCCCCCCCCC)nc12,5DH-dFBTz-TVT,*c1ccc(/C=C/c2ccc(-c3c(F)c(F)c(*)c4nn(CCCCC(CCCCCCCCCC)CCCCCCCCCCCC)nc34)s2)s1,1,0.0,1,0.0,0.017,-3.62,-5.44,*c1ccc(/C=C/c2ccc(*)s2)s1,*c1c(F)c(F)c(*)c2nn(CCCCC(CCCCCCCCCC)CCCCCCCCCCCC)nc12
10.1002/aelm.202100526,IID-CF3DTE,*c1ccc2c(c1)N(CCCC(CCCCCCCCCC)CCCCCCCCCC)C(=O)/C2=C1/C(=O)N(CCCC(CCCCCCCCCC)CCCCCCCCCC)c2cc(-c3cc(C(F)(F)F)c(/C=C/c4sc(*)cc4C(F)(F)F)s3)ccc21,1,0.0,1,0.6,0.0,-3.65,-5.9,*c1ccc2c(c1)N(CCCC(CCCCCCCCCC)CCCCCCCCCC)C(=O)/C2=C1/C(=O)N(CCCC(CCCCCCCCCC)CCCCCCCCCC)c2cc(*)ccc21,*c1cc(C(F)(F)F)c(/C=C/c2sc(*)cc2C(F)(F)F)s1,FIID-CF3DTE,*c1cc(C(F)(F)F)c(/C=C/c2sc(-c3ccc4c(c3F)N(CCCC(CCCCCCCCCC)CCCCCCCCCC)C(=O)/C4=C3/C(=O)N(CCCC(CCCCCCCCCC)CCCCCCCCCC)c4c3ccc(*)c4F)cc2C(F)(F)F)s1,1,0.0,1,1.37,0.0,-3.77,-5.92,*c1ccc2c(c1F)N(CCCC(CCCCCCCCCC)CCCCCCCCCC)C(=O)/C2=C1/C(=O)N(CCCC(CCCCCCCCCC)CCCCCCCCCC)c2c1ccc(*)c2F,*c1cc(C(F)(F)F)c(/C=C/c2sc(*)cc2C(F)(F)F)s1
10.1002/aelm.202100526,IID-CF3DTE,*c1ccc2c(c1)N(CCCC(CCCCCCCCCC)CCCCCCCCCC)C(=O)/C2=C1/C(=O)N(CCCC(CCCCCCCCCC)CCCCCCCCCC)c2cc(-c3cc(C(F)(F)F)c(/C=C/c4sc(*)cc4C(F)(F)F)s3)ccc21,1,0.0,1,0.6,0.0,-3.65,-5.9,*c1ccc2c(c1)N(CCCC(CCCCCCCCCC)CCCCCCCCCC)C(=O)/C2=C1/C(=O)N(CCCC(CCCCCCCCCC)CCCCCCCCCC)c2cc(*)ccc21,*c1cc(C(F)(F)F)c(/C=C/c2sc(*)cc2C(F)(F)F)s1,FIID-SCF3DTE,*c1cc(SC(F)(F)F)c(/C=C/c2sc(-c3ccc4c(c3F)N(CCCC(CCCCCCCCCC)CCCCCCCCCC)C(=O)/C4=C3/C(=O)N(CCCC(CCCCCCCCCC)CCCCCCCCCC)c4c3ccc(*)c4F)cc2SC(F)(F)F)s1,1,0.0,1,0.38,0.0,-3.72,-5.88,*c1ccc2c(c1F)N(CCCC(CCCCCCCCCC)CCCCCCCCCC)C(=O)/C2=C1/C(=O)N(CCCC(CCCCCCCCCC)CCCCCCCCCC)c2c1ccc(*)c2F,*c1cc(SC(F)(F)F)c(/C=C/c2sc(*)cc2SC(F)(F)F)s1
10.1002/aelm.202100526,IID-CF3DTE,*c1ccc2c(c1)N(CCCC(CCCCCCCCCC)CCCCCCCCCC)C(=O)/C2=C1/C(=O)N(CCCC(CCCCCCCCCC)CCCCCCCCCC)c2cc(-c3cc(C(F)(F)F)c(/C=C/c4sc(*)cc4C(F)(F)F)s3)ccc21,1,0.0,1,0.6,0.0,-3.65,-5.9,*c1ccc2c(c1)N(CCCC(CCCCCCCCCC)CCCCCCCCCC)C(=O)/C2=C1/C(=O)N(CCCC(CCCCCCCCCC)CCCCCCCCCC)c2cc(*)ccc21,*c1cc(C(F)(F)F)c(/C=C/c2sc(*)cc2C(F)(F)F)s1,FIID-2Tz,*c1cnc(-c2ncc(-c3ccc4c(c3F)N(CCCC(CCCCCCCCCC)CCCCCCCCCC)C(=O)/C4=C3/C(=O)N(CCCC(CCCCCCCCCC)CCCCCCCCCC)c4c3ccc(*)c4F)s2)s1,1,0.0,1,0.39,0.0,-3.68,-5.84,*c1ccc2c(c1F)N(CCCC(CCCCCCCCCC)CCCCCCCCCC)C(=O)/C2=C1/C(=O)N(CCCC(CCCCCCCCCC)CCCCCCCCCC)c2c1ccc(*)c2F,*c1cnc(-c2ncc(*)s2)s1
10.1002/aelm.202100526,IID-CF3DTE,*c1ccc2c(c1)N(CCCC(CCCCCCCCCC)CCCCCCCCCC)C(=O)/C2=C1/C(=O)N(CCCC(CCCCCCCCCC)CCCCCCCCCC)c2cc(-c3cc(C(F)(F)F)c(/C=C/c4sc(*)cc4C(F)(F)F)s3)ccc21,1,0.0,1,0.6,0.0,-3.65,-5.9,*c1ccc2c(c1)N(CCCC(CCCCCCCCCC)CCCCCCCCCC)C(=O)/C2=C1/C(=O)N(CCCC(CCCCCCCCCC)CCCCCCCCCC)c2cc(*)ccc21,*c1cc(C(F)(F)F)c(/C=C/c2sc(*)cc2C(F)(F)F)s1,IID-F-2Tz,*c1ccc2c(c1)N(CCCC(CCCCCCCCCC)CCCCCCCCCC)C(=O)/C2=C1/C(=O)N(CCCC(CCCCCCCCCC)CCCCCCCCCC)c2c1ccc(-c1cnc(-c3ncc(*)s3)s1)c2F,1,0.0,0,0.26,0.0,-3.59,-5.84,*c1ccc2c(c1)N(CCCC(CCCCCCCCCC)CCCCCCCCCC)C(=O)/C2=C1/C(=O)N(CCCC(CCCCCCCCCC)CCCCCCCCCC)c2c1ccc(*)c2F,*c1cnc(-c2ncc(*)s2)s1
10.1002/aelm.202100526,FIID-CF3DTE,*c1cc(C(F)(F)F)c(/C=C/c2sc(-c3ccc4c(c3F)N(CCCC(CCCCCCCCCC)CCCCCCCCCC)C(=O)/C4=C3/C(=O)N(CCCC(CCCCCCCCCC)CCCCCCCCCC)c4c3ccc(*)c4F)cc2C(F)(F)F)s1,1,0.0,1,1.37,0.0,-3.77,-5.92,*c1ccc2c(c1F)N(CCCC(CCCCCCCCCC)CCCCCCCCCC)C(=O)/C2=C1/C(=O)N(CCCC(CCCCCCCCCC)CCCCCCCCCC)c2c1ccc(*)c2F,*c1cc(C(F)(F)F)c(/C=C/c2sc(*)cc2C(F)(F)F)s1,FIID-SCF3DTE,*c1cc(SC(F)(F)F)c(/C=C/c2sc(-c3ccc4c(c3F)N(CCCC(CCCCCCCCCC)CCCCCCCCCC)C(=O)/C4=C3/C(=O)N(CCCC(CCCCCCCCCC)CCCCCCCCCC)c4c3ccc(*)c4F)cc2SC(F)(F)F)s1,1,0.0,1,0.38,0.0,-3.72,-5.88,*c1ccc2c(c1F)N(CCCC(CCCCCCCCCC)CCCCCCCCCC)C(=O)/C2=C1/C(=O)N(CCCC(CCCCCCCCCC)CCCCCCCCCC)c2c1ccc(*)c2F,*c1cc(SC(F)(F)F)c(/C=C/c2sc(*)cc2SC(F)(F)F)s1
10.1002/aelm.202100526,FIID-CF3DTE,*c1cc(C(F)(F)F)c(/C=C/c2sc(-c3ccc4c(c3F)N(CCCC(CCCCCCCCCC)CCCCCCCCCC)C(=O)/C4=C3/C(=O)N(CCCC(CCCCCCCCCC)CCCCCCCCCC)c4c3ccc(*)c4F)cc2C(F)(F)F)s1,1,0.0,1,1.37,0.0,-3.77,-5.92,*c1ccc2c(c1F)N(CCCC(CCCCCCCCCC)CCCCCCCCCC)C(=O)/C2=C1/C(=O)N(CCCC(CCCCCCCCCC)CCCCCCCCCC)c2c1ccc(*)c2F,*c1cc(C(F)(F)F)c(/C=C/c2sc(*)cc2C(F)(F)F)s1,FIID-2Tz,*c1cnc(-c2ncc(-c3ccc4c(c3F)N(CCCC(CCCCCCCCCC)CCCCCCCCCC)C(=O)/C4=C3/C(=O)N(CCCC(CCCCCCCCCC)CCCCCCCCCC)c4c3ccc(*)c4F)s2)s1,1,0.0,1,0.39,0.0,-3.68,-5.84,*c1ccc2c(c1F)N(CCCC(CCCCCCCCCC)CCCCCCCCCC)C(=O)/C2=C1/C(=O)N(CCCC(CCCCCCCCCC)CCCCCCCCCC)c2c1ccc(*)c2F,*c1cnc(-c2ncc(*)s2)s1
10.1002/aelm.202100526,FIID-CF3DTE,*c1cc(C(F)(F)F)c(/C=C/c2sc(-c3ccc4c(c3F)N(CCCC(CCCCCCCCCC)CCCCCCCCCC)C(=O)/C4=C3/C(=O)N(CCCC(CCCCCCCCCC)CCCCCCCCCC)c4c3ccc(*)c4F)cc2C(F)(F)F)s1,1,0.0,1,1.37,0.0,-3.77,-5.92,*c1ccc2c(c1F)N(CCCC(CCCCCCCCCC)CCCCCCCCCC)C(=O)/C2=C1/C(=O)N(CCCC(CCCCCCCCCC)CCCCCCCCCC)c2c1ccc(*)c2F,*c1cc(C(F)(F)F)c(/C=C/c2sc(*)cc2C(F)(F)F)s1,IID-F-2Tz,*c1ccc2c(c1)N(CCCC(CCCCCCCCCC)CCCCCCCCCC)C(=O)/C2=C1/C(=O)N(CCCC(CCCCCCCCCC)CCCCCCCCCC)c2c1ccc(-c1cnc(-c3ncc(*)s3)s1)c2F,1,0.0,0,0.26,0.0,-3.59,-5.84,*c1ccc2c(c1)N(CCCC(CCCCCCCCCC)CCCCCCCCCC)C(=O)/C2=C1/C(=O)N(CCCC(CCCCCCCCCC)CCCCCCCCCC)c2c1ccc(*)c2F,*c1cnc(-c2ncc(*)s2)s1
10.1002/aelm.202100526,FIID-SCF3DTE,*c1cc(SC(F)(F)F)c(/C=C/c2sc(-c3ccc4c(c3F)N(CCCC(CCCCCCCCCC)CCCCCCCCCC)C(=O)/C4=C3/C(=O)N(CCCC(CCCCCCCCCC)CCCCCCCCCC)c4c3ccc(*)c4F)cc2SC(F)(F)F)s1,1,0.0,1,0.38,0.0,-3.72,-5.88,*c1ccc2c(c1F)N(CCCC(CCCCCCCCCC)CCCCCCCCCC)C(=O)/C2=C1/C(=O)N(CCCC(CCCCCCCCCC)CCCCCCCCCC)c2c1ccc(*)c2F,*c1cc(SC(F)(F)F)c(/C=C/c2sc(*)cc2SC(F)(F)F)s1,FIID-2Tz,*c1cnc(-c2ncc(-c3ccc4c(c3F)N(CCCC(CCCCCCCCCC)CCCCCCCCCC)C(=O)/C4=C3/C(=O)N(CCCC(CCCCCCCCCC)CCCCCCCCCC)c4c3ccc(*)c4F)s2)s1,1,0.0,1,0.39,0.0,-3.68,-5.84,*c1ccc2c(c1F)N(CCCC(CCCCCCCCCC)CCCCCCCCCC)C(=O)/C2=C1/C(=O)N(CCCC(CCCCCCCCCC)CCCCCCCCCC)c2c1ccc(*)c2F,*c1cnc(-c2ncc(*)s2)s1
10.1002/aelm.202100526,FIID-SCF3DTE,*c1cc(SC(F)(F)F)c(/C=C/c2sc(-c3ccc4c(c3F)N(CCCC(CCCCCCCCCC)CCCCCCCCCC)C(=O)/C4=C3/C(=O)N(CCCC(CCCCCCCCCC)CCCCCCCCCC)c4c3ccc(*)c4F)cc2SC(F)(F)F)s1,1,0.0,1,0.38,0.0,-3.72,-5.88,*c1ccc2c(c1F)N(CCCC(CCCCCCCCCC)CCCCCCCCCC)C(=O)/C2=C1/C(=O)N(CCCC(CCCCCCCCCC)CCCCCCCCCC)c2c1ccc(*)c2F,*c1cc(SC(F)(F)F)c(/C=C/c2sc(*)cc2SC(F)(F)F)s1,IID-F-2Tz,*c1ccc2c(c1)N(CCCC(CCCCCCCCCC)CCCCCCCCCC)C(=O)/C2=C1/C(=O)N(CCCC(CCCCCCCCCC)CCCCCCCCCC)c2c1ccc(-c1cnc(-c3ncc(*)s3)s1)c2F,1,0.0,0,0.26,0.0,-3.59,-5.84,*c1ccc2c(c1)N(CCCC(CCCCCCCCCC)CCCCCCCCCC)C(=O)/C2=C1/C(=O)N(CCCC(CCCCCCCCCC)CCCCCCCCCC)c2c1ccc(*)c2F,*c1cnc(-c2ncc(*)s2)s1
10.1002/aelm.202100526,FIID-2Tz,*c1cnc(-c2ncc(-c3ccc4c(c3F)N(CCCC(CCCCCCCCCC)CCCCCCCCCC)C(=O)/C4=C3/C(=O)N(CCCC(CCCCCCCCCC)CCCCCCCCCC)c4c3ccc(*)c4F)s2)s1,1,0.0,1,0.39,0.0,-3.68,-5.84,*c1ccc2c(c1F)N(CCCC(CCCCCCCCCC)CCCCCCCCCC)C(=O)/C2=C1/C(=O)N(CCCC(CCCCCCCCCC)CCCCCCCCCC)c2c1ccc(*)c2F,*c1cnc(-c2ncc(*)s2)s1,IID-F-2Tz,*c1ccc2c(c1)N(CCCC(CCCCCCCCCC)CCCCCCCCCC)C(=O)/C2=C1/C(=O)N(CCCC(CCCCCCCCCC)CCCCCCCCCC)c2c1ccc(-c1cnc(-c3ncc(*)s3)s1)c2F,1,0.0,0,0.26,0.0,-3.59,-5.84,*c1ccc2c(c1)N(CCCC(CCCCCCCCCC)CCCCCCCCCC)C(=O)/C2=C1/C(=O)N(CCCC(CCCCCCCCCC)CCCCCCCCCC)c2c1ccc(*)c2F,*c1cnc(-c2ncc(*)s2)s1
10.1002/anie.201708421,s-BTI2-FT,*c1cc2c(=O)n(CC(CCCCCCCC)CCCCCCCCCC)c(=O)c3cc(-c4cc5c(=O)n(CC(CCCCCCCC)CCCCCCCCCC)c(=O)c6cc(-c7sc(*)c(F)c7F)sc6c5s4)sc3c2s1,1,0.0,0,0.82,0.0,-3.3,-6.03,*c1sc(*)c(F)c1F,*c1cc2c(=O)n(CC(CCCCCCCC)CCCCCCCCCC)c(=O)c3cc(-c4cc5c(=O)n(CC(CCCCCCCC)CCCCCCCCCC)c(=O)c6cc(*)sc6c5s4)sc3c2s1,f-BTI2-FT,*c1cc2c(=O)n(CC(CCCCCCCC)CCCCCCCCCC)c(=O)c3c(sc4c3sc3c5sc(-c6sc(*)c(F)c6F)cc5c(=O)n(CC(CCCCCCCC)CCCCCCCCCC)c(=O)c34)c2s1,1,0.0,0,1.13,0.0,-3.43,-6.02,*c1sc(*)c(F)c1F,*c1cc2c(=O)n(CC(CCCCCCCC)CCCCCCCCCC)c(=O)c3c(sc4c3sc3c5sc(*)cc5c(=O)n(CC(CCCCCCCC)CCCCCCCCCC)c(=O)c34)c2s1
10.1002/anie.201711802,P(TBAzDITPD),*c1ccc(-c2ccc3c4c(=O)n(CC(CCCCCCCCCC)CCCCCCCCCCCC)c(=O)c5c6ccc(-c7ccc(-c8sc(*)c9c8C(=O)N(CCCCCCCCCCCC)C9=O)s7)ccc-6c6c(=O)n(CC(CCCCCCCCCC)CCCCCCCCCCCC)c(=O)c(c-3cc2)c4c56)s1,1,0.0,0,0.42,0.0,-3.76,-5.82,*c1sc(*)c2c1C(=O)N(CCCCCCCCCCCC)C2=O,*c1ccc(-c2ccc3c4c(=O)n(CC(CCCCCCCCCC)CCCCCCCCCCCC)c(=O)c5c6ccc(-c7ccc(*)s7)ccc-6c6c(=O)n(CC(CCCCCCCCCC)CCCCCCCCCCCC)c(=O)c(c-3cc2)c4c56)s1,P(TBAzDI-TFB),*c1ccc(-c2ccc3c4c(=O)n(CC(CCCCCCCCCC)CCCCCCCCCCCC)c(=O)c5c6ccc(-c7ccc(-c8c(F)c(F)c(*)c(F)c8F)s7)ccc-6c6c(=O)n(CC(CCCCCCCCCC)CCCCCCCCCCCC)c(=O)c(c-3cc2)c4c56)s1,1,0.0,1,0.24,0.0,-3.6,-5.76,*c1c(F)c(F)c(*)c(F)c1F,*c1ccc(-c2ccc3c4c(=O)n(CC(CCCCCCCCCC)CCCCCCCCCCCC)c(=O)c5c6ccc(-c7ccc(*)s7)ccc-6c6c(=O)n(CC(CCCCCCCCCC)CCCCCCCCCCCC)c(=O)c(c-3cc2)c4c56)s1
10.1002/anie.202002292,PBTI,*c1cc2c(=O)n(CC(CCCCCCCC)CCCCCCCCCC)c(=O)c3cc(*)sc3c2s1,1,0.0,1,2.6,0.0,-3.45,-5.43,*c1cc2c(=O)n(CC(CCCCCCCC)CCCCCCCCCC)c(=O)c3cc(*)sc3c2s1,*c1cc2c(=O)n(CC(CCCCCCCC)CCCCCCCCCC)c(=O)c3cc(*)sc3c2s1,P(BTI-BTI2),*c1cc2c(=O)n(CC(CCCCCCCC)CCCCCCCCCC)c(=O)c3cc(-c4cc5c(=O)n(CC(CCCCCCCC)CCCCCCCCCC)c(=O)c6c(sc7c6sc6c8sc(*)cc8c(=O)n(CC(CCCCCCCC)CCCCCCCCCC)c(=O)c67)c5s4)sc3c2s1,1,0.0,0,1.23,0.0,-3.55,-5.43,*c1cc2c(=O)n(CC(CCCCCCCC)CCCCCCCCCC)c(=O)c3c(sc4c3sc3c5sc(*)cc5c(=O)n(CC(CCCCCCCC)CCCCCCCCCC)c(=O)c34)c2s1,*c1cc2c(=O)n(CC(CCCCCCCC)CCCCCCCCCC)c(=O)c3cc(*)sc3c2s1
10.1002/anie.202105127,PBN-18,*c1cc2c3[n+](c1)[B-](F)(F)N(CC(CCCCCCCCCCCC)CCCCCCCCCCCCCC)c1cc(-c4c5c(c(*)c6nsnc46)N=S=N5)c[n+](c1-3)[B-](F)(F)N2CC(CCCCCCCCCCCC)CCCCCCCCCCCCCC,1,0.0,1,3.3e-06,0.0,-4.43,-5.88,*c1c2c(c(*)c3nsnc13)N=S=N2,*c1cc2c3[n+](c1)[B-](F)(F)N(CC(CCCCCCCCCCCC)CCCCCCCCCCCCCC)c1cc(*)c[n+](c1-3)[B-](F)(F)N2CC(CCCCCCCCCCCC)CCCCCCCCCCCCCC,PBN-19,*c1cc2c3[n+](c1)[B-](F)(F)N(CCCCCCCCCCCC)c1cc(-c4sc(-c5sc(*)c6c5C(=O)N(CCCCCCCCCCCC)C6=O)c5c4C(=O)N(CCCCCCCCCCCC)C5=O)c[n+](c1-3)[B-](F)(F)N2CCCCCCCCCCCC,1,0.0,1,0.029,0.0,-4.02,-5.94,*c1sc(-c2sc(*)c3c2C(=O)N(CCCCCCCCCCCC)C3=O)c2c1C(=O)N(CCCCCCCCCCCC)C2=O,*c1cc2c3[n+](c1)[B-](F)(F)N(CCCCCCCCCCCC)c1cc(*)c[n+](c1-3)[B-](F)(F)N2CCCCCCCCCCCC
10.1002/anie.202205315,PFOI-V,*/C=C/c1cc2c(=O)c3cc(*)cc4c(=O)n(CC(CCCCCCCCCC)CCCCCCCCCCCC)c(=O)c(c1)c2c34,1,0.0,0,0.035,0.0,-3.76,-6.36,*/C=C/*,*c1cc2c(=O)c3cc(*)cc4c(=O)n(CC(CCCCCCCCCC)CCCCCCCCCCCC)c(=O)c(c1)c2c34,PFOI-Tz,*c1cc2c(=O)c3cc(-c4nc(OCCCCCCCC)c(-c5sc(*)nc5OCCCCCCCC)s4)cc4c(=O)n(CCCC(CCCCCCCCCCCCCC)CCCCCCCCCCCCCC)c(=O)c(c1)c2c34,1,0.0,0,0.11,0.0,-3.74,-5.73,*c1nc(OCCCCCCCC)c(-c2sc(*)nc2OCCCCCCCC)s1,*c1cc2c(=O)c3cc(*)cc4c(=O)n(CCCC(CCCCCCCCCCCCCC)CCCCCCCCCCCCCC)c(=O)c(c1)c2c34
10.1002/anie.202205315,PFOI-V,*/C=C/c1cc2c(=O)c3cc(*)cc4c(=O)n(CC(CCCCCCCCCC)CCCCCCCCCCCC)c(=O)c(c1)c2c34,1,0.0,0,0.035,0.0,-3.76,-6.36,*/C=C/*,*c1cc2c(=O)c3cc(*)cc4c(=O)n(CC(CCCCCCCCCC)CCCCCCCCCCCC)c(=O)c(c1)c2c34,PFCNI-Tz,*c1cc2c3c(c1)c(=O)n(CCCC(CCCCCCCCCCCCCC)CCCCCCCCCCCCCC)c(=O)c1cc(-c4nc(OCCCCCCCC)c(-c5sc(*)nc5OCCCCCCCC)s4)cc(c13)C2=C(C#N)C#N,1,0.0,0,0.0016,0.0,-4.09,-5.85,*c1nc(OCCCCCCCC)c(-c2sc(*)nc2OCCCCCCCC)s1,*c1cc2c3c(c1)c(=O)n(CCCC(CCCCCCCCCCCCCC)CCCCCCCCCCCCCC)c(=O)c1cc(*)cc(c13)C2=C(C#N)C#N
10.1002/anie.202205315,PFOI-Tz,*c1cc2c(=O)c3cc(-c4nc(OCCCCCCCC)c(-c5sc(*)nc5OCCCCCCCC)s4)cc4c(=O)n(CCCC(CCCCCCCCCCCCCC)CCCCCCCCCCCCCC)c(=O)c(c1)c2c34,1,0.0,0,0.11,0.0,-3.74,-5.73,*c1nc(OCCCCCCCC)c(-c2sc(*)nc2OCCCCCCCC)s1,*c1cc2c(=O)c3cc(*)cc4c(=O)n(CCCC(CCCCCCCCCCCCCC)CCCCCCCCCCCCCC)c(=O)c(c1)c2c34,PFCNI-Tz,*c1cc2c3c(c1)c(=O)n(CCCC(CCCCCCCCCCCCCC)CCCCCCCCCCCCCC)c(=O)c1cc(-c4nc(OCCCCCCCC)c(-c5sc(*)nc5OCCCCCCCC)s4)cc(c13)C2=C(C#N)C#N,1,0.0,0,0.0016,0.0,-4.09,-5.85,*c1nc(OCCCCCCCC)c(-c2sc(*)nc2OCCCCCCCC)s1,*c1cc2c3c(c1)c(=O)n(CCCC(CCCCCCCCCCCCCC)CCCCCCCCCCCCCC)c(=O)c1cc(*)cc(c13)C2=C(C#N)C#N
10.1002/anie.202208201,N2200,*c1ccc(-c2ccc(-c3cc4c5c(c(*)cc6c5c3C(=O)N(CC(CCCCCCCC)CCCCCCCCCC)C6=O)C(=O)N(CC(CCCCCCCC)CCCCCCCCCC)C4=O)s2)s1,1,0.0,1,0.17,0.0,-3.7,-5.96,*c1cc2c3c(c(*)cc4c3c1C(=O)N(CC(CCCCCCCC)CCCCCCCCCC)C4=O)C(=O)N(CC(CCCCCCCC)CCCCCCCCCC)C2=O,*c1ccc(-c2ccc(*)s2)s1,"PNBL-4,8-T2",*c1ccc(-c2ccc(-c3cc4c5c(c(*)cc6c5c3C(=O)N(CC(CCCCCCCC)CCCCCCCCCC)C6=O)N(CC(CCCCCCCC)CCCCCCCCCC)C4=O)s2)s1,0,0.0,0,0.018,0.0,-3.51,-5.89,*c1cc2c3c(c(*)cc4c3c1C(=O)N(CC(CCCCCCCC)CCCCCCCCCC)C4=O)N(CC(CCCCCCCC)CCCCCCCCCC)C2=O,*c1ccc(-c2ccc(*)s2)s1
10.1002/anie.202208201,N2200,*c1ccc(-c2ccc(-c3cc4c5c(c(*)cc6c5c3C(=O)N(CC(CCCCCCCC)CCCCCCCCCC)C6=O)C(=O)N(CC(CCCCCCCC)CCCCCCCCCC)C4=O)s2)s1,1,0.0,1,0.17,0.0,-3.7,-5.96,*c1cc2c3c(c(*)cc4c3c1C(=O)N(CC(CCCCCCCC)CCCCCCCCCC)C4=O)C(=O)N(CC(CCCCCCCC)CCCCCCCCCC)C2=O,*c1ccc(-c2ccc(*)s2)s1,"PNBL-3,8-T2",*c1ccc(-c2ccc(-c3cc4c5c(c(*)cc6c5c3C(=O)N6CC(CCCCCCCC)CCCCCCCCCC)C(=O)N(CC(CCCCCCCC)CCCCCCCCCC)C4=O)s2)s1,1,0.0,0,0.1,0.0,-3.5,-5.95,*c1cc2c3c(c(*)cc4c3c1C(=O)N(CC(CCCCCCCC)CCCCCCCCCC)C4=O)C(=O)N2CC(CCCCCCCC)CCCCCCCCCC,*c1ccc(-c2ccc(*)s2)s1
10.1002/anie.202208201,N2200,*c1ccc(-c2ccc(-c3cc4c5c(c(*)cc6c5c3C(=O)N(CC(CCCCCCCC)CCCCCCCCCC)C6=O)C(=O)N(CC(CCCCCCCC)CCCCCCCCCC)C4=O)s2)s1,1,0.0,1,0.17,0.0,-3.7,-5.96,*c1cc2c3c(c(*)cc4c3c1C(=O)N(CC(CCCCCCCC)CCCCCCCCCC)C4=O)C(=O)N(CC(CCCCCCCC)CCCCCCCCCC)C2=O,*c1ccc(-c2ccc(*)s2)s1,"PNBA-2,6-T2",*c1ccc(-c2ccc(-c3cc4c5c(c(*)cc6c5c3C(=O)N6CC(CCCCCCCC)CCCCCCCCCC)C(=O)N4CC(CCCCCCCC)CCCCCCCCCC)s2)s1,1,0.0,1,0.11,0.0,-3.29,-5.62,*c1cc2c3c(c(*)cc4c3c1C(=O)N4CC(CCCCCCCC)CCCCCCCCCC)C(=O)N2CC(CCCCCCCC)CCCCCCCCCC,*c1ccc(-c2ccc(*)s2)s1
10.1002/anie.202208201,"PNBL-4,8-T2",*c1ccc(-c2ccc(-c3cc4c5c(c(*)cc6c5c3C(=O)N(CC(CCCCCCCC)CCCCCCCCCC)C6=O)N(CC(CCCCCCCC)CCCCCCCCCC)C4=O)s2)s1,0,0.0,0,0.018,0.0,-3.51,-5.89,*c1cc2c3c(c(*)cc4c3c1C(=O)N(CC(CCCCCCCC)CCCCCCCCCC)C4=O)N(CC(CCCCCCCC)CCCCCCCCCC)C2=O,*c1ccc(-c2ccc(*)s2)s1,"PNBL-3,8-T2",*c1ccc(-c2ccc(-c3cc4c5c(c(*)cc6c5c3C(=O)N6CC(CCCCCCCC)CCCCCCCCCC)C(=O)N(CC(CCCCCCCC)CCCCCCCCCC)C4=O)s2)s1,1,0.0,0,0.1,0.0,-3.5,-5.95,*c1cc2c3c(c(*)cc4c3c1C(=O)N(CC(CCCCCCCC)CCCCCCCCCC)C4=O)C(=O)N2CC(CCCCCCCC)CCCCCCCCCC,*c1ccc(-c2ccc(*)s2)s1
10.1002/anie.202208201,"PNBL-4,8-T2",*c1ccc(-c2ccc(-c3cc4c5c(c(*)cc6c5c3C(=O)N(CC(CCCCCCCC)CCCCCCCCCC)C6=O)N(CC(CCCCCCCC)CCCCCCCCCC)C4=O)s2)s1,0,0.0,0,0.018,0.0,-3.51,-5.89,*c1cc2c3c(c(*)cc4c3c1C(=O)N(CC(CCCCCCCC)CCCCCCCCCC)C4=O)N(CC(CCCCCCCC)CCCCCCCCCC)C2=O,*c1ccc(-c2ccc(*)s2)s1,"PNBA-2,6-T2",*c1ccc(-c2ccc(-c3cc4c5c(c(*)cc6c5c3C(=O)N6CC(CCCCCCCC)CCCCCCCCCC)C(=O)N4CC(CCCCCCCC)CCCCCCCCCC)s2)s1,1,0.0,1,0.11,0.0,-3.29,-5.62,*c1cc2c3c(c(*)cc4c3c1C(=O)N4CC(CCCCCCCC)CCCCCCCCCC)C(=O)N2CC(CCCCCCCC)CCCCCCCCCC,*c1ccc(-c2ccc(*)s2)s1
10.1002/anie.202208201,"PNBL-3,8-T2",*c1ccc(-c2ccc(-c3cc4c5c(c(*)cc6c5c3C(=O)N6CC(CCCCCCCC)CCCCCCCCCC)C(=O)N(CC(CCCCCCCC)CCCCCCCCCC)C4=O)s2)s1,1,0.0,0,0.1,0.0,-3.5,-5.95,*c1cc2c3c(c(*)cc4c3c1C(=O)N(CC(CCCCCCCC)CCCCCCCCCC)C4=O)C(=O)N2CC(CCCCCCCC)CCCCCCCCCC,*c1ccc(-c2ccc(*)s2)s1,"PNBA-2,6-T2",*c1ccc(-c2ccc(-c3cc4c5c(c(*)cc6c5c3C(=O)N6CC(CCCCCCCC)CCCCCCCCCC)C(=O)N4CC(CCCCCCCC)CCCCCCCCCC)s2)s1,1,0.0,1,0.11,0.0,-3.29,-5.62,*c1cc2c3c(c(*)cc4c3c1C(=O)N4CC(CCCCCCCC)CCCCCCCCCC)C(=O)N2CC(CCCCCCCC)CCCCCCCCCC,*c1ccc(-c2ccc(*)s2)s1
10.1002/anie.202307647,PCNDE-DPP,*/C(C#N)=C\C=C(\C#N)c1ccc(C2=C3C(=O)N(CC(CCCCCCCC)CCCCCCCCCC)C(c4ccc(*)s4)=C3C(=O)N2CC(CCCCCCCC)CCCCCCCCCC)s1,1,0.0,1,0.65,0.0,-3.94,-5.65,*c1ccc(C2=C3C(=O)N(CC(CCCCCCCC)CCCCCCCCCC)C(c4ccc(*)s4)=C3C(=O)N2CC(CCCCCCCC)CCCCCCCCCC)s1,*/C(C#N)=C\C=C(/*)C#N,PCNFDE-DPP,*/C(C#N)=C(F)\C=C(\C#N)c1ccc(C2=C3C(=O)N(CC(CCCCCCCC)CCCCCCCCCC)C(c4ccc(*)s4)=C3C(=O)N2CC(CCCCCCCC)CCCCCCCCCC)s1,1,0.0,0,0.24,0.0,-4.02,-5.7,*c1ccc(C2=C3C(=O)N(CC(CCCCCCCC)CCCCCCCCCC)C(c4ccc(*)s4)=C3C(=O)N2CC(CCCCCCCC)CCCCCCCCCC)s1,*/C(C#N)=C(F)\C=C(/*)C#N
10.1002/anie.202307647,PCNDE-DPP,*/C(C#N)=C\C=C(\C#N)c1ccc(C2=C3C(=O)N(CC(CCCCCCCC)CCCCCCCCCC)C(c4ccc(*)s4)=C3C(=O)N2CC(CCCCCCCC)CCCCCCCCCC)s1,1,0.0,1,0.65,0.0,-3.94,-5.65,*c1ccc(C2=C3C(=O)N(CC(CCCCCCCC)CCCCCCCCCC)C(c4ccc(*)s4)=C3C(=O)N2CC(CCCCCCCC)CCCCCCCCCC)s1,*/C(C#N)=C\C=C(/*)C#N,PCNDFDE-DPP,*/C(C#N)=C(F)\C(F)=C(\C#N)c1ccc(C2=C3C(=O)N(CC(CCCCCCCC)CCCCCCCCCC)C(c4ccc(*)s4)=C3C(=O)N2CC(CCCCCCCC)CCCCCCCCCC)s1,1,0.0,1,1.07,0.0,-4.06,-5.79,*c1ccc(C2=C3C(=O)N(CC(CCCCCCCC)CCCCCCCCCC)C(c4ccc(*)s4)=C3C(=O)N2CC(CCCCCCCC)CCCCCCCCCC)s1,*/C(C#N)=C(F)\C(F)=C(/*)C#N
10.1002/anie.202307647,PCNFDE-DPP,*/C(C#N)=C(F)\C=C(\C#N)c1ccc(C2=C3C(=O)N(CC(CCCCCCCC)CCCCCCCCCC)C(c4ccc(*)s4)=C3C(=O)N2CC(CCCCCCCC)CCCCCCCCCC)s1,1,0.0,0,0.24,0.0,-4.02,-5.7,*c1ccc(C2=C3C(=O)N(CC(CCCCCCCC)CCCCCCCCCC)C(c4ccc(*)s4)=C3C(=O)N2CC(CCCCCCCC)CCCCCCCCCC)s1,*/C(C#N)=C(F)\C=C(/*)C#N,PCNDFDE-DPP,*/C(C#N)=C(F)\C(F)=C(\C#N)c1ccc(C2=C3C(=O)N(CC(CCCCCCCC)CCCCCCCCCC)C(c4ccc(*)s4)=C3C(=O)N2CC(CCCCCCCC)CCCCCCCCCC)s1,1,0.0,1,1.07,0.0,-4.06,-5.79,*c1ccc(C2=C3C(=O)N(CC(CCCCCCCC)CCCCCCCCCC)C(c4ccc(*)s4)=C3C(=O)N2CC(CCCCCCCC)CCCCCCCCCC)s1,*/C(C#N)=C(F)\C(F)=C(/*)C#N
10.1002/anie.202319627,PCPOI-Tz,*c1cc2c(=O)c3cc(-c4nc(OCCCCCCCC)c(-c5sc(*)nc5OCCCCCCCC)s4)cc4c5c(=O)n(CCCC(CCCCCCCCCCCCCCCCCC)CCCCCCCCCCCCCCCCCC)c(=O)c5c(c1)c2c34,1,0.0,0,0.011,0.0,-3.61,-5.58,*c1cc2c(=O)c3cc(*)cc4c5c(=O)n(CCCC(CCCCCCCCCCCCCCCCCC)CCCCCCCCCCCCCCCCCC)c(=O)c5c(c1)c2c34,*c1nc(OCCCCCCCC)c(-c2sc(*)nc2OCCCCCCCC)s1,PCPCNI-Tz,*c1cc2c3c(c1)c1c(c4cc(-c5nc(OCCCCCCCC)c(-c6sc(*)nc6OCCCCCCCC)s5)cc(c43)C2=C(C#N)C#N)C(=O)N(CCCC(CCCCCCCCCCCCCCCCCC)CCCCCCCCCCCCCCCCCC)C1=O,1,0.0,0,0.014,0.0,-3.83,-5.7,*c1cc2c3c(c1)c1c(c4cc(*)cc(c43)C2=C(C#N)C#N)C(=O)N(CCCC(CCCCCCCCCCCCCCCCCC)CCCCCCCCCCCCCCCCCC)C1=O,*c1nc(OCCCCCCCC)c(-c2sc(*)nc2OCCCCCCCC)s1
10.1002/anie.202319658,P(DPP-CNPz),*c1ccc(C2=C3C(=O)N(CC(CCCCCCCC)CCCCCCCCCC)C(c4ccc(-c5cnc(*)c(C#N)n5)s4)=C3C(=O)N2CC(CCCCCCCC)CCCCCCCCCC)s1,1,0.0,0,0.85,0.0,-3.46,-4.84,*c1cnc(*)c(C#N)n1,*c1ccc(C2=C3C(=O)N(CC(CCCCCCCC)CCCCCCCCCC)C(c4ccc(*)s4)=C3C(=O)N2CC(CCCCCCCC)CCCCCCCCCC)s1,P(DPP-DCNPz),*c1ccc(C2=C3C(=O)N(CC(CCCCCCCC)CCCCCCCCCC)C(c4ccc(-c5nc(C#N)c(*)nc5C#N)s4)=C3C(=O)N2CC(CCCCCCCC)CCCCCCCCCC)s1,1,0.0,1,1.85,0.0,-3.83,-5.11,*c1nc(C#N)c(*)nc1C#N,*c1ccc(C2=C3C(=O)N(CC(CCCCCCCC)CCCCCCCCCC)C(c4ccc(*)s4)=C3C(=O)N2CC(CCCCCCCC)CCCCCCCCCC)s1
10.1002/anie.202400061,pN-BBTE,*c1cc2c3c4c(c5sc(-c6sc(-c7ccc(/C=C/c8ccc(-c9cc(CCCCCC)c(*)s9)c9nsnc89)c8nsnc78)cc6CCCCCC)cc5c5c4c(c2s1)C(=O)N(CC(CCCCCCCCCC)CCCCCCCCCCCC)C5=O)C(=O)N(CC(CCCCCCCCCC)CCCCCCCCCCCC)C3=O,1,0.0,1,0.89,1.25,-3.87,-5.63,*c1sc(-c2ccc(/C=C/c3ccc(-c4cc(CCCCCC)c(*)s4)c4nsnc34)c3nsnc23)cc1CCCCCC,*c1cc2c3c4c(c5sc(*)cc5c5c4c(c2s1)C(=O)N(CC(CCCCCCCCCC)CCCCCCCCCCCC)C5=O)C(=O)N(CC(CCCCCCCCCC)CCCCCCCCCCCC)C3=O,pN-BBSeE,*c1cc2c3c4c(c5sc(-c6sc(-c7ccc(/C=C/c8ccc(-c9cc(CCCCCC)c(*)s9)c9n[se]nc89)c8n[se]nc78)cc6CCCCCC)cc5c5c4c(c2s1)C(=O)N(CC(CCCCCCCCCC)CCCCCCCCCCCC)C5=O)C(=O)N(CC(CCCCCCCCCC)CCCCCCCCCCCC)C3=O,1,0.0,1,10.15,10.08,-4.05,-5.53,*c1sc(-c2ccc(/C=C/c3ccc(-c4cc(CCCCCC)c(*)s4)c4n[se]nc34)c3n[se]nc23)cc1CCCCCC,*c1cc2c3c4c(c5sc(*)cc5c5c4c(c2s1)C(=O)N(CC(CCCCCCCCCC)CCCCCCCCCCCC)C5=O)C(=O)N(CC(CCCCCCCCCC)CCCCCCCCCCCC)C3=O
10.1002/anie.202416669,PMBNF,*c1ccc(C2=C3C(=O)N(CC(CCCCCCCC)CCCCCCCCCC)C(c4ccc(-c5ccc(-c6ccc(-c7ccc(*)s7)c7c6C=[N+](CCCCCC)[B-](F)(F)O7)s5)s4)=C3C(=O)N2CC(CCCCCCCC)CCCCCCCCCC)s1,1,0.0,0,0.012,0.0,-3.78,-5.64,*c1ccc(-c2ccc(-c3ccc(*)s3)c3c2C=[N+](CCCCCC)[B-](F)(F)O3)s1,*c1ccc(C2=C3C(=O)N(CC(CCCCCCCC)CCCCCCCCCC)C(c4ccc(*)s4)=C3C(=O)N2CC(CCCCCCCC)CCCCCCCCCC)s1,PMBNCN ,*c1ccc(C2=C3C(=O)N(CC(CCCCCCCC)CCCCCCCCCC)C(c4ccc(-c5ccc(-c6ccc(-c7ccc(*)s7)c7c6C=[N+](CCCCCC)[B-](C#N)(C#N)O7)s5)s4)=C3C(=O)N2CC(CCCCCCCC)CCCCCCCCCC)s1,1,0.0,0,0.038,0.0,-3.84,-5.51,*c1ccc(-c2ccc(-c3ccc(*)s3)c3c2C=[N+](CCCCCC)[B-](C#N)(C#N)O3)s1,*c1ccc(C2=C3C(=O)N(CC(CCCCCCCC)CCCCCCCCCC)C(c4ccc(*)s4)=C3C(=O)N2CC(CCCCCCCC)CCCCCCCCCC)s1
10.1002/anie.202416669,PMBNF,*c1ccc(C2=C3C(=O)N(CC(CCCCCCCC)CCCCCCCCCC)C(c4ccc(-c5ccc(-c6ccc(-c7ccc(*)s7)c7c6C=[N+](CCCCCC)[B-](F)(F)O7)s5)s4)=C3C(=O)N2CC(CCCCCCCC)CCCCCCCCCC)s1,1,0.0,0,0.012,0.0,-3.78,-5.64,*c1ccc(-c2ccc(-c3ccc(*)s3)c3c2C=[N+](CCCCCC)[B-](F)(F)O3)s1,*c1ccc(C2=C3C(=O)N(CC(CCCCCCCC)CCCCCCCCCC)C(c4ccc(*)s4)=C3C(=O)N2CC(CCCCCCCC)CCCCCCCCCC)s1,PDBNF,*c1ccc(C2=C3C(=O)N(CC(CCCCCCCC)CCCCCCCCCC)C(c4ccc(-c5ccc(-c6c7c(c(-c8ccc(*)s8)c8c6O[B-](F)(F)[N+](CC(CC)CCCC)=C8)O[B-](F)(F)[N+](CC(CC)CCCC)=C7)s5)s4)=C3C(=O)N2CC(CCCCCCCC)CCCCCCCCCC)s1,1,0.0,1,3.04,0.0,-3.96,-5.62,*c1ccc(-c2c3c(c(-c4ccc(*)s4)c4c2O[B-](F)(F)[N+](CC(CC)CCCC)=C4)O[B-](F)(F)[N+](CC(CC)CCCC)=C3)s1,*c1ccc(C2=C3C(=O)N(CC(CCCCCCCC)CCCCCCCCCC)C(c4ccc(*)s4)=C3C(=O)N2CC(CCCCCCCC)CCCCCCCCCC)s1
10.1002/anie.202416669,PMBNF,*c1ccc(C2=C3C(=O)N(CC(CCCCCCCC)CCCCCCCCCC)C(c4ccc(-c5ccc(-c6ccc(-c7ccc(*)s7)c7c6C=[N+](CCCCCC)[B-](F)(F)O7)s5)s4)=C3C(=O)N2CC(CCCCCCCC)CCCCCCCCCC)s1,1,0.0,0,0.012,0.0,-3.78,-5.64,*c1ccc(-c2ccc(-c3ccc(*)s3)c3c2C=[N+](CCCCCC)[B-](F)(F)O3)s1,*c1ccc(C2=C3C(=O)N(CC(CCCCCCCC)CCCCCCCCCC)C(c4ccc(*)s4)=C3C(=O)N2CC(CCCCCCCC)CCCCCCCCCC)s1,PDBNCN,*c1ccc(C2=C3C(=O)N(CC(CCCCCCCC)CCCCCCCCCC)C(c4ccc(-c5ccc(-c6c7c(c(-c8ccc(*)s8)c8c6O[B-](C#N)(C#N)[N+](CC(CC)CCCC)=C8)O[B-](C#N)(C#N)[N+](CC(CC)CCCC)=C7)s5)s4)=C3C(=O)N2CC(CCCCCCCC)CCCCCCCCCC)s1,1,0.0,1,1.28,0.0,-4.01,-5.53,*c1ccc(-c2c3c(c(-c4ccc(*)s4)c4c2O[B-](C#N)(C#N)[N+](CC(CC)CCCC)=C4)O[B-](C#N)(C#N)[N+](CC(CC)CCCC)=C3)s1,*c1ccc(C2=C3C(=O)N(CC(CCCCCCCC)CCCCCCCCCC)C(c4ccc(*)s4)=C3C(=O)N2CC(CCCCCCCC)CCCCCCCCCC)s1
10.1002/anie.202416669,PMBNCN ,*c1ccc(C2=C3C(=O)N(CC(CCCCCCCC)CCCCCCCCCC)C(c4ccc(-c5ccc(-c6ccc(-c7ccc(*)s7)c7c6C=[N+](CCCCCC)[B-](C#N)(C#N)O7)s5)s4)=C3C(=O)N2CC(CCCCCCCC)CCCCCCCCCC)s1,1,0.0,0,0.038,0.0,-3.84,-5.51,*c1ccc(-c2ccc(-c3ccc(*)s3)c3c2C=[N+](CCCCCC)[B-](C#N)(C#N)O3)s1,*c1ccc(C2=C3C(=O)N(CC(CCCCCCCC)CCCCCCCCCC)C(c4ccc(*)s4)=C3C(=O)N2CC(CCCCCCCC)CCCCCCCCCC)s1,PDBNF,*c1ccc(C2=C3C(=O)N(CC(CCCCCCCC)CCCCCCCCCC)C(c4ccc(-c5ccc(-c6c7c(c(-c8ccc(*)s8)c8c6O[B-](F)(F)[N+](CC(CC)CCCC)=C8)O[B-](F)(F)[N+](CC(CC)CCCC)=C7)s5)s4)=C3C(=O)N2CC(CCCCCCCC)CCCCCCCCCC)s1,1,0.0,1,3.04,0.0,-3.96,-5.62,*c1ccc(-c2c3c(c(-c4ccc(*)s4)c4c2O[B-](F)(F)[N+](CC(CC)CCCC)=C4)O[B-](F)(F)[N+](CC(CC)CCCC)=C3)s1,*c1ccc(C2=C3C(=O)N(CC(CCCCCCCC)CCCCCCCCCC)C(c4ccc(*)s4)=C3C(=O)N2CC(CCCCCCCC)CCCCCCCCCC)s1
10.1002/anie.202416669,PMBNCN ,*c1ccc(C2=C3C(=O)N(CC(CCCCCCCC)CCCCCCCCCC)C(c4ccc(-c5ccc(-c6ccc(-c7ccc(*)s7)c7c6C=[N+](CCCCCC)[B-](C#N)(C#N)O7)s5)s4)=C3C(=O)N2CC(CCCCCCCC)CCCCCCCCCC)s1,1,0.0,0,0.038,0.0,-3.84,-5.51,*c1ccc(-c2ccc(-c3ccc(*)s3)c3c2C=[N+](CCCCCC)[B-](C#N)(C#N)O3)s1,*c1ccc(C2=C3C(=O)N(CC(CCCCCCCC)CCCCCCCCCC)C(c4ccc(*)s4)=C3C(=O)N2CC(CCCCCCCC)CCCCCCCCCC)s1,PDBNCN,*c1ccc(C2=C3C(=O)N(CC(CCCCCCCC)CCCCCCCCCC)C(c4ccc(-c5ccc(-c6c7c(c(-c8ccc(*)s8)c8c6O[B-](C#N)(C#N)[N+](CC(CC)CCCC)=C8)O[B-](C#N)(C#N)[N+](CC(CC)CCCC)=C7)s5)s4)=C3C(=O)N2CC(CCCCCCCC)CCCCCCCCCC)s1,1,0.0,1,1.28,0.0,-4.01,-5.53,*c1ccc(-c2c3c(c(-c4ccc(*)s4)c4c2O[B-](C#N)(C#N)[N+](CC(CC)CCCC)=C4)O[B-](C#N)(C#N)[N+](CC(CC)CCCC)=C3)s1,*c1ccc(C2=C3C(=O)N(CC(CCCCCCCC)CCCCCCCCCC)C(c4ccc(*)s4)=C3C(=O)N2CC(CCCCCCCC)CCCCCCCCCC)s1
10.1002/anie.202416669,PDBNF,*c1ccc(C2=C3C(=O)N(CC(CCCCCCCC)CCCCCCCCCC)C(c4ccc(-c5ccc(-c6c7c(c(-c8ccc(*)s8)c8c6O[B-](F)(F)[N+](CC(CC)CCCC)=C8)O[B-](F)(F)[N+](CC(CC)CCCC)=C7)s5)s4)=C3C(=O)N2CC(CCCCCCCC)CCCCCCCCCC)s1,1,0.0,1,3.04,0.0,-3.96,-5.62,*c1ccc(-c2c3c(c(-c4ccc(*)s4)c4c2O[B-](F)(F)[N+](CC(CC)CCCC)=C4)O[B-](F)(F)[N+](CC(CC)CCCC)=C3)s1,*c1ccc(C2=C3C(=O)N(CC(CCCCCCCC)CCCCCCCCCC)C(c4ccc(*)s4)=C3C(=O)N2CC(CCCCCCCC)CCCCCCCCCC)s1,PDBNCN,*c1ccc(C2=C3C(=O)N(CC(CCCCCCCC)CCCCCCCCCC)C(c4ccc(-c5ccc(-c6c7c(c(-c8ccc(*)s8)c8c6O[B-](C#N)(C#N)[N+](CC(CC)CCCC)=C8)O[B-](C#N)(C#N)[N+](CC(CC)CCCC)=C7)s5)s4)=C3C(=O)N2CC(CCCCCCCC)CCCCCCCCCC)s1,1,0.0,1,1.28,0.0,-4.01,-5.53,*c1ccc(-c2c3c(c(-c4ccc(*)s4)c4c2O[B-](C#N)(C#N)[N+](CC(CC)CCCC)=C4)O[B-](C#N)(C#N)[N+](CC(CC)CCCC)=C3)s1,*c1ccc(C2=C3C(=O)N(CC(CCCCCCCC)CCCCCCCCCC)C(c4ccc(*)s4)=C3C(=O)N2CC(CCCCCCCC)CCCCCCCCCC)s1
10.1002/anie.202500860,anti-C16DHIT-BT,*c1cc2cc3c(cc2s1)C1=C(c2cc4sc(-c5ccc(*)c6nsnc56)cc4cc2C1(CCCCCCCCCCCCCCCC)CCCCCCCCCCCCCCCC)C3(CCCCCCCCCCCCCCCC)CCCCCCCCCCCCCCCC,1,0.0,1,0.0,2.38,-3.55,-5.46,*c1ccc(*)c2nsnc12,*c1cc2cc3c(cc2s1)C1=C(c2cc4sc(*)cc4cc2C1(CCCCCCCCCCCCCCCC)CCCCCCCCCCCCCCCC)C3(CCCCCCCCCCCCCCCC)CCCCCCCCCCCCCCCC,syn-C16DHIT-BT,*c1cc2cc3c(cc2s1)C(CCCCCCCCCCCCCCCC)(CCCCCCCCCCCCCCCC)C1=C3C(CCCCCCCCCCCCCCCC)(CCCCCCCCCCCCCCCC)c2cc3sc(-c4ccc(*)c5nsnc45)cc3cc21,0,0.0,1,0.0,0.014,-3.49,-5.67,*c1ccc(*)c2nsnc12,*c1cc2cc3c(cc2s1)C(CCCCCCCCCCCCCCCC)(CCCCCCCCCCCCCCCC)C1=C3C(CCCCCCCCCCCCCCCC)(CCCCCCCCCCCCCCCC)c2cc3sc(*)cc3cc21
10.1002/anie.202507528,PBT,*c1ccc(C2=C3C(=O)N(CC(CCCCCCCC)CCCCCCCCCC)C(c4ccc(-c5sc(-c6ccc(-c7cc(CCCCCC)c(*)s7)c7nsnc67)cc5CCCCCC)s4)=C3C(=O)N2CC(CCCCCCCC)CCCCCCCCCC)s1,1,0.0,0,0.031,0.0,-3.42,-5.42,*c1sc(-c2ccc(-c3cc(CCCCCC)c(*)s3)c3nsnc23)cc1CCCCCC,*c1ccc(C2=C3C(=O)N(CC(CCCCCCCC)CCCCCCCCCC)C(c4ccc(*)s4)=C3C(=O)N2CC(CCCCCCCC)CCCCCCCCCC)s1,PFBT,*c1ccc(C2=C3C(=O)N(CC(CCCCCCCC)CCCCCCCCCC)C(c4ccc(-c5sc(-c6c(F)c(F)c(-c7cc(CCCCCC)c(*)s7)c7nsnc67)cc5CCCCCC)s4)=C3C(=O)N2CC(CCCCCCCC)CCCCCCCCCC)s1,1,0.0,0,0.18,0.0,-3.8,-5.5,*c1sc(-c2c(F)c(F)c(-c3cc(CCCCCC)c(*)s3)c3nsnc23)cc1CCCCCC,*c1ccc(C2=C3C(=O)N(CC(CCCCCCCC)CCCCCCCCCC)C(c4ccc(*)s4)=C3C(=O)N2CC(CCCCCCCC)CCCCCCCCCC)s1
10.1002/anie.202507528,PBT,*c1ccc(C2=C3C(=O)N(CC(CCCCCCCC)CCCCCCCCCC)C(c4ccc(-c5sc(-c6ccc(-c7cc(CCCCCC)c(*)s7)c7nsnc67)cc5CCCCCC)s4)=C3C(=O)N2CC(CCCCCCCC)CCCCCCCCCC)s1,1,0.0,0,0.031,0.0,-3.42,-5.42,*c1sc(-c2ccc(-c3cc(CCCCCC)c(*)s3)c3nsnc23)cc1CCCCCC,*c1ccc(C2=C3C(=O)N(CC(CCCCCCCC)CCCCCCCCCC)C(c4ccc(*)s4)=C3C(=O)N2CC(CCCCCCCC)CCCCCCCCCC)s1,PBTBN,*c1ccc(C2=C3C(=O)N(CC(CCCCCCCC)CCCCCCCCCC)C(c4ccc(-c5sc(-c6ccc7c8c6ns[n+]8[B-](C)(C)c6c-7sc(*)c6CCCCCC)cc5CCCCCC)s4)=C3C(=O)N2CC(CCCCCCCC)CCCCCCCCCC)s1,1,0.0,0,0.39,0.0,-3.7,-5.38,*c1sc(-c2ccc3c4c2ns[n+]4[B-](C)(C)c2c-3sc(*)c2CCCCCC)cc1CCCCCC,*c1ccc(C2=C3C(=O)N(CC(CCCCCCCC)CCCCCCCCCC)C(c4ccc(*)s4)=C3C(=O)N2CC(CCCCCCCC)CCCCCCCCCC)s1
10.1002/anie.202507528,PBT,*c1ccc(C2=C3C(=O)N(CC(CCCCCCCC)CCCCCCCCCC)C(c4ccc(-c5sc(-c6ccc(-c7cc(CCCCCC)c(*)s7)c7nsnc67)cc5CCCCCC)s4)=C3C(=O)N2CC(CCCCCCCC)CCCCCCCCCC)s1,1,0.0,0,0.031,0.0,-3.42,-5.42,*c1sc(-c2ccc(-c3cc(CCCCCC)c(*)s3)c3nsnc23)cc1CCCCCC,*c1ccc(C2=C3C(=O)N(CC(CCCCCCCC)CCCCCCCCCC)C(c4ccc(*)s4)=C3C(=O)N2CC(CCCCCCCC)CCCCCCCCCC)s1,PFBTBN,*c1ccc(C2=C3C(=O)N(CC(CCCCCCCC)CCCCCCCCCC)C(c4ccc(-c5sc(-c6c(F)c(F)c7c8c6ns[n+]8[B-](C)(C)c6c-7sc(*)c6CCCCCC)cc5CCCCCC)s4)=C3C(=O)N2CC(CCCCCCCC)CCCCCCCCCC)s1,1,0.0,0,3.85,0.0,-3.96,-5.51,*c1sc(-c2c(F)c(F)c3c4c2ns[n+]4[B-](C)(C)c2c-3sc(*)c2CCCCCC)cc1CCCCCC,*c1ccc(C2=C3C(=O)N(CC(CCCCCCCC)CCCCCCCCCC)C(c4ccc(*)s4)=C3C(=O)N2CC(CCCCCCCC)CCCCCCCCCC)s1
10.1002/anie.202507528,PFBT,*c1ccc(C2=C3C(=O)N(CC(CCCCCCCC)CCCCCCCCCC)C(c4ccc(-c5sc(-c6c(F)c(F)c(-c7cc(CCCCCC)c(*)s7)c7nsnc67)cc5CCCCCC)s4)=C3C(=O)N2CC(CCCCCCCC)CCCCCCCCCC)s1,1,0.0,0,0.18,0.0,-3.8,-5.5,*c1sc(-c2c(F)c(F)c(-c3cc(CCCCCC)c(*)s3)c3nsnc23)cc1CCCCCC,*c1ccc(C2=C3C(=O)N(CC(CCCCCCCC)CCCCCCCCCC)C(c4ccc(*)s4)=C3C(=O)N2CC(CCCCCCCC)CCCCCCCCCC)s1,PBTBN,*c1ccc(C2=C3C(=O)N(CC(CCCCCCCC)CCCCCCCCCC)C(c4ccc(-c5sc(-c6ccc7c8c6ns[n+]8[B-](C)(C)c6c-7sc(*)c6CCCCCC)cc5CCCCCC)s4)=C3C(=O)N2CC(CCCCCCCC)CCCCCCCCCC)s1,1,0.0,0,0.39,0.0,-3.7,-5.38,*c1sc(-c2ccc3c4c2ns[n+]4[B-](C)(C)c2c-3sc(*)c2CCCCCC)cc1CCCCCC,*c1ccc(C2=C3C(=O)N(CC(CCCCCCCC)CCCCCCCCCC)C(c4ccc(*)s4)=C3C(=O)N2CC(CCCCCCCC)CCCCCCCCCC)s1
10.1002/anie.202507528,PFBT,*c1ccc(C2=C3C(=O)N(CC(CCCCCCCC)CCCCCCCCCC)C(c4ccc(-c5sc(-c6c(F)c(F)c(-c7cc(CCCCCC)c(*)s7)c7nsnc67)cc5CCCCCC)s4)=C3C(=O)N2CC(CCCCCCCC)CCCCCCCCCC)s1,1,0.0,0,0.18,0.0,-3.8,-5.5,*c1sc(-c2c(F)c(F)c(-c3cc(CCCCCC)c(*)s3)c3nsnc23)cc1CCCCCC,*c1ccc(C2=C3C(=O)N(CC(CCCCCCCC)CCCCCCCCCC)C(c4ccc(*)s4)=C3C(=O)N2CC(CCCCCCCC)CCCCCCCCCC)s1,PFBTBN,*c1ccc(C2=C3C(=O)N(CC(CCCCCCCC)CCCCCCCCCC)C(c4ccc(-c5sc(-c6c(F)c(F)c7c8c6ns[n+]8[B-](C)(C)c6c-7sc(*)c6CCCCCC)cc5CCCCCC)s4)=C3C(=O)N2CC(CCCCCCCC)CCCCCCCCCC)s1,1,0.0,0,3.85,0.0,-3.96,-5.51,*c1sc(-c2c(F)c(F)c3c4c2ns[n+]4[B-](C)(C)c2c-3sc(*)c2CCCCCC)cc1CCCCCC,*c1ccc(C2=C3C(=O)N(CC(CCCCCCCC)CCCCCCCCCC)C(c4ccc(*)s4)=C3C(=O)N2CC(CCCCCCCC)CCCCCCCCCC)s1
10.1002/anie.202507528,PBTBN,*c1ccc(C2=C3C(=O)N(CC(CCCCCCCC)CCCCCCCCCC)C(c4ccc(-c5sc(-c6ccc7c8c6ns[n+]8[B-](C)(C)c6c-7sc(*)c6CCCCCC)cc5CCCCCC)s4)=C3C(=O)N2CC(CCCCCCCC)CCCCCCCCCC)s1,1,0.0,0,0.39,0.0,-3.7,-5.38,*c1sc(-c2ccc3c4c2ns[n+]4[B-](C)(C)c2c-3sc(*)c2CCCCCC)cc1CCCCCC,*c1ccc(C2=C3C(=O)N(CC(CCCCCCCC)CCCCCCCCCC)C(c4ccc(*)s4)=C3C(=O)N2CC(CCCCCCCC)CCCCCCCCCC)s1,PFBTBN,*c1ccc(C2=C3C(=O)N(CC(CCCCCCCC)CCCCCCCCCC)C(c4ccc(-c5sc(-c6c(F)c(F)c7c8c6ns[n+]8[B-](C)(C)c6c-7sc(*)c6CCCCCC)cc5CCCCCC)s4)=C3C(=O)N2CC(CCCCCCCC)CCCCCCCCCC)s1,1,0.0,0,3.85,0.0,-3.96,-5.51,*c1sc(-c2c(F)c(F)c3c4c2ns[n+]4[B-](C)(C)c2c-3sc(*)c2CCCCCC)cc1CCCCCC,*c1ccc(C2=C3C(=O)N(CC(CCCCCCCC)CCCCCCCCCC)C(c4ccc(*)s4)=C3C(=O)N2CC(CCCCCCCC)CCCCCCCCCC)s1
10.1002/asia.201701800,PDPPT-ADO,*c1ccc2c(c1)C(=O)c1ccc(-c3ccc(C4=C5C(=O)N(CC(CCCCCCCC)CCCCCCCCCC)C(c6ccc(*)s6)=C5C(=O)N4CC(CCCCCCCC)CCCCCCCCCC)s3)cc1C2=O,0,0.0,1,0.0153,0.0143,-4.5,-5.65,*c1ccc2c(c1)C(=O)c1ccc(*)cc1C2=O,*c1ccc(C2=C3C(=O)N(CC(CCCCCCCC)CCCCCCCCCC)C(c4ccc(*)s4)=C3C(=O)N2CC(CCCCCCCC)CCCCCCCCCC)s1,PDPPT-BDTDO,*c1ccc(C2=C3C(=O)N(CC(CCCCCCCC)CCCCCCCCCC)C(c4ccc(-c5cc6c(s5)C(=O)c5cc(*)sc5C6=O)s4)=C3C(=O)N2CC(CCCCCCCC)CCCCCCCCCC)s1,0,0.0,1,0.0326,0.00316,-4.59,-5.4,*c1cc2c(s1)C(=O)c1cc(*)sc1C2=O,*c1ccc(C2=C3C(=O)N(CC(CCCCCCCC)CCCCCCCCCC)C(c4ccc(*)s4)=C3C(=O)N2CC(CCCCCCCC)CCCCCCCCCC)s1
10.1002/asia.201701800,PDPPT-ADO,*c1ccc2c(c1)C(=O)c1ccc(-c3ccc(C4=C5C(=O)N(CC(CCCCCCCC)CCCCCCCCCC)C(c6ccc(*)s6)=C5C(=O)N4CC(CCCCCCCC)CCCCCCCCCC)s3)cc1C2=O,0,0.0,1,0.0153,0.0143,-4.5,-5.65,*c1ccc2c(c1)C(=O)c1ccc(*)cc1C2=O,*c1ccc(C2=C3C(=O)N(CC(CCCCCCCC)CCCCCCCCCC)C(c4ccc(*)s4)=C3C(=O)N2CC(CCCCCCCC)CCCCCCCCCC)s1,PDPPT-BDFDO,*c1cc2c(o1)C(=O)c1cc(-c3ccc(C4=C5C(=O)N(CC(CCCCCCCC)CCCCCCCCCC)C(c6ccc(*)s6)=C5C(=O)N4CC(CCCCCCCC)CCCCCCCCCC)s3)oc1C2=O,0,0.0,1,0.0191,0.0109,-4.65,-5.56,*c1cc2c(o1)C(=O)c1cc(*)oc1C2=O,*c1ccc(C2=C3C(=O)N(CC(CCCCCCCC)CCCCCCCCCC)C(c4ccc(*)s4)=C3C(=O)N2CC(CCCCCCCC)CCCCCCCCCC)s1
10.1002/asia.201701800,PDPPT-ADO,*c1ccc2c(c1)C(=O)c1ccc(-c3ccc(C4=C5C(=O)N(CC(CCCCCCCC)CCCCCCCCCC)C(c6ccc(*)s6)=C5C(=O)N4CC(CCCCCCCC)CCCCCCCCCC)s3)cc1C2=O,0,0.0,1,0.0153,0.0143,-4.5,-5.65,*c1ccc2c(c1)C(=O)c1ccc(*)cc1C2=O,*c1ccc(C2=C3C(=O)N(CC(CCCCCCCC)CCCCCCCCCC)C(c4ccc(*)s4)=C3C(=O)N2CC(CCCCCCCC)CCCCCCCCCC)s1,PDPPT-CPDTO,*c1ccc(C2=C3C(=O)N(CC(CCCCCCCC)CCCCCCCCCC)C(c4ccc(-c5cc6c(s5)-c5sc(*)cc5C6=O)s4)=C3C(=O)N2CC(CCCCCCCC)CCCCCCCCCC)s1,1,0.0,0,0.46,0.46,-4.2,-5.12,*c1cc2c(s1)-c1sc(*)cc1C2=O,*c1ccc(C2=C3C(=O)N(CC(CCCCCCCC)CCCCCCCCCC)C(c4ccc(*)s4)=C3C(=O)N2CC(CCCCCCCC)CCCCCCCCCC)s1
10.1002/asia.201701800,PDPPT-ADO,*c1ccc2c(c1)C(=O)c1ccc(-c3ccc(C4=C5C(=O)N(CC(CCCCCCCC)CCCCCCCCCC)C(c6ccc(*)s6)=C5C(=O)N4CC(CCCCCCCC)CCCCCCCCCC)s3)cc1C2=O,0,0.0,1,0.0153,0.0143,-4.5,-5.65,*c1ccc2c(c1)C(=O)c1ccc(*)cc1C2=O,*c1ccc(C2=C3C(=O)N(CC(CCCCCCCC)CCCCCCCCCC)C(c4ccc(*)s4)=C3C(=O)N2CC(CCCCCCCC)CCCCCCCCCC)s1,PDPPT-BDTDO-2,*c1ccc(C2=C3C(=O)N(CC(CCCCCCCC)CCCCCCCCCC)C(c4ccc(-c5cc6c(s5)-c5sc(*)cc5C(=O)C6=O)s4)=C3C(=O)N2CC(CCCCCCCC)CCCCCCCCCC)s1,1,0.0,0,0.0,0.00346,-4.16,-5.38,*c1cc2c(s1)-c1sc(*)cc1C(=O)C2=O,*c1ccc(C2=C3C(=O)N(CC(CCCCCCCC)CCCCCCCCCC)C(c4ccc(*)s4)=C3C(=O)N2CC(CCCCCCCC)CCCCCCCCCC)s1
10.1002/asia.201701800,PDPPT-BDTDO,*c1ccc(C2=C3C(=O)N(CC(CCCCCCCC)CCCCCCCCCC)C(c4ccc(-c5cc6c(s5)C(=O)c5cc(*)sc5C6=O)s4)=C3C(=O)N2CC(CCCCCCCC)CCCCCCCCCC)s1,0,0.0,1,0.0326,0.00316,-4.59,-5.4,*c1cc2c(s1)C(=O)c1cc(*)sc1C2=O,*c1ccc(C2=C3C(=O)N(CC(CCCCCCCC)CCCCCCCCCC)C(c4ccc(*)s4)=C3C(=O)N2CC(CCCCCCCC)CCCCCCCCCC)s1,PDPPT-BDFDO,*c1cc2c(o1)C(=O)c1cc(-c3ccc(C4=C5C(=O)N(CC(CCCCCCCC)CCCCCCCCCC)C(c6ccc(*)s6)=C5C(=O)N4CC(CCCCCCCC)CCCCCCCCCC)s3)oc1C2=O,0,0.0,1,0.0191,0.0109,-4.65,-5.56,*c1cc2c(o1)C(=O)c1cc(*)oc1C2=O,*c1ccc(C2=C3C(=O)N(CC(CCCCCCCC)CCCCCCCCCC)C(c4ccc(*)s4)=C3C(=O)N2CC(CCCCCCCC)CCCCCCCCCC)s1
10.1002/asia.201701800,PDPPT-BDTDO,*c1ccc(C2=C3C(=O)N(CC(CCCCCCCC)CCCCCCCCCC)C(c4ccc(-c5cc6c(s5)C(=O)c5cc(*)sc5C6=O)s4)=C3C(=O)N2CC(CCCCCCCC)CCCCCCCCCC)s1,0,0.0,1,0.0326,0.00316,-4.59,-5.4,*c1cc2c(s1)C(=O)c1cc(*)sc1C2=O,*c1ccc(C2=C3C(=O)N(CC(CCCCCCCC)CCCCCCCCCC)C(c4ccc(*)s4)=C3C(=O)N2CC(CCCCCCCC)CCCCCCCCCC)s1,PDPPT-CPDTO,*c1ccc(C2=C3C(=O)N(CC(CCCCCCCC)CCCCCCCCCC)C(c4ccc(-c5cc6c(s5)-c5sc(*)cc5C6=O)s4)=C3C(=O)N2CC(CCCCCCCC)CCCCCCCCCC)s1,1,0.0,0,0.46,0.46,-4.2,-5.12,*c1cc2c(s1)-c1sc(*)cc1C2=O,*c1ccc(C2=C3C(=O)N(CC(CCCCCCCC)CCCCCCCCCC)C(c4ccc(*)s4)=C3C(=O)N2CC(CCCCCCCC)CCCCCCCCCC)s1
10.1002/asia.201701800,PDPPT-BDTDO,*c1ccc(C2=C3C(=O)N(CC(CCCCCCCC)CCCCCCCCCC)C(c4ccc(-c5cc6c(s5)C(=O)c5cc(*)sc5C6=O)s4)=C3C(=O)N2CC(CCCCCCCC)CCCCCCCCCC)s1,0,0.0,1,0.0326,0.00316,-4.59,-5.4,*c1cc2c(s1)C(=O)c1cc(*)sc1C2=O,*c1ccc(C2=C3C(=O)N(CC(CCCCCCCC)CCCCCCCCCC)C(c4ccc(*)s4)=C3C(=O)N2CC(CCCCCCCC)CCCCCCCCCC)s1,PDPPT-BDTDO-2,*c1ccc(C2=C3C(=O)N(CC(CCCCCCCC)CCCCCCCCCC)C(c4ccc(-c5cc6c(s5)-c5sc(*)cc5C(=O)C6=O)s4)=C3C(=O)N2CC(CCCCCCCC)CCCCCCCCCC)s1,1,0.0,0,0.0,0.00346,-4.16,-5.38,*c1cc2c(s1)-c1sc(*)cc1C(=O)C2=O,*c1ccc(C2=C3C(=O)N(CC(CCCCCCCC)CCCCCCCCCC)C(c4ccc(*)s4)=C3C(=O)N2CC(CCCCCCCC)CCCCCCCCCC)s1
10.1002/asia.201701800,PDPPT-BDFDO,*c1cc2c(o1)C(=O)c1cc(-c3ccc(C4=C5C(=O)N(CC(CCCCCCCC)CCCCCCCCCC)C(c6ccc(*)s6)=C5C(=O)N4CC(CCCCCCCC)CCCCCCCCCC)s3)oc1C2=O,0,0.0,1,0.0191,0.0109,-4.65,-5.56,*c1cc2c(o1)C(=O)c1cc(*)oc1C2=O,*c1ccc(C2=C3C(=O)N(CC(CCCCCCCC)CCCCCCCCCC)C(c4ccc(*)s4)=C3C(=O)N2CC(CCCCCCCC)CCCCCCCCCC)s1,PDPPT-CPDTO,*c1ccc(C2=C3C(=O)N(CC(CCCCCCCC)CCCCCCCCCC)C(c4ccc(-c5cc6c(s5)-c5sc(*)cc5C6=O)s4)=C3C(=O)N2CC(CCCCCCCC)CCCCCCCCCC)s1,1,0.0,0,0.46,0.46,-4.2,-5.12,*c1cc2c(s1)-c1sc(*)cc1C2=O,*c1ccc(C2=C3C(=O)N(CC(CCCCCCCC)CCCCCCCCCC)C(c4ccc(*)s4)=C3C(=O)N2CC(CCCCCCCC)CCCCCCCCCC)s1
10.1002/asia.201701800,PDPPT-BDFDO,*c1cc2c(o1)C(=O)c1cc(-c3ccc(C4=C5C(=O)N(CC(CCCCCCCC)CCCCCCCCCC)C(c6ccc(*)s6)=C5C(=O)N4CC(CCCCCCCC)CCCCCCCCCC)s3)oc1C2=O,0,0.0,1,0.0191,0.0109,-4.65,-5.56,*c1cc2c(o1)C(=O)c1cc(*)oc1C2=O,*c1ccc(C2=C3C(=O)N(CC(CCCCCCCC)CCCCCCCCCC)C(c4ccc(*)s4)=C3C(=O)N2CC(CCCCCCCC)CCCCCCCCCC)s1,PDPPT-BDTDO-2,*c1ccc(C2=C3C(=O)N(CC(CCCCCCCC)CCCCCCCCCC)C(c4ccc(-c5cc6c(s5)-c5sc(*)cc5C(=O)C6=O)s4)=C3C(=O)N2CC(CCCCCCCC)CCCCCCCCCC)s1,1,0.0,0,0.0,0.00346,-4.16,-5.38,*c1cc2c(s1)-c1sc(*)cc1C(=O)C2=O,*c1ccc(C2=C3C(=O)N(CC(CCCCCCCC)CCCCCCCCCC)C(c4ccc(*)s4)=C3C(=O)N2CC(CCCCCCCC)CCCCCCCCCC)s1
10.1002/asia.201701800,PDPPT-CPDTO,*c1ccc(C2=C3C(=O)N(CC(CCCCCCCC)CCCCCCCCCC)C(c4ccc(-c5cc6c(s5)-c5sc(*)cc5C6=O)s4)=C3C(=O)N2CC(CCCCCCCC)CCCCCCCCCC)s1,1,0.0,0,0.46,0.46,-4.2,-5.12,*c1cc2c(s1)-c1sc(*)cc1C2=O,*c1ccc(C2=C3C(=O)N(CC(CCCCCCCC)CCCCCCCCCC)C(c4ccc(*)s4)=C3C(=O)N2CC(CCCCCCCC)CCCCCCCCCC)s1,PDPPT-BDTDO-2,*c1ccc(C2=C3C(=O)N(CC(CCCCCCCC)CCCCCCCCCC)C(c4ccc(-c5cc6c(s5)-c5sc(*)cc5C(=O)C6=O)s4)=C3C(=O)N2CC(CCCCCCCC)CCCCCCCCCC)s1,1,0.0,0,0.0,0.00346,-4.16,-5.38,*c1cc2c(s1)-c1sc(*)cc1C(=O)C2=O,*c1ccc(C2=C3C(=O)N(CC(CCCCCCCC)CCCCCCCCCC)C(c4ccc(*)s4)=C3C(=O)N2CC(CCCCCCCC)CCCCCCCCCC)s1
10.1002/chem.201703415,PBBI-2T,*c1ccc(-c2ccc(-c3cc4c(=O)n(CC(CCCCCCCCCC)CCCCCCCCCCCC)c(=O)c5cc6c(cc5c4s3)c(=O)n(CC(CCCCCCCCCC)CCCCCCCCCCCC)c(=O)c3cc(*)sc36)s2)s1,1,0.0,1,0.04,0.0011,-3.48,-5.38,*c1ccc(-c2ccc(*)s2)s1,*c1cc2c(=O)n(CC(CCCCCCCCCC)CCCCCCCCCCCC)c(=O)c3cc4c(cc3c2s1)c(=O)n(CC(CCCCCCCCCC)CCCCCCCCCCCC)c(=O)c1cc(*)sc14,PBBI-2T2F,*c1cc(F)c(-c2sc(-c3cc4c(=O)n(CC(CCCCCCCCCC)CCCCCCCCCCCC)c(=O)c5cc6c(cc5c4s3)c(=O)n(CC(CCCCCCCCCC)CCCCCCCCCCCC)c(=O)c3cc(*)sc36)cc2F)s1,1,0.0,1,0.34,0.0,-3.71,-5.72,*c1cc(F)c(-c2sc(*)cc2F)s1,*c1cc2c(=O)n(CC(CCCCCCCCCC)CCCCCCCCCCCC)c(=O)c3cc4c(cc3c2s1)c(=O)n(CC(CCCCCCCCCC)CCCCCCCCCCCC)c(=O)c1cc(*)sc14
10.1002/cjoc.201400423,BPDBDTE,*c1ccc(C2=C/C(=C3/C=C(c4ccc(-c5cc(CCCCCCCCCCCC)c(/C=C/c6sc(*)cc6CCCCCCCCCCCC)s5)s4)N(CC(CCCCCCCC)CCCCCCCCCC)C3=O)C(=O)N2CC(CCCCCCCC)CCCCCCCCCC)s1,1,0.0,1,0.081,0.109,-3.65,-5.12,*c1cc(CCCCCCCCCCCC)c(/C=C/c2sc(*)cc2CCCCCCCCCCCC)s1,*c1ccc(C2=C/C(=C3/C=C(c4ccc(*)s4)N(CC(CCCCCCCC)CCCCCCCCCC)C3=O)C(=O)N2CC(CCCCCCCC)CCCCCCCCCC)s1,BPDDTE,*c1ccc(/C=C/c2ccc(-c3ccc(C4=C/C(=C5/C=C(c6ccc(*)s6)N(CC(CCCCCCCC)CCCCCCCCCC)C5=O)C(=O)N4CC(CCCCCCCC)CCCCCCCCCC)s3)s2)s1,1,0.0,1,0.09,0.245,-3.62,-5.01,*c1ccc(/C=C/c2ccc(*)s2)s1,*c1ccc(C2=C/C(=C3/C=C(c4ccc(*)s4)N(CC(CCCCCCCC)CCCCCCCCCC)C3=O)C(=O)N2CC(CCCCCCCC)CCCCCCCCCC)s1
10.1002/cjoc.202000143,PSeDPPFT,*c1ccc(C2=C3C(=O)N(CCC(CCCCCCCCCCCCCCCCCC)CCCCCCCCCCCCCCCCCC)C(c4ccc(-c5sc(*)c(F)c5F)[se]4)=C3C(=O)N2CCC(CCCCCCCCCCCCCCCCCC)CCCCCCCCCCCCCCCCCC)[se]1,1,0.0,0,0.05,0.14,-3.69,-5.1,*c1sc(*)c(F)c1F,*c1ccc(C2=C3C(=O)N(CCC(CCCCCCCCCCCCCCCCCC)CCCCCCCCCCCCCCCCCC)C(c4ccc(*)[se]4)=C3C(=O)N2CCC(CCCCCCCCCCCCCCCCCC)CCCCCCCCCCCCCCCCCC)[se]1,PSeFDFT,*c1ccc(C2=C3C(=O)N4C=Cc5cc(-c6sc(*)c(F)c6F)[se]c5C4=C3C(=O)N2CCC(CCCCCCCCCCCCCCCCCC)CCCCCCCCCCCCCCCCCC)[se]1,1,0.0,0,0.21,0.31,-3.72,-5.01,*c1sc(*)c(F)c1F,*c1ccc(C2=C3C(=O)N4C=Cc5cc(*)[se]c5C4=C3C(=O)N2CCC(CCCCCCCCCCCCCCCCCC)CCCCCCCCCCCCCCCCCC)[se]1
10.1002/cjoc.202200209,P2Cl1CNTVT-DPP,*c1ccc(C2=C3C(=O)N(CCCC(CCCCCCCCCCCCCCCCCC)CCCCCCCCCCCCCCCCCC)C(c4ccc(-c5sc(/C(C#N)=C/c6cc(Cl)c(*)s6)cc5Cl)s4)=C3C(=O)N2CCCC(CCCCCCCCCCCCCCCCCC)CCCCCCCCCCCCCCCCCC)s1,1,0.0,0,0.64,0.0,-4.11,-5.46,*c1sc(/C=C(\C#N)c2cc(Cl)c(*)s2)cc1Cl,*c1ccc(C2=C3C(=O)N(CCCC(CCCCCCCCCCCCCCCCCC)CCCCCCCCCCCCCCCCCC)C(c4ccc(*)s4)=C3C(=O)N2CCCC(CCCCCCCCCCCCCCCCCC)CCCCCCCCCCCCCCCCCC)s1,P4Cl1CNTVT-DPP,*c1ccc(C2=C3C(=O)N(CCCC(CCCCCCCCCCCCCCCCCC)CCCCCCCCCCCCCCCCCC)C(c4ccc(-c5sc(/C(C#N)=C/c6sc(*)c(Cl)c6Cl)c(Cl)c5Cl)s4)=C3C(=O)N2CCCC(CCCCCCCCCCCCCCCCCC)CCCCCCCCCCCCCCCCCC)s1,1,0.0,0,0.36,0.0,-4.33,-5.66,*c1sc(/C=C(\C#N)c2sc(*)c(Cl)c2Cl)c(Cl)c1Cl,*c1ccc(C2=C3C(=O)N(CCCC(CCCCCCCCCCCCCCCCCC)CCCCCCCCCCCCCCCCCC)C(c4ccc(*)s4)=C3C(=O)N2CCCC(CCCCCCCCCCCCCCCCCC)CCCCCCCCCCCCCCCCCC)s1
10.1002/cjoc.202200209,P2Cl1CNTVT-DPP,*c1ccc(C2=C3C(=O)N(CCCC(CCCCCCCCCCCCCCCCCC)CCCCCCCCCCCCCCCCCC)C(c4ccc(-c5sc(/C(C#N)=C/c6cc(Cl)c(*)s6)cc5Cl)s4)=C3C(=O)N2CCCC(CCCCCCCCCCCCCCCCCC)CCCCCCCCCCCCCCCCCC)s1,1,0.0,0,0.64,0.0,-4.11,-5.46,*c1sc(/C=C(\C#N)c2cc(Cl)c(*)s2)cc1Cl,*c1ccc(C2=C3C(=O)N(CCCC(CCCCCCCCCCCCCCCCCC)CCCCCCCCCCCCCCCCCC)C(c4ccc(*)s4)=C3C(=O)N2CCCC(CCCCCCCCCCCCCCCCCC)CCCCCCCCCCCCCCCCCC)s1,P2Cl2CNTVT-DPP,*c1ccc(C2=C3C(=O)N(CCCC(CCCCCCCCCCCCCCCCCC)CCCCCCCCCCCCCCCCCC)C(c4ccc(-c5sc(/C=C/c6sc(*)c(Cl)c6C#N)c(C#N)c5Cl)s4)=C3C(=O)N2CCCC(CCCCCCCCCCCCCCCCCC)CCCCCCCCCCCCCCCCCC)s1,1,0.0,1,0.84,0.7,-4.29,-5.64,*c1sc(/C=C/c2sc(*)c(Cl)c2C#N)c(C#N)c1Cl,*c1ccc(C2=C3C(=O)N(CCCC(CCCCCCCCCCCCCCCCCC)CCCCCCCCCCCCCCCCCC)C(c4ccc(*)s4)=C3C(=O)N2CCCC(CCCCCCCCCCCCCCCCCC)CCCCCCCCCCCCCCCCCC)s1
10.1002/cjoc.202200209,P4Cl1CNTVT-DPP,*c1ccc(C2=C3C(=O)N(CCCC(CCCCCCCCCCCCCCCCCC)CCCCCCCCCCCCCCCCCC)C(c4ccc(-c5sc(/C(C#N)=C/c6sc(*)c(Cl)c6Cl)c(Cl)c5Cl)s4)=C3C(=O)N2CCCC(CCCCCCCCCCCCCCCCCC)CCCCCCCCCCCCCCCCCC)s1,1,0.0,0,0.36,0.0,-4.33,-5.66,*c1sc(/C=C(\C#N)c2sc(*)c(Cl)c2Cl)c(Cl)c1Cl,*c1ccc(C2=C3C(=O)N(CCCC(CCCCCCCCCCCCCCCCCC)CCCCCCCCCCCCCCCCCC)C(c4ccc(*)s4)=C3C(=O)N2CCCC(CCCCCCCCCCCCCCCCCC)CCCCCCCCCCCCCCCCCC)s1,P2Cl2CNTVT-DPP,*c1ccc(C2=C3C(=O)N(CCCC(CCCCCCCCCCCCCCCCCC)CCCCCCCCCCCCCCCCCC)C(c4ccc(-c5sc(/C=C/c6sc(*)c(Cl)c6C#N)c(C#N)c5Cl)s4)=C3C(=O)N2CCCC(CCCCCCCCCCCCCCCCCC)CCCCCCCCCCCCCCCCCC)s1,1,0.0,1,0.84,0.7,-4.29,-5.64,*c1sc(/C=C/c2sc(*)c(Cl)c2C#N)c(C#N)c1Cl,*c1ccc(C2=C3C(=O)N(CCCC(CCCCCCCCCCCCCCCCCC)CCCCCCCCCCCCCCCCCC)C(c4ccc(*)s4)=C3C(=O)N2CCCC(CCCCCCCCCCCCCCCCCC)CCCCCCCCCCCCCCCCCC)s1
10.1002/cjoc.202300237,PBTzVBTz-T ,*c1ccc(-c2cc3c(s2)c2c4nsnc4c(/C=C/c4cc5c(c6nsnc46)c4sc(*)cc4n5CCCC(CCCCCCCCCCCCCC)CCCCCCCCCCCCCC)cc2n3CCCC(CCCCCCCCCCCCCC)CCCCCCCCCCCCCC)s1,1,0.0,0,0.0,0.0016,-2.85,-4.62,*c1ccc(*)s1,*c1cc2c(s1)c1c3nsnc3c(/C=C/c3cc4c(c5nsnc35)c3sc(*)cc3n4CCCC(CCCCCCCCCCCCCC)CCCCCCCCCCCCCC)cc1n2CCCC(CCCCCCCCCCCCCC)CCCCCCCCCCCCCC,PBTzVBTz-TT ,*c1ccc(-c2ccc(-c3cc4c(s3)c3c5nsnc5c(/C=C/c5cc6c(c7nsnc57)c5sc(*)cc5n6CCCC(CCCCCCCCCCCCCC)CCCCCCCCCCCCCC)cc3n4CCCC(CCCCCCCCCCCCCC)CCCCCCCCCCCCCC)s2)s1,1,0.0,1,0.0,0.1,-2.85,-4.65,*c1ccc(-c2ccc(*)s2)s1,*c1cc2c(s1)c1c3nsnc3c(/C=C/c3cc4c(c5nsnc35)c3sc(*)cc3n4CCCC(CCCCCCCCCCCCCC)CCCCCCCCCCCCCC)cc1n2CCCC(CCCCCCCCCCCCCC)CCCCCCCCCCCCCC
10.1002/cjoc.202300237,PBTzVBTz-T ,*c1ccc(-c2cc3c(s2)c2c4nsnc4c(/C=C/c4cc5c(c6nsnc46)c4sc(*)cc4n5CCCC(CCCCCCCCCCCCCC)CCCCCCCCCCCCCC)cc2n3CCCC(CCCCCCCCCCCCCC)CCCCCCCCCCCCCC)s1,1,0.0,0,0.0,0.0016,-2.85,-4.62,*c1ccc(*)s1,*c1cc2c(s1)c1c3nsnc3c(/C=C/c3cc4c(c5nsnc35)c3sc(*)cc3n4CCCC(CCCCCCCCCCCCCC)CCCCCCCCCCCCCC)cc1n2CCCC(CCCCCCCCCCCCCC)CCCCCCCCCCCCCC,PTVT-T,*c1ccc(-c2cc3c(c4nsnc24)c2sc(/C=C/c4cc5c(s4)c4c6nsnc6c(*)cc4n5CCCC(CCCCCCCCCCCCCC)CCCCCCCCCCCCCC)cc2n3CCCC(CCCCCCCCCCCCCC)CCCCCCCCCCCCCC)s1,1,0.0,0,0.0,0.0015,-2.92,-4.63,*c1ccc(*)s1,*c1cc2c(c3nsnc13)c1sc(/C=C/c3cc4c(s3)c3c5nsnc5c(*)cc3n4CCCC(CCCCCCCCCCCCCC)CCCCCCCCCCCCCC)cc1n2CCCC(CCCCCCCCCCCCCC)CCCCCCCCCCCCCC
10.1002/cjoc.202300237,PBTzVBTz-T ,*c1ccc(-c2cc3c(s2)c2c4nsnc4c(/C=C/c4cc5c(c6nsnc46)c4sc(*)cc4n5CCCC(CCCCCCCCCCCCCC)CCCCCCCCCCCCCC)cc2n3CCCC(CCCCCCCCCCCCCC)CCCCCCCCCCCCCC)s1,1,0.0,0,0.0,0.0016,-2.85,-4.62,*c1ccc(*)s1,*c1cc2c(s1)c1c3nsnc3c(/C=C/c3cc4c(c5nsnc35)c3sc(*)cc3n4CCCC(CCCCCCCCCCCCCC)CCCCCCCCCCCCCC)cc1n2CCCC(CCCCCCCCCCCCCC)CCCCCCCCCCCCCC,PTVT-TT,*c1ccc(-c2ccc(-c3cc4c(c5nsnc35)c3sc(/C=C/c5cc6c(s5)c5c7nsnc7c(*)cc5n6CCCC(CCCCCCCCCCCCCC)CCCCCCCCCCCCCC)cc3n4CCCC(CCCCCCCCCCCCCC)CCCCCCCCCCCCCC)s2)s1,1,0.0,1,0.0,0.011,-2.9,-4.62,*c1ccc(-c2ccc(*)s2)s1,*c1cc2c(c3nsnc13)c1sc(/C=C/c3cc4c(s3)c3c5nsnc5c(*)cc3n4CCCC(CCCCCCCCCCCCCC)CCCCCCCCCCCCCC)cc1n2CCCC(CCCCCCCCCCCCCC)CCCCCCCCCCCCCC
10.1002/cjoc.202300237,PBTzVBTz-TT ,*c1ccc(-c2ccc(-c3cc4c(s3)c3c5nsnc5c(/C=C/c5cc6c(c7nsnc57)c5sc(*)cc5n6CCCC(CCCCCCCCCCCCCC)CCCCCCCCCCCCCC)cc3n4CCCC(CCCCCCCCCCCCCC)CCCCCCCCCCCCCC)s2)s1,1,0.0,1,0.0,0.1,-2.85,-4.65,*c1ccc(-c2ccc(*)s2)s1,*c1cc2c(s1)c1c3nsnc3c(/C=C/c3cc4c(c5nsnc35)c3sc(*)cc3n4CCCC(CCCCCCCCCCCCCC)CCCCCCCCCCCCCC)cc1n2CCCC(CCCCCCCCCCCCCC)CCCCCCCCCCCCCC,PTVT-T,*c1ccc(-c2cc3c(c4nsnc24)c2sc(/C=C/c4cc5c(s4)c4c6nsnc6c(*)cc4n5CCCC(CCCCCCCCCCCCCC)CCCCCCCCCCCCCC)cc2n3CCCC(CCCCCCCCCCCCCC)CCCCCCCCCCCCCC)s1,1,0.0,0,0.0,0.0015,-2.92,-4.63,*c1ccc(*)s1,*c1cc2c(c3nsnc13)c1sc(/C=C/c3cc4c(s3)c3c5nsnc5c(*)cc3n4CCCC(CCCCCCCCCCCCCC)CCCCCCCCCCCCCC)cc1n2CCCC(CCCCCCCCCCCCCC)CCCCCCCCCCCCCC
10.1002/cjoc.202300237,PBTzVBTz-TT ,*c1ccc(-c2ccc(-c3cc4c(s3)c3c5nsnc5c(/C=C/c5cc6c(c7nsnc57)c5sc(*)cc5n6CCCC(CCCCCCCCCCCCCC)CCCCCCCCCCCCCC)cc3n4CCCC(CCCCCCCCCCCCCC)CCCCCCCCCCCCCC)s2)s1,1,0.0,1,0.0,0.1,-2.85,-4.65,*c1ccc(-c2ccc(*)s2)s1,*c1cc2c(s1)c1c3nsnc3c(/C=C/c3cc4c(c5nsnc35)c3sc(*)cc3n4CCCC(CCCCCCCCCCCCCC)CCCCCCCCCCCCCC)cc1n2CCCC(CCCCCCCCCCCCCC)CCCCCCCCCCCCCC,PTVT-TT,*c1ccc(-c2ccc(-c3cc4c(c5nsnc35)c3sc(/C=C/c5cc6c(s5)c5c7nsnc7c(*)cc5n6CCCC(CCCCCCCCCCCCCC)CCCCCCCCCCCCCC)cc3n4CCCC(CCCCCCCCCCCCCC)CCCCCCCCCCCCCC)s2)s1,1,0.0,1,0.0,0.011,-2.9,-4.62,*c1ccc(-c2ccc(*)s2)s1,*c1cc2c(c3nsnc13)c1sc(/C=C/c3cc4c(s3)c3c5nsnc5c(*)cc3n4CCCC(CCCCCCCCCCCCCC)CCCCCCCCCCCCCC)cc1n2CCCC(CCCCCCCCCCCCCC)CCCCCCCCCCCCCC
10.1002/cjoc.202300237,PTVT-T,*c1ccc(-c2cc3c(c4nsnc24)c2sc(/C=C/c4cc5c(s4)c4c6nsnc6c(*)cc4n5CCCC(CCCCCCCCCCCCCC)CCCCCCCCCCCCCC)cc2n3CCCC(CCCCCCCCCCCCCC)CCCCCCCCCCCCCC)s1,1,0.0,0,0.0,0.0015,-2.92,-4.63,*c1ccc(*)s1,*c1cc2c(c3nsnc13)c1sc(/C=C/c3cc4c(s3)c3c5nsnc5c(*)cc3n4CCCC(CCCCCCCCCCCCCC)CCCCCCCCCCCCCC)cc1n2CCCC(CCCCCCCCCCCCCC)CCCCCCCCCCCCCC,PTVT-TT,*c1ccc(-c2ccc(-c3cc4c(c5nsnc35)c3sc(/C=C/c5cc6c(s5)c5c7nsnc7c(*)cc5n6CCCC(CCCCCCCCCCCCCC)CCCCCCCCCCCCCC)cc3n4CCCC(CCCCCCCCCCCCCC)CCCCCCCCCCCCCC)s2)s1,1,0.0,1,0.0,0.011,-2.9,-4.62,*c1ccc(-c2ccc(*)s2)s1,*c1cc2c(c3nsnc13)c1sc(/C=C/c3cc4c(s3)c3c5nsnc5c(*)cc3n4CCCC(CCCCCCCCCCCCCC)CCCCCCCCCCCCCC)cc1n2CCCC(CCCCCCCCCCCCCC)CCCCCCCCCCCCCC
10.1002/marc.201800073,ITTI-T,*c1ccc2c(c1)N(CC(CCCCCCCCCC)CCCCCCCCCCCC)C(=O)/C2=C\c1ccc(-c2ccc(/C=C3\C(=O)N(CC(CCCCCCCCCC)CCCCCCCCCCCC)c4cc(-c5ccc(*)s5)ccc43)s2)s1,1,0.0,0,0.0,0.51,-4.13,-5.63,*c1ccc(*)s1,*c1ccc2c(c1)N(CC(CCCCCCCCCC)CCCCCCCCCCCC)C(=O)/C2=C\c1ccc(-c2ccc(/C=C3\C(=O)N(CC(CCCCCCCCCC)CCCCCCCCCCCC)c4cc(*)ccc43)s2)s1,ITTI-BT,*c1ccc2c(c1)N(CC(CCCCCCCCCC)CCCCCCCCCCCC)C(=O)/C2=C\c1ccc(-c2ccc(/C=C3\C(=O)N(CC(CCCCCCCCCC)CCCCCCCCCCCC)c4cc(-c5ccc(-c6ccc(*)s6)s5)ccc43)s2)s1,1,0.0,1,0.0,0.65,-4.05,-5.62,*c1ccc(-c2ccc(*)s2)s1,*c1ccc2c(c1)N(CC(CCCCCCCCCC)CCCCCCCCCCCC)C(=O)/C2=C\c1ccc(-c2ccc(/C=C3\C(=O)N(CC(CCCCCCCCCC)CCCCCCCCCCCC)c4cc(*)ccc43)s2)s1
10.1002/marc.201900394,BTI1-DPP,*c1ccc(C2=C3C(=O)N(CC(CCCC)CCCCCC)C(c4ccc(-c5cc6c(=O)n(CC(CCCCCCCC)CCCCCCCCCC)c(=O)c7cc(*)sc7c6s5)s4)=C3C(=O)N2CC(CCCC)CCCCCC)s1,1,0.0,0,0.27,0.0,-3.34,-4.66,*c1cc2c(=O)n(CC(CCCCCCCC)CCCCCCCCCC)c(=O)c3cc(*)sc3c2s1,*c1ccc(C2=C3C(=O)N(CC(CCCC)CCCCCC)C(c4ccc(*)s4)=C3C(=O)N2CC(CCCC)CCCCCC)s1,BTI2-DPP,*c1ccc(C2=C3C(=O)N(CC(CCCC)CCCCCC)C(c4ccc(-c5cc6c(=O)n(CC(CCCCCCCC)CCCCCCCCCC)c(=O)c7c(sc8c7sc7c9sc(*)cc9c(=O)n(CC(CCCCCCCC)CCCCCCCCCC)c(=O)c78)c6s5)s4)=C3C(=O)N2CC(CCCC)CCCCCC)s1,1,0.0,1,0.48,0.0,-3.42,-4.69,*c1cc2c(=O)n(CC(CCCCCCCC)CCCCCCCCCC)c(=O)c3c(sc4c3sc3c5sc(*)cc5c(=O)n(CC(CCCCCCCC)CCCCCCCCCC)c(=O)c34)c2s1,*c1ccc(C2=C3C(=O)N(CC(CCCC)CCCCCC)C(c4ccc(*)s4)=C3C(=O)N2CC(CCCC)CCCCCC)s1
10.1002/marc.201900394,BTI1-DPP,*c1ccc(C2=C3C(=O)N(CC(CCCC)CCCCCC)C(c4ccc(-c5cc6c(=O)n(CC(CCCCCCCC)CCCCCCCCCC)c(=O)c7cc(*)sc7c6s5)s4)=C3C(=O)N2CC(CCCC)CCCCCC)s1,1,0.0,0,0.27,0.0,-3.34,-4.66,*c1cc2c(=O)n(CC(CCCCCCCC)CCCCCCCCCC)c(=O)c3cc(*)sc3c2s1,*c1ccc(C2=C3C(=O)N(CC(CCCC)CCCCCC)C(c4ccc(*)s4)=C3C(=O)N2CC(CCCC)CCCCCC)s1,BTI3-DPP,*c1ccc(C2=C3C(=O)N(CC(CCCC)CCCCCC)C(c4ccc(-c5cc6c(=O)n(CC(CCCCCCCC)CCCCCCCCCC)c(=O)c7c(sc8c7sc7c9sc%10c(sc%11c%12sc(*)cc%12c(=O)n(CC(CCCCCCCC)CCCCCCCCCC)c(=O)c%11%10)c9c(=O)n(CC(CCCCCCCC)CCCCCCCCCC)c(=O)c87)c6s5)s4)=C3C(=O)N2CC(CCCC)CCCCCC)s1,1,0.0,0,0.21,0.0,-3.46,-4.83,*c1cc2c(=O)n(CC(CCCCCCCC)CCCCCCCCCC)c(=O)c3c(sc4c3sc3c5sc6c(sc7c8sc(*)cc8c(=O)n(CC(CCCCCCCC)CCCCCCCCCC)c(=O)c76)c5c(=O)n(CC(CCCCCCCC)CCCCCCCCCC)c(=O)c43)c2s1,*c1ccc(C2=C3C(=O)N(CC(CCCC)CCCCCC)C(c4ccc(*)s4)=C3C(=O)N2CC(CCCC)CCCCCC)s1
10.1002/marc.201900394,BTI2-DPP,*c1ccc(C2=C3C(=O)N(CC(CCCC)CCCCCC)C(c4ccc(-c5cc6c(=O)n(CC(CCCCCCCC)CCCCCCCCCC)c(=O)c7c(sc8c7sc7c9sc(*)cc9c(=O)n(CC(CCCCCCCC)CCCCCCCCCC)c(=O)c78)c6s5)s4)=C3C(=O)N2CC(CCCC)CCCCCC)s1,1,0.0,1,0.48,0.0,-3.42,-4.69,*c1cc2c(=O)n(CC(CCCCCCCC)CCCCCCCCCC)c(=O)c3c(sc4c3sc3c5sc(*)cc5c(=O)n(CC(CCCCCCCC)CCCCCCCCCC)c(=O)c34)c2s1,*c1ccc(C2=C3C(=O)N(CC(CCCC)CCCCCC)C(c4ccc(*)s4)=C3C(=O)N2CC(CCCC)CCCCCC)s1,BTI3-DPP,*c1ccc(C2=C3C(=O)N(CC(CCCC)CCCCCC)C(c4ccc(-c5cc6c(=O)n(CC(CCCCCCCC)CCCCCCCCCC)c(=O)c7c(sc8c7sc7c9sc%10c(sc%11c%12sc(*)cc%12c(=O)n(CC(CCCCCCCC)CCCCCCCCCC)c(=O)c%11%10)c9c(=O)n(CC(CCCCCCCC)CCCCCCCCCC)c(=O)c87)c6s5)s4)=C3C(=O)N2CC(CCCC)CCCCCC)s1,1,0.0,0,0.21,0.0,-3.46,-4.83,*c1cc2c(=O)n(CC(CCCCCCCC)CCCCCCCCCC)c(=O)c3c(sc4c3sc3c5sc6c(sc7c8sc(*)cc8c(=O)n(CC(CCCCCCCC)CCCCCCCCCC)c(=O)c76)c5c(=O)n(CC(CCCCCCCC)CCCCCCCCCC)c(=O)c43)c2s1,*c1ccc(C2=C3C(=O)N(CC(CCCC)CCCCCC)C(c4ccc(*)s4)=C3C(=O)N2CC(CCCC)CCCCCC)s1
10.1002/marc.202200069,Cl4BDOPV2T,*c1ccc(-c2ccc(-c3c(Cl)cc4c(c3Cl)N(CCCC(CCCCCCCCCCCCCCCCCC)CCCCCCCCCCCCCCCCCC)C(=O)/C4=C3/C(=O)Oc4cc5c(cc43)OC(=O)/C5=C3/C(=O)N(CCCC(CCCCCCCCCCCCCCCCCC)CCCCCCCCCCCCCCCCCC)c4c3cc(Cl)c(*)c4Cl)s2)s1,1,0.0,1,0.041,0.0,-4.34,-6.13,*c1ccc(-c2ccc(*)s2)s1,*c1c(Cl)cc2c(c1Cl)N(CCCC(CCCCCCCCCCCCCCCCCC)CCCCCCCCCCCCCCCCCC)C(=O)/C2=C1/C(=O)Oc2cc3c(cc21)OC(=O)/C3=C1/C(=O)N(CCCC(CCCCCCCCCCCCCCCCCC)CCCCCCCCCCCCCCCCCC)c2c1cc(Cl)c(*)c2Cl,Cl4BDOPV2F2T,*c1cc(F)c(-c2sc(-c3c(Cl)cc4c(c3Cl)N(CCCC(CCCCCCCCCCCCCCCCCC)CCCCCCCCCCCCCCCCCC)C(=O)/C4=C3/C(=O)Oc4cc5c(cc43)OC(=O)/C5=C3/C(=O)N(CCCC(CCCCCCCCCCCCCCCCCC)CCCCCCCCCCCCCCCCCC)c4c3cc(Cl)c(*)c4Cl)cc2F)s1,1,0.0,1,0.00088,0.0,-4.44,-6.43,*c1cc(F)c(-c2sc(*)cc2F)s1,*c1c(Cl)cc2c(c1Cl)N(CCCC(CCCCCCCCCCCCCCCCCC)CCCCCCCCCCCCCCCCCC)C(=O)/C2=C1/C(=O)Oc2cc3c(cc21)OC(=O)/C3=C1/C(=O)N(CCCC(CCCCCCCCCCCCCCCCCC)CCCCCCCCCCCCCCCCCC)c2c1cc(Cl)c(*)c2Cl
10.1002/marc.202200069,Cl4BDOPV2T,*c1ccc(-c2ccc(-c3c(Cl)cc4c(c3Cl)N(CCCC(CCCCCCCCCCCCCCCCCC)CCCCCCCCCCCCCCCCCC)C(=O)/C4=C3/C(=O)Oc4cc5c(cc43)OC(=O)/C5=C3/C(=O)N(CCCC(CCCCCCCCCCCCCCCCCC)CCCCCCCCCCCCCCCCCC)c4c3cc(Cl)c(*)c4Cl)s2)s1,1,0.0,1,0.041,0.0,-4.34,-6.13,*c1ccc(-c2ccc(*)s2)s1,*c1c(Cl)cc2c(c1Cl)N(CCCC(CCCCCCCCCCCCCCCCCC)CCCCCCCCCCCCCCCCCC)C(=O)/C2=C1/C(=O)Oc2cc3c(cc21)OC(=O)/C3=C1/C(=O)N(CCCC(CCCCCCCCCCCCCCCCCC)CCCCCCCCCCCCCCCCCC)c2c1cc(Cl)c(*)c2Cl,Cl4BDOPV4F2T,*c1sc(-c2sc(-c3c(Cl)cc4c(c3Cl)N(CCCC(CCCCCCCCCCCCCCCCCC)CCCCCCCCCCCCCCCCCC)C(=O)/C4=C3/C(=O)Oc4cc5c(cc43)OC(=O)/C5=C3/C(=O)N(CCCC(CCCCCCCCCCCCCCCCCC)CCCCCCCCCCCCCCCCCC)c4c3cc(Cl)c(*)c4Cl)c(F)c2F)c(F)c1F,1,0.0,1,0.00069,0.0,-4.18,-6.27,*c1sc(-c2sc(*)c(F)c2F)c(F)c1F,*c1c(Cl)cc2c(c1Cl)N(CCCC(CCCCCCCCCCCCCCCCCC)CCCCCCCCCCCCCCCCCC)C(=O)/C2=C1/C(=O)Oc2cc3c(cc21)OC(=O)/C3=C1/C(=O)N(CCCC(CCCCCCCCCCCCCCCCCC)CCCCCCCCCCCCCCCCCC)c2c1cc(Cl)c(*)c2Cl
10.1002/marc.202200069,Cl4BDOPV2F2T,*c1cc(F)c(-c2sc(-c3c(Cl)cc4c(c3Cl)N(CCCC(CCCCCCCCCCCCCCCCCC)CCCCCCCCCCCCCCCCCC)C(=O)/C4=C3/C(=O)Oc4cc5c(cc43)OC(=O)/C5=C3/C(=O)N(CCCC(CCCCCCCCCCCCCCCCCC)CCCCCCCCCCCCCCCCCC)c4c3cc(Cl)c(*)c4Cl)cc2F)s1,1,0.0,1,0.00088,0.0,-4.44,-6.43,*c1cc(F)c(-c2sc(*)cc2F)s1,*c1c(Cl)cc2c(c1Cl)N(CCCC(CCCCCCCCCCCCCCCCCC)CCCCCCCCCCCCCCCCCC)C(=O)/C2=C1/C(=O)Oc2cc3c(cc21)OC(=O)/C3=C1/C(=O)N(CCCC(CCCCCCCCCCCCCCCCCC)CCCCCCCCCCCCCCCCCC)c2c1cc(Cl)c(*)c2Cl,Cl4BDOPV4F2T,*c1sc(-c2sc(-c3c(Cl)cc4c(c3Cl)N(CCCC(CCCCCCCCCCCCCCCCCC)CCCCCCCCCCCCCCCCCC)C(=O)/C4=C3/C(=O)Oc4cc5c(cc43)OC(=O)/C5=C3/C(=O)N(CCCC(CCCCCCCCCCCCCCCCCC)CCCCCCCCCCCCCCCCCC)c4c3cc(Cl)c(*)c4Cl)c(F)c2F)c(F)c1F,1,0.0,1,0.00069,0.0,-4.18,-6.27,*c1sc(-c2sc(*)c(F)c2F)c(F)c1F,*c1c(Cl)cc2c(c1Cl)N(CCCC(CCCCCCCCCCCCCCCCCC)CCCCCCCCCCCCCCCCCC)C(=O)/C2=C1/C(=O)Oc2cc3c(cc21)OC(=O)/C3=C1/C(=O)N(CCCC(CCCCCCCCCCCCCCCCCC)CCCCCCCCCCCCCCCCCC)c2c1cc(Cl)c(*)c2Cl
10.1002/marc.202300245,TIG-4FTVT ,*c1cc2c(s1)/C(=C1\C(=O)N(CCCC(CCCCCCCCCCCCCC)CCCCCCCCCCCCCC)c3cc(-c4sc(/C=C/c5sc(*)c(F)c5F)c(F)c4F)sc31)C(=O)N2CCCC(CCCCCCCCCCCCCC)CCCCCCCCCCCCCC,1,0.0,1,1.4,0.57,-3.43,-5.26,*c1sc(/C=C/c2sc(*)c(F)c2F)c(F)c1F,*c1cc2c(s1)/C(=C1\C(=O)N(CCCC(CCCCCCCCCCCCCC)CCCCCCCCCCCCCC)c3cc(*)sc31)C(=O)N2CCCC(CCCCCCCCCCCCCC)CCCCCCCCCCCCCC,TIG-4ClTVT,*c1cc2c(s1)/C(=C1\C(=O)N(CCCC(CCCCCCCCCCCCCC)CCCCCCCCCCCCCC)c3cc(-c4sc(/C=C/c5sc(*)c(Cl)c5Cl)c(Cl)c4Cl)sc31)C(=O)N2CCCC(CCCCCCCCCCCCCC)CCCCCCCCCCCCCC,1,0.0,1,0.79,0.22,-3.44,-5.27,*c1sc(/C=C/c2sc(*)c(Cl)c2Cl)c(Cl)c1Cl,*c1cc2c(s1)/C(=C1\C(=O)N(CCCC(CCCCCCCCCCCCCC)CCCCCCCCCCCCCC)c3cc(*)sc31)C(=O)N2CCCC(CCCCCCCCCCCCCC)CCCCCCCCCCCCCC
10.1002/marc.202300245,TIG-4FTVT ,*c1cc2c(s1)/C(=C1\C(=O)N(CCCC(CCCCCCCCCCCCCC)CCCCCCCCCCCCCC)c3cc(-c4sc(/C=C/c5sc(*)c(F)c5F)c(F)c4F)sc31)C(=O)N2CCCC(CCCCCCCCCCCCCC)CCCCCCCCCCCCCC,1,0.0,1,1.4,0.57,-3.43,-5.26,*c1sc(/C=C/c2sc(*)c(F)c2F)c(F)c1F,*c1cc2c(s1)/C(=C1\C(=O)N(CCCC(CCCCCCCCCCCCCC)CCCCCCCCCCCCCC)c3cc(*)sc31)C(=O)N2CCCC(CCCCCCCCCCCCCC)CCCCCCCCCCCCCC,TIG-4FBT,*c1cc2c(s1)/C(=C1\C(=O)N(CCCC(CCCCCCCCCCCCCC)CCCCCCCCCCCCCC)c3cc(-c4sc(-c5sc(*)c(F)c5F)c(F)c4F)sc31)C(=O)N2CCCC(CCCCCCCCCCCCCC)CCCCCCCCCCCCCC,1,0.0,1,0.56,0.21,-3.47,-5.26,*c1sc(-c2sc(*)c(F)c2F)c(F)c1F,*c1cc2c(s1)/C(=C1\C(=O)N(CCCC(CCCCCCCCCCCCCC)CCCCCCCCCCCCCC)c3cc(*)sc31)C(=O)N2CCCC(CCCCCCCCCCCCCC)CCCCCCCCCCCCCC
10.1002/marc.202300245,TIG-4FTVT ,*c1cc2c(s1)/C(=C1\C(=O)N(CCCC(CCCCCCCCCCCCCC)CCCCCCCCCCCCCC)c3cc(-c4sc(/C=C/c5sc(*)c(F)c5F)c(F)c4F)sc31)C(=O)N2CCCC(CCCCCCCCCCCCCC)CCCCCCCCCCCCCC,1,0.0,1,1.4,0.57,-3.43,-5.26,*c1sc(/C=C/c2sc(*)c(F)c2F)c(F)c1F,*c1cc2c(s1)/C(=C1\C(=O)N(CCCC(CCCCCCCCCCCCCC)CCCCCCCCCCCCCC)c3cc(*)sc31)C(=O)N2CCCC(CCCCCCCCCCCCCC)CCCCCCCCCCCCCC,TIG-4ClBT,*c1cc2c(s1)/C(=C1\C(=O)N(CCCC(CCCCCCCCCCCCCC)CCCCCCCCCCCCCC)c3cc(-c4sc(-c5sc(*)c(Cl)c5Cl)c(Cl)c4Cl)sc31)C(=O)N2CCCC(CCCCCCCCCCCCCC)CCCCCCCCCCCCCC,1,0.0,1,0.48,0.18,-3.45,-5.34,*c1sc(-c2sc(*)c(Cl)c2Cl)c(Cl)c1Cl,*c1cc2c(s1)/C(=C1\C(=O)N(CCCC(CCCCCCCCCCCCCC)CCCCCCCCCCCCCC)c3cc(*)sc31)C(=O)N2CCCC(CCCCCCCCCCCCCC)CCCCCCCCCCCCCC
10.1002/marc.202300245,TIG-4ClTVT,*c1cc2c(s1)/C(=C1\C(=O)N(CCCC(CCCCCCCCCCCCCC)CCCCCCCCCCCCCC)c3cc(-c4sc(/C=C/c5sc(*)c(Cl)c5Cl)c(Cl)c4Cl)sc31)C(=O)N2CCCC(CCCCCCCCCCCCCC)CCCCCCCCCCCCCC,1,0.0,1,0.79,0.22,-3.44,-5.27,*c1sc(/C=C/c2sc(*)c(Cl)c2Cl)c(Cl)c1Cl,*c1cc2c(s1)/C(=C1\C(=O)N(CCCC(CCCCCCCCCCCCCC)CCCCCCCCCCCCCC)c3cc(*)sc31)C(=O)N2CCCC(CCCCCCCCCCCCCC)CCCCCCCCCCCCCC,TIG-4FBT,*c1cc2c(s1)/C(=C1\C(=O)N(CCCC(CCCCCCCCCCCCCC)CCCCCCCCCCCCCC)c3cc(-c4sc(-c5sc(*)c(F)c5F)c(F)c4F)sc31)C(=O)N2CCCC(CCCCCCCCCCCCCC)CCCCCCCCCCCCCC,1,0.0,1,0.56,0.21,-3.47,-5.26,*c1sc(-c2sc(*)c(F)c2F)c(F)c1F,*c1cc2c(s1)/C(=C1\C(=O)N(CCCC(CCCCCCCCCCCCCC)CCCCCCCCCCCCCC)c3cc(*)sc31)C(=O)N2CCCC(CCCCCCCCCCCCCC)CCCCCCCCCCCCCC
10.1002/marc.202300245,TIG-4ClTVT,*c1cc2c(s1)/C(=C1\C(=O)N(CCCC(CCCCCCCCCCCCCC)CCCCCCCCCCCCCC)c3cc(-c4sc(/C=C/c5sc(*)c(Cl)c5Cl)c(Cl)c4Cl)sc31)C(=O)N2CCCC(CCCCCCCCCCCCCC)CCCCCCCCCCCCCC,1,0.0,1,0.79,0.22,-3.44,-5.27,*c1sc(/C=C/c2sc(*)c(Cl)c2Cl)c(Cl)c1Cl,*c1cc2c(s1)/C(=C1\C(=O)N(CCCC(CCCCCCCCCCCCCC)CCCCCCCCCCCCCC)c3cc(*)sc31)C(=O)N2CCCC(CCCCCCCCCCCCCC)CCCCCCCCCCCCCC,TIG-4ClBT,*c1cc2c(s1)/C(=C1\C(=O)N(CCCC(CCCCCCCCCCCCCC)CCCCCCCCCCCCCC)c3cc(-c4sc(-c5sc(*)c(Cl)c5Cl)c(Cl)c4Cl)sc31)C(=O)N2CCCC(CCCCCCCCCCCCCC)CCCCCCCCCCCCCC,1,0.0,1,0.48,0.18,-3.45,-5.34,*c1sc(-c2sc(*)c(Cl)c2Cl)c(Cl)c1Cl,*c1cc2c(s1)/C(=C1\C(=O)N(CCCC(CCCCCCCCCCCCCC)CCCCCCCCCCCCCC)c3cc(*)sc31)C(=O)N2CCCC(CCCCCCCCCCCCCC)CCCCCCCCCCCCCC
10.1002/marc.202300245,TIG-4FBT,*c1cc2c(s1)/C(=C1\C(=O)N(CCCC(CCCCCCCCCCCCCC)CCCCCCCCCCCCCC)c3cc(-c4sc(-c5sc(*)c(F)c5F)c(F)c4F)sc31)C(=O)N2CCCC(CCCCCCCCCCCCCC)CCCCCCCCCCCCCC,1,0.0,1,0.56,0.21,-3.47,-5.26,*c1sc(-c2sc(*)c(F)c2F)c(F)c1F,*c1cc2c(s1)/C(=C1\C(=O)N(CCCC(CCCCCCCCCCCCCC)CCCCCCCCCCCCCC)c3cc(*)sc31)C(=O)N2CCCC(CCCCCCCCCCCCCC)CCCCCCCCCCCCCC,TIG-4ClBT,*c1cc2c(s1)/C(=C1\C(=O)N(CCCC(CCCCCCCCCCCCCC)CCCCCCCCCCCCCC)c3cc(-c4sc(-c5sc(*)c(Cl)c5Cl)c(Cl)c4Cl)sc31)C(=O)N2CCCC(CCCCCCCCCCCCCC)CCCCCCCCCCCCCC,1,0.0,1,0.48,0.18,-3.45,-5.34,*c1sc(-c2sc(*)c(Cl)c2Cl)c(Cl)c1Cl,*c1cc2c(s1)/C(=C1\C(=O)N(CCCC(CCCCCCCCCCCCCC)CCCCCCCCCCCCCC)c3cc(*)sc31)C(=O)N2CCCC(CCCCCCCCCCCCCC)CCCCCCCCCCCCCC
10.1002/marc.202300393,DPP-Ph,*c1ccc(C2=C3C(=O)N(CCCC(CCCCCCCCCCCCCC)CCCCCCCCCCCCCC)C(c4ccc(-c5sc(-c6ccc(-c7sc(*)c(F)c7F)cc6)c(F)c5F)s4)=C3C(=O)N2CCCC(CCCCCCCCCCCCCC)CCCCCCCCCCCCCC)s1,1,0.0,1,0.45,0.33,-3.6,-5.29,*c1sc(-c2ccc(-c3sc(*)c(F)c3F)cc2)c(F)c1F,*c1ccc(C2=C3C(=O)N(CCCC(CCCCCCCCCCCCCC)CCCCCCCCCCCCCC)C(c4ccc(*)s4)=C3C(=O)N2CCCC(CCCCCCCCCCCCCC)CCCCCCCCCCCCCC)s1,DPP-2FPh,*c1ccc(C2=C3C(=O)N(CCCC(CCCCCCCCCCCCCC)CCCCCCCCCCCCCC)C(c4ccc(-c5sc(-c6cc(F)c(-c7sc(*)c(F)c7F)cc6F)c(F)c5F)s4)=C3C(=O)N2CCCC(CCCCCCCCCCCCCC)CCCCCCCCCCCCCC)s1,1,0.0,1,0.63,0.26,-3.62,-5.32,*c1sc(-c2cc(F)c(-c3sc(*)c(F)c3F)cc2F)c(F)c1F,*c1ccc(C2=C3C(=O)N(CCCC(CCCCCCCCCCCCCC)CCCCCCCCCCCCCC)C(c4ccc(*)s4)=C3C(=O)N2CCCC(CCCCCCCCCCCCCC)CCCCCCCCCCCCCC)s1
10.1002/marc.202300393,DPP-Ph,*c1ccc(C2=C3C(=O)N(CCCC(CCCCCCCCCCCCCC)CCCCCCCCCCCCCC)C(c4ccc(-c5sc(-c6ccc(-c7sc(*)c(F)c7F)cc6)c(F)c5F)s4)=C3C(=O)N2CCCC(CCCCCCCCCCCCCC)CCCCCCCCCCCCCC)s1,1,0.0,1,0.45,0.33,-3.6,-5.29,*c1sc(-c2ccc(-c3sc(*)c(F)c3F)cc2)c(F)c1F,*c1ccc(C2=C3C(=O)N(CCCC(CCCCCCCCCCCCCC)CCCCCCCCCCCCCC)C(c4ccc(*)s4)=C3C(=O)N2CCCC(CCCCCCCCCCCCCC)CCCCCCCCCCCCCC)s1,DPP-BTz,*c1ccc(C2=C3C(=O)N(CCCC(CCCCCCCCCCCCCC)CCCCCCCCCCCCCC)C(c4ccc(-c5sc(-c6ccc(-c7sc(*)c(F)c7F)c7nsnc67)c(F)c5F)s4)=C3C(=O)N2CCCC(CCCCCCCCCCCCCC)CCCCCCCCCCCCCC)s1,1,0.0,0,0.23,0.14,-3.65,-5.37,*c1sc(-c2ccc(-c3sc(*)c(F)c3F)c3nsnc23)c(F)c1F,*c1ccc(C2=C3C(=O)N(CCCC(CCCCCCCCCCCCCC)CCCCCCCCCCCCCC)C(c4ccc(*)s4)=C3C(=O)N2CCCC(CCCCCCCCCCCCCC)CCCCCCCCCCCCCC)s1
10.1002/marc.202300393,DPP-Ph,*c1ccc(C2=C3C(=O)N(CCCC(CCCCCCCCCCCCCC)CCCCCCCCCCCCCC)C(c4ccc(-c5sc(-c6ccc(-c7sc(*)c(F)c7F)cc6)c(F)c5F)s4)=C3C(=O)N2CCCC(CCCCCCCCCCCCCC)CCCCCCCCCCCCCC)s1,1,0.0,1,0.45,0.33,-3.6,-5.29,*c1sc(-c2ccc(-c3sc(*)c(F)c3F)cc2)c(F)c1F,*c1ccc(C2=C3C(=O)N(CCCC(CCCCCCCCCCCCCC)CCCCCCCCCCCCCC)C(c4ccc(*)s4)=C3C(=O)N2CCCC(CCCCCCCCCCCCCC)CCCCCCCCCCCCCC)s1,2FIID-Ph,*c1ccc2c(c1F)N(CCCC(CCCCCCCCCCCCCC)CCCCCCCCCCCCCC)C(=O)/C2=C1/C(=O)N(CCCC(CCCCCCCCCCCCCC)CCCCCCCCCCCCCC)c2c1ccc(-c1sc(-c3ccc(-c4sc(*)c(F)c4F)cc3)c(F)c1F)c2F,1,0.0,1,0.04,0.0,-3.64,-6.02,*c1sc(-c2ccc(-c3sc(*)c(F)c3F)cc2)c(F)c1F,*c1ccc2c(c1F)N(CCCC(CCCCCCCCCCCCCC)CCCCCCCCCCCCCC)C(=O)/C2=C1/C(=O)N(CCCC(CCCCCCCCCCCCCC)CCCCCCCCCCCCCC)c2c1ccc(*)c2F
10.1002/marc.202300393,DPP-Ph,*c1ccc(C2=C3C(=O)N(CCCC(CCCCCCCCCCCCCC)CCCCCCCCCCCCCC)C(c4ccc(-c5sc(-c6ccc(-c7sc(*)c(F)c7F)cc6)c(F)c5F)s4)=C3C(=O)N2CCCC(CCCCCCCCCCCCCC)CCCCCCCCCCCCCC)s1,1,0.0,1,0.45,0.33,-3.6,-5.29,*c1sc(-c2ccc(-c3sc(*)c(F)c3F)cc2)c(F)c1F,*c1ccc(C2=C3C(=O)N(CCCC(CCCCCCCCCCCCCC)CCCCCCCCCCCCCC)C(c4ccc(*)s4)=C3C(=O)N2CCCC(CCCCCCCCCCCCCC)CCCCCCCCCCCCCC)s1,2FIID-2FPh,*c1ccc2c(c1F)N(CCCC(CCCCCCCCCCCCCC)CCCCCCCCCCCCCC)C(=O)/C2=C1/C(=O)N(CCCC(CCCCCCCCCCCCCC)CCCCCCCCCCCCCC)c2c1ccc(-c1sc(-c3cc(F)c(-c4sc(*)c(F)c4F)cc3F)c(F)c1F)c2F,1,0.0,1,0.19,0.0,-3.7,-6.16,*c1sc(-c2cc(F)c(-c3sc(*)c(F)c3F)cc2F)c(F)c1F,*c1ccc2c(c1F)N(CCCC(CCCCCCCCCCCCCC)CCCCCCCCCCCCCC)C(=O)/C2=C1/C(=O)N(CCCC(CCCCCCCCCCCCCC)CCCCCCCCCCCCCC)c2c1ccc(*)c2F
10.1002/marc.202300393,DPP-Ph,*c1ccc(C2=C3C(=O)N(CCCC(CCCCCCCCCCCCCC)CCCCCCCCCCCCCC)C(c4ccc(-c5sc(-c6ccc(-c7sc(*)c(F)c7F)cc6)c(F)c5F)s4)=C3C(=O)N2CCCC(CCCCCCCCCCCCCC)CCCCCCCCCCCCCC)s1,1,0.0,1,0.45,0.33,-3.6,-5.29,*c1sc(-c2ccc(-c3sc(*)c(F)c3F)cc2)c(F)c1F,*c1ccc(C2=C3C(=O)N(CCCC(CCCCCCCCCCCCCC)CCCCCCCCCCCCCC)C(c4ccc(*)s4)=C3C(=O)N2CCCC(CCCCCCCCCCCCCC)CCCCCCCCCCCCCC)s1,2FIID-BTz,*c1ccc2c(c1F)N(CCCC(CCCCCCCCCCCCCC)CCCCCCCCCCCCCC)C(=O)/C2=C1/C(=O)N(CCCC(CCCCCCCCCCCCCC)CCCCCCCCCCCCCC)c2c1ccc(-c1sc(-c3ccc(-c4sc(*)c(F)c4F)c4nsnc34)c(F)c1F)c2F,1,0.0,0,0.00056,0.0,-3.8,-6.24,*c1sc(-c2ccc(-c3sc(*)c(F)c3F)c3nsnc23)c(F)c1F,*c1ccc2c(c1F)N(CCCC(CCCCCCCCCCCCCC)CCCCCCCCCCCCCC)C(=O)/C2=C1/C(=O)N(CCCC(CCCCCCCCCCCCCC)CCCCCCCCCCCCCC)c2c1ccc(*)c2F
10.1002/marc.202300393,DPP-2FPh,*c1ccc(C2=C3C(=O)N(CCCC(CCCCCCCCCCCCCC)CCCCCCCCCCCCCC)C(c4ccc(-c5sc(-c6cc(F)c(-c7sc(*)c(F)c7F)cc6F)c(F)c5F)s4)=C3C(=O)N2CCCC(CCCCCCCCCCCCCC)CCCCCCCCCCCCCC)s1,1,0.0,1,0.63,0.26,-3.62,-5.32,*c1sc(-c2cc(F)c(-c3sc(*)c(F)c3F)cc2F)c(F)c1F,*c1ccc(C2=C3C(=O)N(CCCC(CCCCCCCCCCCCCC)CCCCCCCCCCCCCC)C(c4ccc(*)s4)=C3C(=O)N2CCCC(CCCCCCCCCCCCCC)CCCCCCCCCCCCCC)s1,DPP-BTz,*c1ccc(C2=C3C(=O)N(CCCC(CCCCCCCCCCCCCC)CCCCCCCCCCCCCC)C(c4ccc(-c5sc(-c6ccc(-c7sc(*)c(F)c7F)c7nsnc67)c(F)c5F)s4)=C3C(=O)N2CCCC(CCCCCCCCCCCCCC)CCCCCCCCCCCCCC)s1,1,0.0,0,0.23,0.14,-3.65,-5.37,*c1sc(-c2ccc(-c3sc(*)c(F)c3F)c3nsnc23)c(F)c1F,*c1ccc(C2=C3C(=O)N(CCCC(CCCCCCCCCCCCCC)CCCCCCCCCCCCCC)C(c4ccc(*)s4)=C3C(=O)N2CCCC(CCCCCCCCCCCCCC)CCCCCCCCCCCCCC)s1
10.1002/marc.202300393,DPP-2FPh,*c1ccc(C2=C3C(=O)N(CCCC(CCCCCCCCCCCCCC)CCCCCCCCCCCCCC)C(c4ccc(-c5sc(-c6cc(F)c(-c7sc(*)c(F)c7F)cc6F)c(F)c5F)s4)=C3C(=O)N2CCCC(CCCCCCCCCCCCCC)CCCCCCCCCCCCCC)s1,1,0.0,1,0.63,0.26,-3.62,-5.32,*c1sc(-c2cc(F)c(-c3sc(*)c(F)c3F)cc2F)c(F)c1F,*c1ccc(C2=C3C(=O)N(CCCC(CCCCCCCCCCCCCC)CCCCCCCCCCCCCC)C(c4ccc(*)s4)=C3C(=O)N2CCCC(CCCCCCCCCCCCCC)CCCCCCCCCCCCCC)s1,2FIID-Ph,*c1ccc2c(c1F)N(CCCC(CCCCCCCCCCCCCC)CCCCCCCCCCCCCC)C(=O)/C2=C1/C(=O)N(CCCC(CCCCCCCCCCCCCC)CCCCCCCCCCCCCC)c2c1ccc(-c1sc(-c3ccc(-c4sc(*)c(F)c4F)cc3)c(F)c1F)c2F,1,0.0,1,0.04,0.0,-3.64,-6.02,*c1sc(-c2ccc(-c3sc(*)c(F)c3F)cc2)c(F)c1F,*c1ccc2c(c1F)N(CCCC(CCCCCCCCCCCCCC)CCCCCCCCCCCCCC)C(=O)/C2=C1/C(=O)N(CCCC(CCCCCCCCCCCCCC)CCCCCCCCCCCCCC)c2c1ccc(*)c2F
10.1002/marc.202300393,DPP-2FPh,*c1ccc(C2=C3C(=O)N(CCCC(CCCCCCCCCCCCCC)CCCCCCCCCCCCCC)C(c4ccc(-c5sc(-c6cc(F)c(-c7sc(*)c(F)c7F)cc6F)c(F)c5F)s4)=C3C(=O)N2CCCC(CCCCCCCCCCCCCC)CCCCCCCCCCCCCC)s1,1,0.0,1,0.63,0.26,-3.62,-5.32,*c1sc(-c2cc(F)c(-c3sc(*)c(F)c3F)cc2F)c(F)c1F,*c1ccc(C2=C3C(=O)N(CCCC(CCCCCCCCCCCCCC)CCCCCCCCCCCCCC)C(c4ccc(*)s4)=C3C(=O)N2CCCC(CCCCCCCCCCCCCC)CCCCCCCCCCCCCC)s1,2FIID-2FPh,*c1ccc2c(c1F)N(CCCC(CCCCCCCCCCCCCC)CCCCCCCCCCCCCC)C(=O)/C2=C1/C(=O)N(CCCC(CCCCCCCCCCCCCC)CCCCCCCCCCCCCC)c2c1ccc(-c1sc(-c3cc(F)c(-c4sc(*)c(F)c4F)cc3F)c(F)c1F)c2F,1,0.0,1,0.19,0.0,-3.7,-6.16,*c1sc(-c2cc(F)c(-c3sc(*)c(F)c3F)cc2F)c(F)c1F,*c1ccc2c(c1F)N(CCCC(CCCCCCCCCCCCCC)CCCCCCCCCCCCCC)C(=O)/C2=C1/C(=O)N(CCCC(CCCCCCCCCCCCCC)CCCCCCCCCCCCCC)c2c1ccc(*)c2F
10.1002/marc.202300393,DPP-2FPh,*c1ccc(C2=C3C(=O)N(CCCC(CCCCCCCCCCCCCC)CCCCCCCCCCCCCC)C(c4ccc(-c5sc(-c6cc(F)c(-c7sc(*)c(F)c7F)cc6F)c(F)c5F)s4)=C3C(=O)N2CCCC(CCCCCCCCCCCCCC)CCCCCCCCCCCCCC)s1,1,0.0,1,0.63,0.26,-3.62,-5.32,*c1sc(-c2cc(F)c(-c3sc(*)c(F)c3F)cc2F)c(F)c1F,*c1ccc(C2=C3C(=O)N(CCCC(CCCCCCCCCCCCCC)CCCCCCCCCCCCCC)C(c4ccc(*)s4)=C3C(=O)N2CCCC(CCCCCCCCCCCCCC)CCCCCCCCCCCCCC)s1,2FIID-BTz,*c1ccc2c(c1F)N(CCCC(CCCCCCCCCCCCCC)CCCCCCCCCCCCCC)C(=O)/C2=C1/C(=O)N(CCCC(CCCCCCCCCCCCCC)CCCCCCCCCCCCCC)c2c1ccc(-c1sc(-c3ccc(-c4sc(*)c(F)c4F)c4nsnc34)c(F)c1F)c2F,1,0.0,0,0.00056,0.0,-3.8,-6.24,*c1sc(-c2ccc(-c3sc(*)c(F)c3F)c3nsnc23)c(F)c1F,*c1ccc2c(c1F)N(CCCC(CCCCCCCCCCCCCC)CCCCCCCCCCCCCC)C(=O)/C2=C1/C(=O)N(CCCC(CCCCCCCCCCCCCC)CCCCCCCCCCCCCC)c2c1ccc(*)c2F
10.1002/marc.202300393,DPP-BTz,*c1ccc(C2=C3C(=O)N(CCCC(CCCCCCCCCCCCCC)CCCCCCCCCCCCCC)C(c4ccc(-c5sc(-c6ccc(-c7sc(*)c(F)c7F)c7nsnc67)c(F)c5F)s4)=C3C(=O)N2CCCC(CCCCCCCCCCCCCC)CCCCCCCCCCCCCC)s1,1,0.0,0,0.23,0.14,-3.65,-5.37,*c1sc(-c2ccc(-c3sc(*)c(F)c3F)c3nsnc23)c(F)c1F,*c1ccc(C2=C3C(=O)N(CCCC(CCCCCCCCCCCCCC)CCCCCCCCCCCCCC)C(c4ccc(*)s4)=C3C(=O)N2CCCC(CCCCCCCCCCCCCC)CCCCCCCCCCCCCC)s1,2FIID-Ph,*c1ccc2c(c1F)N(CCCC(CCCCCCCCCCCCCC)CCCCCCCCCCCCCC)C(=O)/C2=C1/C(=O)N(CCCC(CCCCCCCCCCCCCC)CCCCCCCCCCCCCC)c2c1ccc(-c1sc(-c3ccc(-c4sc(*)c(F)c4F)cc3)c(F)c1F)c2F,1,0.0,1,0.04,0.0,-3.64,-6.02,*c1sc(-c2ccc(-c3sc(*)c(F)c3F)cc2)c(F)c1F,*c1ccc2c(c1F)N(CCCC(CCCCCCCCCCCCCC)CCCCCCCCCCCCCC)C(=O)/C2=C1/C(=O)N(CCCC(CCCCCCCCCCCCCC)CCCCCCCCCCCCCC)c2c1ccc(*)c2F
10.1002/marc.202300393,DPP-BTz,*c1ccc(C2=C3C(=O)N(CCCC(CCCCCCCCCCCCCC)CCCCCCCCCCCCCC)C(c4ccc(-c5sc(-c6ccc(-c7sc(*)c(F)c7F)c7nsnc67)c(F)c5F)s4)=C3C(=O)N2CCCC(CCCCCCCCCCCCCC)CCCCCCCCCCCCCC)s1,1,0.0,0,0.23,0.14,-3.65,-5.37,*c1sc(-c2ccc(-c3sc(*)c(F)c3F)c3nsnc23)c(F)c1F,*c1ccc(C2=C3C(=O)N(CCCC(CCCCCCCCCCCCCC)CCCCCCCCCCCCCC)C(c4ccc(*)s4)=C3C(=O)N2CCCC(CCCCCCCCCCCCCC)CCCCCCCCCCCCCC)s1,2FIID-2FPh,*c1ccc2c(c1F)N(CCCC(CCCCCCCCCCCCCC)CCCCCCCCCCCCCC)C(=O)/C2=C1/C(=O)N(CCCC(CCCCCCCCCCCCCC)CCCCCCCCCCCCCC)c2c1ccc(-c1sc(-c3cc(F)c(-c4sc(*)c(F)c4F)cc3F)c(F)c1F)c2F,1,0.0,1,0.19,0.0,-3.7,-6.16,*c1sc(-c2cc(F)c(-c3sc(*)c(F)c3F)cc2F)c(F)c1F,*c1ccc2c(c1F)N(CCCC(CCCCCCCCCCCCCC)CCCCCCCCCCCCCC)C(=O)/C2=C1/C(=O)N(CCCC(CCCCCCCCCCCCCC)CCCCCCCCCCCCCC)c2c1ccc(*)c2F
10.1002/marc.202300393,DPP-BTz,*c1ccc(C2=C3C(=O)N(CCCC(CCCCCCCCCCCCCC)CCCCCCCCCCCCCC)C(c4ccc(-c5sc(-c6ccc(-c7sc(*)c(F)c7F)c7nsnc67)c(F)c5F)s4)=C3C(=O)N2CCCC(CCCCCCCCCCCCCC)CCCCCCCCCCCCCC)s1,1,0.0,0,0.23,0.14,-3.65,-5.37,*c1sc(-c2ccc(-c3sc(*)c(F)c3F)c3nsnc23)c(F)c1F,*c1ccc(C2=C3C(=O)N(CCCC(CCCCCCCCCCCCCC)CCCCCCCCCCCCCC)C(c4ccc(*)s4)=C3C(=O)N2CCCC(CCCCCCCCCCCCCC)CCCCCCCCCCCCCC)s1,2FIID-BTz,*c1ccc2c(c1F)N(CCCC(CCCCCCCCCCCCCC)CCCCCCCCCCCCCC)C(=O)/C2=C1/C(=O)N(CCCC(CCCCCCCCCCCCCC)CCCCCCCCCCCCCC)c2c1ccc(-c1sc(-c3ccc(-c4sc(*)c(F)c4F)c4nsnc34)c(F)c1F)c2F,1,0.0,0,0.00056,0.0,-3.8,-6.24,*c1sc(-c2ccc(-c3sc(*)c(F)c3F)c3nsnc23)c(F)c1F,*c1ccc2c(c1F)N(CCCC(CCCCCCCCCCCCCC)CCCCCCCCCCCCCC)C(=O)/C2=C1/C(=O)N(CCCC(CCCCCCCCCCCCCC)CCCCCCCCCCCCCC)c2c1ccc(*)c2F
10.1002/marc.202300393,2FIID-Ph,*c1ccc2c(c1F)N(CCCC(CCCCCCCCCCCCCC)CCCCCCCCCCCCCC)C(=O)/C2=C1/C(=O)N(CCCC(CCCCCCCCCCCCCC)CCCCCCCCCCCCCC)c2c1ccc(-c1sc(-c3ccc(-c4sc(*)c(F)c4F)cc3)c(F)c1F)c2F,1,0.0,1,0.04,0.0,-3.64,-6.02,*c1sc(-c2ccc(-c3sc(*)c(F)c3F)cc2)c(F)c1F,*c1ccc2c(c1F)N(CCCC(CCCCCCCCCCCCCC)CCCCCCCCCCCCCC)C(=O)/C2=C1/C(=O)N(CCCC(CCCCCCCCCCCCCC)CCCCCCCCCCCCCC)c2c1ccc(*)c2F,2FIID-2FPh,*c1ccc2c(c1F)N(CCCC(CCCCCCCCCCCCCC)CCCCCCCCCCCCCC)C(=O)/C2=C1/C(=O)N(CCCC(CCCCCCCCCCCCCC)CCCCCCCCCCCCCC)c2c1ccc(-c1sc(-c3cc(F)c(-c4sc(*)c(F)c4F)cc3F)c(F)c1F)c2F,1,0.0,1,0.19,0.0,-3.7,-6.16,*c1sc(-c2cc(F)c(-c3sc(*)c(F)c3F)cc2F)c(F)c1F,*c1ccc2c(c1F)N(CCCC(CCCCCCCCCCCCCC)CCCCCCCCCCCCCC)C(=O)/C2=C1/C(=O)N(CCCC(CCCCCCCCCCCCCC)CCCCCCCCCCCCCC)c2c1ccc(*)c2F
10.1002/marc.202300393,2FIID-Ph,*c1ccc2c(c1F)N(CCCC(CCCCCCCCCCCCCC)CCCCCCCCCCCCCC)C(=O)/C2=C1/C(=O)N(CCCC(CCCCCCCCCCCCCC)CCCCCCCCCCCCCC)c2c1ccc(-c1sc(-c3ccc(-c4sc(*)c(F)c4F)cc3)c(F)c1F)c2F,1,0.0,1,0.04,0.0,-3.64,-6.02,*c1sc(-c2ccc(-c3sc(*)c(F)c3F)cc2)c(F)c1F,*c1ccc2c(c1F)N(CCCC(CCCCCCCCCCCCCC)CCCCCCCCCCCCCC)C(=O)/C2=C1/C(=O)N(CCCC(CCCCCCCCCCCCCC)CCCCCCCCCCCCCC)c2c1ccc(*)c2F,2FIID-BTz,*c1ccc2c(c1F)N(CCCC(CCCCCCCCCCCCCC)CCCCCCCCCCCCCC)C(=O)/C2=C1/C(=O)N(CCCC(CCCCCCCCCCCCCC)CCCCCCCCCCCCCC)c2c1ccc(-c1sc(-c3ccc(-c4sc(*)c(F)c4F)c4nsnc34)c(F)c1F)c2F,1,0.0,0,0.00056,0.0,-3.8,-6.24,*c1sc(-c2ccc(-c3sc(*)c(F)c3F)c3nsnc23)c(F)c1F,*c1ccc2c(c1F)N(CCCC(CCCCCCCCCCCCCC)CCCCCCCCCCCCCC)C(=O)/C2=C1/C(=O)N(CCCC(CCCCCCCCCCCCCC)CCCCCCCCCCCCCC)c2c1ccc(*)c2F
10.1002/marc.202300393,2FIID-2FPh,*c1ccc2c(c1F)N(CCCC(CCCCCCCCCCCCCC)CCCCCCCCCCCCCC)C(=O)/C2=C1/C(=O)N(CCCC(CCCCCCCCCCCCCC)CCCCCCCCCCCCCC)c2c1ccc(-c1sc(-c3cc(F)c(-c4sc(*)c(F)c4F)cc3F)c(F)c1F)c2F,1,0.0,1,0.19,0.0,-3.7,-6.16,*c1sc(-c2cc(F)c(-c3sc(*)c(F)c3F)cc2F)c(F)c1F,*c1ccc2c(c1F)N(CCCC(CCCCCCCCCCCCCC)CCCCCCCCCCCCCC)C(=O)/C2=C1/C(=O)N(CCCC(CCCCCCCCCCCCCC)CCCCCCCCCCCCCC)c2c1ccc(*)c2F,2FIID-BTz,*c1ccc2c(c1F)N(CCCC(CCCCCCCCCCCCCC)CCCCCCCCCCCCCC)C(=O)/C2=C1/C(=O)N(CCCC(CCCCCCCCCCCCCC)CCCCCCCCCCCCCC)c2c1ccc(-c1sc(-c3ccc(-c4sc(*)c(F)c4F)c4nsnc34)c(F)c1F)c2F,1,0.0,0,0.00056,0.0,-3.8,-6.24,*c1sc(-c2ccc(-c3sc(*)c(F)c3F)c3nsnc23)c(F)c1F,*c1ccc2c(c1F)N(CCCC(CCCCCCCCCCCCCC)CCCCCCCCCCCCCC)C(=O)/C2=C1/C(=O)N(CCCC(CCCCCCCCCCCCCC)CCCCCCCCCCCCCC)c2c1ccc(*)c2F
10.1002/pola.22942,PBTHTQ,*c1sc(-c2c3nsnc3c(-c3cc(CCCCCC)c(*)s3)c3nc(CCCCCCC)c(CCCCCCC)nc23)cc1CCCCCC,1,0.0,0,0.0,0.00016,-3.75,-5.06,*c1sc(-c2c3nsnc3c(-c3cc(CCCCCC)c(*)s3)c3nc(CCCCCCC)c(CCCCCCC)nc23)cc1CCCCCC,*c1sc(-c2c3nsnc3c(-c3cc(CCCCCC)c(*)s3)c3nc(CCCCCCC)c(CCCCCCC)nc23)cc1CCCCCC,PTTHTQ,*c1ccc(-c2sc(-c3c4nsnc4c(-c4cc(CCCCCC)c(*)s4)c4nc(CCCCCCC)c(CCCCCCC)nc34)cc2CCCCCC)s1,1,0.0,0,0.0,0.0038,-3.63,-4.84,*c1ccc(*)s1,*c1sc(-c2c3nsnc3c(-c3cc(CCCCCC)c(*)s3)c3nc(CCCCCCC)c(CCCCCCC)nc23)cc1CCCCCC
10.1002/pola.22942,PBTHTQ,*c1sc(-c2c3nsnc3c(-c3cc(CCCCCC)c(*)s3)c3nc(CCCCCCC)c(CCCCCCC)nc23)cc1CCCCCC,1,0.0,0,0.0,0.00016,-3.75,-5.06,*c1sc(-c2c3nsnc3c(-c3cc(CCCCCC)c(*)s3)c3nc(CCCCCCC)c(CCCCCCC)nc23)cc1CCCCCC,*c1sc(-c2c3nsnc3c(-c3cc(CCCCCC)c(*)s3)c3nc(CCCCCCC)c(CCCCCCC)nc23)cc1CCCCCC,PFBTHTQ,*c1ccc2c(c1)C(CCCCCCCC)(CCCCCCCC)c1cc(-c3sc(-c4c5nsnc5c(-c5cc(CCCCCC)c(*)s5)c5nc(CCCCCCC)c(CCCCCCC)nc45)cc3CCCCCC)ccc1-2,1,0.0,0,0.0,0.0015,-3.66,-5.14,*c1ccc2c(c1)C(CCCCCCCC)(CCCCCCCC)c1cc(*)ccc1-2,*c1sc(-c2c3nsnc3c(-c3cc(CCCCCC)c(*)s3)c3nc(CCCCCCC)c(CCCCCCC)nc23)cc1CCCCCC
10.1002/pola.22942,PTTHTQ,*c1ccc(-c2sc(-c3c4nsnc4c(-c4cc(CCCCCC)c(*)s4)c4nc(CCCCCCC)c(CCCCCCC)nc34)cc2CCCCCC)s1,1,0.0,0,0.0,0.0038,-3.63,-4.84,*c1ccc(*)s1,*c1sc(-c2c3nsnc3c(-c3cc(CCCCCC)c(*)s3)c3nc(CCCCCCC)c(CCCCCCC)nc23)cc1CCCCCC,PFBTHTQ,*c1ccc2c(c1)C(CCCCCCCC)(CCCCCCCC)c1cc(-c3sc(-c4c5nsnc5c(-c5cc(CCCCCC)c(*)s5)c5nc(CCCCCCC)c(CCCCCCC)nc45)cc3CCCCCC)ccc1-2,1,0.0,0,0.0,0.0015,-3.66,-5.14,*c1ccc2c(c1)C(CCCCCCCC)(CCCCCCCC)c1cc(*)ccc1-2,*c1sc(-c2c3nsnc3c(-c3cc(CCCCCC)c(*)s3)c3nc(CCCCCCC)c(CCCCCCC)nc23)cc1CCCCCC
10.1002/pola.26078,polymer4,*C#Cc1ccc2c(C#Cc3ccc(CCCCCC)cc3)c3cc(C#Cc4ccc(C5=C6C(=O)N(CC(CCCCCCCC)CCCCCCCCCC)C(c7ccc(*)s7)=C6C(=O)N5CC(CCCCCCCC)CCCCCCCCCC)s4)ccc3c(C#Cc3ccc(CCCCCC)cc3)c2c1,1,0.0,1,0.0,0.026,-3.39,-5.52,*C#Cc1ccc2c(C#Cc3ccc(CCCCCC)cc3)c3cc(C#C*)ccc3c(C#Cc3ccc(CCCCCC)cc3)c2c1,*c1ccc(C2=C3C(=O)N(CC(CCCCCCCC)CCCCCCCCCC)C(c4ccc(*)s4)=C3C(=O)N2CC(CCCCCCCC)CCCCCCCCCC)s1,polymer7,*C#Cc1c2ccc(C#Cc3ccc(CCCCCC)cc3)cc2c(C#Cc2ccc(C3=C4C(=O)N(CC(CCCCCCCC)CCCCCCCCCC)C(c5ccc(*)s5)=C4C(=O)N3CC(CCCCCCCC)CCCCCCCCCC)s2)c2ccc(C#Cc3ccc(CCCCCC)cc3)cc12,1,0.0,1,0.0,0.12,-3.65,-5.46,*C#Cc1c2ccc(C#Cc3ccc(CCCCCC)cc3)cc2c(C#C*)c2ccc(C#Cc3ccc(CCCCCC)cc3)cc12,*c1ccc(C2=C3C(=O)N(CC(CCCCCCCC)CCCCCCCCCC)C(c4ccc(*)s4)=C3C(=O)N2CC(CCCCCCCC)CCCCCCCCCC)s1
10.1002/pola.26812,PNDI-2fTh,*c1cc2sc(-c3cc4c5c(c(*)cc6c5c3C(=O)N(CC(CCCCCCCC)CCCCCCCCCC)C6=O)C(=O)N(CC(CCCCCCCC)CCCCCCCCCC)C4=O)cc2s1,1,0.0,1,0.007,0.0,-3.88,-5.45,*c1cc2sc(*)cc2s1,*c1cc2c3c(c(*)cc4c3c1C(=O)N(CC(CCCCCCCC)CCCCCCCCCC)C4=O)C(=O)N(CC(CCCCCCCC)CCCCCCCCCC)C2=O,PNDI-3fTh,*c1cc2sc3cc(-c4cc5c6c(c(*)cc7c6c4C(=O)N(CC(CCCCCCCC)CCCCCCCCCC)C7=O)C(=O)N(CC(CCCCCCCC)CCCCCCCCCC)C5=O)sc3c2s1,1,0.0,0,0.0048,0.0,-3.91,-5.31,*c1cc2sc3cc(*)sc3c2s1,*c1cc2c3c(c(*)cc4c3c1C(=O)N(CC(CCCCCCCC)CCCCCCCCCC)C4=O)C(=O)N(CC(CCCCCCCC)CCCCCCCCCC)C2=O
10.1002/pola.26812,PNDI-2fTh,*c1cc2sc(-c3cc4c5c(c(*)cc6c5c3C(=O)N(CC(CCCCCCCC)CCCCCCCCCC)C6=O)C(=O)N(CC(CCCCCCCC)CCCCCCCCCC)C4=O)cc2s1,1,0.0,1,0.007,0.0,-3.88,-5.45,*c1cc2sc(*)cc2s1,*c1cc2c3c(c(*)cc4c3c1C(=O)N(CC(CCCCCCCC)CCCCCCCCCC)C4=O)C(=O)N(CC(CCCCCCCC)CCCCCCCCCC)C2=O,PNDI-4fTh,*c1cc2c3c(c(-c4sc5c(sc6c7sc(*)c(CCCCCCCCCC)c7sc56)c4CCCCCCCCCC)cc4c3c1C(=O)N(CC(CCCCCCCC)CCCCCCCCCC)C4=O)C(=O)N(CC(CCCCCCCC)CCCCCCCCCC)C2=O,1,0.0,1,0.012,0.0,-3.92,-5.29,*c1sc2c(sc3c4sc(*)c(CCCCCCCCCC)c4sc23)c1CCCCCCCCCC,*c1cc2c3c(c(*)cc4c3c1C(=O)N(CC(CCCCCCCC)CCCCCCCCCC)C4=O)C(=O)N(CC(CCCCCCCC)CCCCCCCCCC)C2=O
10.1002/pola.26812,PNDI-3fTh,*c1cc2sc3cc(-c4cc5c6c(c(*)cc7c6c4C(=O)N(CC(CCCCCCCC)CCCCCCCCCC)C7=O)C(=O)N(CC(CCCCCCCC)CCCCCCCCCC)C5=O)sc3c2s1,1,0.0,0,0.0048,0.0,-3.91,-5.31,*c1cc2sc3cc(*)sc3c2s1,*c1cc2c3c(c(*)cc4c3c1C(=O)N(CC(CCCCCCCC)CCCCCCCCCC)C4=O)C(=O)N(CC(CCCCCCCC)CCCCCCCCCC)C2=O,PNDI-4fTh,*c1cc2c3c(c(-c4sc5c(sc6c7sc(*)c(CCCCCCCCCC)c7sc56)c4CCCCCCCCCC)cc4c3c1C(=O)N(CC(CCCCCCCC)CCCCCCCCCC)C4=O)C(=O)N(CC(CCCCCCCC)CCCCCCCCCC)C2=O,1,0.0,1,0.012,0.0,-3.92,-5.29,*c1sc2c(sc3c4sc(*)c(CCCCCCCCCC)c4sc23)c1CCCCCCCCCC,*c1cc2c3c(c(*)cc4c3c1C(=O)N(CC(CCCCCCCC)CCCCCCCCCC)C4=O)C(=O)N(CC(CCCCCCCC)CCCCCCCCCC)C2=O
10.1002/smsc.202100016,PNDI-BTCN,*c1cc(C#N)c(-c2sc(-c3cc4c5c(c(*)cc6c5c3C(=O)N(CC(CCCCCCCCCC)CCCCCCCCCCCC)C6=O)C(=O)N(CC(CCCCCCCCCC)CCCCCCCCCCCC)C4=O)cc2C#N)s1,1,0.0,1,0.12,0.0,-4.09,-6.86,*c1cc(C#N)c(-c2sc(*)cc2C#N)s1,*c1cc2c3c(c(*)cc4c3c1C(=O)N(CC(CCCCCCCCCC)CCCCCCCCCCCC)C4=O)C(=O)N(CC(CCCCCCCCCC)CCCCCCCCCCCC)C2=O,PNDI-TVTCN,*c1cc(C#N)c(/C=C/c2sc(-c3cc4c5c(c(*)cc6c5c3C(=O)N(CC(CCCCCCCCCC)CCCCCCCCCCCC)C6=O)C(=O)N(CC(CCCCCCCCCC)CCCCCCCCCCCC)C4=O)cc2C#N)s1,1,0.0,1,0.16,0.0,-4.16,-6.63,*c1cc(C#N)c(/C=C/c2sc(*)cc2C#N)s1,*c1cc2c3c(c(*)cc4c3c1C(=O)N(CC(CCCCCCCCCC)CCCCCCCCCCCC)C4=O)C(=O)N(CC(CCCCCCCCCC)CCCCCCCCCCCC)C2=O
10.1002/smsc.202100016,PNDI-BTCN,*c1cc(C#N)c(-c2sc(-c3cc4c5c(c(*)cc6c5c3C(=O)N(CC(CCCCCCCCCC)CCCCCCCCCCCC)C6=O)C(=O)N(CC(CCCCCCCCCC)CCCCCCCCCCCC)C4=O)cc2C#N)s1,1,0.0,1,0.12,0.0,-4.09,-6.86,*c1cc(C#N)c(-c2sc(*)cc2C#N)s1,*c1cc2c3c(c(*)cc4c3c1C(=O)N(CC(CCCCCCCCCC)CCCCCCCCCCCC)C4=O)C(=O)N(CC(CCCCCCCCCC)CCCCCCCCCCCC)C2=O,PNDI-SVSCN,*c1cc(C#N)c(/C=C/c2[se]c(-c3cc4c5c(c(*)cc6c5c3C(=O)N(CC(CCCCCCCCCC)CCCCCCCCCCCC)C6=O)C(=O)N(CC(CCCCCCCCCC)CCCCCCCCCCCC)C4=O)cc2C#N)[se]1,1,0.0,1,0.2,0.0,-4.15,-6.59,*c1cc(C#N)c(/C=C/c2[se]c(*)cc2C#N)[se]1,*c1cc2c3c(c(*)cc4c3c1C(=O)N(CC(CCCCCCCCCC)CCCCCCCCCCCC)C4=O)C(=O)N(CC(CCCCCCCCCC)CCCCCCCCCCCC)C2=O
10.1002/smsc.202100016,PNDI-TVTCN,*c1cc(C#N)c(/C=C/c2sc(-c3cc4c5c(c(*)cc6c5c3C(=O)N(CC(CCCCCCCCCC)CCCCCCCCCCCC)C6=O)C(=O)N(CC(CCCCCCCCCC)CCCCCCCCCCCC)C4=O)cc2C#N)s1,1,0.0,1,0.16,0.0,-4.16,-6.63,*c1cc(C#N)c(/C=C/c2sc(*)cc2C#N)s1,*c1cc2c3c(c(*)cc4c3c1C(=O)N(CC(CCCCCCCCCC)CCCCCCCCCCCC)C4=O)C(=O)N(CC(CCCCCCCCCC)CCCCCCCCCCCC)C2=O,PNDI-SVSCN,*c1cc(C#N)c(/C=C/c2[se]c(-c3cc4c5c(c(*)cc6c5c3C(=O)N(CC(CCCCCCCCCC)CCCCCCCCCCCC)C6=O)C(=O)N(CC(CCCCCCCCCC)CCCCCCCCCCCC)C4=O)cc2C#N)[se]1,1,0.0,1,0.2,0.0,-4.15,-6.59,*c1cc(C#N)c(/C=C/c2[se]c(*)cc2C#N)[se]1,*c1cc2c3c(c(*)cc4c3c1C(=O)N(CC(CCCCCCCCCC)CCCCCCCCCCCC)C4=O)C(=O)N(CC(CCCCCCCCCC)CCCCCCCCCCCC)C2=O
10.1002/solr.201800265,s-BTI2-FT,*c1cc2c(=O)n(CC(CCCCCCCC)CCCCCCCCCC)c(=O)c3cc(-c4cc5c(=O)n(CC(CCCCCCCC)CCCCCCCCCC)c(=O)c6cc(-c7sc(*)c(F)c7F)sc6c5s4)sc3c2s1,1,0.0,0,0.82,0.0,-3.3,-5.82,*c1sc(*)c(F)c1F,*c1cc2c(=O)n(CC(CCCCCCCC)CCCCCCCCCC)c(=O)c3cc(-c4cc5c(=O)n(CC(CCCCCCCC)CCCCCCCCCC)c(=O)c6cc(*)sc6c5s4)sc3c2s1,s-FBTI2-FT,*c1cc2c(=O)n(CC(CCCCCCCC)CCCCCCCCCC)c(=O)c3c(F)c(-c4sc5c(c4F)c(=O)n(CC(CCCCCCCC)CCCCCCCCCC)c(=O)c4cc(-c6sc(*)c(F)c6F)sc45)sc3c2s1,1,0.0,0,2.73,0.0,-3.5,-6.08,*c1sc(*)c(F)c1F,*c1cc2c(=O)n(CC(CCCCCCCC)CCCCCCCCCC)c(=O)c3c(F)c(-c4sc5c(c4F)c(=O)n(CC(CCCCCCCC)CCCCCCCCCC)c(=O)c4cc(*)sc45)sc3c2s1
10.1007/s10118-021-2552-9,TzII-TTT,*c1ccc(-c2ccc(-c3nc4c(s3)/C(=C3\C(=O)N(CCCC(CCCCCCCCCCCCCC)CCCCCCCCCCCCCC)c5nc(-c6ccc(*)s6)sc53)C(=O)N4CCCC(CCCCCCCCCCCCCC)CCCCCCCCCCCCCC)s2)s1,1,0.0,0,1.07,3.93,-3.58,-5.13,*c1ccc(-c2nc3c(s2)/C(=C2\C(=O)N(CCCC(CCCCCCCCCCCCCC)CCCCCCCCCCCCCC)c4nc(-c5ccc(*)s5)sc42)C(=O)N3CCCC(CCCCCCCCCCCCCC)CCCCCCCCCCCCCC)s1,*c1ccc(*)s1,TzII-TSeT,*c1ccc(-c2nc3c(s2)/C(=C2\C(=O)N(CCCC(CCCCCCCCCCCCCC)CCCCCCCCCCCCCC)c4nc(-c5ccc(-c6ccc(*)[se]6)s5)sc42)C(=O)N3CCCC(CCCCCCCCCCCCCC)CCCCCCCCCCCCCC)s1,1,0.0,0,1.59,3.77,-3.53,-5.12,*c1ccc(-c2nc3c(s2)/C(=C2\C(=O)N(CCCC(CCCCCCCCCCCCCC)CCCCCCCCCCCCCC)c4nc(-c5ccc(*)s5)sc42)C(=O)N3CCCC(CCCCCCCCCCCCCC)CCCCCCCCCCCCCC)s1,*c1ccc(*)[se]1
10.1007/s10118-021-2552-9,TzII-TTT,*c1ccc(-c2ccc(-c3nc4c(s3)/C(=C3\C(=O)N(CCCC(CCCCCCCCCCCCCC)CCCCCCCCCCCCCC)c5nc(-c6ccc(*)s6)sc53)C(=O)N4CCCC(CCCCCCCCCCCCCC)CCCCCCCCCCCCCC)s2)s1,1,0.0,0,1.07,3.93,-3.58,-5.13,*c1ccc(-c2nc3c(s2)/C(=C2\C(=O)N(CCCC(CCCCCCCCCCCCCC)CCCCCCCCCCCCCC)c4nc(-c5ccc(*)s5)sc42)C(=O)N3CCCC(CCCCCCCCCCCCCC)CCCCCCCCCCCCCC)s1,*c1ccc(*)s1,TzII-TTeT,*c1ccc(-c2nc3c(s2)/C(=C2\C(=O)N(CCCC(CCCCCCCCCCCCCC)CCCCCCCCCCCCCC)c4nc(-c5ccc(-c6ccc(*)[te]6)s5)sc42)C(=O)N3CCCC(CCCCCCCCCCCCCC)CCCCCCCCCCCCCC)s1,1,0.0,0,0.64,0.04,-3.55,-5.11,*c1ccc(-c2nc3c(s2)/C(=C2\C(=O)N(CCCC(CCCCCCCCCCCCCC)CCCCCCCCCCCCCC)c4nc(-c5ccc(*)s5)sc42)C(=O)N3CCCC(CCCCCCCCCCCCCC)CCCCCCCCCCCCCC)s1,*c1ccc(*)[te]1
10.1007/s10118-021-2552-9,TzII-TTT,*c1ccc(-c2ccc(-c3nc4c(s3)/C(=C3\C(=O)N(CCCC(CCCCCCCCCCCCCC)CCCCCCCCCCCCCC)c5nc(-c6ccc(*)s6)sc53)C(=O)N4CCCC(CCCCCCCCCCCCCC)CCCCCCCCCCCCCC)s2)s1,1,0.0,0,1.07,3.93,-3.58,-5.13,*c1ccc(-c2nc3c(s2)/C(=C2\C(=O)N(CCCC(CCCCCCCCCCCCCC)CCCCCCCCCCCCCC)c4nc(-c5ccc(*)s5)sc42)C(=O)N3CCCC(CCCCCCCCCCCCCC)CCCCCCCCCCCCCC)s1,*c1ccc(*)s1,TzII-SeTSe,*c1ccc(-c2ccc(-c3nc4c(s3)/C(=C3\C(=O)N(CCCC(CCCCCCCCCCCCCC)CCCCCCCCCCCCCC)c5nc(-c6ccc(*)[se]6)sc53)C(=O)N4CCCC(CCCCCCCCCCCCCC)CCCCCCCCCCCCCC)[se]2)s1,1,0.0,0,0.58,0.12,-3.6,-5.17,*c1ccc(-c2nc3c(s2)/C(=C2\C(=O)N(CCCC(CCCCCCCCCCCCCC)CCCCCCCCCCCCCC)c4nc(-c5ccc(*)[se]5)sc42)C(=O)N3CCCC(CCCCCCCCCCCCCC)CCCCCCCCCCCCCC)[se]1,*c1ccc(*)s1
10.1007/s10118-021-2552-9,TzII-TTT,*c1ccc(-c2ccc(-c3nc4c(s3)/C(=C3\C(=O)N(CCCC(CCCCCCCCCCCCCC)CCCCCCCCCCCCCC)c5nc(-c6ccc(*)s6)sc53)C(=O)N4CCCC(CCCCCCCCCCCCCC)CCCCCCCCCCCCCC)s2)s1,1,0.0,0,1.07,3.93,-3.58,-5.13,*c1ccc(-c2nc3c(s2)/C(=C2\C(=O)N(CCCC(CCCCCCCCCCCCCC)CCCCCCCCCCCCCC)c4nc(-c5ccc(*)s5)sc42)C(=O)N3CCCC(CCCCCCCCCCCCCC)CCCCCCCCCCCCCC)s1,*c1ccc(*)s1,TzII-SeSeSe,*c1ccc(-c2nc3c(s2)/C(=C2\C(=O)N(CCCC(CCCCCCCCCCCCCC)CCCCCCCCCCCCCC)c4nc(-c5ccc(-c6ccc(*)[se]6)[se]5)sc42)C(=O)N3CCCC(CCCCCCCCCCCCCC)CCCCCCCCCCCCCC)[se]1,1,0.0,0,0.15,1.26,-3.59,-5.2,*c1ccc(-c2nc3c(s2)/C(=C2\C(=O)N(CCCC(CCCCCCCCCCCCCC)CCCCCCCCCCCCCC)c4nc(-c5ccc(*)[se]5)sc42)C(=O)N3CCCC(CCCCCCCCCCCCCC)CCCCCCCCCCCCCC)[se]1,*c1ccc(*)[se]1
10.1007/s10118-021-2552-9,TzII-TTT,*c1ccc(-c2ccc(-c3nc4c(s3)/C(=C3\C(=O)N(CCCC(CCCCCCCCCCCCCC)CCCCCCCCCCCCCC)c5nc(-c6ccc(*)s6)sc53)C(=O)N4CCCC(CCCCCCCCCCCCCC)CCCCCCCCCCCCCC)s2)s1,1,0.0,0,1.07,3.93,-3.58,-5.13,*c1ccc(-c2nc3c(s2)/C(=C2\C(=O)N(CCCC(CCCCCCCCCCCCCC)CCCCCCCCCCCCCC)c4nc(-c5ccc(*)s5)sc42)C(=O)N3CCCC(CCCCCCCCCCCCCC)CCCCCCCCCCCCCC)s1,*c1ccc(*)s1,TzII-SeTeSe,*c1ccc(-c2nc3c(s2)/C(=C2\C(=O)N(CCCC(CCCCCCCCCCCCCC)CCCCCCCCCCCCCC)c4nc(-c5ccc(-c6ccc(*)[te]6)[se]5)sc42)C(=O)N3CCCC(CCCCCCCCCCCCCC)CCCCCCCCCCCCCC)[se]1,1,0.0,0,0.08,0.9,-3.61,-5.21,*c1ccc(-c2nc3c(s2)/C(=C2\C(=O)N(CCCC(CCCCCCCCCCCCCC)CCCCCCCCCCCCCC)c4nc(-c5ccc(*)[se]5)sc42)C(=O)N3CCCC(CCCCCCCCCCCCCC)CCCCCCCCCCCCCC)[se]1,*c1ccc(*)[te]1
10.1007/s10118-021-2552-9,TzII-TSeT,*c1ccc(-c2nc3c(s2)/C(=C2\C(=O)N(CCCC(CCCCCCCCCCCCCC)CCCCCCCCCCCCCC)c4nc(-c5ccc(-c6ccc(*)[se]6)s5)sc42)C(=O)N3CCCC(CCCCCCCCCCCCCC)CCCCCCCCCCCCCC)s1,1,0.0,0,1.59,3.77,-3.53,-5.12,*c1ccc(-c2nc3c(s2)/C(=C2\C(=O)N(CCCC(CCCCCCCCCCCCCC)CCCCCCCCCCCCCC)c4nc(-c5ccc(*)s5)sc42)C(=O)N3CCCC(CCCCCCCCCCCCCC)CCCCCCCCCCCCCC)s1,*c1ccc(*)[se]1,TzII-TTeT,*c1ccc(-c2nc3c(s2)/C(=C2\C(=O)N(CCCC(CCCCCCCCCCCCCC)CCCCCCCCCCCCCC)c4nc(-c5ccc(-c6ccc(*)[te]6)s5)sc42)C(=O)N3CCCC(CCCCCCCCCCCCCC)CCCCCCCCCCCCCC)s1,1,0.0,0,0.64,0.04,-3.55,-5.11,*c1ccc(-c2nc3c(s2)/C(=C2\C(=O)N(CCCC(CCCCCCCCCCCCCC)CCCCCCCCCCCCCC)c4nc(-c5ccc(*)s5)sc42)C(=O)N3CCCC(CCCCCCCCCCCCCC)CCCCCCCCCCCCCC)s1,*c1ccc(*)[te]1
10.1007/s10118-021-2552-9,TzII-TSeT,*c1ccc(-c2nc3c(s2)/C(=C2\C(=O)N(CCCC(CCCCCCCCCCCCCC)CCCCCCCCCCCCCC)c4nc(-c5ccc(-c6ccc(*)[se]6)s5)sc42)C(=O)N3CCCC(CCCCCCCCCCCCCC)CCCCCCCCCCCCCC)s1,1,0.0,0,1.59,3.77,-3.53,-5.12,*c1ccc(-c2nc3c(s2)/C(=C2\C(=O)N(CCCC(CCCCCCCCCCCCCC)CCCCCCCCCCCCCC)c4nc(-c5ccc(*)s5)sc42)C(=O)N3CCCC(CCCCCCCCCCCCCC)CCCCCCCCCCCCCC)s1,*c1ccc(*)[se]1,TzII-SeTSe,*c1ccc(-c2ccc(-c3nc4c(s3)/C(=C3\C(=O)N(CCCC(CCCCCCCCCCCCCC)CCCCCCCCCCCCCC)c5nc(-c6ccc(*)[se]6)sc53)C(=O)N4CCCC(CCCCCCCCCCCCCC)CCCCCCCCCCCCCC)[se]2)s1,1,0.0,0,0.58,0.12,-3.6,-5.17,*c1ccc(-c2nc3c(s2)/C(=C2\C(=O)N(CCCC(CCCCCCCCCCCCCC)CCCCCCCCCCCCCC)c4nc(-c5ccc(*)[se]5)sc42)C(=O)N3CCCC(CCCCCCCCCCCCCC)CCCCCCCCCCCCCC)[se]1,*c1ccc(*)s1
10.1007/s10118-021-2552-9,TzII-TSeT,*c1ccc(-c2nc3c(s2)/C(=C2\C(=O)N(CCCC(CCCCCCCCCCCCCC)CCCCCCCCCCCCCC)c4nc(-c5ccc(-c6ccc(*)[se]6)s5)sc42)C(=O)N3CCCC(CCCCCCCCCCCCCC)CCCCCCCCCCCCCC)s1,1,0.0,0,1.59,3.77,-3.53,-5.12,*c1ccc(-c2nc3c(s2)/C(=C2\C(=O)N(CCCC(CCCCCCCCCCCCCC)CCCCCCCCCCCCCC)c4nc(-c5ccc(*)s5)sc42)C(=O)N3CCCC(CCCCCCCCCCCCCC)CCCCCCCCCCCCCC)s1,*c1ccc(*)[se]1,TzII-SeSeSe,*c1ccc(-c2nc3c(s2)/C(=C2\C(=O)N(CCCC(CCCCCCCCCCCCCC)CCCCCCCCCCCCCC)c4nc(-c5ccc(-c6ccc(*)[se]6)[se]5)sc42)C(=O)N3CCCC(CCCCCCCCCCCCCC)CCCCCCCCCCCCCC)[se]1,1,0.0,0,0.15,1.26,-3.59,-5.2,*c1ccc(-c2nc3c(s2)/C(=C2\C(=O)N(CCCC(CCCCCCCCCCCCCC)CCCCCCCCCCCCCC)c4nc(-c5ccc(*)[se]5)sc42)C(=O)N3CCCC(CCCCCCCCCCCCCC)CCCCCCCCCCCCCC)[se]1,*c1ccc(*)[se]1
10.1007/s10118-021-2552-9,TzII-TSeT,*c1ccc(-c2nc3c(s2)/C(=C2\C(=O)N(CCCC(CCCCCCCCCCCCCC)CCCCCCCCCCCCCC)c4nc(-c5ccc(-c6ccc(*)[se]6)s5)sc42)C(=O)N3CCCC(CCCCCCCCCCCCCC)CCCCCCCCCCCCCC)s1,1,0.0,0,1.59,3.77,-3.53,-5.12,*c1ccc(-c2nc3c(s2)/C(=C2\C(=O)N(CCCC(CCCCCCCCCCCCCC)CCCCCCCCCCCCCC)c4nc(-c5ccc(*)s5)sc42)C(=O)N3CCCC(CCCCCCCCCCCCCC)CCCCCCCCCCCCCC)s1,*c1ccc(*)[se]1,TzII-SeTeSe,*c1ccc(-c2nc3c(s2)/C(=C2\C(=O)N(CCCC(CCCCCCCCCCCCCC)CCCCCCCCCCCCCC)c4nc(-c5ccc(-c6ccc(*)[te]6)[se]5)sc42)C(=O)N3CCCC(CCCCCCCCCCCCCC)CCCCCCCCCCCCCC)[se]1,1,0.0,0,0.08,0.9,-3.61,-5.21,*c1ccc(-c2nc3c(s2)/C(=C2\C(=O)N(CCCC(CCCCCCCCCCCCCC)CCCCCCCCCCCCCC)c4nc(-c5ccc(*)[se]5)sc42)C(=O)N3CCCC(CCCCCCCCCCCCCC)CCCCCCCCCCCCCC)[se]1,*c1ccc(*)[te]1
10.1007/s10118-021-2552-9,TzII-TTeT,*c1ccc(-c2nc3c(s2)/C(=C2\C(=O)N(CCCC(CCCCCCCCCCCCCC)CCCCCCCCCCCCCC)c4nc(-c5ccc(-c6ccc(*)[te]6)s5)sc42)C(=O)N3CCCC(CCCCCCCCCCCCCC)CCCCCCCCCCCCCC)s1,1,0.0,0,0.64,0.04,-3.55,-5.11,*c1ccc(-c2nc3c(s2)/C(=C2\C(=O)N(CCCC(CCCCCCCCCCCCCC)CCCCCCCCCCCCCC)c4nc(-c5ccc(*)s5)sc42)C(=O)N3CCCC(CCCCCCCCCCCCCC)CCCCCCCCCCCCCC)s1,*c1ccc(*)[te]1,TzII-SeTSe,*c1ccc(-c2ccc(-c3nc4c(s3)/C(=C3\C(=O)N(CCCC(CCCCCCCCCCCCCC)CCCCCCCCCCCCCC)c5nc(-c6ccc(*)[se]6)sc53)C(=O)N4CCCC(CCCCCCCCCCCCCC)CCCCCCCCCCCCCC)[se]2)s1,1,0.0,0,0.58,0.12,-3.6,-5.17,*c1ccc(-c2nc3c(s2)/C(=C2\C(=O)N(CCCC(CCCCCCCCCCCCCC)CCCCCCCCCCCCCC)c4nc(-c5ccc(*)[se]5)sc42)C(=O)N3CCCC(CCCCCCCCCCCCCC)CCCCCCCCCCCCCC)[se]1,*c1ccc(*)s1
10.1007/s10118-021-2552-9,TzII-TTeT,*c1ccc(-c2nc3c(s2)/C(=C2\C(=O)N(CCCC(CCCCCCCCCCCCCC)CCCCCCCCCCCCCC)c4nc(-c5ccc(-c6ccc(*)[te]6)s5)sc42)C(=O)N3CCCC(CCCCCCCCCCCCCC)CCCCCCCCCCCCCC)s1,1,0.0,0,0.64,0.04,-3.55,-5.11,*c1ccc(-c2nc3c(s2)/C(=C2\C(=O)N(CCCC(CCCCCCCCCCCCCC)CCCCCCCCCCCCCC)c4nc(-c5ccc(*)s5)sc42)C(=O)N3CCCC(CCCCCCCCCCCCCC)CCCCCCCCCCCCCC)s1,*c1ccc(*)[te]1,TzII-SeSeSe,*c1ccc(-c2nc3c(s2)/C(=C2\C(=O)N(CCCC(CCCCCCCCCCCCCC)CCCCCCCCCCCCCC)c4nc(-c5ccc(-c6ccc(*)[se]6)[se]5)sc42)C(=O)N3CCCC(CCCCCCCCCCCCCC)CCCCCCCCCCCCCC)[se]1,1,0.0,0,0.15,1.26,-3.59,-5.2,*c1ccc(-c2nc3c(s2)/C(=C2\C(=O)N(CCCC(CCCCCCCCCCCCCC)CCCCCCCCCCCCCC)c4nc(-c5ccc(*)[se]5)sc42)C(=O)N3CCCC(CCCCCCCCCCCCCC)CCCCCCCCCCCCCC)[se]1,*c1ccc(*)[se]1
10.1007/s10118-021-2552-9,TzII-TTeT,*c1ccc(-c2nc3c(s2)/C(=C2\C(=O)N(CCCC(CCCCCCCCCCCCCC)CCCCCCCCCCCCCC)c4nc(-c5ccc(-c6ccc(*)[te]6)s5)sc42)C(=O)N3CCCC(CCCCCCCCCCCCCC)CCCCCCCCCCCCCC)s1,1,0.0,0,0.64,0.04,-3.55,-5.11,*c1ccc(-c2nc3c(s2)/C(=C2\C(=O)N(CCCC(CCCCCCCCCCCCCC)CCCCCCCCCCCCCC)c4nc(-c5ccc(*)s5)sc42)C(=O)N3CCCC(CCCCCCCCCCCCCC)CCCCCCCCCCCCCC)s1,*c1ccc(*)[te]1,TzII-SeTeSe,*c1ccc(-c2nc3c(s2)/C(=C2\C(=O)N(CCCC(CCCCCCCCCCCCCC)CCCCCCCCCCCCCC)c4nc(-c5ccc(-c6ccc(*)[te]6)[se]5)sc42)C(=O)N3CCCC(CCCCCCCCCCCCCC)CCCCCCCCCCCCCC)[se]1,1,0.0,0,0.08,0.9,-3.61,-5.21,*c1ccc(-c2nc3c(s2)/C(=C2\C(=O)N(CCCC(CCCCCCCCCCCCCC)CCCCCCCCCCCCCC)c4nc(-c5ccc(*)[se]5)sc42)C(=O)N3CCCC(CCCCCCCCCCCCCC)CCCCCCCCCCCCCC)[se]1,*c1ccc(*)[te]1
10.1007/s10118-021-2552-9,TzII-SeTSe,*c1ccc(-c2ccc(-c3nc4c(s3)/C(=C3\C(=O)N(CCCC(CCCCCCCCCCCCCC)CCCCCCCCCCCCCC)c5nc(-c6ccc(*)[se]6)sc53)C(=O)N4CCCC(CCCCCCCCCCCCCC)CCCCCCCCCCCCCC)[se]2)s1,1,0.0,0,0.58,0.12,-3.6,-5.17,*c1ccc(-c2nc3c(s2)/C(=C2\C(=O)N(CCCC(CCCCCCCCCCCCCC)CCCCCCCCCCCCCC)c4nc(-c5ccc(*)[se]5)sc42)C(=O)N3CCCC(CCCCCCCCCCCCCC)CCCCCCCCCCCCCC)[se]1,*c1ccc(*)s1,TzII-SeSeSe,*c1ccc(-c2nc3c(s2)/C(=C2\C(=O)N(CCCC(CCCCCCCCCCCCCC)CCCCCCCCCCCCCC)c4nc(-c5ccc(-c6ccc(*)[se]6)[se]5)sc42)C(=O)N3CCCC(CCCCCCCCCCCCCC)CCCCCCCCCCCCCC)[se]1,1,0.0,0,0.15,1.26,-3.59,-5.2,*c1ccc(-c2nc3c(s2)/C(=C2\C(=O)N(CCCC(CCCCCCCCCCCCCC)CCCCCCCCCCCCCC)c4nc(-c5ccc(*)[se]5)sc42)C(=O)N3CCCC(CCCCCCCCCCCCCC)CCCCCCCCCCCCCC)[se]1,*c1ccc(*)[se]1
10.1007/s10118-021-2552-9,TzII-SeTSe,*c1ccc(-c2ccc(-c3nc4c(s3)/C(=C3\C(=O)N(CCCC(CCCCCCCCCCCCCC)CCCCCCCCCCCCCC)c5nc(-c6ccc(*)[se]6)sc53)C(=O)N4CCCC(CCCCCCCCCCCCCC)CCCCCCCCCCCCCC)[se]2)s1,1,0.0,0,0.58,0.12,-3.6,-5.17,*c1ccc(-c2nc3c(s2)/C(=C2\C(=O)N(CCCC(CCCCCCCCCCCCCC)CCCCCCCCCCCCCC)c4nc(-c5ccc(*)[se]5)sc42)C(=O)N3CCCC(CCCCCCCCCCCCCC)CCCCCCCCCCCCCC)[se]1,*c1ccc(*)s1,TzII-SeTeSe,*c1ccc(-c2nc3c(s2)/C(=C2\C(=O)N(CCCC(CCCCCCCCCCCCCC)CCCCCCCCCCCCCC)c4nc(-c5ccc(-c6ccc(*)[te]6)[se]5)sc42)C(=O)N3CCCC(CCCCCCCCCCCCCC)CCCCCCCCCCCCCC)[se]1,1,0.0,0,0.08,0.9,-3.61,-5.21,*c1ccc(-c2nc3c(s2)/C(=C2\C(=O)N(CCCC(CCCCCCCCCCCCCC)CCCCCCCCCCCCCC)c4nc(-c5ccc(*)[se]5)sc42)C(=O)N3CCCC(CCCCCCCCCCCCCC)CCCCCCCCCCCCCC)[se]1,*c1ccc(*)[te]1
10.1007/s10118-021-2552-9,TzII-SeSeSe,*c1ccc(-c2nc3c(s2)/C(=C2\C(=O)N(CCCC(CCCCCCCCCCCCCC)CCCCCCCCCCCCCC)c4nc(-c5ccc(-c6ccc(*)[se]6)[se]5)sc42)C(=O)N3CCCC(CCCCCCCCCCCCCC)CCCCCCCCCCCCCC)[se]1,1,0.0,0,0.15,1.26,-3.59,-5.2,*c1ccc(-c2nc3c(s2)/C(=C2\C(=O)N(CCCC(CCCCCCCCCCCCCC)CCCCCCCCCCCCCC)c4nc(-c5ccc(*)[se]5)sc42)C(=O)N3CCCC(CCCCCCCCCCCCCC)CCCCCCCCCCCCCC)[se]1,*c1ccc(*)[se]1,TzII-SeTeSe,*c1ccc(-c2nc3c(s2)/C(=C2\C(=O)N(CCCC(CCCCCCCCCCCCCC)CCCCCCCCCCCCCC)c4nc(-c5ccc(-c6ccc(*)[te]6)[se]5)sc42)C(=O)N3CCCC(CCCCCCCCCCCCCC)CCCCCCCCCCCCCC)[se]1,1,0.0,0,0.08,0.9,-3.61,-5.21,*c1ccc(-c2nc3c(s2)/C(=C2\C(=O)N(CCCC(CCCCCCCCCCCCCC)CCCCCCCCCCCCCC)c4nc(-c5ccc(*)[se]5)sc42)C(=O)N3CCCC(CCCCCCCCCCCCCC)CCCCCCCCCCCCCC)[se]1,*c1ccc(*)[te]1
10.1007/s10118-022-2731-3,P(TzII-Tz-T-Tz),*c1ccc(-c2cnc(-c3nc4c(s3)/C(=C3\C(=O)N(CCCC(CCCCCCCCCCCCCC)CCCCCCCCCCCCCC)c5nc(-c6ncc(*)s6)sc53)C(=O)N4CCCC(CCCCCCCCCCCCCC)CCCCCCCCCCCCCC)s2)s1,1,0.0,0,0.64,0.7,-3.69,-5.54,*c1ccc(*)s1,*c1cnc(-c2nc3c(s2)/C(=C2\C(=O)N(CCCC(CCCCCCCCCCCCCC)CCCCCCCCCCCCCC)c4nc(-c5ncc(*)s5)sc42)C(=O)N3CCCC(CCCCCCCCCCCCCC)CCCCCCCCCCCCCC)s1,P(TzII-T-T-T),*c1ccc(-c2ccc(-c3nc4c(s3)/C(=C3\C(=O)N(CCCC(CCCCCCCCCCCCCC)CCCCCCCCCCCCCC)c5nc(-c6ccc(*)s6)sc53)C(=O)N4CCCC(CCCCCCCCCCCCCC)CCCCCCCCCCCCCC)s2)s1,1,0.0,0,0.76,3.31,-3.58,-5.13,*c1ccc(*)s1,*c1ccc(-c2nc3c(s2)/C(=C2\C(=O)N(CCCC(CCCCCCCCCCCCCC)CCCCCCCCCCCCCC)c4nc(-c5ccc(*)s5)sc42)C(=O)N3CCCC(CCCCCCCCCCCCCC)CCCCCCCCCCCCCC)s1
10.1007/s10118-023-3043-y,P(TzII-dTh-dTh),*c1ccc(-c2ccc(-c3ccc(-c4nc5c(s4)/C(=C4\C(=O)N(CCCC(CCCCCCCCCCCCCC)CCCCCCCCCCCCCC)c6nc(-c7ccc(*)s7)sc64)C(=O)N5CCCC(CCCCCCCCCCCCCC)CCCCCCCCCCCCCC)s3)s2)s1,1,0.0,1,0.0,2.33,-3.34,-5.32,*c1ccc(-c2ccc(*)s2)s1,*c1ccc(-c2nc3c(s2)/C(=C2\C(=O)N(CCCC(CCCCCCCCCCCCCC)CCCCCCCCCCCCCC)c4nc(-c5ccc(*)s5)sc42)C(=O)N3CCCC(CCCCCCCCCCCCCC)CCCCCCCCCCCCCC)s1,P(TzII-dTh-dTz),*c1ccc(-c2nc3c(s2)/C(=C2\C(=O)N(CCCC(CCCCCCCCCCCCCC)CCCCCCCCCCCCCC)c4nc(-c5ccc(-c6cnc(-c7ncc(*)s7)s6)s5)sc42)C(=O)N3CCCC(CCCCCCCCCCCCCC)CCCCCCCCCCCCCC)s1,1,0.0,1,0.63,1.16,-3.45,-5.47,*c1cnc(-c2ncc(*)s2)s1,*c1ccc(-c2nc3c(s2)/C(=C2\C(=O)N(CCCC(CCCCCCCCCCCCCC)CCCCCCCCCCCCCC)c4nc(-c5ccc(*)s5)sc42)C(=O)N3CCCC(CCCCCCCCCCCCCC)CCCCCCCCCCCCCC)s1
10.1007/s10965-021-02417-0,PFBIID-2T,*c1ccc2c(c1)N(CCCCCCCC[Si](C)(CCCCCCCC)CCCCCCCC)C(=O)/C2=C/c1c(F)c(F)c(/C=C2/C(=O)N(CCCCCCCC[Si](C)(CCCCCCCC)CCCCCCCC)c3cc(-c4ccc(-c5ccc(*)s5)s4)ccc32)c(F)c1F,1,0.0,1,0.0,0.0,-3.11,-5.21,*c1ccc(-c2ccc(*)s2)s1,*c1ccc2c(c1)N(CCCCCCCC[Si](C)(CCCCCCCC)CCCCCCCC)C(=O)/C2=C/c1c(F)c(F)c(/C=C2/C(=O)N(CCCCCCCC[Si](C)(CCCCCCCC)CCCCCCCC)c3cc(*)ccc32)c(F)c1F,PFBIID-TVT,*c1ccc2c(c1)N(CCCCCCCC[Si](C)(CCCCCCCC)CCCCCCCC)C(=O)/C2=C/c1c(F)c(F)c(/C=C2/C(=O)N(CCCCCCCC[Si](C)(CCCCCCCC)CCCCCCCC)c3cc(-c4ccc(/C=C/c5ccc(*)s5)s4)ccc32)c(F)c1F,1,0.0,1,0.0,0.0,-3.22,-5.29,*c1ccc(/C=C/c2ccc(*)s2)s1,*c1ccc2c(c1)N(CCCCCCCC[Si](C)(CCCCCCCC)CCCCCCCC)C(=O)/C2=C/c1c(F)c(F)c(/C=C2/C(=O)N(CCCCCCCC[Si](C)(CCCCCCCC)CCCCCCCC)c3cc(*)ccc32)c(F)c1F
10.1007/s10965-021-02417-0,PFBIID-2T,*c1ccc2c(c1)N(CCCCCCCC[Si](C)(CCCCCCCC)CCCCCCCC)C(=O)/C2=C/c1c(F)c(F)c(/C=C2/C(=O)N(CCCCCCCC[Si](C)(CCCCCCCC)CCCCCCCC)c3cc(-c4ccc(-c5ccc(*)s5)s4)ccc32)c(F)c1F,1,0.0,1,0.0,0.0,-3.11,-5.21,*c1ccc(-c2ccc(*)s2)s1,*c1ccc2c(c1)N(CCCCCCCC[Si](C)(CCCCCCCC)CCCCCCCC)C(=O)/C2=C/c1c(F)c(F)c(/C=C2/C(=O)N(CCCCCCCC[Si](C)(CCCCCCCC)CCCCCCCC)c3cc(*)ccc32)c(F)c1F,PPzIID-2T,*c1ccc2c(c1)N(CCCCCCCC[Si](C)(CCCCCCCC)CCCCCCCC)C(=O)/C2=C/c1cnc(/C=C2/C(=O)N(CCCCCCCC[Si](C)(CCCCCCCC)CCCCCCCC)c3cc(-c4ccc(-c5ccc(*)s5)s4)ccc32)cn1,1,0.0,1,0.0,0.00032,-3.66,-5.28,*c1ccc(-c2ccc(*)s2)s1,*c1ccc2c(c1)N(CCCCCCCC[Si](C)(CCCCCCCC)CCCCCCCC)C(=O)/C2=C/c1cnc(/C=C2/C(=O)N(CCCCCCCC[Si](C)(CCCCCCCC)CCCCCCCC)c3cc(*)ccc32)cn1
10.1007/s10965-021-02417-0,PFBIID-2T,*c1ccc2c(c1)N(CCCCCCCC[Si](C)(CCCCCCCC)CCCCCCCC)C(=O)/C2=C/c1c(F)c(F)c(/C=C2/C(=O)N(CCCCCCCC[Si](C)(CCCCCCCC)CCCCCCCC)c3cc(-c4ccc(-c5ccc(*)s5)s4)ccc32)c(F)c1F,1,0.0,1,0.0,0.0,-3.11,-5.21,*c1ccc(-c2ccc(*)s2)s1,*c1ccc2c(c1)N(CCCCCCCC[Si](C)(CCCCCCCC)CCCCCCCC)C(=O)/C2=C/c1c(F)c(F)c(/C=C2/C(=O)N(CCCCCCCC[Si](C)(CCCCCCCC)CCCCCCCC)c3cc(*)ccc32)c(F)c1F,PPzIID-TVT,*c1ccc2c(c1)N(CCCCCCCC[Si](C)(CCCCCCCC)CCCCCCCC)C(=O)/C2=C/c1cnc(/C=C2/C(=O)N(CCCCCCCC[Si](C)(CCCCCCCC)CCCCCCCC)c3cc(-c4ccc(/C=C/c5ccc(*)s5)s4)ccc32)cn1,1,0.0,1,0.0,0.00032,-3.56,-5.19,*c1ccc(/C=C/c2ccc(*)s2)s1,*c1ccc2c(c1)N(CCCCCCCC[Si](C)(CCCCCCCC)CCCCCCCC)C(=O)/C2=C/c1cnc(/C=C2/C(=O)N(CCCCCCCC[Si](C)(CCCCCCCC)CCCCCCCC)c3cc(*)ccc32)cn1
10.1007/s10965-021-02417-0,PFBIID-TVT,*c1ccc2c(c1)N(CCCCCCCC[Si](C)(CCCCCCCC)CCCCCCCC)C(=O)/C2=C/c1c(F)c(F)c(/C=C2/C(=O)N(CCCCCCCC[Si](C)(CCCCCCCC)CCCCCCCC)c3cc(-c4ccc(/C=C/c5ccc(*)s5)s4)ccc32)c(F)c1F,1,0.0,1,0.0,0.0,-3.22,-5.29,*c1ccc(/C=C/c2ccc(*)s2)s1,*c1ccc2c(c1)N(CCCCCCCC[Si](C)(CCCCCCCC)CCCCCCCC)C(=O)/C2=C/c1c(F)c(F)c(/C=C2/C(=O)N(CCCCCCCC[Si](C)(CCCCCCCC)CCCCCCCC)c3cc(*)ccc32)c(F)c1F,PPzIID-2T,*c1ccc2c(c1)N(CCCCCCCC[Si](C)(CCCCCCCC)CCCCCCCC)C(=O)/C2=C/c1cnc(/C=C2/C(=O)N(CCCCCCCC[Si](C)(CCCCCCCC)CCCCCCCC)c3cc(-c4ccc(-c5ccc(*)s5)s4)ccc32)cn1,1,0.0,1,0.0,0.00032,-3.66,-5.28,*c1ccc(-c2ccc(*)s2)s1,*c1ccc2c(c1)N(CCCCCCCC[Si](C)(CCCCCCCC)CCCCCCCC)C(=O)/C2=C/c1cnc(/C=C2/C(=O)N(CCCCCCCC[Si](C)(CCCCCCCC)CCCCCCCC)c3cc(*)ccc32)cn1
10.1007/s10965-021-02417-0,PFBIID-TVT,*c1ccc2c(c1)N(CCCCCCCC[Si](C)(CCCCCCCC)CCCCCCCC)C(=O)/C2=C/c1c(F)c(F)c(/C=C2/C(=O)N(CCCCCCCC[Si](C)(CCCCCCCC)CCCCCCCC)c3cc(-c4ccc(/C=C/c5ccc(*)s5)s4)ccc32)c(F)c1F,1,0.0,1,0.0,0.0,-3.22,-5.29,*c1ccc(/C=C/c2ccc(*)s2)s1,*c1ccc2c(c1)N(CCCCCCCC[Si](C)(CCCCCCCC)CCCCCCCC)C(=O)/C2=C/c1c(F)c(F)c(/C=C2/C(=O)N(CCCCCCCC[Si](C)(CCCCCCCC)CCCCCCCC)c3cc(*)ccc32)c(F)c1F,PPzIID-TVT,*c1ccc2c(c1)N(CCCCCCCC[Si](C)(CCCCCCCC)CCCCCCCC)C(=O)/C2=C/c1cnc(/C=C2/C(=O)N(CCCCCCCC[Si](C)(CCCCCCCC)CCCCCCCC)c3cc(-c4ccc(/C=C/c5ccc(*)s5)s4)ccc32)cn1,1,0.0,1,0.0,0.00032,-3.56,-5.19,*c1ccc(/C=C/c2ccc(*)s2)s1,*c1ccc2c(c1)N(CCCCCCCC[Si](C)(CCCCCCCC)CCCCCCCC)C(=O)/C2=C/c1cnc(/C=C2/C(=O)N(CCCCCCCC[Si](C)(CCCCCCCC)CCCCCCCC)c3cc(*)ccc32)cn1
10.1007/s10965-021-02417-0,PPzIID-2T,*c1ccc2c(c1)N(CCCCCCCC[Si](C)(CCCCCCCC)CCCCCCCC)C(=O)/C2=C/c1cnc(/C=C2/C(=O)N(CCCCCCCC[Si](C)(CCCCCCCC)CCCCCCCC)c3cc(-c4ccc(-c5ccc(*)s5)s4)ccc32)cn1,1,0.0,1,0.0,0.00032,-3.66,-5.28,*c1ccc(-c2ccc(*)s2)s1,*c1ccc2c(c1)N(CCCCCCCC[Si](C)(CCCCCCCC)CCCCCCCC)C(=O)/C2=C/c1cnc(/C=C2/C(=O)N(CCCCCCCC[Si](C)(CCCCCCCC)CCCCCCCC)c3cc(*)ccc32)cn1,PPzIID-TVT,*c1ccc2c(c1)N(CCCCCCCC[Si](C)(CCCCCCCC)CCCCCCCC)C(=O)/C2=C/c1cnc(/C=C2/C(=O)N(CCCCCCCC[Si](C)(CCCCCCCC)CCCCCCCC)c3cc(-c4ccc(/C=C/c5ccc(*)s5)s4)ccc32)cn1,1,0.0,1,0.0,0.00032,-3.56,-5.19,*c1ccc(/C=C/c2ccc(*)s2)s1,*c1ccc2c(c1)N(CCCCCCCC[Si](C)(CCCCCCCC)CCCCCCCC)C(=O)/C2=C/c1cnc(/C=C2/C(=O)N(CCCCCCCC[Si](C)(CCCCCCCC)CCCCCCCC)c3cc(*)ccc32)cn1
10.1007/s11426-021-9991-0,PBDP-2F,*c1cc(F)c(-c2sc(-c3sc(C4=c5cc6c(cc5N(CCCCCC)C4=O)=C(c4cc(CC(CCCCCCCCCC)CCCCCCCCCCCC)c(*)s4)C(=O)N6CCCCCC)cc3CC(CCCCCCCCCC)CCCCCCCCCCCC)cc2F)s1,1,0.0,1,0.58,0.0,-3.88,-5.28,*c1cc(F)c(-c2sc(*)cc2F)s1,*c1sc(C2=c3cc4c(cc3N(CCCCCC)C2=O)=C(c2cc(CC(CCCCCCCCCC)CCCCCCCCCCCC)c(*)s2)C(=O)N4CCCCCC)cc1CC(CCCCCCCCCC)CCCCCCCCCCCC,PBDP-2CN,*c1cc(C#N)c(-c2sc(-c3sc(C4=c5cc6c(cc5N(CCCCCC)C4=O)=C(c4cc(CC(CCCCCCCCCC)CCCCCCCCCCCC)c(*)s4)C(=O)N6CCCCCC)cc3CC(CCCCCCCCCC)CCCCCCCCCCCC)cc2C#N)s1,1,0.0,1,1.01,0.0,-4.07,-5.49,*c1cc(C#N)c(-c2sc(*)cc2C#N)s1,*c1sc(C2=c3cc4c(cc3N(CCCCCC)C2=O)=C(c2cc(CC(CCCCCCCCCC)CCCCCCCCCCCC)c(*)s2)C(=O)N4CCCCCC)cc1CC(CCCCCCCCCC)CCCCCCCCCCCC
10.1007/s11426-025-3036-y,f-BTII-TVT,*c1ccc2c(c1)N(CCCC(CCCCCCCCCC)CCCCCCCCCC)C(=O)/C2=C1/C(=O)N(CC(CCCCCCCCCC)CCCCCCCCCCCC)c2c1sc1c3c(sc21)/C(=C1\C(=O)N(CCCC(CCCCCCCCCC)CCCCCCCCCC)c2cc(-c4ccc(/C=C/c5ccc(*)s5)s4)ccc21)C(=O)N3CC(CCCCCCCCCC)CCCCCCCCCCCC,1,0.0,1,0.037,0.067,-3.56,-5.25,*c1ccc(/C=C/c2ccc(*)s2)s1,*c1ccc2c(c1)N(CCCC(CCCCCCCCCC)CCCCCCCCCC)C(=O)/C2=C1/C(=O)N(CC(CCCCCCCCCC)CCCCCCCCCCCC)c2c1sc1c3c(sc21)/C(=C1\C(=O)N(CCCC(CCCCCCCCCC)CCCCCCCCCC)c2cc(*)ccc21)C(=O)N3CC(CCCCCCCCCC)CCCCCCCCCCCC,f-BFTII-TVT,*c1ccc(/C=C/c2ccc(-c3ccc4c(c3F)N(CCCC(CCCCCCCCCC)CCCCCCCCCC)C(=O)/C4=C3/C(=O)N(CC(CCCCCCCCCC)CCCCCCCCCCCC)c4c3sc3c5c(sc43)/C(=C3\C(=O)N(CCCC(CCCCCCCCCC)CCCCCCCCCC)c4c3ccc(*)c4F)C(=O)N5CC(CCCCCCCCCC)CCCCCCCCCCCC)s2)s1,1,0.0,1,0.25,0.25,-3.64,-5.42,*c1ccc(/C=C/c2ccc(*)s2)s1,*c1ccc2c(c1F)N(CCCC(CCCCCCCCCC)CCCCCCCCCC)C(=O)/C2=C1/C(=O)N(CC(CCCCCCCCCC)CCCCCCCCCCCC)c2c1sc1c3c(sc21)/C(=C1\C(=O)N(CCCC(CCCCCCCCCC)CCCCCCCCCC)c2c1ccc(*)c2F)C(=O)N3CC(CCCCCCCCCC)CCCCCCCCCCCC
10.1007/s11426-025-3036-y,f-BTII-TVT,*c1ccc2c(c1)N(CCCC(CCCCCCCCCC)CCCCCCCCCC)C(=O)/C2=C1/C(=O)N(CC(CCCCCCCCCC)CCCCCCCCCCCC)c2c1sc1c3c(sc21)/C(=C1\C(=O)N(CCCC(CCCCCCCCCC)CCCCCCCCCC)c2cc(-c4ccc(/C=C/c5ccc(*)s5)s4)ccc21)C(=O)N3CC(CCCCCCCCCC)CCCCCCCCCCCC,1,0.0,1,0.037,0.067,-3.56,-5.25,*c1ccc(/C=C/c2ccc(*)s2)s1,*c1ccc2c(c1)N(CCCC(CCCCCCCCCC)CCCCCCCCCC)C(=O)/C2=C1/C(=O)N(CC(CCCCCCCCCC)CCCCCCCCCCCC)c2c1sc1c3c(sc21)/C(=C1\C(=O)N(CCCC(CCCCCCCCCC)CCCCCCCCCC)c2cc(*)ccc21)C(=O)N3CC(CCCCCCCCCC)CCCCCCCCCCCC,f-BATII-TVT,*c1ccc2c(n1)N(CCCC(CCCCCCCCCC)CCCCCCCCCC)C(=O)/C2=C1/C(=O)N(CC(CCCCCCCCCC)CCCCCCCCCCCC)c2c1sc1c3c(sc21)/C(=C1\C(=O)N(CCCC(CCCCCCCCCC)CCCCCCCCCC)c2nc(-c4ccc(/C=C/c5ccc(*)s5)s4)ccc21)C(=O)N3CC(CCCCCCCCCC)CCCCCCCCCCCC,1,0.0,1,1.0,0.71,-3.71,-5.51,*c1ccc(/C=C/c2ccc(*)s2)s1,*c1ccc2c(n1)N(CCCC(CCCCCCCCCC)CCCCCCCCCC)C(=O)/C2=C1/C(=O)N(CC(CCCCCCCCCC)CCCCCCCCCCCC)c2c1sc1c3c(sc21)/C(=C1\C(=O)N(CCCC(CCCCCCCCCC)CCCCCCCCCC)c2nc(*)ccc21)C(=O)N3CC(CCCCCCCCCC)CCCCCCCCCCCC
10.1007/s11426-025-3036-y,f-BFTII-TVT,*c1ccc(/C=C/c2ccc(-c3ccc4c(c3F)N(CCCC(CCCCCCCCCC)CCCCCCCCCC)C(=O)/C4=C3/C(=O)N(CC(CCCCCCCCCC)CCCCCCCCCCCC)c4c3sc3c5c(sc43)/C(=C3\C(=O)N(CCCC(CCCCCCCCCC)CCCCCCCCCC)c4c3ccc(*)c4F)C(=O)N5CC(CCCCCCCCCC)CCCCCCCCCCCC)s2)s1,1,0.0,1,0.25,0.25,-3.64,-5.42,*c1ccc(/C=C/c2ccc(*)s2)s1,*c1ccc2c(c1F)N(CCCC(CCCCCCCCCC)CCCCCCCCCC)C(=O)/C2=C1/C(=O)N(CC(CCCCCCCCCC)CCCCCCCCCCCC)c2c1sc1c3c(sc21)/C(=C1\C(=O)N(CCCC(CCCCCCCCCC)CCCCCCCCCC)c2c1ccc(*)c2F)C(=O)N3CC(CCCCCCCCCC)CCCCCCCCCCCC,f-BATII-TVT,*c1ccc2c(n1)N(CCCC(CCCCCCCCCC)CCCCCCCCCC)C(=O)/C2=C1/C(=O)N(CC(CCCCCCCCCC)CCCCCCCCCCCC)c2c1sc1c3c(sc21)/C(=C1\C(=O)N(CCCC(CCCCCCCCCC)CCCCCCCCCC)c2nc(-c4ccc(/C=C/c5ccc(*)s5)s4)ccc21)C(=O)N3CC(CCCCCCCCCC)CCCCCCCCCCCC,1,0.0,1,1.0,0.71,-3.71,-5.51,*c1ccc(/C=C/c2ccc(*)s2)s1,*c1ccc2c(n1)N(CCCC(CCCCCCCCCC)CCCCCCCCCC)C(=O)/C2=C1/C(=O)N(CC(CCCCCCCCCC)CCCCCCCCCCCC)c2c1sc1c3c(sc21)/C(=C1\C(=O)N(CCCC(CCCCCCCCCC)CCCCCCCCCC)c2nc(*)ccc21)C(=O)N3CC(CCCCCCCCCC)CCCCCCCCCCCC
10.1007/s40242-025-5229-z,TVTDA-4FTVT ,*c1cc2c(s1)c1c(=O)n(CCCC(CCCCCCCCCCCCCCCCCC)CCCCCCCCCCCCCCCCCC)c3cc(-c4sc(/C=C/c5sc(*)c(F)c5F)c(F)c4F)sc3c1c(=O)n2CCCC(CCCCCCCCCCCCCCCCCC)CCCCCCCCCCCCCCCCCC,1,0.0,1,0.85,0.0,-3.93,-5.6,*c1sc(/C=C/c2sc(*)c(F)c2F)c(F)c1F,*c1cc2c(s1)c1c(=O)n(CCCC(CCCCCCCCCCCCCCCCCC)CCCCCCCCCCCCCCCCCC)c3cc(*)sc3c1c(=O)n2CCCC(CCCCCCCCCCCCCCCCCC)CCCCCCCCCCCCCCCCCC,TVTDA-2F2CNTVT,*c1cc2c(s1)c1c(=O)n(CCCC(CCCCCCCCCCCCCCCCCC)CCCCCCCCCCCCCCCCCC)c3cc(-c4sc(/C=C/c5sc(*)c(F)c5C#N)c(C#N)c4F)sc3c1c(=O)n2CCCC(CCCCCCCCCCCCCCCCCC)CCCCCCCCCCCCCCCCCC,1,0.0,1,0.049,0.0,-4.19,-5.73,*c1sc(/C=C/c2sc(*)c(F)c2C#N)c(C#N)c1F,*c1cc2c(s1)c1c(=O)n(CCCC(CCCCCCCCCCCCCCCCCC)CCCCCCCCCCCCCCCCCC)c3cc(*)sc3c1c(=O)n2CCCC(CCCCCCCCCCCCCCCCCC)CCCCCCCCCCCCCCCCCC
10.1016/j.dyepig.2016.06.014,PIDT2FBT,*c1ccc2c(c1)N(CC(CCCCCCCCCC)CCCCCCCCCCCC)C(=O)/C2=C1/C(=O)N(CC(CCCCCCCCCC)CCCCCCCCCCCC)c2cc(-c3ccc(-c4c(F)c(F)c(-c5ccc(*)s5)c5nsnc45)s3)ccc21,1,0.0,0,0.0,0.073,-3.91,-5.56,*c1ccc(-c2c(F)c(F)c(-c3ccc(*)s3)c3nsnc23)s1,*c1ccc2c(c1)N(CC(CCCCCCCCCC)CCCCCCCCCCCC)C(=O)/C2=C1/C(=O)N(CC(CCCCCCCCCC)CCCCCCCCCCCC)c2cc(*)ccc21,PIDT4FBZ,*c1ccc2c(c1)N(CC(CCCCCCCCCC)CCCCCCCCCCCC)C(=O)/C2=C1/C(=O)N(CC(CCCCCCCCCC)CCCCCCCCCCCC)c2cc(-c3ccc(-c4c(F)c(F)c(-c5ccc(*)s5)c(F)c4F)s3)ccc21,1,0.0,1,0.0,0.028,-4.17,-5.82,*c1ccc(-c2c(F)c(F)c(-c3ccc(*)s3)c(F)c2F)s1,*c1ccc2c(c1)N(CC(CCCCCCCCCC)CCCCCCCCCCCC)C(=O)/C2=C1/C(=O)N(CC(CCCCCCCCCC)CCCCCCCCCCCC)c2cc(*)ccc21
10.1016/j.dyepig.2018.06.045,BADDP-TT,*c1ccc2c(n1)N(CC(CCCCCCCCCC)CCCCCCCCCCCC)C(=O)/C2=C1/C(=O)N(CC(CC)CCCC)c2cc3c(cc21)N(CC(CC)CCCC)C(=O)/C3=C1/C(=O)N(CC(CCCCCCCCCC)CCCCCCCCCCCC)c2nc(-c3cc4sc(*)cc4s3)ccc21,1,0.0,1,0.076,0.066,-3.9,-5.51,*c1cc2sc(*)cc2s1,*c1ccc2c(n1)N(CC(CCCCCCCCCC)CCCCCCCCCCCC)C(=O)/C2=C1/C(=O)N(CC(CC)CCCC)c2cc3c(cc21)N(CC(CC)CCCC)C(=O)/C3=C1/C(=O)N(CC(CCCCCCCCCC)CCCCCCCCCCCC)c2nc(*)ccc21,BADDP-TVT,*c1ccc2c(n1)N(CC(CCCCCCCCCC)CCCCCCCCCCCC)C(=O)/C2=C1/C(=O)N(CC(CC)CCCC)c2cc3c(cc21)N(CC(CC)CCCC)C(=O)/C3=C1/C(=O)N(CC(CCCCCCCCCC)CCCCCCCCCCCC)c2nc(-c3ccc(/C=C/c4ccc(*)s4)s3)ccc21,1,0.0,1,0.058,0.2,-3.94,-5.42,*c1ccc(/C=C/c2ccc(*)s2)s1,*c1ccc2c(n1)N(CC(CCCCCCCCCC)CCCCCCCCCCCC)C(=O)/C2=C1/C(=O)N(CC(CC)CCCC)c2cc3c(cc21)N(CC(CC)CCCC)C(=O)/C3=C1/C(=O)N(CC(CCCCCCCCCC)CCCCCCCCCCCC)c2nc(*)ccc21
10.1016/j.dyepig.2018.10.038,BDO-TVT,*c1ccc(/C=C/c2ccc(-c3cc(CC(CCCCCCCCCC)CCCCCCCCCCCC)c(/C=C4\C(=O)Oc5cc6c(cc54)OC(=O)/C6=C\c4sc(*)cc4CC(CCCCCCCCCC)CCCCCCCCCCCC)s3)s2)s1,1,0.0,1,0.02,0.03,-3.62,-5.16,*c1ccc(/C=C/c2ccc(*)s2)s1,*c1cc(CC(CCCCCCCCCC)CCCCCCCCCCCC)c(/C=C2\C(=O)Oc3cc4c(cc32)OC(=O)/C4=C\c2sc(*)cc2CC(CCCCCCCCCC)CCCCCCCCCCCC)s1,BDO-SVS,*c1cc(CC(CCCCCCCCCC)CCCCCCCCCCCC)c(/C=C2\C(=O)Oc3cc4c(cc32)OC(=O)/C4=C\c2sc(-c3ccc(/C=C/c4ccc(*)[se]4)[se]3)cc2CC(CCCCCCCCCC)CCCCCCCCCCCC)s1,1,0.0,1,0.1,0.27,-3.7,-5.18,*c1ccc(/C=C/c2ccc(*)[se]2)[se]1,*c1cc(CC(CCCCCCCCCC)CCCCCCCCCCCC)c(/C=C2\C(=O)Oc3cc4c(cc32)OC(=O)/C4=C\c2sc(*)cc2CC(CCCCCCCCCC)CCCCCCCCCCCC)s1
10.1016/j.dyepig.2021.109660,PNDI-TPaT,*c1ccc(-c2ccc(-c3ccc(-c4cc5c6c(c(*)cc7c6c4C(=O)N(CC(CCCCCCCCCC)CCCCCCCCCCCC)C7=O)C(=O)N(CC(CCCCCCCCCC)CCCCCCCCCCCC)C5=O)s3)nn2)s1,1,0.0,0,0.014,0.0,-3.98,-5.9,*c1ccc(-c2ccc(-c3ccc(*)s3)nn2)s1,*c1cc2c3c(c(*)cc4c3c1C(=O)N(CC(CCCCCCCCCC)CCCCCCCCCCCC)C4=O)C(=O)N(CC(CCCCCCCCCC)CCCCCCCCCCCC)C2=O,PNDI-TPzT,*c1ccc(-c2cnc(-c3ccc(-c4cc5c6c(c(*)cc7c6c4C(=O)N(CC(CCCCCCCCCC)CCCCCCCCCCCC)C7=O)C(=O)N(CC(CCCCCCCCCC)CCCCCCCCCCCC)C5=O)s3)cn2)s1,1,0.0,1,0.01,0.0,-4.02,-5.96,*c1ccc(-c2cnc(-c3ccc(*)s3)cn2)s1,*c1cc2c3c(c(*)cc4c3c1C(=O)N(CC(CCCCCCCCCC)CCCCCCCCCCCC)C4=O)C(=O)N(CC(CCCCCCCCCC)CCCCCCCCCCCC)C2=O
10.1016/j.dyepig.2021.109660,PNDI-TPaT,*c1ccc(-c2ccc(-c3ccc(-c4cc5c6c(c(*)cc7c6c4C(=O)N(CC(CCCCCCCCCC)CCCCCCCCCCCC)C7=O)C(=O)N(CC(CCCCCCCCCC)CCCCCCCCCCCC)C5=O)s3)nn2)s1,1,0.0,0,0.014,0.0,-3.98,-5.9,*c1ccc(-c2ccc(-c3ccc(*)s3)nn2)s1,*c1cc2c3c(c(*)cc4c3c1C(=O)N(CC(CCCCCCCCCC)CCCCCCCCCCCC)C4=O)C(=O)N(CC(CCCCCCCCCC)CCCCCCCCCCCC)C2=O,PNDI-TPmT,*c1ccc(-c2cnc(-c3ccc(-c4cc5c6c(c(*)cc7c6c4C(=O)N(CC(CCCCCCCCCC)CCCCCCCCCCCC)C7=O)C(=O)N(CC(CCCCCCCCCC)CCCCCCCCCCCC)C5=O)s3)nc2)s1,1,0.0,0,0.069,0.0,-4.0,-6.04,*c1ccc(-c2cnc(-c3ccc(*)s3)nc2)s1,*c1cc2c3c(c(*)cc4c3c1C(=O)N(CC(CCCCCCCCCC)CCCCCCCCCCCC)C4=O)C(=O)N(CC(CCCCCCCCCC)CCCCCCCCCCCC)C2=O
10.1016/j.dyepig.2021.109660,PNDI-TPzT,*c1ccc(-c2cnc(-c3ccc(-c4cc5c6c(c(*)cc7c6c4C(=O)N(CC(CCCCCCCCCC)CCCCCCCCCCCC)C7=O)C(=O)N(CC(CCCCCCCCCC)CCCCCCCCCCCC)C5=O)s3)cn2)s1,1,0.0,1,0.01,0.0,-4.02,-5.96,*c1ccc(-c2cnc(-c3ccc(*)s3)cn2)s1,*c1cc2c3c(c(*)cc4c3c1C(=O)N(CC(CCCCCCCCCC)CCCCCCCCCCCC)C4=O)C(=O)N(CC(CCCCCCCCCC)CCCCCCCCCCCC)C2=O,PNDI-TPmT,*c1ccc(-c2cnc(-c3ccc(-c4cc5c6c(c(*)cc7c6c4C(=O)N(CC(CCCCCCCCCC)CCCCCCCCCCCC)C7=O)C(=O)N(CC(CCCCCCCCCC)CCCCCCCCCCCC)C5=O)s3)nc2)s1,1,0.0,0,0.069,0.0,-4.0,-6.04,*c1ccc(-c2cnc(-c3ccc(*)s3)nc2)s1,*c1cc2c3c(c(*)cc4c3c1C(=O)N(CC(CCCCCCCCCC)CCCCCCCCCCCC)C4=O)C(=O)N(CC(CCCCCCCCCC)CCCCCCCCCCCC)C2=O
10.1016/j.dyepig.2023.111889,BAI-T,*c1ccc(-c2cc3c4c(ccc5/c(=c6\c(=O)c7c(*)cc8c9c(ccc6c97)C(=O)N(CC(CCCCCCCCCC)CCCCCCCCCCCC)C8=O)c(=O)c2c45)C(=O)N(CC(CCCCCCCCCC)CCCCCCCCCCCC)C3=O)s1,1,0.0,0,0.00012,0.0,-4.13,-6.01,*c1cc2c3c(ccc4/c(=c5\c(=O)c6c(*)cc7c8c(ccc5c86)C(=O)N(CC(CCCCCCCCCC)CCCCCCCCCCCC)C7=O)c(=O)c1c34)C(=O)N(CC(CCCCCCCCCC)CCCCCCCCCCCC)C2=O,*c1ccc(*)s1,BAT-BT,*c1ccc(-c2ccc(-c3cc4c5c(ccc6/c(=c7\c(=O)c8c(*)cc9c%10c(ccc7c%108)C(=O)N(CC(CCCCCCCCCC)CCCCCCCCCCCC)C9=O)c(=O)c3c56)C(=O)N(CC(CCCCCCCCCC)CCCCCCCCCCCC)C4=O)s2)s1,1,0.0,1,0.011,0.0,-4.04,-5.62,*c1cc2c3c(ccc4/c(=c5\c(=O)c6c(*)cc7c8c(ccc5c86)C(=O)N(CC(CCCCCCCCCC)CCCCCCCCCCCC)C7=O)c(=O)c1c34)C(=O)N(CC(CCCCCCCCCC)CCCCCCCCCCCC)C2=O,*c1ccc(-c2ccc(*)s2)s1
10.1016/j.dyepig.2025.112685,IID-DPE,*c1ccc(/C=C/c2ccc(-c3ccc4c(c3)N(CC(CCCCCCCCCC)CCCCCCCCCCCC)C(=O)/C4=C3/C(=O)N(CC(CCCCCCCCCC)CCCCCCCCCCCC)c4cc(*)ccc43)cc2)cc1,1,0.0,1,0.0,0.32,-3.96,-5.31,*c1ccc(/C=C/c2ccc(*)cc2)cc1,*c1ccc2c(c1)N(CC(CCCCCCCCCC)CCCCCCCCCCCC)C(=O)/C2=C1/C(=O)N(CC(CCCCCCCCCC)CCCCCCCCCCCC)c2cc(*)ccc21,IID-CNDPE,*c1ccc(/C(C#N)=C/c2ccc(-c3ccc4c(c3)N(CC(CCCCCCCCCC)CCCCCCCCCCCC)C(=O)/C4=C3/C(=O)N(CC(CCCCCCCCCC)CCCCCCCCCCCC)c4cc(*)ccc43)cc2)cc1,1,0.0,0,0.5,0.0,-4.17,-5.72,*c1ccc(/C=C(\C#N)c2ccc(*)cc2)cc1,*c1ccc2c(c1)N(CC(CCCCCCCCCC)CCCCCCCCCCCC)C(=O)/C2=C1/C(=O)N(CC(CCCCCCCCCC)CCCCCCCCCCCC)c2cc(*)ccc21
10.1016/j.dyepig.2025.112685,IID-DPE,*c1ccc(/C=C/c2ccc(-c3ccc4c(c3)N(CC(CCCCCCCCCC)CCCCCCCCCCCC)C(=O)/C4=C3/C(=O)N(CC(CCCCCCCCCC)CCCCCCCCCCCC)c4cc(*)ccc43)cc2)cc1,1,0.0,1,0.0,0.32,-3.96,-5.31,*c1ccc(/C=C/c2ccc(*)cc2)cc1,*c1ccc2c(c1)N(CC(CCCCCCCCCC)CCCCCCCCCCCC)C(=O)/C2=C1/C(=O)N(CC(CCCCCCCCCC)CCCCCCCCCCCC)c2cc(*)ccc21,IID-2CNDPE,*c1ccc(/C(C#N)=C(\C#N)c2ccc(-c3ccc4c(c3)N(CC(CCCCCCCCCC)CCCCCCCCCCCC)C(=O)/C4=C3/C(=O)N(CC(CCCCCCCCCC)CCCCCCCCCCCC)c4cc(*)ccc43)cc2)cc1,1,0.0,1,0.62,0.0,-4.25,-5.85,*c1ccc(/C(C#N)=C(\C#N)c2ccc(*)cc2)cc1,*c1ccc2c(c1)N(CC(CCCCCCCCCC)CCCCCCCCCCCC)C(=O)/C2=C1/C(=O)N(CC(CCCCCCCCCC)CCCCCCCCCCCC)c2cc(*)ccc21
10.1016/j.dyepig.2025.112685,IID-CNDPE,*c1ccc(/C(C#N)=C/c2ccc(-c3ccc4c(c3)N(CC(CCCCCCCCCC)CCCCCCCCCCCC)C(=O)/C4=C3/C(=O)N(CC(CCCCCCCCCC)CCCCCCCCCCCC)c4cc(*)ccc43)cc2)cc1,1,0.0,0,0.5,0.0,-4.17,-5.72,*c1ccc(/C=C(\C#N)c2ccc(*)cc2)cc1,*c1ccc2c(c1)N(CC(CCCCCCCCCC)CCCCCCCCCCCC)C(=O)/C2=C1/C(=O)N(CC(CCCCCCCCCC)CCCCCCCCCCCC)c2cc(*)ccc21,IID-2CNDPE,*c1ccc(/C(C#N)=C(\C#N)c2ccc(-c3ccc4c(c3)N(CC(CCCCCCCCCC)CCCCCCCCCCCC)C(=O)/C4=C3/C(=O)N(CC(CCCCCCCCCC)CCCCCCCCCCCC)c4cc(*)ccc43)cc2)cc1,1,0.0,1,0.62,0.0,-4.25,-5.85,*c1ccc(/C(C#N)=C(\C#N)c2ccc(*)cc2)cc1,*c1ccc2c(c1)N(CC(CCCCCCCCCC)CCCCCCCCCCCC)C(=O)/C2=C1/C(=O)N(CC(CCCCCCCCCC)CCCCCCCCCCCC)c2cc(*)ccc21
10.1016/j.dyepig.2025.113120,PBTI-DPP-T,*c1ccc(-c2cc3c(=O)n(CC(CCCCCC)CCCCCCCC)c(=O)c4cc(C5=C6C(=O)N(CC(CCCCCC)CCCCCCCC)C(c7cc8c(=O)n(CC(CCCCCC)CCCCCCCC)c(=O)c9cc(*)sc9c8s7)=C6C(=O)N5CC(CCCCCC)CCCCCCCC)sc4c3s2)s1,1,0.0,0,8.49e-05,0.0,-3.7,-5.73,*c1ccc(*)s1,*c1cc2c(=O)n(CC(CCCCCC)CCCCCCCC)c(=O)c3cc(C4=C5C(=O)N(CC(CCCCCC)CCCCCCCC)C(c6cc7c(=O)n(CC(CCCCCC)CCCCCCCC)c(=O)c8cc(*)sc8c7s6)=C5C(=O)N4CC(CCCCCC)CCCCCCCC)sc3c2s1,PBTI-DPP-FT,*c1cc2c(=O)n(CC(CCCCCC)CCCCCCCC)c(=O)c3cc(C4=C5C(=O)N(CC(CCCCCC)CCCCCCCC)C(c6cc7c(=O)n(CC(CCCCCC)CCCCCCCC)c(=O)c8cc(-c9sc(*)c(F)c9F)sc8c7s6)=C5C(=O)N4CC(CCCCCC)CCCCCCCC)sc3c2s1,1,0.0,0,0.00027,0.0,-3.72,-5.72,*c1sc(*)c(F)c1F,*c1cc2c(=O)n(CC(CCCCCC)CCCCCCCC)c(=O)c3cc(C4=C5C(=O)N(CC(CCCCCC)CCCCCCCC)C(c6cc7c(=O)n(CC(CCCCCC)CCCCCCCC)c(=O)c8cc(*)sc8c7s6)=C5C(=O)N4CC(CCCCCC)CCCCCCCC)sc3c2s1
10.1016/j.dyepig.2025.113120,PBTI-DPP-T,*c1ccc(-c2cc3c(=O)n(CC(CCCCCC)CCCCCCCC)c(=O)c4cc(C5=C6C(=O)N(CC(CCCCCC)CCCCCCCC)C(c7cc8c(=O)n(CC(CCCCCC)CCCCCCCC)c(=O)c9cc(*)sc9c8s7)=C6C(=O)N5CC(CCCCCC)CCCCCCCC)sc4c3s2)s1,1,0.0,0,8.49e-05,0.0,-3.7,-5.73,*c1ccc(*)s1,*c1cc2c(=O)n(CC(CCCCCC)CCCCCCCC)c(=O)c3cc(C4=C5C(=O)N(CC(CCCCCC)CCCCCCCC)C(c6cc7c(=O)n(CC(CCCCCC)CCCCCCCC)c(=O)c8cc(*)sc8c7s6)=C5C(=O)N4CC(CCCCCC)CCCCCCCC)sc3c2s1,PBTzI-DPP-T,*c1ccc(-c2nc3c(=O)n(CC(CCCCCC)CCCCCCCC)c(=O)c4cc(C5=C6C(=O)N(CC(CCCCCC)CCCCCCCC)C(c7cc8c(=O)n(CC(CCCCCC)CCCCCCCC)c(=O)c9nc(*)sc9c8s7)=C6C(=O)N5CC(CCCCCC)CCCCCCCC)sc4c3s2)s1,1,0.0,0,0.000214,0.0,-3.79,-5.73,*c1ccc(*)s1,*c1nc2c(=O)n(CC(CCCCCC)CCCCCCCC)c(=O)c3cc(C4=C5C(=O)N(CC(CCCCCC)CCCCCCCC)C(c6cc7c(=O)n(CC(CCCCCC)CCCCCCCC)c(=O)c8nc(*)sc8c7s6)=C5C(=O)N4CC(CCCCCC)CCCCCCCC)sc3c2s1
10.1016/j.dyepig.2025.113120,PBTI-DPP-T,*c1ccc(-c2cc3c(=O)n(CC(CCCCCC)CCCCCCCC)c(=O)c4cc(C5=C6C(=O)N(CC(CCCCCC)CCCCCCCC)C(c7cc8c(=O)n(CC(CCCCCC)CCCCCCCC)c(=O)c9cc(*)sc9c8s7)=C6C(=O)N5CC(CCCCCC)CCCCCCCC)sc4c3s2)s1,1,0.0,0,8.49e-05,0.0,-3.7,-5.73,*c1ccc(*)s1,*c1cc2c(=O)n(CC(CCCCCC)CCCCCCCC)c(=O)c3cc(C4=C5C(=O)N(CC(CCCCCC)CCCCCCCC)C(c6cc7c(=O)n(CC(CCCCCC)CCCCCCCC)c(=O)c8cc(*)sc8c7s6)=C5C(=O)N4CC(CCCCCC)CCCCCCCC)sc3c2s1,PBTzI-DPP-FT,*c1nc2c(=O)n(CC(CCCCCC)CCCCCCCC)c(=O)c3cc(C4=C5C(=O)N(CC(CCCCCC)CCCCCCCC)C(c6cc7c(=O)n(CC(CCCCCC)CCCCCCCC)c(=O)c8nc(-c9sc(*)c(F)c9F)sc8c7s6)=C5C(=O)N4CC(CCCCCC)CCCCCCCC)sc3c2s1,1,0.0,0,0.00259,0.0,-3.85,-5.75,*c1sc(*)c(F)c1F,*c1nc2c(=O)n(CC(CCCCCC)CCCCCCCC)c(=O)c3cc(C4=C5C(=O)N(CC(CCCCCC)CCCCCCCC)C(c6cc7c(=O)n(CC(CCCCCC)CCCCCCCC)c(=O)c8nc(*)sc8c7s6)=C5C(=O)N4CC(CCCCCC)CCCCCCCC)sc3c2s1
10.1016/j.dyepig.2025.113120,PBTI-DPP-FT,*c1cc2c(=O)n(CC(CCCCCC)CCCCCCCC)c(=O)c3cc(C4=C5C(=O)N(CC(CCCCCC)CCCCCCCC)C(c6cc7c(=O)n(CC(CCCCCC)CCCCCCCC)c(=O)c8cc(-c9sc(*)c(F)c9F)sc8c7s6)=C5C(=O)N4CC(CCCCCC)CCCCCCCC)sc3c2s1,1,0.0,0,0.00027,0.0,-3.72,-5.72,*c1sc(*)c(F)c1F,*c1cc2c(=O)n(CC(CCCCCC)CCCCCCCC)c(=O)c3cc(C4=C5C(=O)N(CC(CCCCCC)CCCCCCCC)C(c6cc7c(=O)n(CC(CCCCCC)CCCCCCCC)c(=O)c8cc(*)sc8c7s6)=C5C(=O)N4CC(CCCCCC)CCCCCCCC)sc3c2s1,PBTzI-DPP-T,*c1ccc(-c2nc3c(=O)n(CC(CCCCCC)CCCCCCCC)c(=O)c4cc(C5=C6C(=O)N(CC(CCCCCC)CCCCCCCC)C(c7cc8c(=O)n(CC(CCCCCC)CCCCCCCC)c(=O)c9nc(*)sc9c8s7)=C6C(=O)N5CC(CCCCCC)CCCCCCCC)sc4c3s2)s1,1,0.0,0,0.000214,0.0,-3.79,-5.73,*c1ccc(*)s1,*c1nc2c(=O)n(CC(CCCCCC)CCCCCCCC)c(=O)c3cc(C4=C5C(=O)N(CC(CCCCCC)CCCCCCCC)C(c6cc7c(=O)n(CC(CCCCCC)CCCCCCCC)c(=O)c8nc(*)sc8c7s6)=C5C(=O)N4CC(CCCCCC)CCCCCCCC)sc3c2s1
10.1016/j.dyepig.2025.113120,PBTI-DPP-FT,*c1cc2c(=O)n(CC(CCCCCC)CCCCCCCC)c(=O)c3cc(C4=C5C(=O)N(CC(CCCCCC)CCCCCCCC)C(c6cc7c(=O)n(CC(CCCCCC)CCCCCCCC)c(=O)c8cc(-c9sc(*)c(F)c9F)sc8c7s6)=C5C(=O)N4CC(CCCCCC)CCCCCCCC)sc3c2s1,1,0.0,0,0.00027,0.0,-3.72,-5.72,*c1sc(*)c(F)c1F,*c1cc2c(=O)n(CC(CCCCCC)CCCCCCCC)c(=O)c3cc(C4=C5C(=O)N(CC(CCCCCC)CCCCCCCC)C(c6cc7c(=O)n(CC(CCCCCC)CCCCCCCC)c(=O)c8cc(*)sc8c7s6)=C5C(=O)N4CC(CCCCCC)CCCCCCCC)sc3c2s1,PBTzI-DPP-FT,*c1nc2c(=O)n(CC(CCCCCC)CCCCCCCC)c(=O)c3cc(C4=C5C(=O)N(CC(CCCCCC)CCCCCCCC)C(c6cc7c(=O)n(CC(CCCCCC)CCCCCCCC)c(=O)c8nc(-c9sc(*)c(F)c9F)sc8c7s6)=C5C(=O)N4CC(CCCCCC)CCCCCCCC)sc3c2s1,1,0.0,0,0.00259,0.0,-3.85,-5.75,*c1sc(*)c(F)c1F,*c1nc2c(=O)n(CC(CCCCCC)CCCCCCCC)c(=O)c3cc(C4=C5C(=O)N(CC(CCCCCC)CCCCCCCC)C(c6cc7c(=O)n(CC(CCCCCC)CCCCCCCC)c(=O)c8nc(*)sc8c7s6)=C5C(=O)N4CC(CCCCCC)CCCCCCCC)sc3c2s1
10.1016/j.dyepig.2025.113120,PBTzI-DPP-T,*c1ccc(-c2nc3c(=O)n(CC(CCCCCC)CCCCCCCC)c(=O)c4cc(C5=C6C(=O)N(CC(CCCCCC)CCCCCCCC)C(c7cc8c(=O)n(CC(CCCCCC)CCCCCCCC)c(=O)c9nc(*)sc9c8s7)=C6C(=O)N5CC(CCCCCC)CCCCCCCC)sc4c3s2)s1,1,0.0,0,0.000214,0.0,-3.79,-5.73,*c1ccc(*)s1,*c1nc2c(=O)n(CC(CCCCCC)CCCCCCCC)c(=O)c3cc(C4=C5C(=O)N(CC(CCCCCC)CCCCCCCC)C(c6cc7c(=O)n(CC(CCCCCC)CCCCCCCC)c(=O)c8nc(*)sc8c7s6)=C5C(=O)N4CC(CCCCCC)CCCCCCCC)sc3c2s1,PBTzI-DPP-FT,*c1nc2c(=O)n(CC(CCCCCC)CCCCCCCC)c(=O)c3cc(C4=C5C(=O)N(CC(CCCCCC)CCCCCCCC)C(c6cc7c(=O)n(CC(CCCCCC)CCCCCCCC)c(=O)c8nc(-c9sc(*)c(F)c9F)sc8c7s6)=C5C(=O)N4CC(CCCCCC)CCCCCCCC)sc3c2s1,1,0.0,0,0.00259,0.0,-3.85,-5.75,*c1sc(*)c(F)c1F,*c1nc2c(=O)n(CC(CCCCCC)CCCCCCCC)c(=O)c3cc(C4=C5C(=O)N(CC(CCCCCC)CCCCCCCC)C(c6cc7c(=O)n(CC(CCCCCC)CCCCCCCC)c(=O)c8nc(*)sc8c7s6)=C5C(=O)N4CC(CCCCCC)CCCCCCCC)sc3c2s1
10.1016/j.dyepig.2025.113266,DPP-CNTVT,*c1ccc(/C=C(\C#N)c2ccc(-c3ccc(C4=C5C(=O)N(CC(CCCCCCCC)CCCCCCCCCC)C(c6ccc(*)s6)=C5C(=O)N4CC(CCCCCCCC)CCCCCCCCCC)s3)s2)s1,1,0.0,0,0.52,0.0,-3.83,-5.49,*c1ccc(/C=C(\C#N)c2ccc(*)s2)s1,*c1ccc(C2=C3C(=O)N(CC(CCCCCCCC)CCCCCCCCCC)C(c4ccc(*)s4)=C3C(=O)N2CC(CCCCCCCC)CCCCCCCCCC)s1,DPP-2CNTVT,*c1ccc(C2=C3C(=O)N(CC(CCCCCCCC)CCCCCCCCCC)C(c4ccc(-c5ccc(/C(C#N)=C(\C#N)c6ccc(*)s6)s5)s4)=C3C(=O)N2CC(CCCCCCCC)CCCCCCCCCC)s1,1,0.0,1,1.03,0.0,-3.9,-5.53,*c1ccc(/C(C#N)=C(\C#N)c2ccc(*)s2)s1,*c1ccc(C2=C3C(=O)N(CC(CCCCCCCC)CCCCCCCCCC)C(c4ccc(*)s4)=C3C(=O)N2CC(CCCCCCCC)CCCCCCCCCC)s1
10.1016/j.matt.2022.04.008,PDTD-BT,*c1ccc(C2=C3C(=O)N(CC(CCCCCCCC)CCCCCCCCCC)C(c4ccc(-c5ccc(-c6ccc(C7=C8C(=O)N(CC(CCCCCCCC)CCCCCCCCCC)C(c9ccc(-c%10ccc(*)c%11nsnc%10%11)s9)=C8C(=O)N7CC(CCCCCCCC)CCCCCCCCCC)s6)s5)s4)=C3C(=O)N2CC(CCCCCCCC)CCCCCCCCCC)s1,1,0.0,0,1.64,2.03,-3.49,-5.42,*c1ccc(*)c2nsnc12,*c1ccc(C2=C3C(=O)N(CC(CCCCCCCC)CCCCCCCCCC)C(c4ccc(-c5ccc(-c6ccc(C7=C8C(=O)N(CC(CCCCCCCC)CCCCCCCCCC)C(c9ccc(*)s9)=C8C(=O)N7CC(CCCCCCCC)CCCCCCCCCC)s6)s5)s4)=C3C(=O)N2CC(CCCCCCCC)CCCCCCCCCC)s1,PDFD-BT,*c1ccc(C2=C3C(=O)N(CC(CCCCCCCC)CCCCCCCCCC)C(c4ccc(-c5sc(-c6ccc(C7=C8C(=O)N(CC(CCCCCCCC)CCCCCCCCCC)C(c9ccc(-c%10ccc(*)c%11nsnc%10%11)s9)=C8C(=O)N7CC(CCCCCCCC)CCCCCCCCCC)s6)c(F)c5F)s4)=C3C(=O)N2CC(CCCCCCCC)CCCCCCCCCC)s1,1,0.0,0,3.75,3.56,-3.56,-5.55,*c1ccc(*)c2nsnc12,*c1ccc(C2=C3C(=O)N(CC(CCCCCCCC)CCCCCCCCCC)C(c4ccc(-c5sc(-c6ccc(C7=C8C(=O)N(CC(CCCCCCCC)CCCCCCCCCC)C(c9ccc(*)s9)=C8C(=O)N7CC(CCCCCCCC)CCCCCCCCCC)s6)c(F)c5F)s4)=C3C(=O)N2CC(CCCCCCCC)CCCCCCCCCC)s1
10.1016/j.matt.2022.04.008,PDTD-BT,*c1ccc(C2=C3C(=O)N(CC(CCCCCCCC)CCCCCCCCCC)C(c4ccc(-c5ccc(-c6ccc(C7=C8C(=O)N(CC(CCCCCCCC)CCCCCCCCCC)C(c9ccc(-c%10ccc(*)c%11nsnc%10%11)s9)=C8C(=O)N7CC(CCCCCCCC)CCCCCCCCCC)s6)s5)s4)=C3C(=O)N2CC(CCCCCCCC)CCCCCCCCCC)s1,1,0.0,0,1.64,2.03,-3.49,-5.42,*c1ccc(*)c2nsnc12,*c1ccc(C2=C3C(=O)N(CC(CCCCCCCC)CCCCCCCCCC)C(c4ccc(-c5ccc(-c6ccc(C7=C8C(=O)N(CC(CCCCCCCC)CCCCCCCCCC)C(c9ccc(*)s9)=C8C(=O)N7CC(CCCCCCCC)CCCCCCCCCC)s6)s5)s4)=C3C(=O)N2CC(CCCCCCCC)CCCCCCCCCC)s1,PDTD-BO,*c1ccc(C2=C3C(=O)N(CC(CCCCCCCC)CCCCCCCCCC)C(c4ccc(-c5ccc(-c6ccc(C7=C8C(=O)N(CC(CCCCCCCC)CCCCCCCCCC)C(c9ccc(-c%10ccc(*)c%11nonc%10%11)s9)=C8C(=O)N7CC(CCCCCCCC)CCCCCCCCCC)s6)s5)s4)=C3C(=O)N2CC(CCCCCCCC)CCCCCCCCCC)s1,1,0.0,0,0.25,0.52,-3.56,-5.47,*c1ccc(*)c2nonc12,*c1ccc(C2=C3C(=O)N(CC(CCCCCCCC)CCCCCCCCCC)C(c4ccc(-c5ccc(-c6ccc(C7=C8C(=O)N(CC(CCCCCCCC)CCCCCCCCCC)C(c9ccc(*)s9)=C8C(=O)N7CC(CCCCCCCC)CCCCCCCCCC)s6)s5)s4)=C3C(=O)N2CC(CCCCCCCC)CCCCCCCCCC)s1
10.1016/j.matt.2022.04.008,PDTD-BT,*c1ccc(C2=C3C(=O)N(CC(CCCCCCCC)CCCCCCCCCC)C(c4ccc(-c5ccc(-c6ccc(C7=C8C(=O)N(CC(CCCCCCCC)CCCCCCCCCC)C(c9ccc(-c%10ccc(*)c%11nsnc%10%11)s9)=C8C(=O)N7CC(CCCCCCCC)CCCCCCCCCC)s6)s5)s4)=C3C(=O)N2CC(CCCCCCCC)CCCCCCCCCC)s1,1,0.0,0,1.64,2.03,-3.49,-5.42,*c1ccc(*)c2nsnc12,*c1ccc(C2=C3C(=O)N(CC(CCCCCCCC)CCCCCCCCCC)C(c4ccc(-c5ccc(-c6ccc(C7=C8C(=O)N(CC(CCCCCCCC)CCCCCCCCCC)C(c9ccc(*)s9)=C8C(=O)N7CC(CCCCCCCC)CCCCCCCCCC)s6)s5)s4)=C3C(=O)N2CC(CCCCCCCC)CCCCCCCCCC)s1,PDFD-BO ,*c1ccc(C2=C3C(=O)N(CC(CCCCCCCC)CCCCCCCCCC)C(c4ccc(-c5sc(-c6ccc(C7=C8C(=O)N(CC(CCCCCCCC)CCCCCCCCCC)C(c9ccc(-c%10ccc(*)c%11nonc%10%11)s9)=C8C(=O)N7CC(CCCCCCCC)CCCCCCCCCC)s6)c(F)c5F)s4)=C3C(=O)N2CC(CCCCCCCC)CCCCCCCCCC)s1,1,0.0,0,0.61,1.01,-3.62,-5.59,*c1ccc(*)c2nonc12,*c1ccc(C2=C3C(=O)N(CC(CCCCCCCC)CCCCCCCCCC)C(c4ccc(-c5sc(-c6ccc(C7=C8C(=O)N(CC(CCCCCCCC)CCCCCCCCCC)C(c9ccc(*)s9)=C8C(=O)N7CC(CCCCCCCC)CCCCCCCCCC)s6)c(F)c5F)s4)=C3C(=O)N2CC(CCCCCCCC)CCCCCCCCCC)s1
10.1016/j.matt.2022.04.008,PDTD-BT,*c1ccc(C2=C3C(=O)N(CC(CCCCCCCC)CCCCCCCCCC)C(c4ccc(-c5ccc(-c6ccc(C7=C8C(=O)N(CC(CCCCCCCC)CCCCCCCCCC)C(c9ccc(-c%10ccc(*)c%11nsnc%10%11)s9)=C8C(=O)N7CC(CCCCCCCC)CCCCCCCCCC)s6)s5)s4)=C3C(=O)N2CC(CCCCCCCC)CCCCCCCCCC)s1,1,0.0,0,1.64,2.03,-3.49,-5.42,*c1ccc(*)c2nsnc12,*c1ccc(C2=C3C(=O)N(CC(CCCCCCCC)CCCCCCCCCC)C(c4ccc(-c5ccc(-c6ccc(C7=C8C(=O)N(CC(CCCCCCCC)CCCCCCCCCC)C(c9ccc(*)s9)=C8C(=O)N7CC(CCCCCCCC)CCCCCCCCCC)s6)s5)s4)=C3C(=O)N2CC(CCCCCCCC)CCCCCCCCCC)s1,PDTD-BSe ,*c1ccc(C2=C3C(=O)N(CC(CCCCCCCC)CCCCCCCCCC)C(c4ccc(-c5ccc(-c6ccc(C7=C8C(=O)N(CC(CCCCCCCC)CCCCCCCCCC)C(c9ccc(-c%10ccc(*)c%11n[se]nc%10%11)s9)=C8C(=O)N7CC(CCCCCCCC)CCCCCCCCCC)s6)s5)s4)=C3C(=O)N2CC(CCCCCCCC)CCCCCCCCCC)s1,1,0.0,0,0.41,0.71,-3.68,-5.42,*c1ccc(*)c2n[se]nc12,*c1ccc(C2=C3C(=O)N(CC(CCCCCCCC)CCCCCCCCCC)C(c4ccc(-c5ccc(-c6ccc(C7=C8C(=O)N(CC(CCCCCCCC)CCCCCCCCCC)C(c9ccc(*)s9)=C8C(=O)N7CC(CCCCCCCC)CCCCCCCCCC)s6)s5)s4)=C3C(=O)N2CC(CCCCCCCC)CCCCCCCCCC)s1
10.1016/j.matt.2022.04.008,PDTD-BT,*c1ccc(C2=C3C(=O)N(CC(CCCCCCCC)CCCCCCCCCC)C(c4ccc(-c5ccc(-c6ccc(C7=C8C(=O)N(CC(CCCCCCCC)CCCCCCCCCC)C(c9ccc(-c%10ccc(*)c%11nsnc%10%11)s9)=C8C(=O)N7CC(CCCCCCCC)CCCCCCCCCC)s6)s5)s4)=C3C(=O)N2CC(CCCCCCCC)CCCCCCCCCC)s1,1,0.0,0,1.64,2.03,-3.49,-5.42,*c1ccc(*)c2nsnc12,*c1ccc(C2=C3C(=O)N(CC(CCCCCCCC)CCCCCCCCCC)C(c4ccc(-c5ccc(-c6ccc(C7=C8C(=O)N(CC(CCCCCCCC)CCCCCCCCCC)C(c9ccc(*)s9)=C8C(=O)N7CC(CCCCCCCC)CCCCCCCCCC)s6)s5)s4)=C3C(=O)N2CC(CCCCCCCC)CCCCCCCCCC)s1,PDFD-BSe ,*c1ccc(C2=C3C(=O)N(CC(CCCCCCCC)CCCCCCCCCC)C(c4ccc(-c5sc(-c6ccc(C7=C8C(=O)N(CC(CCCCCCCC)CCCCCCCCCC)C(c9ccc(-c%10ccc(*)c%11n[se]nc%10%11)s9)=C8C(=O)N7CC(CCCCCCCC)CCCCCCCCCC)s6)c(F)c5F)s4)=C3C(=O)N2CC(CCCCCCCC)CCCCCCCCCC)s1,1,0.0,0,0.79,0.82,-3.71,-5.58,*c1ccc(*)c2n[se]nc12,*c1ccc(C2=C3C(=O)N(CC(CCCCCCCC)CCCCCCCCCC)C(c4ccc(-c5sc(-c6ccc(C7=C8C(=O)N(CC(CCCCCCCC)CCCCCCCCCC)C(c9ccc(*)s9)=C8C(=O)N7CC(CCCCCCCC)CCCCCCCCCC)s6)c(F)c5F)s4)=C3C(=O)N2CC(CCCCCCCC)CCCCCCCCCC)s1
10.1016/j.matt.2022.04.008,PDFD-BT,*c1ccc(C2=C3C(=O)N(CC(CCCCCCCC)CCCCCCCCCC)C(c4ccc(-c5sc(-c6ccc(C7=C8C(=O)N(CC(CCCCCCCC)CCCCCCCCCC)C(c9ccc(-c%10ccc(*)c%11nsnc%10%11)s9)=C8C(=O)N7CC(CCCCCCCC)CCCCCCCCCC)s6)c(F)c5F)s4)=C3C(=O)N2CC(CCCCCCCC)CCCCCCCCCC)s1,1,0.0,0,3.75,3.56,-3.56,-5.55,*c1ccc(*)c2nsnc12,*c1ccc(C2=C3C(=O)N(CC(CCCCCCCC)CCCCCCCCCC)C(c4ccc(-c5sc(-c6ccc(C7=C8C(=O)N(CC(CCCCCCCC)CCCCCCCCCC)C(c9ccc(*)s9)=C8C(=O)N7CC(CCCCCCCC)CCCCCCCCCC)s6)c(F)c5F)s4)=C3C(=O)N2CC(CCCCCCCC)CCCCCCCCCC)s1,PDTD-BO,*c1ccc(C2=C3C(=O)N(CC(CCCCCCCC)CCCCCCCCCC)C(c4ccc(-c5ccc(-c6ccc(C7=C8C(=O)N(CC(CCCCCCCC)CCCCCCCCCC)C(c9ccc(-c%10ccc(*)c%11nonc%10%11)s9)=C8C(=O)N7CC(CCCCCCCC)CCCCCCCCCC)s6)s5)s4)=C3C(=O)N2CC(CCCCCCCC)CCCCCCCCCC)s1,1,0.0,0,0.25,0.52,-3.56,-5.47,*c1ccc(*)c2nonc12,*c1ccc(C2=C3C(=O)N(CC(CCCCCCCC)CCCCCCCCCC)C(c4ccc(-c5ccc(-c6ccc(C7=C8C(=O)N(CC(CCCCCCCC)CCCCCCCCCC)C(c9ccc(*)s9)=C8C(=O)N7CC(CCCCCCCC)CCCCCCCCCC)s6)s5)s4)=C3C(=O)N2CC(CCCCCCCC)CCCCCCCCCC)s1
10.1016/j.matt.2022.04.008,PDFD-BT,*c1ccc(C2=C3C(=O)N(CC(CCCCCCCC)CCCCCCCCCC)C(c4ccc(-c5sc(-c6ccc(C7=C8C(=O)N(CC(CCCCCCCC)CCCCCCCCCC)C(c9ccc(-c%10ccc(*)c%11nsnc%10%11)s9)=C8C(=O)N7CC(CCCCCCCC)CCCCCCCCCC)s6)c(F)c5F)s4)=C3C(=O)N2CC(CCCCCCCC)CCCCCCCCCC)s1,1,0.0,0,3.75,3.56,-3.56,-5.55,*c1ccc(*)c2nsnc12,*c1ccc(C2=C3C(=O)N(CC(CCCCCCCC)CCCCCCCCCC)C(c4ccc(-c5sc(-c6ccc(C7=C8C(=O)N(CC(CCCCCCCC)CCCCCCCCCC)C(c9ccc(*)s9)=C8C(=O)N7CC(CCCCCCCC)CCCCCCCCCC)s6)c(F)c5F)s4)=C3C(=O)N2CC(CCCCCCCC)CCCCCCCCCC)s1,PDFD-BO ,*c1ccc(C2=C3C(=O)N(CC(CCCCCCCC)CCCCCCCCCC)C(c4ccc(-c5sc(-c6ccc(C7=C8C(=O)N(CC(CCCCCCCC)CCCCCCCCCC)C(c9ccc(-c%10ccc(*)c%11nonc%10%11)s9)=C8C(=O)N7CC(CCCCCCCC)CCCCCCCCCC)s6)c(F)c5F)s4)=C3C(=O)N2CC(CCCCCCCC)CCCCCCCCCC)s1,1,0.0,0,0.61,1.01,-3.62,-5.59,*c1ccc(*)c2nonc12,*c1ccc(C2=C3C(=O)N(CC(CCCCCCCC)CCCCCCCCCC)C(c4ccc(-c5sc(-c6ccc(C7=C8C(=O)N(CC(CCCCCCCC)CCCCCCCCCC)C(c9ccc(*)s9)=C8C(=O)N7CC(CCCCCCCC)CCCCCCCCCC)s6)c(F)c5F)s4)=C3C(=O)N2CC(CCCCCCCC)CCCCCCCCCC)s1
10.1016/j.matt.2022.04.008,PDFD-BT,*c1ccc(C2=C3C(=O)N(CC(CCCCCCCC)CCCCCCCCCC)C(c4ccc(-c5sc(-c6ccc(C7=C8C(=O)N(CC(CCCCCCCC)CCCCCCCCCC)C(c9ccc(-c%10ccc(*)c%11nsnc%10%11)s9)=C8C(=O)N7CC(CCCCCCCC)CCCCCCCCCC)s6)c(F)c5F)s4)=C3C(=O)N2CC(CCCCCCCC)CCCCCCCCCC)s1,1,0.0,0,3.75,3.56,-3.56,-5.55,*c1ccc(*)c2nsnc12,*c1ccc(C2=C3C(=O)N(CC(CCCCCCCC)CCCCCCCCCC)C(c4ccc(-c5sc(-c6ccc(C7=C8C(=O)N(CC(CCCCCCCC)CCCCCCCCCC)C(c9ccc(*)s9)=C8C(=O)N7CC(CCCCCCCC)CCCCCCCCCC)s6)c(F)c5F)s4)=C3C(=O)N2CC(CCCCCCCC)CCCCCCCCCC)s1,PDTD-BSe ,*c1ccc(C2=C3C(=O)N(CC(CCCCCCCC)CCCCCCCCCC)C(c4ccc(-c5ccc(-c6ccc(C7=C8C(=O)N(CC(CCCCCCCC)CCCCCCCCCC)C(c9ccc(-c%10ccc(*)c%11n[se]nc%10%11)s9)=C8C(=O)N7CC(CCCCCCCC)CCCCCCCCCC)s6)s5)s4)=C3C(=O)N2CC(CCCCCCCC)CCCCCCCCCC)s1,1,0.0,0,0.41,0.71,-3.68,-5.42,*c1ccc(*)c2n[se]nc12,*c1ccc(C2=C3C(=O)N(CC(CCCCCCCC)CCCCCCCCCC)C(c4ccc(-c5ccc(-c6ccc(C7=C8C(=O)N(CC(CCCCCCCC)CCCCCCCCCC)C(c9ccc(*)s9)=C8C(=O)N7CC(CCCCCCCC)CCCCCCCCCC)s6)s5)s4)=C3C(=O)N2CC(CCCCCCCC)CCCCCCCCCC)s1
10.1016/j.matt.2022.04.008,PDFD-BT,*c1ccc(C2=C3C(=O)N(CC(CCCCCCCC)CCCCCCCCCC)C(c4ccc(-c5sc(-c6ccc(C7=C8C(=O)N(CC(CCCCCCCC)CCCCCCCCCC)C(c9ccc(-c%10ccc(*)c%11nsnc%10%11)s9)=C8C(=O)N7CC(CCCCCCCC)CCCCCCCCCC)s6)c(F)c5F)s4)=C3C(=O)N2CC(CCCCCCCC)CCCCCCCCCC)s1,1,0.0,0,3.75,3.56,-3.56,-5.55,*c1ccc(*)c2nsnc12,*c1ccc(C2=C3C(=O)N(CC(CCCCCCCC)CCCCCCCCCC)C(c4ccc(-c5sc(-c6ccc(C7=C8C(=O)N(CC(CCCCCCCC)CCCCCCCCCC)C(c9ccc(*)s9)=C8C(=O)N7CC(CCCCCCCC)CCCCCCCCCC)s6)c(F)c5F)s4)=C3C(=O)N2CC(CCCCCCCC)CCCCCCCCCC)s1,PDFD-BSe ,*c1ccc(C2=C3C(=O)N(CC(CCCCCCCC)CCCCCCCCCC)C(c4ccc(-c5sc(-c6ccc(C7=C8C(=O)N(CC(CCCCCCCC)CCCCCCCCCC)C(c9ccc(-c%10ccc(*)c%11n[se]nc%10%11)s9)=C8C(=O)N7CC(CCCCCCCC)CCCCCCCCCC)s6)c(F)c5F)s4)=C3C(=O)N2CC(CCCCCCCC)CCCCCCCCCC)s1,1,0.0,0,0.79,0.82,-3.71,-5.58,*c1ccc(*)c2n[se]nc12,*c1ccc(C2=C3C(=O)N(CC(CCCCCCCC)CCCCCCCCCC)C(c4ccc(-c5sc(-c6ccc(C7=C8C(=O)N(CC(CCCCCCCC)CCCCCCCCCC)C(c9ccc(*)s9)=C8C(=O)N7CC(CCCCCCCC)CCCCCCCCCC)s6)c(F)c5F)s4)=C3C(=O)N2CC(CCCCCCCC)CCCCCCCCCC)s1
10.1016/j.matt.2022.04.008,PDTD-BO,*c1ccc(C2=C3C(=O)N(CC(CCCCCCCC)CCCCCCCCCC)C(c4ccc(-c5ccc(-c6ccc(C7=C8C(=O)N(CC(CCCCCCCC)CCCCCCCCCC)C(c9ccc(-c%10ccc(*)c%11nonc%10%11)s9)=C8C(=O)N7CC(CCCCCCCC)CCCCCCCCCC)s6)s5)s4)=C3C(=O)N2CC(CCCCCCCC)CCCCCCCCCC)s1,1,0.0,0,0.25,0.52,-3.56,-5.47,*c1ccc(*)c2nonc12,*c1ccc(C2=C3C(=O)N(CC(CCCCCCCC)CCCCCCCCCC)C(c4ccc(-c5ccc(-c6ccc(C7=C8C(=O)N(CC(CCCCCCCC)CCCCCCCCCC)C(c9ccc(*)s9)=C8C(=O)N7CC(CCCCCCCC)CCCCCCCCCC)s6)s5)s4)=C3C(=O)N2CC(CCCCCCCC)CCCCCCCCCC)s1,PDFD-BO ,*c1ccc(C2=C3C(=O)N(CC(CCCCCCCC)CCCCCCCCCC)C(c4ccc(-c5sc(-c6ccc(C7=C8C(=O)N(CC(CCCCCCCC)CCCCCCCCCC)C(c9ccc(-c%10ccc(*)c%11nonc%10%11)s9)=C8C(=O)N7CC(CCCCCCCC)CCCCCCCCCC)s6)c(F)c5F)s4)=C3C(=O)N2CC(CCCCCCCC)CCCCCCCCCC)s1,1,0.0,0,0.61,1.01,-3.62,-5.59,*c1ccc(*)c2nonc12,*c1ccc(C2=C3C(=O)N(CC(CCCCCCCC)CCCCCCCCCC)C(c4ccc(-c5sc(-c6ccc(C7=C8C(=O)N(CC(CCCCCCCC)CCCCCCCCCC)C(c9ccc(*)s9)=C8C(=O)N7CC(CCCCCCCC)CCCCCCCCCC)s6)c(F)c5F)s4)=C3C(=O)N2CC(CCCCCCCC)CCCCCCCCCC)s1
10.1016/j.matt.2022.04.008,PDTD-BO,*c1ccc(C2=C3C(=O)N(CC(CCCCCCCC)CCCCCCCCCC)C(c4ccc(-c5ccc(-c6ccc(C7=C8C(=O)N(CC(CCCCCCCC)CCCCCCCCCC)C(c9ccc(-c%10ccc(*)c%11nonc%10%11)s9)=C8C(=O)N7CC(CCCCCCCC)CCCCCCCCCC)s6)s5)s4)=C3C(=O)N2CC(CCCCCCCC)CCCCCCCCCC)s1,1,0.0,0,0.25,0.52,-3.56,-5.47,*c1ccc(*)c2nonc12,*c1ccc(C2=C3C(=O)N(CC(CCCCCCCC)CCCCCCCCCC)C(c4ccc(-c5ccc(-c6ccc(C7=C8C(=O)N(CC(CCCCCCCC)CCCCCCCCCC)C(c9ccc(*)s9)=C8C(=O)N7CC(CCCCCCCC)CCCCCCCCCC)s6)s5)s4)=C3C(=O)N2CC(CCCCCCCC)CCCCCCCCCC)s1,PDTD-BSe ,*c1ccc(C2=C3C(=O)N(CC(CCCCCCCC)CCCCCCCCCC)C(c4ccc(-c5ccc(-c6ccc(C7=C8C(=O)N(CC(CCCCCCCC)CCCCCCCCCC)C(c9ccc(-c%10ccc(*)c%11n[se]nc%10%11)s9)=C8C(=O)N7CC(CCCCCCCC)CCCCCCCCCC)s6)s5)s4)=C3C(=O)N2CC(CCCCCCCC)CCCCCCCCCC)s1,1,0.0,0,0.41,0.71,-3.68,-5.42,*c1ccc(*)c2n[se]nc12,*c1ccc(C2=C3C(=O)N(CC(CCCCCCCC)CCCCCCCCCC)C(c4ccc(-c5ccc(-c6ccc(C7=C8C(=O)N(CC(CCCCCCCC)CCCCCCCCCC)C(c9ccc(*)s9)=C8C(=O)N7CC(CCCCCCCC)CCCCCCCCCC)s6)s5)s4)=C3C(=O)N2CC(CCCCCCCC)CCCCCCCCCC)s1
10.1016/j.matt.2022.04.008,PDTD-BO,*c1ccc(C2=C3C(=O)N(CC(CCCCCCCC)CCCCCCCCCC)C(c4ccc(-c5ccc(-c6ccc(C7=C8C(=O)N(CC(CCCCCCCC)CCCCCCCCCC)C(c9ccc(-c%10ccc(*)c%11nonc%10%11)s9)=C8C(=O)N7CC(CCCCCCCC)CCCCCCCCCC)s6)s5)s4)=C3C(=O)N2CC(CCCCCCCC)CCCCCCCCCC)s1,1,0.0,0,0.25,0.52,-3.56,-5.47,*c1ccc(*)c2nonc12,*c1ccc(C2=C3C(=O)N(CC(CCCCCCCC)CCCCCCCCCC)C(c4ccc(-c5ccc(-c6ccc(C7=C8C(=O)N(CC(CCCCCCCC)CCCCCCCCCC)C(c9ccc(*)s9)=C8C(=O)N7CC(CCCCCCCC)CCCCCCCCCC)s6)s5)s4)=C3C(=O)N2CC(CCCCCCCC)CCCCCCCCCC)s1,PDFD-BSe ,*c1ccc(C2=C3C(=O)N(CC(CCCCCCCC)CCCCCCCCCC)C(c4ccc(-c5sc(-c6ccc(C7=C8C(=O)N(CC(CCCCCCCC)CCCCCCCCCC)C(c9ccc(-c%10ccc(*)c%11n[se]nc%10%11)s9)=C8C(=O)N7CC(CCCCCCCC)CCCCCCCCCC)s6)c(F)c5F)s4)=C3C(=O)N2CC(CCCCCCCC)CCCCCCCCCC)s1,1,0.0,0,0.79,0.82,-3.71,-5.58,*c1ccc(*)c2n[se]nc12,*c1ccc(C2=C3C(=O)N(CC(CCCCCCCC)CCCCCCCCCC)C(c4ccc(-c5sc(-c6ccc(C7=C8C(=O)N(CC(CCCCCCCC)CCCCCCCCCC)C(c9ccc(*)s9)=C8C(=O)N7CC(CCCCCCCC)CCCCCCCCCC)s6)c(F)c5F)s4)=C3C(=O)N2CC(CCCCCCCC)CCCCCCCCCC)s1
10.1016/j.matt.2022.04.008,PDFD-BO ,*c1ccc(C2=C3C(=O)N(CC(CCCCCCCC)CCCCCCCCCC)C(c4ccc(-c5sc(-c6ccc(C7=C8C(=O)N(CC(CCCCCCCC)CCCCCCCCCC)C(c9ccc(-c%10ccc(*)c%11nonc%10%11)s9)=C8C(=O)N7CC(CCCCCCCC)CCCCCCCCCC)s6)c(F)c5F)s4)=C3C(=O)N2CC(CCCCCCCC)CCCCCCCCCC)s1,1,0.0,0,0.61,1.01,-3.62,-5.59,*c1ccc(*)c2nonc12,*c1ccc(C2=C3C(=O)N(CC(CCCCCCCC)CCCCCCCCCC)C(c4ccc(-c5sc(-c6ccc(C7=C8C(=O)N(CC(CCCCCCCC)CCCCCCCCCC)C(c9ccc(*)s9)=C8C(=O)N7CC(CCCCCCCC)CCCCCCCCCC)s6)c(F)c5F)s4)=C3C(=O)N2CC(CCCCCCCC)CCCCCCCCCC)s1,PDTD-BSe ,*c1ccc(C2=C3C(=O)N(CC(CCCCCCCC)CCCCCCCCCC)C(c4ccc(-c5ccc(-c6ccc(C7=C8C(=O)N(CC(CCCCCCCC)CCCCCCCCCC)C(c9ccc(-c%10ccc(*)c%11n[se]nc%10%11)s9)=C8C(=O)N7CC(CCCCCCCC)CCCCCCCCCC)s6)s5)s4)=C3C(=O)N2CC(CCCCCCCC)CCCCCCCCCC)s1,1,0.0,0,0.41,0.71,-3.68,-5.42,*c1ccc(*)c2n[se]nc12,*c1ccc(C2=C3C(=O)N(CC(CCCCCCCC)CCCCCCCCCC)C(c4ccc(-c5ccc(-c6ccc(C7=C8C(=O)N(CC(CCCCCCCC)CCCCCCCCCC)C(c9ccc(*)s9)=C8C(=O)N7CC(CCCCCCCC)CCCCCCCCCC)s6)s5)s4)=C3C(=O)N2CC(CCCCCCCC)CCCCCCCCCC)s1
10.1016/j.matt.2022.04.008,PDFD-BO ,*c1ccc(C2=C3C(=O)N(CC(CCCCCCCC)CCCCCCCCCC)C(c4ccc(-c5sc(-c6ccc(C7=C8C(=O)N(CC(CCCCCCCC)CCCCCCCCCC)C(c9ccc(-c%10ccc(*)c%11nonc%10%11)s9)=C8C(=O)N7CC(CCCCCCCC)CCCCCCCCCC)s6)c(F)c5F)s4)=C3C(=O)N2CC(CCCCCCCC)CCCCCCCCCC)s1,1,0.0,0,0.61,1.01,-3.62,-5.59,*c1ccc(*)c2nonc12,*c1ccc(C2=C3C(=O)N(CC(CCCCCCCC)CCCCCCCCCC)C(c4ccc(-c5sc(-c6ccc(C7=C8C(=O)N(CC(CCCCCCCC)CCCCCCCCCC)C(c9ccc(*)s9)=C8C(=O)N7CC(CCCCCCCC)CCCCCCCCCC)s6)c(F)c5F)s4)=C3C(=O)N2CC(CCCCCCCC)CCCCCCCCCC)s1,PDFD-BSe ,*c1ccc(C2=C3C(=O)N(CC(CCCCCCCC)CCCCCCCCCC)C(c4ccc(-c5sc(-c6ccc(C7=C8C(=O)N(CC(CCCCCCCC)CCCCCCCCCC)C(c9ccc(-c%10ccc(*)c%11n[se]nc%10%11)s9)=C8C(=O)N7CC(CCCCCCCC)CCCCCCCCCC)s6)c(F)c5F)s4)=C3C(=O)N2CC(CCCCCCCC)CCCCCCCCCC)s1,1,0.0,0,0.79,0.82,-3.71,-5.58,*c1ccc(*)c2n[se]nc12,*c1ccc(C2=C3C(=O)N(CC(CCCCCCCC)CCCCCCCCCC)C(c4ccc(-c5sc(-c6ccc(C7=C8C(=O)N(CC(CCCCCCCC)CCCCCCCCCC)C(c9ccc(*)s9)=C8C(=O)N7CC(CCCCCCCC)CCCCCCCCCC)s6)c(F)c5F)s4)=C3C(=O)N2CC(CCCCCCCC)CCCCCCCCCC)s1
10.1016/j.matt.2022.04.008,PDTD-BSe ,*c1ccc(C2=C3C(=O)N(CC(CCCCCCCC)CCCCCCCCCC)C(c4ccc(-c5ccc(-c6ccc(C7=C8C(=O)N(CC(CCCCCCCC)CCCCCCCCCC)C(c9ccc(-c%10ccc(*)c%11n[se]nc%10%11)s9)=C8C(=O)N7CC(CCCCCCCC)CCCCCCCCCC)s6)s5)s4)=C3C(=O)N2CC(CCCCCCCC)CCCCCCCCCC)s1,1,0.0,0,0.41,0.71,-3.68,-5.42,*c1ccc(*)c2n[se]nc12,*c1ccc(C2=C3C(=O)N(CC(CCCCCCCC)CCCCCCCCCC)C(c4ccc(-c5ccc(-c6ccc(C7=C8C(=O)N(CC(CCCCCCCC)CCCCCCCCCC)C(c9ccc(*)s9)=C8C(=O)N7CC(CCCCCCCC)CCCCCCCCCC)s6)s5)s4)=C3C(=O)N2CC(CCCCCCCC)CCCCCCCCCC)s1,PDFD-BSe ,*c1ccc(C2=C3C(=O)N(CC(CCCCCCCC)CCCCCCCCCC)C(c4ccc(-c5sc(-c6ccc(C7=C8C(=O)N(CC(CCCCCCCC)CCCCCCCCCC)C(c9ccc(-c%10ccc(*)c%11n[se]nc%10%11)s9)=C8C(=O)N7CC(CCCCCCCC)CCCCCCCCCC)s6)c(F)c5F)s4)=C3C(=O)N2CC(CCCCCCCC)CCCCCCCCCC)s1,1,0.0,0,0.79,0.82,-3.71,-5.58,*c1ccc(*)c2n[se]nc12,*c1ccc(C2=C3C(=O)N(CC(CCCCCCCC)CCCCCCCCCC)C(c4ccc(-c5sc(-c6ccc(C7=C8C(=O)N(CC(CCCCCCCC)CCCCCCCCCC)C(c9ccc(*)s9)=C8C(=O)N7CC(CCCCCCCC)CCCCCCCCCC)s6)c(F)c5F)s4)=C3C(=O)N2CC(CCCCCCCC)CCCCCCCCCC)s1
10.1016/j.orgel.2015.12.030,PDTFBO-T,*c1ccc(-c2sc(-c3cc4c5nonc5c5cc(-c6cc(CC(CCCCCCCC)CCCCCCCCCC)c(*)s6)sc5c4s3)cc2CC(CCCCCCCC)CCCCCCCCCC)s1,1,0.0,0,0.0,0.21,-3.66,-5.5,*c1ccc(*)s1,*c1sc(-c2cc3c4nonc4c4cc(-c5cc(CC(CCCCCCCC)CCCCCCCCCC)c(*)s5)sc4c3s2)cc1CC(CCCCCCCC)CCCCCCCCCC,PDTFBO-DT,*c1ccc(-c2ccc(-c3sc(-c4cc5c6nonc6c6cc(-c7cc(CC(CCCCCCCC)CCCCCCCCCC)c(*)s7)sc6c5s4)cc3CC(CCCCCCCC)CCCCCCCCCC)s2)s1,1,0.0,0,0.0,0.24,-3.62,-5.48,*c1ccc(-c2ccc(*)s2)s1,*c1sc(-c2cc3c4nonc4c4cc(-c5cc(CC(CCCCCCCC)CCCCCCCCCC)c(*)s5)sc4c3s2)cc1CC(CCCCCCCC)CCCCCCCCCC
10.1016/j.orgel.2015.12.030,PDTFBO-T,*c1ccc(-c2sc(-c3cc4c5nonc5c5cc(-c6cc(CC(CCCCCCCC)CCCCCCCCCC)c(*)s6)sc5c4s3)cc2CC(CCCCCCCC)CCCCCCCCCC)s1,1,0.0,0,0.0,0.21,-3.66,-5.5,*c1ccc(*)s1,*c1sc(-c2cc3c4nonc4c4cc(-c5cc(CC(CCCCCCCC)CCCCCCCCCC)c(*)s5)sc4c3s2)cc1CC(CCCCCCCC)CCCCCCCCCC,PDTFBO-TT,*c1cc2sc(-c3sc(-c4cc5c6nonc6c6cc(-c7cc(CC(CCCCCCCC)CCCCCCCCCC)c(*)s7)sc6c5s4)cc3CC(CCCCCCCC)CCCCCCCCCC)cc2s1,1,0.0,0,0.0,0.54,-3.5,-5.39,*c1cc2sc(*)cc2s1,*c1sc(-c2cc3c4nonc4c4cc(-c5cc(CC(CCCCCCCC)CCCCCCCCCC)c(*)s5)sc4c3s2)cc1CC(CCCCCCCC)CCCCCCCCCC
10.1016/j.orgel.2015.12.030,PDTFBO-DT,*c1ccc(-c2ccc(-c3sc(-c4cc5c6nonc6c6cc(-c7cc(CC(CCCCCCCC)CCCCCCCCCC)c(*)s7)sc6c5s4)cc3CC(CCCCCCCC)CCCCCCCCCC)s2)s1,1,0.0,0,0.0,0.24,-3.62,-5.48,*c1ccc(-c2ccc(*)s2)s1,*c1sc(-c2cc3c4nonc4c4cc(-c5cc(CC(CCCCCCCC)CCCCCCCCCC)c(*)s5)sc4c3s2)cc1CC(CCCCCCCC)CCCCCCCCCC,PDTFBO-TT,*c1cc2sc(-c3sc(-c4cc5c6nonc6c6cc(-c7cc(CC(CCCCCCCC)CCCCCCCCCC)c(*)s7)sc6c5s4)cc3CC(CCCCCCCC)CCCCCCCCCC)cc2s1,1,0.0,0,0.0,0.54,-3.5,-5.39,*c1cc2sc(*)cc2s1,*c1sc(-c2cc3c4nonc4c4cc(-c5cc(CC(CCCCCCCC)CCCCCCCCCC)c(*)s5)sc4c3s2)cc1CC(CCCCCCCC)CCCCCCCCCC
10.1016/j.orgel.2018.01.039,PDPP-Se ,*c1ccc(C2=C3C(=O)N(CCCCC(CCCCCCCC)CCCCCCCCCC)C(c4ccc(-c5ccc(*)[se]5)s4)=C3C(=O)N2CCCCC(CCCCCCCC)CCCCCCCCCC)s1,1,0.0,0,0.0,0.37,-3.87,-5.15,*c1ccc(C2=C3C(=O)N(CCCCC(CCCCCCCC)CCCCCCCCCC)C(c4ccc(*)s4)=C3C(=O)N2CCCCC(CCCCCCCC)CCCCCCCCCC)s1,*c1ccc(*)[se]1,PMDPP-Se ,*c1ccc(-c2sc(C3=C4C(=O)N(CCCCC(CCCCCCCC)CCCCCCCCCC)C(c5cc(C)c(*)s5)=C4C(=O)N3CCCCC(CCCCCCCC)CCCCCCCCCC)cc2C)[se]1,1,0.0,0,0.0,0.13,-3.83,-5.07,*c1sc(C2=C3C(=O)N(CCCCC(CCCCCCCC)CCCCCCCCCC)C(c4cc(C)c(*)s4)=C3C(=O)N2CCCCC(CCCCCCCC)CCCCCCCCCC)cc1C,*c1ccc(*)[se]1
10.1016/j.orgel.2022.106708,P(TzII-BT),*c1ccc(-c2nc3c(s2)/C(=C2\C(=O)N(CCCC(CCCCCCCCCCCCCC)CCCCCCCCCCCCCC)c4nc(-c5ccc(-c6ccc(-c7ccc(-c8ccc(*)s8)c8nsnc78)s6)s5)sc42)C(=O)N3CCCC(CCCCCCCCCCCCCC)CCCCCCCCCCCCCC)s1,1,0.0,0,1.89,5.51,-3.63,-5.29,*c1ccc(-c2ccc(-c3ccc(*)s3)c3nsnc23)s1,*c1ccc(-c2nc3c(s2)/C(=C2\C(=O)N(CCCC(CCCCCCCCCCCCCC)CCCCCCCCCCCCCC)c4nc(-c5ccc(*)s5)sc42)C(=O)N3CCCC(CCCCCCCCCCCCCC)CCCCCCCCCCCCCC)s1,P(TzII-BT)-C6,*c1ccc(-c2nc3c(s2)/C(=C2\C(=O)N(CCCC(CCCCCCCCCCCCCC)CCCCCCCCCCCCCC)c4nc(-c5ccc(-c6sc(-c7ccc(-c8cc(CCCCCC)c(*)s8)c8nsnc78)cc6CCCCCC)s5)sc42)C(=O)N3CCCC(CCCCCCCCCCCCCC)CCCCCCCCCCCCCC)s1,1,0.0,0,2.17,6.14,-3.56,-5.28,*c1sc(-c2ccc(-c3cc(CCCCCC)c(*)s3)c3nsnc23)cc1CCCCCC,*c1ccc(-c2nc3c(s2)/C(=C2\C(=O)N(CCCC(CCCCCCCCCCCCCC)CCCCCCCCCCCCCC)c4nc(-c5ccc(*)s5)sc42)C(=O)N3CCCC(CCCCCCCCCCCCCC)CCCCCCCCCCCCCC)s1
10.1016/j.orgel.2023.106909,P(DPPFu-TT),*c1cc2c(s1)C1=C3C(=O)N4C=Cc5c(sc(-c6cc7sc(*)cc7s6)c5CC(CCCCCCCC)CCCCCCCCCC)C4=C3C(=O)N1C=C2CC(CCCCCCCC)CCCCCCCCCC,1,0.0,1,0.075,0.098,-3.29,-4.94,*c1cc2c(s1)C1=C3C(=O)N4C=Cc5c(sc(*)c5CC(CCCCCCCC)CCCCCCCCCC)C4=C3C(=O)N1C=C2CC(CCCCCCCC)CCCCCCCCCC,*c1cc2sc(*)cc2s1,P(DPPFu-T),*c1ccc(-c2sc3c(c2CC(CCCCCCCC)CCCCCCCCCC)C=CN2C(=O)C4=C5c6sc(*)cc6C(CC(CCCCCCCC)CCCCCCCCCC)=CN5C(=O)C4=C32)s1,1,0.0,0,0.0067,0.0024,-3.43,-4.98,*c1cc2c(s1)C1=C3C(=O)N4C=Cc5c(sc(*)c5CC(CCCCCCCC)CCCCCCCCCC)C4=C3C(=O)N1C=C2CC(CCCCCCCC)CCCCCCCCCC,*c1ccc(*)s1
10.1016/j.orgel.2023.106909,P(DPPFu-TT),*c1cc2c(s1)C1=C3C(=O)N4C=Cc5c(sc(-c6cc7sc(*)cc7s6)c5CC(CCCCCCCC)CCCCCCCCCC)C4=C3C(=O)N1C=C2CC(CCCCCCCC)CCCCCCCCCC,1,0.0,1,0.075,0.098,-3.29,-4.94,*c1cc2c(s1)C1=C3C(=O)N4C=Cc5c(sc(*)c5CC(CCCCCCCC)CCCCCCCCCC)C4=C3C(=O)N1C=C2CC(CCCCCCCC)CCCCCCCCCC,*c1cc2sc(*)cc2s1,P(DPPFu-BT),*c1cc2c(s1)C1=C3C(=O)N4C=Cc5c(sc(-c6ccc(*)c7nsnc67)c5CC(CCCCCCCC)CCCCCCCCCC)C4=C3C(=O)N1C=C2CC(CCCCCCCC)CCCCCCCCCC,1,0.0,0,0.017,0.016,-3.53,-5.01,*c1cc2c(s1)C1=C3C(=O)N4C=Cc5c(sc(*)c5CC(CCCCCCCC)CCCCCCCCCC)C4=C3C(=O)N1C=C2CC(CCCCCCCC)CCCCCCCCCC,*c1ccc(*)c2nsnc12
10.1016/j.orgel.2023.106909,P(DPPFu-T),*c1ccc(-c2sc3c(c2CC(CCCCCCCC)CCCCCCCCCC)C=CN2C(=O)C4=C5c6sc(*)cc6C(CC(CCCCCCCC)CCCCCCCCCC)=CN5C(=O)C4=C32)s1,1,0.0,0,0.0067,0.0024,-3.43,-4.98,*c1cc2c(s1)C1=C3C(=O)N4C=Cc5c(sc(*)c5CC(CCCCCCCC)CCCCCCCCCC)C4=C3C(=O)N1C=C2CC(CCCCCCCC)CCCCCCCCCC,*c1ccc(*)s1,P(DPPFu-BT),*c1cc2c(s1)C1=C3C(=O)N4C=Cc5c(sc(-c6ccc(*)c7nsnc67)c5CC(CCCCCCCC)CCCCCCCCCC)C4=C3C(=O)N1C=C2CC(CCCCCCCC)CCCCCCCCCC,1,0.0,0,0.017,0.016,-3.53,-5.01,*c1cc2c(s1)C1=C3C(=O)N4C=Cc5c(sc(*)c5CC(CCCCCCCC)CCCCCCCCCC)C4=C3C(=O)N1C=C2CC(CCCCCCCC)CCCCCCCCCC,*c1ccc(*)c2nsnc12
10.1016/j.polymer.2012.01.016,NDI-A-OR,*C#Cc1cc(OCCCCCCCCCCCCCCCC)c(C#Cc2cc3c4c(c(*)cc5c4c2C(=O)N(CC(CCCCCCCC)CCCCCCCCCC)C5=O)C(=O)N(CC(CCCCCCCC)CCCCCCCCCC)C3=O)cc1OCCCCCCCCCCCCCCCC,1,0.0,1,0.0037,0.0,-3.49,-5.34,*C#Cc1cc(OCCCCCCCCCCCCCCCC)c(C#C*)cc1OCCCCCCCCCCCCCCCC,*c1cc2c3c(c(*)cc4c3c1C(=O)N(CC(CCCCCCCC)CCCCCCCCCC)C4=O)C(=O)N(CC(CCCCCCCC)CCCCCCCCCC)C2=O,NDI-A-R,*C#Cc1cc(CC(CC)CCCC)c(C#Cc2cc3c4c(c(*)cc5c4c2C(=O)N(CC(CCCCCCCC)CCCCCCCCCC)C5=O)C(=O)N(CC(CCCCCCCC)CCCCCCCCCC)C3=O)cc1CC(CC)CCCC,1,0.0,1,0.00014,0.0,-3.59,-5.67,*C#Cc1cc(CC(CC)CCCC)c(C#C*)cc1CC(CC)CCCC,*c1cc2c3c(c(*)cc4c3c1C(=O)N(CC(CCCCCCCC)CCCCCCCCCC)C4=O)C(=O)N(CC(CCCCCCCC)CCCCCCCCCC)C2=O
10.1016/j.polymer.2012.01.016,NDI-A-OR,*C#Cc1cc(OCCCCCCCCCCCCCCCC)c(C#Cc2cc3c4c(c(*)cc5c4c2C(=O)N(CC(CCCCCCCC)CCCCCCCCCC)C5=O)C(=O)N(CC(CCCCCCCC)CCCCCCCCCC)C3=O)cc1OCCCCCCCCCCCCCCCC,1,0.0,1,0.0037,0.0,-3.49,-5.34,*C#Cc1cc(OCCCCCCCCCCCCCCCC)c(C#C*)cc1OCCCCCCCCCCCCCCCC,*c1cc2c3c(c(*)cc4c3c1C(=O)N(CC(CCCCCCCC)CCCCCCCCCC)C4=O)C(=O)N(CC(CCCCCCCC)CCCCCCCCCC)C2=O,NDI-A-CF3,*C#Cc1cc(C(F)(F)F)c(C#Cc2cc3c4c(c(*)cc5c4c2C(=O)N(CC(CCCCCCCC)CCCCCCCCCC)C5=O)C(=O)N(CC(CCCCCCCC)CCCCCCCCCC)C3=O)cc1C(F)(F)F,1,0.0,1,0.00023,0.0,-3.9,-6.2,*C#Cc1cc(C(F)(F)F)c(C#C*)cc1C(F)(F)F,*c1cc2c3c(c(*)cc4c3c1C(=O)N(CC(CCCCCCCC)CCCCCCCCCC)C4=O)C(=O)N(CC(CCCCCCCC)CCCCCCCCCC)C2=O
10.1016/j.polymer.2012.01.016,NDI-A-R,*C#Cc1cc(CC(CC)CCCC)c(C#Cc2cc3c4c(c(*)cc5c4c2C(=O)N(CC(CCCCCCCC)CCCCCCCCCC)C5=O)C(=O)N(CC(CCCCCCCC)CCCCCCCCCC)C3=O)cc1CC(CC)CCCC,1,0.0,1,0.00014,0.0,-3.59,-5.67,*C#Cc1cc(CC(CC)CCCC)c(C#C*)cc1CC(CC)CCCC,*c1cc2c3c(c(*)cc4c3c1C(=O)N(CC(CCCCCCCC)CCCCCCCCCC)C4=O)C(=O)N(CC(CCCCCCCC)CCCCCCCCCC)C2=O,NDI-A-CF3,*C#Cc1cc(C(F)(F)F)c(C#Cc2cc3c4c(c(*)cc5c4c2C(=O)N(CC(CCCCCCCC)CCCCCCCCCC)C5=O)C(=O)N(CC(CCCCCCCC)CCCCCCCCCC)C3=O)cc1C(F)(F)F,1,0.0,1,0.00023,0.0,-3.9,-6.2,*C#Cc1cc(C(F)(F)F)c(C#C*)cc1C(F)(F)F,*c1cc2c3c(c(*)cc4c3c1C(=O)N(CC(CCCCCCCC)CCCCCCCCCC)C4=O)C(=O)N(CC(CCCCCCCC)CCCCCCCCCC)C2=O
10.1016/j.polymer.2015.05.033,PTVTBT,*/C=C/c1ccc(-c2c(OCCCCCCCCCCCC)c(OCCCCCCCCCCCC)c(-c3ccc(*)s3)c3nsnc23)s1,1,0.0,1,0.0,0.23,-3.54,-5.13,*c1ccc(-c2c(OCCCCCCCCCCCC)c(OCCCCCCCCCCCC)c(-c3ccc(*)s3)c3nsnc23)s1,*/C=C/*,PTVTBO,*/C=C/c1ccc(-c2c(OCCCCCCCCCCCC)c(OCCCCCCCCCCCC)c(-c3ccc(*)s3)c3nonc23)s1,1,0.0,1,0.0,0.5,-3.52,-5.2,*c1ccc(-c2c(OCCCCCCCCCCCC)c(OCCCCCCCCCCCC)c(-c3ccc(*)s3)c3nonc23)s1,*/C=C/*
10.1016/j.polymer.2016.04.011,PaDIDT-BDTO,*c1ccc(-c2nnc(-c3ccc(-c4cc5c(OCC(CC)CCCC)c6sc(*)cc6c(OCC(CC)CCCC)c5s4)s3)c3c2C(=O)N(CC(CCCCCCCCCC)CCCCCCCCCCCC)C3=O)s1,1,0.0,0,0.0,0.000108,-3.6,-5.22,*c1cc2c(OCC(CC)CCCC)c3sc(*)cc3c(OCC(CC)CCCC)c2s1,*c1ccc(-c2nnc(-c3ccc(*)s3)c3c2C(=O)N(CC(CCCCCCCCCC)CCCCCCCCCCCC)C3=O)s1,PaDIDT-BDTT,*c1ccc(-c2nnc(-c3ccc(-c4cc5c(-c6ccc(CC(CC)CCCC)s6)c6sc(*)cc6c(-c6ccc(CC(CC)CCCC)s6)c5s4)s3)c3c2C(=O)N(CC(CCCCCCCCCC)CCCCCCCCCCCC)C3=O)s1,1,0.0,0,0.0,0.00114,-3.6,-5.34,*c1cc2c(-c3ccc(CC(CC)CCCC)s3)c3sc(*)cc3c(-c3ccc(CC(CC)CCCC)s3)c2s1,*c1ccc(-c2nnc(-c3ccc(*)s3)c3c2C(=O)N(CC(CCCCCCCCCC)CCCCCCCCCCCC)C3=O)s1
10.1016/j.polymer.2019.121712,PPDIDTBT,*c1sc(-c2ccc(-c3cc(CCCCCC)c(-c4cc5c6c(ccc7c8c(*)cc9c%10c(ccc(c4c67)c%108)C(=O)N(CC(CCCCCCCCCC)CCCCCCCCCCCC)C9=O)C(=O)N(CC(CCCCCCCCCC)CCCCCCCCCCCC)C5=O)s3)c3nsnc23)cc1CCCCCC,1,0.0,0,0.051,0.0,-3.85,-5.5,*c1cc2c3c(ccc4c5c(*)cc6c7c(ccc(c1c34)c75)C(=O)N(CC(CCCCCCCCCC)CCCCCCCCCCCC)C6=O)C(=O)N(CC(CCCCCCCCCC)CCCCCCCCCCCC)C2=O,*c1sc(-c2ccc(-c3cc(CCCCCC)c(*)s3)c3nsnc23)cc1CCCCCC,PPDIDTBT-2F,*c1sc(-c2c(F)c(F)c(-c3cc(CCCCCC)c(-c4cc5c6c(ccc7c8c(*)cc9c%10c(ccc(c4c67)c%108)C(=O)N(CC(CCCCCCCCCC)CCCCCCCCCCCC)C9=O)C(=O)N(CC(CCCCCCCCCC)CCCCCCCCCCCC)C5=O)s3)c3nsnc23)cc1CCCCCC,1,0.0,0,0.07,0.0,-3.88,-5.61,*c1cc2c3c(ccc4c5c(*)cc6c7c(ccc(c1c34)c75)C(=O)N(CC(CCCCCCCCCC)CCCCCCCCCCCC)C6=O)C(=O)N(CC(CCCCCCCCCC)CCCCCCCCCCCC)C2=O,*c1sc(-c2c(F)c(F)c(-c3cc(CCCCCC)c(*)s3)c3nsnc23)cc1CCCCCC
10.1016/j.polymer.2020.123347,PAZPT,*c1cc(C(=O)OC)c(-c2ccc3c(n2)N(CC(CCCCCCCCCC)CCCCCCCCCCCC)C(=O)/C3=C2/C(=O)N(CC(CCCCCCCCCC)CCCCCCCCCCCC)c3nc(-c4sc(-c5cc6sc(*)cc6s5)cc4C(=O)OC)ccc32)s1,1,0.0,1,0.0139,0.00374,-3.65,-5.63,*c1cc2sc(*)cc2s1,*c1cc(C(=O)OC)c(-c2ccc3c(n2)N(CC(CCCCCCCCCC)CCCCCCCCCCCC)C(=O)/C3=C2/C(=O)N(CC(CCCCCCCCCC)CCCCCCCCCCCC)c3nc(-c4sc(*)cc4C(=O)OC)ccc32)s1,PAZPTEt,*c1cc(C(=O)OC)c(-c2ccc3c(n2)N(CC(CCCCCCCCCC)CCCCCCCCCCCC)C(=O)/C3=C2/C(=O)N(CC(CCCCCCCCCC)CCCCCCCCCCCC)c3nc(-c4sc(-c5sc6c(C(=O)OCC)c(*)sc6c5C(=O)OCC)cc4C(=O)OC)ccc32)s1,1,0.0,1,0.000686,0.0138,-3.75,-5.84,*c1sc2c(C(=O)OCC)c(*)sc2c1C(=O)OCC,*c1cc(C(=O)OC)c(-c2ccc3c(n2)N(CC(CCCCCCCCCC)CCCCCCCCCCCC)C(=O)/C3=C2/C(=O)N(CC(CCCCCCCCCC)CCCCCCCCCCCC)c3nc(-c4sc(*)cc4C(=O)OC)ccc32)s1
10.1016/j.polymer.2021.123685,APBDOPV-BT,*c1ccc2c(n1)N(CCC(CCCCCCCCCCCCCCCCCC)CCCCCCCCCCCCCCCCCC)C(=O)/C2=C1/C(=O)Oc2cc3c(cc21)OC(=O)/C3=C1/C(=O)N(CCC(CCCCCCCCCCCCCCCCCC)CCCCCCCCCCCCCCCCCC)c2nc(-c3ccc(-c4ccc(*)s4)s3)ccc21,1,0.0,1,0.0667,0.000113,-4.41,-5.74,*c1ccc(-c2ccc(*)s2)s1,*c1ccc2c(n1)N(CCC(CCCCCCCCCCCCCCCCCC)CCCCCCCCCCCCCCCCCC)C(=O)/C2=C1/C(=O)Oc2cc3c(cc21)OC(=O)/C3=C1/C(=O)N(CCC(CCCCCCCCCCCCCCCCCC)CCCCCCCCCCCCCCCCCC)c2nc(*)ccc21,APBDOPV-BS,*c1ccc2c(n1)N(CCC(CCCCCCCCCCCCCCCCCC)CCCCCCCCCCCCCCCCCC)C(=O)/C2=C1/C(=O)Oc2cc3c(cc21)OC(=O)/C3=C1/C(=O)N(CCC(CCCCCCCCCCCCCCCCCC)CCCCCCCCCCCCCCCCCC)c2nc(-c3ccc(-c4ccc(*)[se]4)[se]3)ccc21,1,0.0,1,0.11,0.1,-4.43,-5.69,*c1ccc(-c2ccc(*)[se]2)[se]1,*c1ccc2c(n1)N(CCC(CCCCCCCCCCCCCCCCCC)CCCCCCCCCCCCCCCCCC)C(=O)/C2=C1/C(=O)Oc2cc3c(cc21)OC(=O)/C3=C1/C(=O)N(CCC(CCCCCCCCCCCCCCCCCC)CCCCCCCCCCCCCCCCCC)c2nc(*)ccc21
10.1016/j.synthmet.2017.12.013,P(DPPBT),*c1ccc(C2=C3C(=O)N(CC(CCCCCCCC)CCCCCCCCCC)C(c4ccc(-c5ccc(-c6ccc(*)s6)s5)s4)=C3C(=O)N2CC(CCCCCCCC)CCCCCCCCCC)s1,1,0.0,1,0.0,2.6,-3.96,-5.27,*c1ccc(-c2ccc(*)s2)s1,*c1ccc(C2=C3C(=O)N(CC(CCCCCCCC)CCCCCCCCCC)C(c4ccc(*)s4)=C3C(=O)N2CC(CCCCCCCC)CCCCCCCCCC)s1,P(DPPBTz),*c1ccc(C2=C3C(=O)N(CC(CCCCCCCC)CCCCCCCCCC)C(c4ccc(-c5cnc(-c6ncc(*)s6)s5)s4)=C3C(=O)N2CC(CCCCCCCC)CCCCCCCCCC)s1,1,0.0,1,0.0,0.19,-4.09,-5.6,*c1cnc(-c2ncc(*)s2)s1,*c1ccc(C2=C3C(=O)N(CC(CCCCCCCC)CCCCCCCCCC)C(c4ccc(*)s4)=C3C(=O)N2CC(CCCCCCCC)CCCCCCCCCC)s1
10.1016/j.synthmet.2017.12.013,P(DPPBT),*c1ccc(C2=C3C(=O)N(CC(CCCCCCCC)CCCCCCCCCC)C(c4ccc(-c5ccc(-c6ccc(*)s6)s5)s4)=C3C(=O)N2CC(CCCCCCCC)CCCCCCCCCC)s1,1,0.0,1,0.0,2.6,-3.96,-5.27,*c1ccc(-c2ccc(*)s2)s1,*c1ccc(C2=C3C(=O)N(CC(CCCCCCCC)CCCCCCCCCC)C(c4ccc(*)s4)=C3C(=O)N2CC(CCCCCCCC)CCCCCCCCCC)s1,P(TzDPPBT),*c1ccc(-c2ccc(-c3cnc(C4=C5C(=O)N(CC(CCCCCCCC)CCCCCCCCCC)C(c6ncc(*)s6)=C5C(=O)N4CC(CCCCCCCC)CCCCCCCCCC)s3)s2)s1,1,0.0,1,0.0,0.02,-4.17,-5.63,*c1ccc(-c2ccc(*)s2)s1,*c1cnc(C2=C3C(=O)N(CC(CCCCCCCC)CCCCCCCCCC)C(c4ncc(*)s4)=C3C(=O)N2CC(CCCCCCCC)CCCCCCCCCC)s1
10.1016/j.synthmet.2017.12.013,P(DPPBT),*c1ccc(C2=C3C(=O)N(CC(CCCCCCCC)CCCCCCCCCC)C(c4ccc(-c5ccc(-c6ccc(*)s6)s5)s4)=C3C(=O)N2CC(CCCCCCCC)CCCCCCCCCC)s1,1,0.0,1,0.0,2.6,-3.96,-5.27,*c1ccc(-c2ccc(*)s2)s1,*c1ccc(C2=C3C(=O)N(CC(CCCCCCCC)CCCCCCCCCC)C(c4ccc(*)s4)=C3C(=O)N2CC(CCCCCCCC)CCCCCCCCCC)s1,P(TzDPPBTz),*c1cnc(C2=C3C(=O)N(CC(CCCCCCCC)CCCCCCCCCC)C(c4ncc(-c5cnc(-c6ncc(*)s6)s5)s4)=C3C(=O)N2CC(CCCCCCCC)CCCCCCCCCC)s1,1,0.0,1,0.041,0.0,-4.32,-5.92,*c1cnc(-c2ncc(*)s2)s1,*c1cnc(C2=C3C(=O)N(CC(CCCCCCCC)CCCCCCCCCC)C(c4ncc(*)s4)=C3C(=O)N2CC(CCCCCCCC)CCCCCCCCCC)s1
10.1016/j.synthmet.2017.12.013,P(DPPBTz),*c1ccc(C2=C3C(=O)N(CC(CCCCCCCC)CCCCCCCCCC)C(c4ccc(-c5cnc(-c6ncc(*)s6)s5)s4)=C3C(=O)N2CC(CCCCCCCC)CCCCCCCCCC)s1,1,0.0,1,0.0,0.19,-4.09,-5.6,*c1cnc(-c2ncc(*)s2)s1,*c1ccc(C2=C3C(=O)N(CC(CCCCCCCC)CCCCCCCCCC)C(c4ccc(*)s4)=C3C(=O)N2CC(CCCCCCCC)CCCCCCCCCC)s1,P(TzDPPBT),*c1ccc(-c2ccc(-c3cnc(C4=C5C(=O)N(CC(CCCCCCCC)CCCCCCCCCC)C(c6ncc(*)s6)=C5C(=O)N4CC(CCCCCCCC)CCCCCCCCCC)s3)s2)s1,1,0.0,1,0.0,0.02,-4.17,-5.63,*c1ccc(-c2ccc(*)s2)s1,*c1cnc(C2=C3C(=O)N(CC(CCCCCCCC)CCCCCCCCCC)C(c4ncc(*)s4)=C3C(=O)N2CC(CCCCCCCC)CCCCCCCCCC)s1
10.1016/j.synthmet.2017.12.013,P(DPPBTz),*c1ccc(C2=C3C(=O)N(CC(CCCCCCCC)CCCCCCCCCC)C(c4ccc(-c5cnc(-c6ncc(*)s6)s5)s4)=C3C(=O)N2CC(CCCCCCCC)CCCCCCCCCC)s1,1,0.0,1,0.0,0.19,-4.09,-5.6,*c1cnc(-c2ncc(*)s2)s1,*c1ccc(C2=C3C(=O)N(CC(CCCCCCCC)CCCCCCCCCC)C(c4ccc(*)s4)=C3C(=O)N2CC(CCCCCCCC)CCCCCCCCCC)s1,P(TzDPPBTz),*c1cnc(C2=C3C(=O)N(CC(CCCCCCCC)CCCCCCCCCC)C(c4ncc(-c5cnc(-c6ncc(*)s6)s5)s4)=C3C(=O)N2CC(CCCCCCCC)CCCCCCCCCC)s1,1,0.0,1,0.041,0.0,-4.32,-5.92,*c1cnc(-c2ncc(*)s2)s1,*c1cnc(C2=C3C(=O)N(CC(CCCCCCCC)CCCCCCCCCC)C(c4ncc(*)s4)=C3C(=O)N2CC(CCCCCCCC)CCCCCCCCCC)s1
10.1016/j.synthmet.2017.12.013,P(TzDPPBT),*c1ccc(-c2ccc(-c3cnc(C4=C5C(=O)N(CC(CCCCCCCC)CCCCCCCCCC)C(c6ncc(*)s6)=C5C(=O)N4CC(CCCCCCCC)CCCCCCCCCC)s3)s2)s1,1,0.0,1,0.0,0.02,-4.17,-5.63,*c1ccc(-c2ccc(*)s2)s1,*c1cnc(C2=C3C(=O)N(CC(CCCCCCCC)CCCCCCCCCC)C(c4ncc(*)s4)=C3C(=O)N2CC(CCCCCCCC)CCCCCCCCCC)s1,P(TzDPPBTz),*c1cnc(C2=C3C(=O)N(CC(CCCCCCCC)CCCCCCCCCC)C(c4ncc(-c5cnc(-c6ncc(*)s6)s5)s4)=C3C(=O)N2CC(CCCCCCCC)CCCCCCCCCC)s1,1,0.0,1,0.041,0.0,-4.32,-5.92,*c1cnc(-c2ncc(*)s2)s1,*c1cnc(C2=C3C(=O)N(CC(CCCCCCCC)CCCCCCCCCC)C(c4ncc(*)s4)=C3C(=O)N2CC(CCCCCCCC)CCCCCCCCCC)s1
10.1016/j.synthmet.2021.116801,PTVTN1,*c1ccc2cc(-c3cc(CCCCCCCCCCCCCCCC)c(/C=C/c4sc(*)cc4CCCCCCCCCCCCCCCC)s3)ccc2c1,1,0.0,1,0.0,0.00034,-3.09,-5.2,*c1ccc2cc(*)ccc2c1,*c1cc(CCCCCCCCCCCCCCCC)c(/C=C/c2sc(*)cc2CCCCCCCCCCCCCCCC)s1,PTVTN2,*c1cc(CCCCCCCCCCCCCCCC)c(/C=C/c2sc(-c3ccc4c(OCCCCCCCCCCCCCCCC)c(*)ccc4c3OCCCCCCCCCCCCCCCC)cc2CCCCCCCCCCCCCCCC)s1,1,0.0,1,0.0,0.0052,-3.22,-5.33,*c1ccc2c(OCCCCCCCCCCCCCCCC)c(*)ccc2c1OCCCCCCCCCCCCCCCC,*c1cc(CCCCCCCCCCCCCCCC)c(/C=C/c2sc(*)cc2CCCCCCCCCCCCCCCC)s1
10.1016/j.synthmet.2021.116801,PTVTN1,*c1ccc2cc(-c3cc(CCCCCCCCCCCCCCCC)c(/C=C/c4sc(*)cc4CCCCCCCCCCCCCCCC)s3)ccc2c1,1,0.0,1,0.0,0.00034,-3.09,-5.2,*c1ccc2cc(*)ccc2c1,*c1cc(CCCCCCCCCCCCCCCC)c(/C=C/c2sc(*)cc2CCCCCCCCCCCCCCCC)s1,PTVTN3,*c1cc(CCCCCCCCCCCCCCCC)c(/C=C/c2sc(-c3cc4cc(OCCCCCCCCCCCCCCCC)c(*)cc4cc3OCCCCCCCCCCCCCCCC)cc2CCCCCCCCCCCCCCCC)s1,1,0.0,1,0.0,0.0051,-3.27,-5.26,*c1cc2cc(OCCCCCCCCCCCCCCCC)c(*)cc2cc1OCCCCCCCCCCCCCCCC,*c1cc(CCCCCCCCCCCCCCCC)c(/C=C/c2sc(*)cc2CCCCCCCCCCCCCCCC)s1
10.1016/j.synthmet.2021.116801,PTVTN2,*c1cc(CCCCCCCCCCCCCCCC)c(/C=C/c2sc(-c3ccc4c(OCCCCCCCCCCCCCCCC)c(*)ccc4c3OCCCCCCCCCCCCCCCC)cc2CCCCCCCCCCCCCCCC)s1,1,0.0,1,0.0,0.0052,-3.22,-5.33,*c1ccc2c(OCCCCCCCCCCCCCCCC)c(*)ccc2c1OCCCCCCCCCCCCCCCC,*c1cc(CCCCCCCCCCCCCCCC)c(/C=C/c2sc(*)cc2CCCCCCCCCCCCCCCC)s1,PTVTN3,*c1cc(CCCCCCCCCCCCCCCC)c(/C=C/c2sc(-c3cc4cc(OCCCCCCCCCCCCCCCC)c(*)cc4cc3OCCCCCCCCCCCCCCCC)cc2CCCCCCCCCCCCCCCC)s1,1,0.0,1,0.0,0.0051,-3.27,-5.26,*c1cc2cc(OCCCCCCCCCCCCCCCC)c(*)cc2cc1OCCCCCCCCCCCCCCCC,*c1cc(CCCCCCCCCCCCCCCC)c(/C=C/c2sc(*)cc2CCCCCCCCCCCCCCCC)s1
10.1016/j.tet.2014.04.002,P(2CNNDI-TT) ,*c1cc2sc(-c3c(C#N)c4c5c(c(*)c(C#N)c6c5c3C(=O)N(CC(CCCCCCCCCC)CCCCCCCCCCCC)C6=O)C(=O)N(CC(CCCCCCCCCC)CCCCCCCCCCCC)C4=O)cc2s1,1,0.0,1,0.00013,0.0,-4.46,-6.01,*c1cc2sc(*)cc2s1,*c1c(C#N)c2c3c(c(*)c(C#N)c4c3c1C(=O)N(CC(CCCCCCCCCC)CCCCCCCCCCCC)C4=O)C(=O)N(CC(CCCCCCCCCC)CCCCCCCCCCCC)C2=O,P(2CNNDI-BT),*c1ccc(-c2ccc(-c3c(C#N)c4c5c(c(*)c(C#N)c6c5c3C(=O)N(CC(CCCCCCCCCC)CCCCCCCCCCCC)C6=O)C(=O)N(CC(CCCCCCCCCC)CCCCCCCCCCCC)C4=O)s2)s1,1,0.0,1,0.000254,0.0,-4.44,-5.83,*c1ccc(-c2ccc(*)s2)s1,*c1c(C#N)c2c3c(c(*)c(C#N)c4c3c1C(=O)N(CC(CCCCCCCCCC)CCCCCCCCCCCC)C4=O)C(=O)N(CC(CCCCCCCCCC)CCCCCCCCCCCC)C2=O
10.1021/acs.chemmater.0c01397,HOMO-TPNA,*c1cc2nc3c4c(cc5c(=O)n(CC(CCCCCCCCCC)CCCCCCCCCCCC)c6nc7cc(*)sc7c7cc(c(=O)n3CC(CCCCCCCCCC)CCCCCCCCCCCC)c4c5c76)c2s1,1,0.0,1,0.039,0.0,-3.33,-5.99,*c1cc2nc3c4c(cc5c(=O)n(CC(CCCCCCCCCC)CCCCCCCCCCCC)c6nc7cc(*)sc7c7cc(c(=O)n3CC(CCCCCCCCCC)CCCCCCCCCCCC)c4c5c76)c2s1,*c1cc2nc3c4c(cc5c(=O)n(CC(CCCCCCCCCC)CCCCCCCCCCCC)c6nc7cc(*)sc7c7cc(c(=O)n3CC(CCCCCCCCCC)CCCCCCCCCCCC)c4c5c76)c2s1,TPNA-T,*c1ccc(-c2cc3nc4c5c(cc6c(=O)n(CC(CCCCCCCCCC)CCCCCCCCCCCC)c7nc8cc(*)sc8c8cc(c(=O)n4CC(CCCCCCCCCC)CCCCCCCCCCCC)c5c6c87)c3s2)s1,1,0.0,0,0.029,0.0,-3.27,-5.76,*c1ccc(*)s1,*c1cc2nc3c4c(cc5c(=O)n(CC(CCCCCCCCCC)CCCCCCCCCCCC)c6nc7cc(*)sc7c7cc(c(=O)n3CC(CCCCCCCCCC)CCCCCCCCCCCC)c4c5c76)c2s1
10.1021/acs.chemmater.0c01397,HOMO-TPNA,*c1cc2nc3c4c(cc5c(=O)n(CC(CCCCCCCCCC)CCCCCCCCCCCC)c6nc7cc(*)sc7c7cc(c(=O)n3CC(CCCCCCCCCC)CCCCCCCCCCCC)c4c5c76)c2s1,1,0.0,1,0.039,0.0,-3.33,-5.99,*c1cc2nc3c4c(cc5c(=O)n(CC(CCCCCCCCCC)CCCCCCCCCCCC)c6nc7cc(*)sc7c7cc(c(=O)n3CC(CCCCCCCCCC)CCCCCCCCCCCC)c4c5c76)c2s1,*c1cc2nc3c4c(cc5c(=O)n(CC(CCCCCCCCCC)CCCCCCCCCCCC)c6nc7cc(*)sc7c7cc(c(=O)n3CC(CCCCCCCCCC)CCCCCCCCCCCC)c4c5c76)c2s1,TPNA-BTz,*c1cc2nc3c4c(cc5c(=O)n(CC(CCCCCCCCCC)CCCCCCCCCCCC)c6nc7cc(-c8ccc(*)c9nsnc89)sc7c7cc(c(=O)n3CC(CCCCCCCCCC)CCCCCCCCCCCC)c4c5c76)c2s1,1,0.0,0,0.19,0.0,-3.38,-5.85,*c1ccc(*)c2nsnc12,*c1cc2nc3c4c(cc5c(=O)n(CC(CCCCCCCCCC)CCCCCCCCCCCC)c6nc7cc(*)sc7c7cc(c(=O)n3CC(CCCCCCCCCC)CCCCCCCCCCCC)c4c5c76)c2s1
10.1021/acs.chemmater.0c01397,HOMO-TPNA,*c1cc2nc3c4c(cc5c(=O)n(CC(CCCCCCCCCC)CCCCCCCCCCCC)c6nc7cc(*)sc7c7cc(c(=O)n3CC(CCCCCCCCCC)CCCCCCCCCCCC)c4c5c76)c2s1,1,0.0,1,0.039,0.0,-3.33,-5.99,*c1cc2nc3c4c(cc5c(=O)n(CC(CCCCCCCCCC)CCCCCCCCCCCC)c6nc7cc(*)sc7c7cc(c(=O)n3CC(CCCCCCCCCC)CCCCCCCCCCCC)c4c5c76)c2s1,*c1cc2nc3c4c(cc5c(=O)n(CC(CCCCCCCCCC)CCCCCCCCCCCC)c6nc7cc(*)sc7c7cc(c(=O)n3CC(CCCCCCCCCC)CCCCCCCCCCCC)c4c5c76)c2s1,N2200,*c1ccc(-c2ccc(-c3cc4c5c(c(*)cc6c5c3C(=O)N(CC(CCCCCCCC)CCCCCCCCCC)C6=O)C(=O)N(CC(CCCCCCCC)CCCCCCCCCC)C4=O)s2)s1,1,0.0,1,0.15,0.0,-3.85,-5.79,*c1ccc(-c2ccc(*)s2)s1,*c1cc2c3c(c(*)cc4c3c1C(=O)N(CC(CCCCCCCC)CCCCCCCCCC)C4=O)C(=O)N(CC(CCCCCCCC)CCCCCCCCCC)C2=O
10.1021/acs.chemmater.0c01397,TPNA-T,*c1ccc(-c2cc3nc4c5c(cc6c(=O)n(CC(CCCCCCCCCC)CCCCCCCCCCCC)c7nc8cc(*)sc8c8cc(c(=O)n4CC(CCCCCCCCCC)CCCCCCCCCCCC)c5c6c87)c3s2)s1,1,0.0,0,0.029,0.0,-3.27,-5.76,*c1ccc(*)s1,*c1cc2nc3c4c(cc5c(=O)n(CC(CCCCCCCCCC)CCCCCCCCCCCC)c6nc7cc(*)sc7c7cc(c(=O)n3CC(CCCCCCCCCC)CCCCCCCCCCCC)c4c5c76)c2s1,TPNA-BTz,*c1cc2nc3c4c(cc5c(=O)n(CC(CCCCCCCCCC)CCCCCCCCCCCC)c6nc7cc(-c8ccc(*)c9nsnc89)sc7c7cc(c(=O)n3CC(CCCCCCCCCC)CCCCCCCCCCCC)c4c5c76)c2s1,1,0.0,0,0.19,0.0,-3.38,-5.85,*c1ccc(*)c2nsnc12,*c1cc2nc3c4c(cc5c(=O)n(CC(CCCCCCCCCC)CCCCCCCCCCCC)c6nc7cc(*)sc7c7cc(c(=O)n3CC(CCCCCCCCCC)CCCCCCCCCCCC)c4c5c76)c2s1
10.1021/acs.chemmater.0c01397,TPNA-T,*c1ccc(-c2cc3nc4c5c(cc6c(=O)n(CC(CCCCCCCCCC)CCCCCCCCCCCC)c7nc8cc(*)sc8c8cc(c(=O)n4CC(CCCCCCCCCC)CCCCCCCCCCCC)c5c6c87)c3s2)s1,1,0.0,0,0.029,0.0,-3.27,-5.76,*c1ccc(*)s1,*c1cc2nc3c4c(cc5c(=O)n(CC(CCCCCCCCCC)CCCCCCCCCCCC)c6nc7cc(*)sc7c7cc(c(=O)n3CC(CCCCCCCCCC)CCCCCCCCCCCC)c4c5c76)c2s1,N2200,*c1ccc(-c2ccc(-c3cc4c5c(c(*)cc6c5c3C(=O)N(CC(CCCCCCCC)CCCCCCCCCC)C6=O)C(=O)N(CC(CCCCCCCC)CCCCCCCCCC)C4=O)s2)s1,1,0.0,1,0.15,0.0,-3.85,-5.79,*c1ccc(-c2ccc(*)s2)s1,*c1cc2c3c(c(*)cc4c3c1C(=O)N(CC(CCCCCCCC)CCCCCCCCCC)C4=O)C(=O)N(CC(CCCCCCCC)CCCCCCCCCC)C2=O
10.1021/acs.chemmater.0c01397,TPNA-BTz,*c1cc2nc3c4c(cc5c(=O)n(CC(CCCCCCCCCC)CCCCCCCCCCCC)c6nc7cc(-c8ccc(*)c9nsnc89)sc7c7cc(c(=O)n3CC(CCCCCCCCCC)CCCCCCCCCCCC)c4c5c76)c2s1,1,0.0,0,0.19,0.0,-3.38,-5.85,*c1ccc(*)c2nsnc12,*c1cc2nc3c4c(cc5c(=O)n(CC(CCCCCCCCCC)CCCCCCCCCCCC)c6nc7cc(*)sc7c7cc(c(=O)n3CC(CCCCCCCCCC)CCCCCCCCCCCC)c4c5c76)c2s1,N2200,*c1ccc(-c2ccc(-c3cc4c5c(c(*)cc6c5c3C(=O)N(CC(CCCCCCCC)CCCCCCCCCC)C6=O)C(=O)N(CC(CCCCCCCC)CCCCCCCCCC)C4=O)s2)s1,1,0.0,1,0.15,0.0,-3.85,-5.79,*c1ccc(-c2ccc(*)s2)s1,*c1cc2c3c(c(*)cc4c3c1C(=O)N(CC(CCCCCCCC)CCCCCCCCCC)C4=O)C(=O)N(CC(CCCCCCCC)CCCCCCCCCC)C2=O
10.1021/acs.chemmater.0c03720,TzTz-T,*c1ccc(-c2cc(CC(CCCCCCCC)CCCCCCCCCC)c(-c3nc4sc(-c5sc(*)cc5CC(CCCCCCCC)CCCCCCCCCC)nc4s3)s2)s1,1,0.0,0,0.0,0.076,-3.3,-5.2,*c1ccc(*)s1,*c1cc(CC(CCCCCCCC)CCCCCCCCCC)c(-c2nc3sc(-c4sc(*)cc4CC(CCCCCCCC)CCCCCCCCCC)nc3s2)s1,PCTz-T,*c1ccc(-c2cc(NC(=O)OCC(CCCCCCCC)CCCCCCCCCC)c(-c3nc4sc(-c5sc(*)cc5NC(=O)OCC(CCCCCCCC)CCCCCCCCCC)nc4s3)s2)s1,1,0.0,0,0.0,1.98,-3.58,-5.33,*c1ccc(*)s1,*c1cc(NC(=O)OCC(CCCCCCCC)CCCCCCCCCC)c(-c2nc3sc(-c4sc(*)cc4NC(=O)OCC(CCCCCCCC)CCCCCCCCCC)nc3s2)s1
10.1021/acs.chemmater.1c00204,NTz4T (NH),*c1ccc(-c2ccc(-c3sc(-c4cc5c(cc(-c6cc(CC(CCCCCCCCCC)CCCCCCCCCCCC)c(*)s6)c6nsnc65)c5nsnc45)cc3CC(CCCCCCCCCC)CCCCCCCCCCCC)s2)s1,1,0.0,1,0.0,0.56,-3.46,-5.14,*c1sc(-c2cc3c(cc(-c4cc(CC(CCCCCCCCCC)CCCCCCCCCCCC)c(*)s4)c4nsnc43)c3nsnc23)cc1CC(CCCCCCCCCC)CCCCCCCCCCCC,*c1ccc(-c2ccc(*)s2)s1,FNTz (PFN4T),*c1ccc(-c2ccc(-c3sc(-c4c(F)c5c6nsnc6c(-c6cc(CC(CCCCCCCCCC)CCCCCCCCCCCC)c(*)s6)c(F)c5c5nsnc45)cc3CC(CCCCCCCCCC)CCCCCCCCCCCC)s2)s1,1,0.0,1,0.0,0.27,-3.58,-5.35,*c1sc(-c2c(F)c3c4nsnc4c(-c4cc(CC(CCCCCCCCCC)CCCCCCCCCCCC)c(*)s4)c(F)c3c3nsnc23)cc1CC(CCCCCCCCCC)CCCCCCCCCCCC,*c1ccc(-c2ccc(*)s2)s1
10.1021/acs.chemmater.1c00204,NTz4T (NH),*c1ccc(-c2ccc(-c3sc(-c4cc5c(cc(-c6cc(CC(CCCCCCCCCC)CCCCCCCCCCCC)c(*)s6)c6nsnc65)c5nsnc45)cc3CC(CCCCCCCCCC)CCCCCCCCCCCC)s2)s1,1,0.0,1,0.0,0.56,-3.46,-5.14,*c1sc(-c2cc3c(cc(-c4cc(CC(CCCCCCCCCC)CCCCCCCCCCCC)c(*)s4)c4nsnc43)c3nsnc23)cc1CC(CCCCCCCCCC)CCCCCCCCCCCC,*c1ccc(-c2ccc(*)s2)s1,CNNTz (PCNT4T),*c1ccc(-c2ccc(-c3sc(-c4c(C#N)c5c6nsnc6c(-c6cc(CC(CCCCCCCCCC)CCCCCCCCCCCC)c(*)s6)c(C#N)c5c5nsnc45)cc3CC(CCCCCCCCCC)CCCCCCCCCCCC)s2)s1,1,0.0,1,0.37,0.18,-3.66,-5.49,*c1sc(-c2c(C#N)c3c4nsnc4c(-c4cc(CC(CCCCCCCCCC)CCCCCCCCCCCC)c(*)s4)c(C#N)c3c3nsnc23)cc1CC(CCCCCCCCCC)CCCCCCCCCCCC,*c1ccc(-c2ccc(*)s2)s1
10.1021/acs.chemmater.1c00204,NTz4T (NH),*c1ccc(-c2ccc(-c3sc(-c4cc5c(cc(-c6cc(CC(CCCCCCCCCC)CCCCCCCCCCCC)c(*)s6)c6nsnc65)c5nsnc45)cc3CC(CCCCCCCCCC)CCCCCCCCCCCC)s2)s1,1,0.0,1,0.0,0.56,-3.46,-5.14,*c1sc(-c2cc3c(cc(-c4cc(CC(CCCCCCCCCC)CCCCCCCCCCCC)c(*)s4)c4nsnc43)c3nsnc23)cc1CC(CCCCCCCCCC)CCCCCCCCCCCC,*c1ccc(-c2ccc(*)s2)s1,PCNT4T-oF2,*c1sc(-c2cc(F)c(-c3sc(-c4c(C#N)c5c6nsnc6c(-c6cc(CC(CCCCCCCCCC)CCCCCCCCCCCC)c(*)s6)c(C#N)c5c5nsnc45)cc3CC(CCCCCCCCCC)CCCCCCCCCCCC)s2)cc1F,1,0.0,1,0.34,0.14,-3.71,-5.61,*c1sc(-c2c(C#N)c3c4nsnc4c(-c4cc(CC(CCCCCCCCCC)CCCCCCCCCCCC)c(*)s4)c(C#N)c3c3nsnc23)cc1CC(CCCCCCCCCC)CCCCCCCCCCCC,*c1sc(-c2cc(F)c(*)s2)cc1F
10.1021/acs.chemmater.1c00204,NTz4T (NH),*c1ccc(-c2ccc(-c3sc(-c4cc5c(cc(-c6cc(CC(CCCCCCCCCC)CCCCCCCCCCCC)c(*)s6)c6nsnc65)c5nsnc45)cc3CC(CCCCCCCCCC)CCCCCCCCCCCC)s2)s1,1,0.0,1,0.0,0.56,-3.46,-5.14,*c1sc(-c2cc3c(cc(-c4cc(CC(CCCCCCCCCC)CCCCCCCCCCCC)c(*)s4)c4nsnc43)c3nsnc23)cc1CC(CCCCCCCCCC)CCCCCCCCCCCC,*c1ccc(-c2ccc(*)s2)s1,PCNT4T-iF2,*c1cc(F)c(-c2sc(-c3sc(-c4c(C#N)c5c6nsnc6c(-c6cc(CC(CCCCCCCCCC)CCCCCCCCCCCC)c(*)s6)c(C#N)c5c5nsnc45)cc3CC(CCCCCCCCCC)CCCCCCCCCCCC)cc2F)s1,1,0.0,1,0.27,0.12,-3.76,-5.64,*c1sc(-c2c(C#N)c3c4nsnc4c(-c4cc(CC(CCCCCCCCCC)CCCCCCCCCCCC)c(*)s4)c(C#N)c3c3nsnc23)cc1CC(CCCCCCCCCC)CCCCCCCCCCCC,*c1cc(F)c(-c2sc(*)cc2F)s1
10.1021/acs.chemmater.1c00204,NTz4T (NH),*c1ccc(-c2ccc(-c3sc(-c4cc5c(cc(-c6cc(CC(CCCCCCCCCC)CCCCCCCCCCCC)c(*)s6)c6nsnc65)c5nsnc45)cc3CC(CCCCCCCCCC)CCCCCCCCCCCC)s2)s1,1,0.0,1,0.0,0.56,-3.46,-5.14,*c1sc(-c2cc3c(cc(-c4cc(CC(CCCCCCCCCC)CCCCCCCCCCCC)c(*)s4)c4nsnc43)c3nsnc23)cc1CC(CCCCCCCCCC)CCCCCCCCCCCC,*c1ccc(-c2ccc(*)s2)s1,PCNT4T-F4,*c1sc(-c2c(C#N)c3c4nsnc4c(-c4cc(CC(CCCCCCCCCC)CCCCCCCCCCCC)c(-c5sc(-c6sc(*)c(F)c6F)c(F)c5F)s4)c(C#N)c3c3nsnc23)cc1CC(CCCCCCCCCC)CCCCCCCCCCCC,1,0.0,1,0.2,0.0,-3.87,-5.88,*c1sc(-c2c(C#N)c3c4nsnc4c(-c4cc(CC(CCCCCCCCCC)CCCCCCCCCCCC)c(*)s4)c(C#N)c3c3nsnc23)cc1CC(CCCCCCCCCC)CCCCCCCCCCCC,*c1sc(-c2sc(*)c(F)c2F)c(F)c1F
10.1021/acs.chemmater.1c00204,FNTz (PFN4T),*c1ccc(-c2ccc(-c3sc(-c4c(F)c5c6nsnc6c(-c6cc(CC(CCCCCCCCCC)CCCCCCCCCCCC)c(*)s6)c(F)c5c5nsnc45)cc3CC(CCCCCCCCCC)CCCCCCCCCCCC)s2)s1,1,0.0,1,0.0,0.27,-3.58,-5.35,*c1sc(-c2c(F)c3c4nsnc4c(-c4cc(CC(CCCCCCCCCC)CCCCCCCCCCCC)c(*)s4)c(F)c3c3nsnc23)cc1CC(CCCCCCCCCC)CCCCCCCCCCCC,*c1ccc(-c2ccc(*)s2)s1,CNNTz (PCNT4T),*c1ccc(-c2ccc(-c3sc(-c4c(C#N)c5c6nsnc6c(-c6cc(CC(CCCCCCCCCC)CCCCCCCCCCCC)c(*)s6)c(C#N)c5c5nsnc45)cc3CC(CCCCCCCCCC)CCCCCCCCCCCC)s2)s1,1,0.0,1,0.37,0.18,-3.66,-5.49,*c1sc(-c2c(C#N)c3c4nsnc4c(-c4cc(CC(CCCCCCCCCC)CCCCCCCCCCCC)c(*)s4)c(C#N)c3c3nsnc23)cc1CC(CCCCCCCCCC)CCCCCCCCCCCC,*c1ccc(-c2ccc(*)s2)s1
10.1021/acs.chemmater.1c00204,FNTz (PFN4T),*c1ccc(-c2ccc(-c3sc(-c4c(F)c5c6nsnc6c(-c6cc(CC(CCCCCCCCCC)CCCCCCCCCCCC)c(*)s6)c(F)c5c5nsnc45)cc3CC(CCCCCCCCCC)CCCCCCCCCCCC)s2)s1,1,0.0,1,0.0,0.27,-3.58,-5.35,*c1sc(-c2c(F)c3c4nsnc4c(-c4cc(CC(CCCCCCCCCC)CCCCCCCCCCCC)c(*)s4)c(F)c3c3nsnc23)cc1CC(CCCCCCCCCC)CCCCCCCCCCCC,*c1ccc(-c2ccc(*)s2)s1,PCNT4T-oF2,*c1sc(-c2cc(F)c(-c3sc(-c4c(C#N)c5c6nsnc6c(-c6cc(CC(CCCCCCCCCC)CCCCCCCCCCCC)c(*)s6)c(C#N)c5c5nsnc45)cc3CC(CCCCCCCCCC)CCCCCCCCCCCC)s2)cc1F,1,0.0,1,0.34,0.14,-3.71,-5.61,*c1sc(-c2c(C#N)c3c4nsnc4c(-c4cc(CC(CCCCCCCCCC)CCCCCCCCCCCC)c(*)s4)c(C#N)c3c3nsnc23)cc1CC(CCCCCCCCCC)CCCCCCCCCCCC,*c1sc(-c2cc(F)c(*)s2)cc1F
10.1021/acs.chemmater.1c00204,FNTz (PFN4T),*c1ccc(-c2ccc(-c3sc(-c4c(F)c5c6nsnc6c(-c6cc(CC(CCCCCCCCCC)CCCCCCCCCCCC)c(*)s6)c(F)c5c5nsnc45)cc3CC(CCCCCCCCCC)CCCCCCCCCCCC)s2)s1,1,0.0,1,0.0,0.27,-3.58,-5.35,*c1sc(-c2c(F)c3c4nsnc4c(-c4cc(CC(CCCCCCCCCC)CCCCCCCCCCCC)c(*)s4)c(F)c3c3nsnc23)cc1CC(CCCCCCCCCC)CCCCCCCCCCCC,*c1ccc(-c2ccc(*)s2)s1,PCNT4T-iF2,*c1cc(F)c(-c2sc(-c3sc(-c4c(C#N)c5c6nsnc6c(-c6cc(CC(CCCCCCCCCC)CCCCCCCCCCCC)c(*)s6)c(C#N)c5c5nsnc45)cc3CC(CCCCCCCCCC)CCCCCCCCCCCC)cc2F)s1,1,0.0,1,0.27,0.12,-3.76,-5.64,*c1sc(-c2c(C#N)c3c4nsnc4c(-c4cc(CC(CCCCCCCCCC)CCCCCCCCCCCC)c(*)s4)c(C#N)c3c3nsnc23)cc1CC(CCCCCCCCCC)CCCCCCCCCCCC,*c1cc(F)c(-c2sc(*)cc2F)s1
10.1021/acs.chemmater.1c00204,FNTz (PFN4T),*c1ccc(-c2ccc(-c3sc(-c4c(F)c5c6nsnc6c(-c6cc(CC(CCCCCCCCCC)CCCCCCCCCCCC)c(*)s6)c(F)c5c5nsnc45)cc3CC(CCCCCCCCCC)CCCCCCCCCCCC)s2)s1,1,0.0,1,0.0,0.27,-3.58,-5.35,*c1sc(-c2c(F)c3c4nsnc4c(-c4cc(CC(CCCCCCCCCC)CCCCCCCCCCCC)c(*)s4)c(F)c3c3nsnc23)cc1CC(CCCCCCCCCC)CCCCCCCCCCCC,*c1ccc(-c2ccc(*)s2)s1,PCNT4T-F4,*c1sc(-c2c(C#N)c3c4nsnc4c(-c4cc(CC(CCCCCCCCCC)CCCCCCCCCCCC)c(-c5sc(-c6sc(*)c(F)c6F)c(F)c5F)s4)c(C#N)c3c3nsnc23)cc1CC(CCCCCCCCCC)CCCCCCCCCCCC,1,0.0,1,0.2,0.0,-3.87,-5.88,*c1sc(-c2c(C#N)c3c4nsnc4c(-c4cc(CC(CCCCCCCCCC)CCCCCCCCCCCC)c(*)s4)c(C#N)c3c3nsnc23)cc1CC(CCCCCCCCCC)CCCCCCCCCCCC,*c1sc(-c2sc(*)c(F)c2F)c(F)c1F
10.1021/acs.chemmater.1c00204,CNNTz (PCNT4T),*c1ccc(-c2ccc(-c3sc(-c4c(C#N)c5c6nsnc6c(-c6cc(CC(CCCCCCCCCC)CCCCCCCCCCCC)c(*)s6)c(C#N)c5c5nsnc45)cc3CC(CCCCCCCCCC)CCCCCCCCCCCC)s2)s1,1,0.0,1,0.37,0.18,-3.66,-5.49,*c1sc(-c2c(C#N)c3c4nsnc4c(-c4cc(CC(CCCCCCCCCC)CCCCCCCCCCCC)c(*)s4)c(C#N)c3c3nsnc23)cc1CC(CCCCCCCCCC)CCCCCCCCCCCC,*c1ccc(-c2ccc(*)s2)s1,PCNT4T-oF2,*c1sc(-c2cc(F)c(-c3sc(-c4c(C#N)c5c6nsnc6c(-c6cc(CC(CCCCCCCCCC)CCCCCCCCCCCC)c(*)s6)c(C#N)c5c5nsnc45)cc3CC(CCCCCCCCCC)CCCCCCCCCCCC)s2)cc1F,1,0.0,1,0.34,0.14,-3.71,-5.61,*c1sc(-c2c(C#N)c3c4nsnc4c(-c4cc(CC(CCCCCCCCCC)CCCCCCCCCCCC)c(*)s4)c(C#N)c3c3nsnc23)cc1CC(CCCCCCCCCC)CCCCCCCCCCCC,*c1sc(-c2cc(F)c(*)s2)cc1F
10.1021/acs.chemmater.1c00204,CNNTz (PCNT4T),*c1ccc(-c2ccc(-c3sc(-c4c(C#N)c5c6nsnc6c(-c6cc(CC(CCCCCCCCCC)CCCCCCCCCCCC)c(*)s6)c(C#N)c5c5nsnc45)cc3CC(CCCCCCCCCC)CCCCCCCCCCCC)s2)s1,1,0.0,1,0.37,0.18,-3.66,-5.49,*c1sc(-c2c(C#N)c3c4nsnc4c(-c4cc(CC(CCCCCCCCCC)CCCCCCCCCCCC)c(*)s4)c(C#N)c3c3nsnc23)cc1CC(CCCCCCCCCC)CCCCCCCCCCCC,*c1ccc(-c2ccc(*)s2)s1,PCNT4T-iF2,*c1cc(F)c(-c2sc(-c3sc(-c4c(C#N)c5c6nsnc6c(-c6cc(CC(CCCCCCCCCC)CCCCCCCCCCCC)c(*)s6)c(C#N)c5c5nsnc45)cc3CC(CCCCCCCCCC)CCCCCCCCCCCC)cc2F)s1,1,0.0,1,0.27,0.12,-3.76,-5.64,*c1sc(-c2c(C#N)c3c4nsnc4c(-c4cc(CC(CCCCCCCCCC)CCCCCCCCCCCC)c(*)s4)c(C#N)c3c3nsnc23)cc1CC(CCCCCCCCCC)CCCCCCCCCCCC,*c1cc(F)c(-c2sc(*)cc2F)s1
10.1021/acs.chemmater.1c00204,CNNTz (PCNT4T),*c1ccc(-c2ccc(-c3sc(-c4c(C#N)c5c6nsnc6c(-c6cc(CC(CCCCCCCCCC)CCCCCCCCCCCC)c(*)s6)c(C#N)c5c5nsnc45)cc3CC(CCCCCCCCCC)CCCCCCCCCCCC)s2)s1,1,0.0,1,0.37,0.18,-3.66,-5.49,*c1sc(-c2c(C#N)c3c4nsnc4c(-c4cc(CC(CCCCCCCCCC)CCCCCCCCCCCC)c(*)s4)c(C#N)c3c3nsnc23)cc1CC(CCCCCCCCCC)CCCCCCCCCCCC,*c1ccc(-c2ccc(*)s2)s1,PCNT4T-F4,*c1sc(-c2c(C#N)c3c4nsnc4c(-c4cc(CC(CCCCCCCCCC)CCCCCCCCCCCC)c(-c5sc(-c6sc(*)c(F)c6F)c(F)c5F)s4)c(C#N)c3c3nsnc23)cc1CC(CCCCCCCCCC)CCCCCCCCCCCC,1,0.0,1,0.2,0.0,-3.87,-5.88,*c1sc(-c2c(C#N)c3c4nsnc4c(-c4cc(CC(CCCCCCCCCC)CCCCCCCCCCCC)c(*)s4)c(C#N)c3c3nsnc23)cc1CC(CCCCCCCCCC)CCCCCCCCCCCC,*c1sc(-c2sc(*)c(F)c2F)c(F)c1F
10.1021/acs.chemmater.1c00204,PCNT4T-oF2,*c1sc(-c2cc(F)c(-c3sc(-c4c(C#N)c5c6nsnc6c(-c6cc(CC(CCCCCCCCCC)CCCCCCCCCCCC)c(*)s6)c(C#N)c5c5nsnc45)cc3CC(CCCCCCCCCC)CCCCCCCCCCCC)s2)cc1F,1,0.0,1,0.34,0.14,-3.71,-5.61,*c1sc(-c2c(C#N)c3c4nsnc4c(-c4cc(CC(CCCCCCCCCC)CCCCCCCCCCCC)c(*)s4)c(C#N)c3c3nsnc23)cc1CC(CCCCCCCCCC)CCCCCCCCCCCC,*c1sc(-c2cc(F)c(*)s2)cc1F,PCNT4T-iF2,*c1cc(F)c(-c2sc(-c3sc(-c4c(C#N)c5c6nsnc6c(-c6cc(CC(CCCCCCCCCC)CCCCCCCCCCCC)c(*)s6)c(C#N)c5c5nsnc45)cc3CC(CCCCCCCCCC)CCCCCCCCCCCC)cc2F)s1,1,0.0,1,0.27,0.12,-3.76,-5.64,*c1sc(-c2c(C#N)c3c4nsnc4c(-c4cc(CC(CCCCCCCCCC)CCCCCCCCCCCC)c(*)s4)c(C#N)c3c3nsnc23)cc1CC(CCCCCCCCCC)CCCCCCCCCCCC,*c1cc(F)c(-c2sc(*)cc2F)s1
10.1021/acs.chemmater.1c00204,PCNT4T-oF2,*c1sc(-c2cc(F)c(-c3sc(-c4c(C#N)c5c6nsnc6c(-c6cc(CC(CCCCCCCCCC)CCCCCCCCCCCC)c(*)s6)c(C#N)c5c5nsnc45)cc3CC(CCCCCCCCCC)CCCCCCCCCCCC)s2)cc1F,1,0.0,1,0.34,0.14,-3.71,-5.61,*c1sc(-c2c(C#N)c3c4nsnc4c(-c4cc(CC(CCCCCCCCCC)CCCCCCCCCCCC)c(*)s4)c(C#N)c3c3nsnc23)cc1CC(CCCCCCCCCC)CCCCCCCCCCCC,*c1sc(-c2cc(F)c(*)s2)cc1F,PCNT4T-F4,*c1sc(-c2c(C#N)c3c4nsnc4c(-c4cc(CC(CCCCCCCCCC)CCCCCCCCCCCC)c(-c5sc(-c6sc(*)c(F)c6F)c(F)c5F)s4)c(C#N)c3c3nsnc23)cc1CC(CCCCCCCCCC)CCCCCCCCCCCC,1,0.0,1,0.2,0.0,-3.87,-5.88,*c1sc(-c2c(C#N)c3c4nsnc4c(-c4cc(CC(CCCCCCCCCC)CCCCCCCCCCCC)c(*)s4)c(C#N)c3c3nsnc23)cc1CC(CCCCCCCCCC)CCCCCCCCCCCC,*c1sc(-c2sc(*)c(F)c2F)c(F)c1F
10.1021/acs.chemmater.1c00204,PCNT4T-iF2,*c1cc(F)c(-c2sc(-c3sc(-c4c(C#N)c5c6nsnc6c(-c6cc(CC(CCCCCCCCCC)CCCCCCCCCCCC)c(*)s6)c(C#N)c5c5nsnc45)cc3CC(CCCCCCCCCC)CCCCCCCCCCCC)cc2F)s1,1,0.0,1,0.27,0.12,-3.76,-5.64,*c1sc(-c2c(C#N)c3c4nsnc4c(-c4cc(CC(CCCCCCCCCC)CCCCCCCCCCCC)c(*)s4)c(C#N)c3c3nsnc23)cc1CC(CCCCCCCCCC)CCCCCCCCCCCC,*c1cc(F)c(-c2sc(*)cc2F)s1,PCNT4T-F4,*c1sc(-c2c(C#N)c3c4nsnc4c(-c4cc(CC(CCCCCCCCCC)CCCCCCCCCCCC)c(-c5sc(-c6sc(*)c(F)c6F)c(F)c5F)s4)c(C#N)c3c3nsnc23)cc1CC(CCCCCCCCCC)CCCCCCCCCCCC,1,0.0,1,0.2,0.0,-3.87,-5.88,*c1sc(-c2c(C#N)c3c4nsnc4c(-c4cc(CC(CCCCCCCCCC)CCCCCCCCCCCC)c(*)s4)c(C#N)c3c3nsnc23)cc1CC(CCCCCCCCCC)CCCCCCCCCCCC,*c1sc(-c2sc(*)c(F)c2F)c(F)c1F
10.1021/acs.chemmater.1c02072,PBTD4T,*c1ccc(-c2ccc(-c3sc(C4=C/C(=C5/C=C(c6cc(CC(CCCCCCCCCC)CCCCCCCCCCCC)c(*)s6)C(=O)S5)SC4=O)cc3CC(CCCCCCCCCC)CCCCCCCCCCCC)s2)s1,1,1.0,1,0.14,0.12,-3.81,-5.46,*c1ccc(-c2ccc(*)s2)s1,*c1sc(C2=C/C(=C3/C=C(c4cc(CC(CCCCCCCCCC)CCCCCCCCCCCC)c(*)s4)C(=O)S3)SC2=O)cc1CC(CCCCCCCCCC)CCCCCCCCCCCC,PSP4T,*c1ccc(-c2ccc(-c3sc(C4=C/C(=C5/C=C(c6cc(CC(CCCCCCCCCC)CCCCCCCCCCCC)c(*)s6)SC5=O)C(=O)S4)cc3CC(CCCCCCCCCC)CCCCCCCCCCCC)s2)s1,1,0.0,1,1.4,2.5,-3.91,-5.25,*c1ccc(-c2ccc(*)s2)s1,*c1sc(C2=C/C(=C3/C=C(c4cc(CC(CCCCCCCCCC)CCCCCCCCCCCC)c(*)s4)SC3=O)C(=O)S2)cc1CC(CCCCCCCCCC)CCCCCCCCCCCC
10.1021/acs.chemmater.1c02409,PDAP-Fu,*c1ccc(-c2ccc(C3=C4C(SCCCCC(CCCCCCCC)CCCCCCCCCC)=NC(c5ccc(*)s5)=C4C(SCCCCC(CCCCCCCC)CCCCCCCCCC)=N3)s2)o1,1,0.0,0,0.0,0.157,-4.27,-5.34,*c1ccc(C2=C3C(SCCCCC(CCCCCCCC)CCCCCCCCCC)=NC(c4ccc(*)s4)=C3C(SCCCCC(CCCCCCCC)CCCCCCCCCC)=N2)s1,*c1ccc(*)o1,PDAP-Th,*c1ccc(C2=C3C(SCCCCC(CCCCCCCC)CCCCCCCCCC)=NC(c4ccc(-c5ccc(*)s5)s4)=C3C(SCCCCC(CCCCCCCC)CCCCCCCCCC)=N2)s1,1,0.0,0,0.0,0.208,-4.38,-5.53,*c1ccc(C2=C3C(SCCCCC(CCCCCCCC)CCCCCCCCCC)=NC(c4ccc(*)s4)=C3C(SCCCCC(CCCCCCCC)CCCCCCCCCC)=N2)s1,*c1ccc(*)s1
10.1021/acs.chemmater.1c02409,PDAP-Fu,*c1ccc(-c2ccc(C3=C4C(SCCCCC(CCCCCCCC)CCCCCCCCCC)=NC(c5ccc(*)s5)=C4C(SCCCCC(CCCCCCCC)CCCCCCCCCC)=N3)s2)o1,1,0.0,0,0.0,0.157,-4.27,-5.34,*c1ccc(C2=C3C(SCCCCC(CCCCCCCC)CCCCCCCCCC)=NC(c4ccc(*)s4)=C3C(SCCCCC(CCCCCCCC)CCCCCCCCCC)=N2)s1,*c1ccc(*)o1,PDAP-Se,*c1ccc(C2=C3C(SCCCCC(CCCCCCCC)CCCCCCCCCC)=NC(c4ccc(-c5ccc(*)[se]5)s4)=C3C(SCCCCC(CCCCCCCC)CCCCCCCCCC)=N2)s1,1,0.0,0,0.0,0.476,-4.22,-5.22,*c1ccc(C2=C3C(SCCCCC(CCCCCCCC)CCCCCCCCCC)=NC(c4ccc(*)s4)=C3C(SCCCCC(CCCCCCCC)CCCCCCCCCC)=N2)s1,*c1ccc(*)[se]1
10.1021/acs.chemmater.1c02409,PDAP-Th,*c1ccc(C2=C3C(SCCCCC(CCCCCCCC)CCCCCCCCCC)=NC(c4ccc(-c5ccc(*)s5)s4)=C3C(SCCCCC(CCCCCCCC)CCCCCCCCCC)=N2)s1,1,0.0,0,0.0,0.208,-4.38,-5.53,*c1ccc(C2=C3C(SCCCCC(CCCCCCCC)CCCCCCCCCC)=NC(c4ccc(*)s4)=C3C(SCCCCC(CCCCCCCC)CCCCCCCCCC)=N2)s1,*c1ccc(*)s1,PDAP-Se,*c1ccc(C2=C3C(SCCCCC(CCCCCCCC)CCCCCCCCCC)=NC(c4ccc(-c5ccc(*)[se]5)s4)=C3C(SCCCCC(CCCCCCCC)CCCCCCCCCC)=N2)s1,1,0.0,0,0.0,0.476,-4.22,-5.22,*c1ccc(C2=C3C(SCCCCC(CCCCCCCC)CCCCCCCCCC)=NC(c4ccc(*)s4)=C3C(SCCCCC(CCCCCCCC)CCCCCCCCCC)=N2)s1,*c1ccc(*)[se]1
10.1021/acs.chemmater.1c04196,PNPI2T,*c1ccc(-c2ccc(-c3ccc(-c4cc5c(cc(-c6ccc(*)s6)c6nc7c(=O)n(CC(CCCCCCCCCCCC)CCCCCCCCCCCCCC)c(=O)c7nc65)c5nc6c(=O)n(CC(CCCCCCCCCCCC)CCCCCCCCCCCCCC)c(=O)c6nc45)s3)s2)s1,1,0.0,1,0.19,0.84,-3.68,-5.53,*c1ccc(-c2ccc(*)s2)s1,*c1ccc(-c2cc3c(cc(-c4ccc(*)s4)c4nc5c(=O)n(CC(CCCCCCCCCCCC)CCCCCCCCCCCCCC)c(=O)c5nc43)c3nc4c(=O)n(CC(CCCCCCCCCCCC)CCCCCCCCCCCCCC)c(=O)c4nc23)s1,PNPI2T-iF2,*c1ccc(-c2cc3c(cc(-c4ccc(-c5cc(F)c(-c6sc(*)cc6F)s5)s4)c4nc5c(=O)n(CC(CCCCCCCCCCCC)CCCCCCCCCCCCCC)c(=O)c5nc43)c3nc4c(=O)n(CC(CCCCCCCCCCCC)CCCCCCCCCCCCCC)c(=O)c4nc23)s1,1,0.0,1,0.11,0.08,-3.8,-5.64,*c1cc(F)c(-c2sc(*)cc2F)s1,*c1ccc(-c2cc3c(cc(-c4ccc(*)s4)c4nc5c(=O)n(CC(CCCCCCCCCCCC)CCCCCCCCCCCCCC)c(=O)c5nc43)c3nc4c(=O)n(CC(CCCCCCCCCCCC)CCCCCCCCCCCCCC)c(=O)c4nc23)s1
10.1021/acs.chemmater.1c04196,PNPI2T,*c1ccc(-c2ccc(-c3ccc(-c4cc5c(cc(-c6ccc(*)s6)c6nc7c(=O)n(CC(CCCCCCCCCCCC)CCCCCCCCCCCCCC)c(=O)c7nc65)c5nc6c(=O)n(CC(CCCCCCCCCCCC)CCCCCCCCCCCCCC)c(=O)c6nc45)s3)s2)s1,1,0.0,1,0.19,0.84,-3.68,-5.53,*c1ccc(-c2ccc(*)s2)s1,*c1ccc(-c2cc3c(cc(-c4ccc(*)s4)c4nc5c(=O)n(CC(CCCCCCCCCCCC)CCCCCCCCCCCCCC)c(=O)c5nc43)c3nc4c(=O)n(CC(CCCCCCCCCCCC)CCCCCCCCCCCCCC)c(=O)c4nc23)s1,PNPI2T-oF2,*c1ccc(-c2cc3c(cc(-c4ccc(-c5sc(-c6cc(F)c(*)s6)cc5F)s4)c4nc5c(=O)n(CC(CCCCCCCCCCCC)CCCCCCCCCCCCCC)c(=O)c5nc43)c3nc4c(=O)n(CC(CCCCCCCCCCCC)CCCCCCCCCCCCCC)c(=O)c4nc23)s1,1,0.0,1,0.71,0.14,-3.78,-5.83,*c1sc(-c2cc(F)c(*)s2)cc1F,*c1ccc(-c2cc3c(cc(-c4ccc(*)s4)c4nc5c(=O)n(CC(CCCCCCCCCCCC)CCCCCCCCCCCCCC)c(=O)c5nc43)c3nc4c(=O)n(CC(CCCCCCCCCCCC)CCCCCCCCCCCCCC)c(=O)c4nc23)s1
10.1021/acs.chemmater.1c04196,PNPI2T,*c1ccc(-c2ccc(-c3ccc(-c4cc5c(cc(-c6ccc(*)s6)c6nc7c(=O)n(CC(CCCCCCCCCCCC)CCCCCCCCCCCCCC)c(=O)c7nc65)c5nc6c(=O)n(CC(CCCCCCCCCCCC)CCCCCCCCCCCCCC)c(=O)c6nc45)s3)s2)s1,1,0.0,1,0.19,0.84,-3.68,-5.53,*c1ccc(-c2ccc(*)s2)s1,*c1ccc(-c2cc3c(cc(-c4ccc(*)s4)c4nc5c(=O)n(CC(CCCCCCCCCCCC)CCCCCCCCCCCCCC)c(=O)c5nc43)c3nc4c(=O)n(CC(CCCCCCCCCCCC)CCCCCCCCCCCCCC)c(=O)c4nc23)s1,PNPE2T,*c1ccc(-c2ccc(-c3ccc(-c4cc5c(cc(-c6ccc(*)s6)c6nc(C(=O)OCCCCCCCCCCCC)c(C(=O)OCCCCCCCCCCCC)nc65)c5nc(C(=O)OCCCCCCCCCCCC)c(C(=O)OCCCCCCCCCCCC)nc45)s3)s2)s1,1,0.0,1,0.0016,0.001,-3.51,-5.36,*c1ccc(-c2ccc(*)s2)s1,*c1ccc(-c2cc3c(cc(-c4ccc(*)s4)c4nc(C(=O)OCCCCCCCCCCCC)c(C(=O)OCCCCCCCCCCCC)nc43)c3nc(C(=O)OCCCCCCCCCCCC)c(C(=O)OCCCCCCCCCCCC)nc23)s1
10.1021/acs.chemmater.1c04196,PNPI2T-iF2,*c1ccc(-c2cc3c(cc(-c4ccc(-c5cc(F)c(-c6sc(*)cc6F)s5)s4)c4nc5c(=O)n(CC(CCCCCCCCCCCC)CCCCCCCCCCCCCC)c(=O)c5nc43)c3nc4c(=O)n(CC(CCCCCCCCCCCC)CCCCCCCCCCCCCC)c(=O)c4nc23)s1,1,0.0,1,0.11,0.08,-3.8,-5.64,*c1cc(F)c(-c2sc(*)cc2F)s1,*c1ccc(-c2cc3c(cc(-c4ccc(*)s4)c4nc5c(=O)n(CC(CCCCCCCCCCCC)CCCCCCCCCCCCCC)c(=O)c5nc43)c3nc4c(=O)n(CC(CCCCCCCCCCCC)CCCCCCCCCCCCCC)c(=O)c4nc23)s1,PNPI2T-oF2,*c1ccc(-c2cc3c(cc(-c4ccc(-c5sc(-c6cc(F)c(*)s6)cc5F)s4)c4nc5c(=O)n(CC(CCCCCCCCCCCC)CCCCCCCCCCCCCC)c(=O)c5nc43)c3nc4c(=O)n(CC(CCCCCCCCCCCC)CCCCCCCCCCCCCC)c(=O)c4nc23)s1,1,0.0,1,0.71,0.14,-3.78,-5.83,*c1sc(-c2cc(F)c(*)s2)cc1F,*c1ccc(-c2cc3c(cc(-c4ccc(*)s4)c4nc5c(=O)n(CC(CCCCCCCCCCCC)CCCCCCCCCCCCCC)c(=O)c5nc43)c3nc4c(=O)n(CC(CCCCCCCCCCCC)CCCCCCCCCCCCCC)c(=O)c4nc23)s1
10.1021/acs.chemmater.1c04196,PNPI2T-iF2,*c1ccc(-c2cc3c(cc(-c4ccc(-c5cc(F)c(-c6sc(*)cc6F)s5)s4)c4nc5c(=O)n(CC(CCCCCCCCCCCC)CCCCCCCCCCCCCC)c(=O)c5nc43)c3nc4c(=O)n(CC(CCCCCCCCCCCC)CCCCCCCCCCCCCC)c(=O)c4nc23)s1,1,0.0,1,0.11,0.08,-3.8,-5.64,*c1cc(F)c(-c2sc(*)cc2F)s1,*c1ccc(-c2cc3c(cc(-c4ccc(*)s4)c4nc5c(=O)n(CC(CCCCCCCCCCCC)CCCCCCCCCCCCCC)c(=O)c5nc43)c3nc4c(=O)n(CC(CCCCCCCCCCCC)CCCCCCCCCCCCCC)c(=O)c4nc23)s1,PNPE2T,*c1ccc(-c2ccc(-c3ccc(-c4cc5c(cc(-c6ccc(*)s6)c6nc(C(=O)OCCCCCCCCCCCC)c(C(=O)OCCCCCCCCCCCC)nc65)c5nc(C(=O)OCCCCCCCCCCCC)c(C(=O)OCCCCCCCCCCCC)nc45)s3)s2)s1,1,0.0,1,0.0016,0.001,-3.51,-5.36,*c1ccc(-c2ccc(*)s2)s1,*c1ccc(-c2cc3c(cc(-c4ccc(*)s4)c4nc(C(=O)OCCCCCCCCCCCC)c(C(=O)OCCCCCCCCCCCC)nc43)c3nc(C(=O)OCCCCCCCCCCCC)c(C(=O)OCCCCCCCCCCCC)nc23)s1
10.1021/acs.chemmater.1c04196,PNPI2T-oF2,*c1ccc(-c2cc3c(cc(-c4ccc(-c5sc(-c6cc(F)c(*)s6)cc5F)s4)c4nc5c(=O)n(CC(CCCCCCCCCCCC)CCCCCCCCCCCCCC)c(=O)c5nc43)c3nc4c(=O)n(CC(CCCCCCCCCCCC)CCCCCCCCCCCCCC)c(=O)c4nc23)s1,1,0.0,1,0.71,0.14,-3.78,-5.83,*c1sc(-c2cc(F)c(*)s2)cc1F,*c1ccc(-c2cc3c(cc(-c4ccc(*)s4)c4nc5c(=O)n(CC(CCCCCCCCCCCC)CCCCCCCCCCCCCC)c(=O)c5nc43)c3nc4c(=O)n(CC(CCCCCCCCCCCC)CCCCCCCCCCCCCC)c(=O)c4nc23)s1,PNPE2T,*c1ccc(-c2ccc(-c3ccc(-c4cc5c(cc(-c6ccc(*)s6)c6nc(C(=O)OCCCCCCCCCCCC)c(C(=O)OCCCCCCCCCCCC)nc65)c5nc(C(=O)OCCCCCCCCCCCC)c(C(=O)OCCCCCCCCCCCC)nc45)s3)s2)s1,1,0.0,1,0.0016,0.001,-3.51,-5.36,*c1ccc(-c2ccc(*)s2)s1,*c1ccc(-c2cc3c(cc(-c4ccc(*)s4)c4nc(C(=O)OCCCCCCCCCCCC)c(C(=O)OCCCCCCCCCCCC)nc43)c3nc(C(=O)OCCCCCCCCCCCC)c(C(=O)OCCCCCCCCCCCC)nc23)s1
10.1021/acs.chemmater.3c01570,PCPPC,*c1cc2c(s1)-c1sc(-c3ncc(-c4cnc(-c5cc6c(s5)-c5sc(*)cc5C6(CCCCCCCCCCCCCCCC)CCCCCCCCCCCCCCCC)c5nsnc45)c4nsnc34)cc1C2(CCCCCCCCCCCCCCCC)CCCCCCCCCCCCCCCC,1,0.0,1,0.41,1.5,-4.08,-5.28,*c1cc2c(s1)-c1sc(-c3ncc(-c4cnc(-c5cc6c(s5)-c5sc(*)cc5C6(CCCCCCCCCCCCCCCC)CCCCCCCCCCCCCCCC)c5nsnc45)c4nsnc34)cc1C2(CCCCCCCCCCCCCCCC)CCCCCCCCCCCCCCCC,*c1cc2c(s1)-c1sc(-c3ncc(-c4cnc(-c5cc6c(s5)-c5sc(*)cc5C6(CCCCCCCCCCCCCCCC)CCCCCCCCCCCCCCCC)c5nsnc45)c4nsnc34)cc1C2(CCCCCCCCCCCCCCCC)CCCCCCCCCCCCCCCC,PCFFC,*c1cc2c(s1)-c1sc(-c3cc(F)c(-c4c(F)cc(-c5cc6c(s5)-c5sc(*)cc5C6(CCCCCCCCCCCCCCCC)CCCCCCCCCCCCCCCC)c5nsnc45)c4nsnc34)cc1C2(CCCCCCCCCCCCCCCC)CCCCCCCCCCCCCCCC,1,0.0,1,0.001,0.003,-3.5,-5.24,*c1cc2c(s1)-c1sc(-c3cc(F)c(-c4c(F)cc(-c5cc6c(s5)-c5sc(*)cc5C6(CCCCCCCCCCCCCCCC)CCCCCCCCCCCCCCCC)c5nsnc45)c4nsnc34)cc1C2(CCCCCCCCCCCCCCCC)CCCCCCCCCCCCCCCC,*c1cc2c(s1)-c1sc(-c3cc(F)c(-c4c(F)cc(-c5cc6c(s5)-c5sc(*)cc5C6(CCCCCCCCCCCCCCCC)CCCCCCCCCCCCCCCC)c5nsnc45)c4nsnc34)cc1C2(CCCCCCCCCCCCCCCC)CCCCCCCCCCCCCCCC
10.1021/acs.chemmater.3c02006,IDT-BT,*c1cc2c(s1)-c1cc3c(cc1C2(CCCCCCCCCCCCCCCC)CCCCCCCCCCCCCCCC)-c1sc(-c2ccc(*)c4nsnc24)cc1C3(CCCCCCCCCCCCCCCC)CCCCCCCCCCCCCCCC,1,0.0,0,0.0,1.21,-3.62,-5.34,*c1cc2c(s1)-c1cc3c(cc1C2(CCCCCCCCCCCCCCCC)CCCCCCCCCCCCCCCC)-c1sc(*)cc1C3(CCCCCCCCCCCCCCCC)CCCCCCCCCCCCCCCC,*c1ccc(*)c2nsnc12,IDT-FBT,*c1cc2c(s1)-c1cc3c(cc1C2(CCCCCCCCCCCCCCCC)CCCCCCCCCCCCCCCC)-c1sc(-c2c(F)c(F)c(*)c4nsnc24)cc1C3(CCCCCCCCCCCCCCCC)CCCCCCCCCCCCCCCC,1,0.0,0,0.0,3.97,-3.64,-5.39,*c1cc2c(s1)-c1cc3c(cc1C2(CCCCCCCCCCCCCCCC)CCCCCCCCCCCCCCCC)-c1sc(*)cc1C3(CCCCCCCCCCCCCCCC)CCCCCCCCCCCCCCCC,*c1c(F)c(F)c(*)c2nsnc12
10.1021/acs.chemmater.3c02006,IDT-BT,*c1cc2c(s1)-c1cc3c(cc1C2(CCCCCCCCCCCCCCCC)CCCCCCCCCCCCCCCC)-c1sc(-c2ccc(*)c4nsnc24)cc1C3(CCCCCCCCCCCCCCCC)CCCCCCCCCCCCCCCC,1,0.0,0,0.0,1.21,-3.62,-5.34,*c1cc2c(s1)-c1cc3c(cc1C2(CCCCCCCCCCCCCCCC)CCCCCCCCCCCCCCCC)-c1sc(*)cc1C3(CCCCCCCCCCCCCCCC)CCCCCCCCCCCCCCCC,*c1ccc(*)c2nsnc12,IDT-EDOBT,*c1cc2c(s1)-c1cc3c(cc1C2(CCCCCCCCCCCCCCCC)CCCCCCCCCCCCCCCC)-c1sc(-c2c4c(c(*)c5nsnc25)OCCO4)cc1C3(CCCCCCCCCCCCCCCC)CCCCCCCCCCCCCCCC,1,0.0,0,0.0,1.12,-3.37,-5.15,*c1cc2c(s1)-c1cc3c(cc1C2(CCCCCCCCCCCCCCCC)CCCCCCCCCCCCCCCC)-c1sc(*)cc1C3(CCCCCCCCCCCCCCCC)CCCCCCCCCCCCCCCC,*c1c2c(c(*)c3nsnc13)OCCO2
10.1021/acs.chemmater.3c02006,IDT-BT,*c1cc2c(s1)-c1cc3c(cc1C2(CCCCCCCCCCCCCCCC)CCCCCCCCCCCCCCCC)-c1sc(-c2ccc(*)c4nsnc24)cc1C3(CCCCCCCCCCCCCCCC)CCCCCCCCCCCCCCCC,1,0.0,0,0.0,1.21,-3.62,-5.34,*c1cc2c(s1)-c1cc3c(cc1C2(CCCCCCCCCCCCCCCC)CCCCCCCCCCCCCCCC)-c1sc(*)cc1C3(CCCCCCCCCCCCCCCC)CCCCCCCCCCCCCCCC,*c1ccc(*)c2nsnc12,IDT-NT,*c1cc2c(s1)-c1cc3c(cc1C2(CCCCCCCCCCCCCCCC)CCCCCCCCCCCCCCCC)-c1sc(-c2cc4c(cc(*)c5nsnc54)c4nsnc24)cc1C3(CCCCCCCCCCCCCCCC)CCCCCCCCCCCCCCCC,1,0.0,1,0.0,0.52,-3.82,-5.47,*c1cc2c(s1)-c1cc3c(cc1C2(CCCCCCCCCCCCCCCC)CCCCCCCCCCCCCCCC)-c1sc(*)cc1C3(CCCCCCCCCCCCCCCC)CCCCCCCCCCCCCCCC,*c1cc2c(cc(*)c3nsnc32)c2nsnc12
10.1021/acs.chemmater.3c02006,IDT-FBT,*c1cc2c(s1)-c1cc3c(cc1C2(CCCCCCCCCCCCCCCC)CCCCCCCCCCCCCCCC)-c1sc(-c2c(F)c(F)c(*)c4nsnc24)cc1C3(CCCCCCCCCCCCCCCC)CCCCCCCCCCCCCCCC,1,0.0,0,0.0,3.97,-3.64,-5.39,*c1cc2c(s1)-c1cc3c(cc1C2(CCCCCCCCCCCCCCCC)CCCCCCCCCCCCCCCC)-c1sc(*)cc1C3(CCCCCCCCCCCCCCCC)CCCCCCCCCCCCCCCC,*c1c(F)c(F)c(*)c2nsnc12,IDT-EDOBT,*c1cc2c(s1)-c1cc3c(cc1C2(CCCCCCCCCCCCCCCC)CCCCCCCCCCCCCCCC)-c1sc(-c2c4c(c(*)c5nsnc25)OCCO4)cc1C3(CCCCCCCCCCCCCCCC)CCCCCCCCCCCCCCCC,1,0.0,0,0.0,1.12,-3.37,-5.15,*c1cc2c(s1)-c1cc3c(cc1C2(CCCCCCCCCCCCCCCC)CCCCCCCCCCCCCCCC)-c1sc(*)cc1C3(CCCCCCCCCCCCCCCC)CCCCCCCCCCCCCCCC,*c1c2c(c(*)c3nsnc13)OCCO2
10.1021/acs.chemmater.3c02006,IDT-FBT,*c1cc2c(s1)-c1cc3c(cc1C2(CCCCCCCCCCCCCCCC)CCCCCCCCCCCCCCCC)-c1sc(-c2c(F)c(F)c(*)c4nsnc24)cc1C3(CCCCCCCCCCCCCCCC)CCCCCCCCCCCCCCCC,1,0.0,0,0.0,3.97,-3.64,-5.39,*c1cc2c(s1)-c1cc3c(cc1C2(CCCCCCCCCCCCCCCC)CCCCCCCCCCCCCCCC)-c1sc(*)cc1C3(CCCCCCCCCCCCCCCC)CCCCCCCCCCCCCCCC,*c1c(F)c(F)c(*)c2nsnc12,IDT-NT,*c1cc2c(s1)-c1cc3c(cc1C2(CCCCCCCCCCCCCCCC)CCCCCCCCCCCCCCCC)-c1sc(-c2cc4c(cc(*)c5nsnc54)c4nsnc24)cc1C3(CCCCCCCCCCCCCCCC)CCCCCCCCCCCCCCCC,1,0.0,1,0.0,0.52,-3.82,-5.47,*c1cc2c(s1)-c1cc3c(cc1C2(CCCCCCCCCCCCCCCC)CCCCCCCCCCCCCCCC)-c1sc(*)cc1C3(CCCCCCCCCCCCCCCC)CCCCCCCCCCCCCCCC,*c1cc2c(cc(*)c3nsnc32)c2nsnc12
10.1021/acs.chemmater.3c02006,IDT-EDOBT,*c1cc2c(s1)-c1cc3c(cc1C2(CCCCCCCCCCCCCCCC)CCCCCCCCCCCCCCCC)-c1sc(-c2c4c(c(*)c5nsnc25)OCCO4)cc1C3(CCCCCCCCCCCCCCCC)CCCCCCCCCCCCCCCC,1,0.0,0,0.0,1.12,-3.37,-5.15,*c1cc2c(s1)-c1cc3c(cc1C2(CCCCCCCCCCCCCCCC)CCCCCCCCCCCCCCCC)-c1sc(*)cc1C3(CCCCCCCCCCCCCCCC)CCCCCCCCCCCCCCCC,*c1c2c(c(*)c3nsnc13)OCCO2,IDT-NT,*c1cc2c(s1)-c1cc3c(cc1C2(CCCCCCCCCCCCCCCC)CCCCCCCCCCCCCCCC)-c1sc(-c2cc4c(cc(*)c5nsnc54)c4nsnc24)cc1C3(CCCCCCCCCCCCCCCC)CCCCCCCCCCCCCCCC,1,0.0,1,0.0,0.52,-3.82,-5.47,*c1cc2c(s1)-c1cc3c(cc1C2(CCCCCCCCCCCCCCCC)CCCCCCCCCCCCCCCC)-c1sc(*)cc1C3(CCCCCCCCCCCCCCCC)CCCCCCCCCCCCCCCC,*c1cc2c(cc(*)c3nsnc32)c2nsnc12
10.1021/acs.chemmater.3c02182,PNDIFu2,*c1ccc(-c2cc3c4c(c(-c5ccc(*)o5)cc5c4c2C(=O)N(CC(CCCCCCCC)CCCCCCCCCC)C5=O)C(=O)N(CC(CCCCCCCC)CCCCCCCCCC)C3=O)o1,1,0.0,1,0.012,0.0,-3.8,-5.76,*c1ccc(-c2cc3c4c(c(-c5ccc(*)o5)cc5c4c2C(=O)N(CC(CCCCCCCC)CCCCCCCCCC)C5=O)C(=O)N(CC(CCCCCCCC)CCCCCCCCCC)C3=O)o1,*c1ccc(-c2cc3c4c(c(-c5ccc(*)o5)cc5c4c2C(=O)N(CC(CCCCCCCC)CCCCCCCCCC)C5=O)C(=O)N(CC(CCCCCCCC)CCCCCCCCCC)C3=O)o1,PNDITh2,*c1ccc(-c2cc3c4c(c(-c5ccc(*)s5)cc5c4c2C(=O)N(CC(CCCCCCCC)CCCCCCCCCC)C5=O)C(=O)N(CC(CCCCCCCC)CCCCCCCCCC)C3=O)s1,1,0.0,1,0.24,0.0,-3.8,-5.94,*c1ccc(-c2cc3c4c(c(-c5ccc(*)s5)cc5c4c2C(=O)N(CC(CCCCCCCC)CCCCCCCCCC)C5=O)C(=O)N(CC(CCCCCCCC)CCCCCCCCCC)C3=O)s1,*c1ccc(-c2cc3c4c(c(-c5ccc(*)s5)cc5c4c2C(=O)N(CC(CCCCCCCC)CCCCCCCCCC)C5=O)C(=O)N(CC(CCCCCCCC)CCCCCCCCCC)C3=O)s1
10.1021/acs.chemmater.3c02182,PNDIFu2,*c1ccc(-c2cc3c4c(c(-c5ccc(*)o5)cc5c4c2C(=O)N(CC(CCCCCCCC)CCCCCCCCCC)C5=O)C(=O)N(CC(CCCCCCCC)CCCCCCCCCC)C3=O)o1,1,0.0,1,0.012,0.0,-3.8,-5.76,*c1ccc(-c2cc3c4c(c(-c5ccc(*)o5)cc5c4c2C(=O)N(CC(CCCCCCCC)CCCCCCCCCC)C5=O)C(=O)N(CC(CCCCCCCC)CCCCCCCCCC)C3=O)o1,*c1ccc(-c2cc3c4c(c(-c5ccc(*)o5)cc5c4c2C(=O)N(CC(CCCCCCCC)CCCCCCCCCC)C5=O)C(=O)N(CC(CCCCCCCC)CCCCCCCCCC)C3=O)o1,PNDISe2,*c1ccc(-c2cc3c4c(c(-c5ccc(*)[se]5)cc5c4c2C(=O)N(CC(CCCCCCCC)CCCCCCCCCC)C5=O)C(=O)N(CC(CCCCCCCC)CCCCCCCCCC)C3=O)[se]1,1,0.0,1,0.05,0.0,-3.82,-5.82,*c1ccc(-c2cc3c4c(c(-c5ccc(*)[se]5)cc5c4c2C(=O)N(CC(CCCCCCCC)CCCCCCCCCC)C5=O)C(=O)N(CC(CCCCCCCC)CCCCCCCCCC)C3=O)[se]1,*c1ccc(-c2cc3c4c(c(-c5ccc(*)[se]5)cc5c4c2C(=O)N(CC(CCCCCCCC)CCCCCCCCCC)C5=O)C(=O)N(CC(CCCCCCCC)CCCCCCCCCC)C3=O)[se]1
10.1021/acs.chemmater.3c02182,PNDIFu2,*c1ccc(-c2cc3c4c(c(-c5ccc(*)o5)cc5c4c2C(=O)N(CC(CCCCCCCC)CCCCCCCCCC)C5=O)C(=O)N(CC(CCCCCCCC)CCCCCCCCCC)C3=O)o1,1,0.0,1,0.012,0.0,-3.8,-5.76,*c1ccc(-c2cc3c4c(c(-c5ccc(*)o5)cc5c4c2C(=O)N(CC(CCCCCCCC)CCCCCCCCCC)C5=O)C(=O)N(CC(CCCCCCCC)CCCCCCCCCC)C3=O)o1,*c1ccc(-c2cc3c4c(c(-c5ccc(*)o5)cc5c4c2C(=O)N(CC(CCCCCCCC)CCCCCCCCCC)C5=O)C(=O)N(CC(CCCCCCCC)CCCCCCCCCC)C3=O)o1,PNDIThSe,*c1ccc(-c2cc3c4c(c(-c5ccc(*)[se]5)cc5c4c2C(=O)N(CC(CCCCCCCC)CCCCCCCCCC)C5=O)C(=O)N(CC(CCCCCCCC)CCCCCCCCCC)C3=O)s1,1,0.0,0,0.19,0.0,-3.81,-5.85,*c1ccc(-c2cc3c4c(c(-c5ccc(*)[se]5)cc5c4c2C(=O)N(CC(CCCCCCCC)CCCCCCCCCC)C5=O)C(=O)N(CC(CCCCCCCC)CCCCCCCCCC)C3=O)s1,*c1ccc(-c2cc3c4c(c(-c5ccc(*)[se]5)cc5c4c2C(=O)N(CC(CCCCCCCC)CCCCCCCCCC)C5=O)C(=O)N(CC(CCCCCCCC)CCCCCCCCCC)C3=O)s1
10.1021/acs.chemmater.3c02182,PNDIFu2,*c1ccc(-c2cc3c4c(c(-c5ccc(*)o5)cc5c4c2C(=O)N(CC(CCCCCCCC)CCCCCCCCCC)C5=O)C(=O)N(CC(CCCCCCCC)CCCCCCCCCC)C3=O)o1,1,0.0,1,0.012,0.0,-3.8,-5.76,*c1ccc(-c2cc3c4c(c(-c5ccc(*)o5)cc5c4c2C(=O)N(CC(CCCCCCCC)CCCCCCCCCC)C5=O)C(=O)N(CC(CCCCCCCC)CCCCCCCCCC)C3=O)o1,*c1ccc(-c2cc3c4c(c(-c5ccc(*)o5)cc5c4c2C(=O)N(CC(CCCCCCCC)CCCCCCCCCC)C5=O)C(=O)N(CC(CCCCCCCC)CCCCCCCCCC)C3=O)o1,PNDIThFu,*c1ccc(-c2cc3c4c(c(-c5ccc(*)s5)cc5c4c2C(=O)N(CC(CCCCCCCC)CCCCCCCCCC)C5=O)C(=O)N(CC(CCCCCCCC)CCCCCCCCCC)C3=O)o1,1,0.0,0,0.025,0.0,-3.8,-5.78,*c1ccc(-c2cc3c4c(c(-c5ccc(*)s5)cc5c4c2C(=O)N(CC(CCCCCCCC)CCCCCCCCCC)C5=O)C(=O)N(CC(CCCCCCCC)CCCCCCCCCC)C3=O)o1,*c1ccc(-c2cc3c4c(c(-c5ccc(*)s5)cc5c4c2C(=O)N(CC(CCCCCCCC)CCCCCCCCCC)C5=O)C(=O)N(CC(CCCCCCCC)CCCCCCCCCC)C3=O)o1
10.1021/acs.chemmater.3c02182,PNDITh2,*c1ccc(-c2cc3c4c(c(-c5ccc(*)s5)cc5c4c2C(=O)N(CC(CCCCCCCC)CCCCCCCCCC)C5=O)C(=O)N(CC(CCCCCCCC)CCCCCCCCCC)C3=O)s1,1,0.0,1,0.24,0.0,-3.8,-5.94,*c1ccc(-c2cc3c4c(c(-c5ccc(*)s5)cc5c4c2C(=O)N(CC(CCCCCCCC)CCCCCCCCCC)C5=O)C(=O)N(CC(CCCCCCCC)CCCCCCCCCC)C3=O)s1,*c1ccc(-c2cc3c4c(c(-c5ccc(*)s5)cc5c4c2C(=O)N(CC(CCCCCCCC)CCCCCCCCCC)C5=O)C(=O)N(CC(CCCCCCCC)CCCCCCCCCC)C3=O)s1,PNDISe2,*c1ccc(-c2cc3c4c(c(-c5ccc(*)[se]5)cc5c4c2C(=O)N(CC(CCCCCCCC)CCCCCCCCCC)C5=O)C(=O)N(CC(CCCCCCCC)CCCCCCCCCC)C3=O)[se]1,1,0.0,1,0.05,0.0,-3.82,-5.82,*c1ccc(-c2cc3c4c(c(-c5ccc(*)[se]5)cc5c4c2C(=O)N(CC(CCCCCCCC)CCCCCCCCCC)C5=O)C(=O)N(CC(CCCCCCCC)CCCCCCCCCC)C3=O)[se]1,*c1ccc(-c2cc3c4c(c(-c5ccc(*)[se]5)cc5c4c2C(=O)N(CC(CCCCCCCC)CCCCCCCCCC)C5=O)C(=O)N(CC(CCCCCCCC)CCCCCCCCCC)C3=O)[se]1
10.1021/acs.chemmater.3c02182,PNDITh2,*c1ccc(-c2cc3c4c(c(-c5ccc(*)s5)cc5c4c2C(=O)N(CC(CCCCCCCC)CCCCCCCCCC)C5=O)C(=O)N(CC(CCCCCCCC)CCCCCCCCCC)C3=O)s1,1,0.0,1,0.24,0.0,-3.8,-5.94,*c1ccc(-c2cc3c4c(c(-c5ccc(*)s5)cc5c4c2C(=O)N(CC(CCCCCCCC)CCCCCCCCCC)C5=O)C(=O)N(CC(CCCCCCCC)CCCCCCCCCC)C3=O)s1,*c1ccc(-c2cc3c4c(c(-c5ccc(*)s5)cc5c4c2C(=O)N(CC(CCCCCCCC)CCCCCCCCCC)C5=O)C(=O)N(CC(CCCCCCCC)CCCCCCCCCC)C3=O)s1,PNDIThSe,*c1ccc(-c2cc3c4c(c(-c5ccc(*)[se]5)cc5c4c2C(=O)N(CC(CCCCCCCC)CCCCCCCCCC)C5=O)C(=O)N(CC(CCCCCCCC)CCCCCCCCCC)C3=O)s1,1,0.0,0,0.19,0.0,-3.81,-5.85,*c1ccc(-c2cc3c4c(c(-c5ccc(*)[se]5)cc5c4c2C(=O)N(CC(CCCCCCCC)CCCCCCCCCC)C5=O)C(=O)N(CC(CCCCCCCC)CCCCCCCCCC)C3=O)s1,*c1ccc(-c2cc3c4c(c(-c5ccc(*)[se]5)cc5c4c2C(=O)N(CC(CCCCCCCC)CCCCCCCCCC)C5=O)C(=O)N(CC(CCCCCCCC)CCCCCCCCCC)C3=O)s1
10.1021/acs.chemmater.3c02182,PNDITh2,*c1ccc(-c2cc3c4c(c(-c5ccc(*)s5)cc5c4c2C(=O)N(CC(CCCCCCCC)CCCCCCCCCC)C5=O)C(=O)N(CC(CCCCCCCC)CCCCCCCCCC)C3=O)s1,1,0.0,1,0.24,0.0,-3.8,-5.94,*c1ccc(-c2cc3c4c(c(-c5ccc(*)s5)cc5c4c2C(=O)N(CC(CCCCCCCC)CCCCCCCCCC)C5=O)C(=O)N(CC(CCCCCCCC)CCCCCCCCCC)C3=O)s1,*c1ccc(-c2cc3c4c(c(-c5ccc(*)s5)cc5c4c2C(=O)N(CC(CCCCCCCC)CCCCCCCCCC)C5=O)C(=O)N(CC(CCCCCCCC)CCCCCCCCCC)C3=O)s1,PNDIThFu,*c1ccc(-c2cc3c4c(c(-c5ccc(*)s5)cc5c4c2C(=O)N(CC(CCCCCCCC)CCCCCCCCCC)C5=O)C(=O)N(CC(CCCCCCCC)CCCCCCCCCC)C3=O)o1,1,0.0,0,0.025,0.0,-3.8,-5.78,*c1ccc(-c2cc3c4c(c(-c5ccc(*)s5)cc5c4c2C(=O)N(CC(CCCCCCCC)CCCCCCCCCC)C5=O)C(=O)N(CC(CCCCCCCC)CCCCCCCCCC)C3=O)o1,*c1ccc(-c2cc3c4c(c(-c5ccc(*)s5)cc5c4c2C(=O)N(CC(CCCCCCCC)CCCCCCCCCC)C5=O)C(=O)N(CC(CCCCCCCC)CCCCCCCCCC)C3=O)o1
10.1021/acs.chemmater.3c02182,PNDISe2,*c1ccc(-c2cc3c4c(c(-c5ccc(*)[se]5)cc5c4c2C(=O)N(CC(CCCCCCCC)CCCCCCCCCC)C5=O)C(=O)N(CC(CCCCCCCC)CCCCCCCCCC)C3=O)[se]1,1,0.0,1,0.05,0.0,-3.82,-5.82,*c1ccc(-c2cc3c4c(c(-c5ccc(*)[se]5)cc5c4c2C(=O)N(CC(CCCCCCCC)CCCCCCCCCC)C5=O)C(=O)N(CC(CCCCCCCC)CCCCCCCCCC)C3=O)[se]1,*c1ccc(-c2cc3c4c(c(-c5ccc(*)[se]5)cc5c4c2C(=O)N(CC(CCCCCCCC)CCCCCCCCCC)C5=O)C(=O)N(CC(CCCCCCCC)CCCCCCCCCC)C3=O)[se]1,PNDIThSe,*c1ccc(-c2cc3c4c(c(-c5ccc(*)[se]5)cc5c4c2C(=O)N(CC(CCCCCCCC)CCCCCCCCCC)C5=O)C(=O)N(CC(CCCCCCCC)CCCCCCCCCC)C3=O)s1,1,0.0,0,0.19,0.0,-3.81,-5.85,*c1ccc(-c2cc3c4c(c(-c5ccc(*)[se]5)cc5c4c2C(=O)N(CC(CCCCCCCC)CCCCCCCCCC)C5=O)C(=O)N(CC(CCCCCCCC)CCCCCCCCCC)C3=O)s1,*c1ccc(-c2cc3c4c(c(-c5ccc(*)[se]5)cc5c4c2C(=O)N(CC(CCCCCCCC)CCCCCCCCCC)C5=O)C(=O)N(CC(CCCCCCCC)CCCCCCCCCC)C3=O)s1
10.1021/acs.chemmater.3c02182,PNDISe2,*c1ccc(-c2cc3c4c(c(-c5ccc(*)[se]5)cc5c4c2C(=O)N(CC(CCCCCCCC)CCCCCCCCCC)C5=O)C(=O)N(CC(CCCCCCCC)CCCCCCCCCC)C3=O)[se]1,1,0.0,1,0.05,0.0,-3.82,-5.82,*c1ccc(-c2cc3c4c(c(-c5ccc(*)[se]5)cc5c4c2C(=O)N(CC(CCCCCCCC)CCCCCCCCCC)C5=O)C(=O)N(CC(CCCCCCCC)CCCCCCCCCC)C3=O)[se]1,*c1ccc(-c2cc3c4c(c(-c5ccc(*)[se]5)cc5c4c2C(=O)N(CC(CCCCCCCC)CCCCCCCCCC)C5=O)C(=O)N(CC(CCCCCCCC)CCCCCCCCCC)C3=O)[se]1,PNDIThFu,*c1ccc(-c2cc3c4c(c(-c5ccc(*)s5)cc5c4c2C(=O)N(CC(CCCCCCCC)CCCCCCCCCC)C5=O)C(=O)N(CC(CCCCCCCC)CCCCCCCCCC)C3=O)o1,1,0.0,0,0.025,0.0,-3.8,-5.78,*c1ccc(-c2cc3c4c(c(-c5ccc(*)s5)cc5c4c2C(=O)N(CC(CCCCCCCC)CCCCCCCCCC)C5=O)C(=O)N(CC(CCCCCCCC)CCCCCCCCCC)C3=O)o1,*c1ccc(-c2cc3c4c(c(-c5ccc(*)s5)cc5c4c2C(=O)N(CC(CCCCCCCC)CCCCCCCCCC)C5=O)C(=O)N(CC(CCCCCCCC)CCCCCCCCCC)C3=O)o1
10.1021/acs.chemmater.3c02182,PNDIThSe,*c1ccc(-c2cc3c4c(c(-c5ccc(*)[se]5)cc5c4c2C(=O)N(CC(CCCCCCCC)CCCCCCCCCC)C5=O)C(=O)N(CC(CCCCCCCC)CCCCCCCCCC)C3=O)s1,1,0.0,0,0.19,0.0,-3.81,-5.85,*c1ccc(-c2cc3c4c(c(-c5ccc(*)[se]5)cc5c4c2C(=O)N(CC(CCCCCCCC)CCCCCCCCCC)C5=O)C(=O)N(CC(CCCCCCCC)CCCCCCCCCC)C3=O)s1,*c1ccc(-c2cc3c4c(c(-c5ccc(*)[se]5)cc5c4c2C(=O)N(CC(CCCCCCCC)CCCCCCCCCC)C5=O)C(=O)N(CC(CCCCCCCC)CCCCCCCCCC)C3=O)s1,PNDIThFu,*c1ccc(-c2cc3c4c(c(-c5ccc(*)s5)cc5c4c2C(=O)N(CC(CCCCCCCC)CCCCCCCCCC)C5=O)C(=O)N(CC(CCCCCCCC)CCCCCCCCCC)C3=O)o1,1,0.0,0,0.025,0.0,-3.8,-5.78,*c1ccc(-c2cc3c4c(c(-c5ccc(*)s5)cc5c4c2C(=O)N(CC(CCCCCCCC)CCCCCCCCCC)C5=O)C(=O)N(CC(CCCCCCCC)CCCCCCCCCC)C3=O)o1,*c1ccc(-c2cc3c4c(c(-c5ccc(*)s5)cc5c4c2C(=O)N(CC(CCCCCCCC)CCCCCCCCCC)C5=O)C(=O)N(CC(CCCCCCCC)CCCCCCCCCC)C3=O)o1
10.1021/acs.chemmater.5b00018,BDOPV-TT,*c1ccc2c(c1)N(CCCC(CCCCCCCCCCCCCCCCCC)CCCCCCCCCCCCCCCCCC)C(=O)/C2=C1/C(=O)Oc2cc3c(cc21)OC(=O)/C3=C1/C(=O)N(CCCC(CCCCCCCCCCCCCCCCCC)CCCCCCCCCCCCCCCCCC)c2cc(-c3cc4sc(*)cc4s3)ccc21,1,0.0,1,1.37,1.7,-3.83,-5.7,*c1cc2sc(*)cc2s1,*c1ccc2c(c1)N(CCCC(CCCCCCCCCCCCCCCCCC)CCCCCCCCCCCCCCCCCC)C(=O)/C2=C1/C(=O)Oc2cc3c(cc21)OC(=O)/C3=C1/C(=O)N(CCCC(CCCCCCCCCCCCCCCCCC)CCCCCCCCCCCCCCCCCC)c2cc(*)ccc21,BDOPV-BDT,*c1ccc2c(c1)N(CCCC(CCCCCCCCCCCCCCCCCC)CCCCCCCCCCCCCCCCCC)C(=O)/C2=C1/C(=O)Oc2cc3c(cc21)OC(=O)/C3=C1/C(=O)N(CCCC(CCCCCCCCCCCCCCCCCC)CCCCCCCCCCCCCCCCCC)c2cc(-c3cc4cc5sc(*)cc5cc4s3)ccc21,1,0.0,1,0.11,0.12,-3.81,-5.78,*c1cc2cc3sc(*)cc3cc2s1,*c1ccc2c(c1)N(CCCC(CCCCCCCCCCCCCCCCCC)CCCCCCCCCCCCCCCCCC)C(=O)/C2=C1/C(=O)Oc2cc3c(cc21)OC(=O)/C3=C1/C(=O)N(CCCC(CCCCCCCCCCCCCCCCCC)CCCCCCCCCCCCCCCCCC)c2cc(*)ccc21
10.1021/acs.chemmater.5b00018,BDOPV-TT,*c1ccc2c(c1)N(CCCC(CCCCCCCCCCCCCCCCCC)CCCCCCCCCCCCCCCCCC)C(=O)/C2=C1/C(=O)Oc2cc3c(cc21)OC(=O)/C3=C1/C(=O)N(CCCC(CCCCCCCCCCCCCCCCCC)CCCCCCCCCCCCCCCCCC)c2cc(-c3cc4sc(*)cc4s3)ccc21,1,0.0,1,1.37,1.7,-3.83,-5.7,*c1cc2sc(*)cc2s1,*c1ccc2c(c1)N(CCCC(CCCCCCCCCCCCCCCCCC)CCCCCCCCCCCCCCCCCC)C(=O)/C2=C1/C(=O)Oc2cc3c(cc21)OC(=O)/C3=C1/C(=O)N(CCCC(CCCCCCCCCCCCCCCCCC)CCCCCCCCCCCCCCCCCC)c2cc(*)ccc21,BDOPV-BDSe,*c1ccc2c(c1)N(CCCC(CCCCCCCCCCCCCCCCCC)CCCCCCCCCCCCCCCCCC)C(=O)/C2=C1/C(=O)Oc2cc3c(cc21)OC(=O)/C3=C1/C(=O)N(CCCC(CCCCCCCCCCCCCCCCCC)CCCCCCCCCCCCCCCCCC)c2cc(-c3cc4cc5[se]c(*)cc5cc4[se]3)ccc21,1,0.0,1,0.16,0.1,-3.81,-5.74,*c1cc2cc3[se]c(*)cc3cc2[se]1,*c1ccc2c(c1)N(CCCC(CCCCCCCCCCCCCCCCCC)CCCCCCCCCCCCCCCCCC)C(=O)/C2=C1/C(=O)Oc2cc3c(cc21)OC(=O)/C3=C1/C(=O)N(CCCC(CCCCCCCCCCCCCCCCCC)CCCCCCCCCCCCCCCCCC)c2cc(*)ccc21
10.1021/acs.chemmater.5b00018,BDOPV-BDT,*c1ccc2c(c1)N(CCCC(CCCCCCCCCCCCCCCCCC)CCCCCCCCCCCCCCCCCC)C(=O)/C2=C1/C(=O)Oc2cc3c(cc21)OC(=O)/C3=C1/C(=O)N(CCCC(CCCCCCCCCCCCCCCCCC)CCCCCCCCCCCCCCCCCC)c2cc(-c3cc4cc5sc(*)cc5cc4s3)ccc21,1,0.0,1,0.11,0.12,-3.81,-5.78,*c1cc2cc3sc(*)cc3cc2s1,*c1ccc2c(c1)N(CCCC(CCCCCCCCCCCCCCCCCC)CCCCCCCCCCCCCCCCCC)C(=O)/C2=C1/C(=O)Oc2cc3c(cc21)OC(=O)/C3=C1/C(=O)N(CCCC(CCCCCCCCCCCCCCCCCC)CCCCCCCCCCCCCCCCCC)c2cc(*)ccc21,BDOPV-BDSe,*c1ccc2c(c1)N(CCCC(CCCCCCCCCCCCCCCCCC)CCCCCCCCCCCCCCCCCC)C(=O)/C2=C1/C(=O)Oc2cc3c(cc21)OC(=O)/C3=C1/C(=O)N(CCCC(CCCCCCCCCCCCCCCCCC)CCCCCCCCCCCCCCCCCC)c2cc(-c3cc4cc5[se]c(*)cc5cc4[se]3)ccc21,1,0.0,1,0.16,0.1,-3.81,-5.74,*c1cc2cc3[se]c(*)cc3cc2[se]1,*c1ccc2c(c1)N(CCCC(CCCCCCCCCCCCCCCCCC)CCCCCCCCCCCCCCCCCC)C(=O)/C2=C1/C(=O)Oc2cc3c(cc21)OC(=O)/C3=C1/C(=O)N(CCCC(CCCCCCCCCCCCCCCCCC)CCCCCCCCCCCCCCCCCC)c2cc(*)ccc21
10.1021/acs.chemmater.5b03124,NOz,*c1ccc(-c2ccc(-c3sc(-c4cc5c(cc(-c6cc(CC(CCCCCCCCCC)CCCCCCCCCCCC)c(*)s6)c6nonc65)c5nonc45)cc3CC(CCCCCCCCCC)CCCCCCCCCCCC)s2)s1,1,0.0,1,0.28,0.45,-3.65,-5.48,*c1ccc(-c2ccc(*)s2)s1,*c1sc(-c2cc3c(cc(-c4cc(CC(CCCCCCCCCC)CCCCCCCCCCCC)c(*)s4)c4nonc43)c3nonc23)cc1CC(CCCCCCCCCC)CCCCCCCCCCCC,NTz,*c1ccc(-c2ccc(-c3sc(-c4cc5c(cc(-c6cc(CC(CCCCCCCCCC)CCCCCCCCCCCC)c(*)s6)c6nsnc65)c5nsnc45)cc3CC(CCCCCCCCCC)CCCCCCCCCCCC)s2)s1,1,0.0,1,0.0,0.22,-3.46,-5.14,*c1ccc(-c2ccc(*)s2)s1,*c1sc(-c2cc3c(cc(-c4cc(CC(CCCCCCCCCC)CCCCCCCCCCCC)c(*)s4)c4nsnc43)c3nsnc23)cc1CC(CCCCCCCCCC)CCCCCCCCCCCC
10.1021/acs.chemmater.5b03124,NOz,*c1ccc(-c2ccc(-c3sc(-c4cc5c(cc(-c6cc(CC(CCCCCCCCCC)CCCCCCCCCCCC)c(*)s6)c6nonc65)c5nonc45)cc3CC(CCCCCCCCCC)CCCCCCCCCCCC)s2)s1,1,0.0,1,0.28,0.45,-3.65,-5.48,*c1ccc(-c2ccc(*)s2)s1,*c1sc(-c2cc3c(cc(-c4cc(CC(CCCCCCCCCC)CCCCCCCCCCCC)c(*)s4)c4nonc43)c3nonc23)cc1CC(CCCCCCCCCC)CCCCCCCCCCCC,NSz,*c1ccc(-c2ccc(-c3sc(-c4cc5c(cc(-c6cc(CC(CCCCCCCCCC)CCCCCCCCCCCC)c(*)s6)c6n[se]nc65)c5n[se]nc45)cc3CC(CCCCCCCCCC)CCCCCCCCCCCC)s2)s1,1,0.0,1,0.0,0.059,-3.55,-5.22,*c1ccc(-c2ccc(*)s2)s1,*c1sc(-c2cc3c(cc(-c4cc(CC(CCCCCCCCCC)CCCCCCCCCCCC)c(*)s4)c4n[se]nc43)c3n[se]nc23)cc1CC(CCCCCCCCCC)CCCCCCCCCCCC
10.1021/acs.chemmater.5b03124,NTz,*c1ccc(-c2ccc(-c3sc(-c4cc5c(cc(-c6cc(CC(CCCCCCCCCC)CCCCCCCCCCCC)c(*)s6)c6nsnc65)c5nsnc45)cc3CC(CCCCCCCCCC)CCCCCCCCCCCC)s2)s1,1,0.0,1,0.0,0.22,-3.46,-5.14,*c1ccc(-c2ccc(*)s2)s1,*c1sc(-c2cc3c(cc(-c4cc(CC(CCCCCCCCCC)CCCCCCCCCCCC)c(*)s4)c4nsnc43)c3nsnc23)cc1CC(CCCCCCCCCC)CCCCCCCCCCCC,NSz,*c1ccc(-c2ccc(-c3sc(-c4cc5c(cc(-c6cc(CC(CCCCCCCCCC)CCCCCCCCCCCC)c(*)s6)c6n[se]nc65)c5n[se]nc45)cc3CC(CCCCCCCCCC)CCCCCCCCCCCC)s2)s1,1,0.0,1,0.0,0.059,-3.55,-5.22,*c1ccc(-c2ccc(*)s2)s1,*c1sc(-c2cc3c(cc(-c4cc(CC(CCCCCCCCCC)CCCCCCCCCCCC)c(*)s4)c4n[se]nc43)c3n[se]nc23)cc1CC(CCCCCCCCCC)CCCCCCCCCCCC
10.1021/acs.chemmater.6b00154,PAIID-BT-C1 ,*c1ccc2c(n1)N(CC(CCCCCCCCCC)CCCCCCCCCCCC)C(=O)/C2=C1/C(=O)N(CC(CCCCCCCCCC)CCCCCCCCCCCC)c2nc(-c3ccc(-c4ccc(*)s4)s3)ccc21,1,0.0,1,0.47,0.45,-3.62,-5.66,*c1ccc2c(n1)N(CC(CCCCCCCCCC)CCCCCCCCCCCC)C(=O)/C2=C1/C(=O)N(CC(CCCCCCCCCC)CCCCCCCCCCCC)c2nc(*)ccc21,*c1ccc(-c2ccc(*)s2)s1,PAIID-BT-C3,*c1ccc2c(n1)N(CCCC(CCCCCCCCCC)CCCCCCCCCC)C(=O)/C2=C1/C(=O)N(CCCC(CCCCCCCCCC)CCCCCCCCCC)c2nc(-c3ccc(-c4ccc(*)s4)s3)ccc21,1,0.0,1,0.78,2.33,-3.64,-5.67,*c1ccc2c(n1)N(CCCC(CCCCCCCCCC)CCCCCCCCCC)C(=O)/C2=C1/C(=O)N(CCCC(CCCCCCCCCC)CCCCCCCCCC)c2nc(*)ccc21,*c1ccc(-c2ccc(*)s2)s1
10.1021/acs.chemmater.6b02042,PaNDSDTFBT,*c1cc2cc(CCCCCCCCCCCC)c3c4[se]c(-c5sc(-c6c(F)c(F)c(-c7cc(CC(CCCCCC)CCCCCCCC)c(*)s7)c7nsnc67)cc5CC(CCCCCC)CCCCCCCC)cc4cc(CCCCCCCCCCCC)c3c2[se]1,1,0.0,0,0.0,3.77,-3.56,-5.41,*c1sc(-c2c(F)c(F)c(-c3cc(CC(CCCCCC)CCCCCCCC)c(*)s3)c3nsnc23)cc1CC(CCCCCC)CCCCCCCC,*c1cc2cc(CCCCCCCCCCCC)c3c4[se]c(*)cc4cc(CCCCCCCCCCCC)c3c2[se]1,PaNDSDPP,*c1ccc(C2=C3C(=O)N(CC(CCCCCCCC)CCCCCCCCCC)C(c4ccc(-c5cc6cc(CCCCCCCCCCCC)c7c8[se]c(*)cc8cc(CCCCCCCCCCCC)c7c6[se]5)s4)=C3C(=O)N2CC(CCCCCCCC)CCCCCCCCCC)s1,1,0.0,1,0.0,2.17,-3.84,-5.43,*c1ccc(C2=C3C(=O)N(CC(CCCCCCCC)CCCCCCCCCC)C(c4ccc(*)s4)=C3C(=O)N2CC(CCCCCCCC)CCCCCCCCCC)s1,*c1cc2cc(CCCCCCCCCCCC)c3c4[se]c(*)cc4cc(CCCCCCCCCCCC)c3c2[se]1
10.1021/acs.chemmater.6b02813,isoBT-4T,*c1cc(CC(CCCCCCCCCC)CCCCCCCCCCCC)c(-c2ccc(-c3ccc(-c4sc(-c5ccc(*)c6snnc56)cc4CC(CCCCCCCCCC)CCCCCCCCCCCC)s3)s2)s1,1,0.0,0,0.0,0.05,-3.7,-5.6,*c1ccc(*)c2snnc12,*c1cc(CC(CCCCCCCCCC)CCCCCCCCCCCC)c(-c2ccc(-c3ccc(-c4sc(*)cc4CC(CCCCCCCCCC)CCCCCCCCCCCC)s3)s2)s1,F1isoBT-4T,*c1ccc(-c2ccc(-c3sc(-c4cc(F)c(-c5cc(CC(CCCCCCCCCC)CCCCCCCCCCCC)c(*)s5)c5snnc45)cc3CC(CCCCCCCCCC)CCCCCCCCCCCC)s2)s1,1,0.0,0,0.0,0.24,-3.7,-5.6,*c1sc(-c2cc(F)c(-c3cc(CC(CCCCCCCCCC)CCCCCCCCCCCC)c(*)s3)c3snnc23)cc1CC(CCCCCCCCCC)CCCCCCCCCCCC,*c1ccc(-c2ccc(*)s2)s1
10.1021/acs.chemmater.6b02813,isoBT-4T,*c1cc(CC(CCCCCCCCCC)CCCCCCCCCCCC)c(-c2ccc(-c3ccc(-c4sc(-c5ccc(*)c6snnc56)cc4CC(CCCCCCCCCC)CCCCCCCCCCCC)s3)s2)s1,1,0.0,0,0.0,0.05,-3.7,-5.6,*c1ccc(*)c2snnc12,*c1cc(CC(CCCCCCCCCC)CCCCCCCCCCCC)c(-c2ccc(-c3ccc(-c4sc(*)cc4CC(CCCCCCCCCC)CCCCCCCCCCCC)s3)s2)s1,F2isoBT-4T,*c1ccc(-c2ccc(-c3sc(-c4c(F)c(F)c(-c5cc(CC(CCCCCCCCCC)CCCCCCCCCCCC)c(*)s5)c5snnc45)cc3CC(CCCCCCCCCC)CCCCCCCCCCCC)s2)s1,1,0.0,0,0.0,0.72,-3.8,-5.7,*c1sc(-c2c(F)c(F)c(-c3cc(CC(CCCCCCCCCC)CCCCCCCCCCCC)c(*)s3)c3snnc23)cc1CC(CCCCCCCCCC)CCCCCCCCCCCC,*c1ccc(-c2ccc(*)s2)s1
10.1021/acs.chemmater.6b02813,isoBT-4T,*c1cc(CC(CCCCCCCCCC)CCCCCCCCCCCC)c(-c2ccc(-c3ccc(-c4sc(-c5ccc(*)c6snnc56)cc4CC(CCCCCCCCCC)CCCCCCCCCCCC)s3)s2)s1,1,0.0,0,0.0,0.05,-3.7,-5.6,*c1ccc(*)c2snnc12,*c1cc(CC(CCCCCCCCCC)CCCCCCCCCCCC)c(-c2ccc(-c3ccc(-c4sc(*)cc4CC(CCCCCCCCCC)CCCCCCCCCCCC)s3)s2)s1,F1BTz-4T (CM),*c1ccc(-c2ccc(-c3sc(-c4c(F)cc(-c5cc(CC(CCCCCCCCCC)CCCCCCCCCCCC)c(*)s5)c5nsnc45)cc3CC(CCCCCCCCCC)CCCCCCCCCCCC)s2)s1,1,0.0,0,0.0,0.08,-3.9,-5.5,*c1sc(-c2cc(F)c(-c3cc(CC(CCCCCCCCCC)CCCCCCCCCCCC)c(*)s3)c3nsnc23)cc1CC(CCCCCCCCCC)CCCCCCCCCCCC,*c1ccc(-c2ccc(*)s2)s1
10.1021/acs.chemmater.6b02813,isoBT-4T,*c1cc(CC(CCCCCCCCCC)CCCCCCCCCCCC)c(-c2ccc(-c3ccc(-c4sc(-c5ccc(*)c6snnc56)cc4CC(CCCCCCCCCC)CCCCCCCCCCCC)s3)s2)s1,1,0.0,0,0.0,0.05,-3.7,-5.6,*c1ccc(*)c2snnc12,*c1cc(CC(CCCCCCCCCC)CCCCCCCCCCCC)c(-c2ccc(-c3ccc(-c4sc(*)cc4CC(CCCCCCCCCC)CCCCCCCCCCCC)s3)s2)s1,F2BTz-4T (CM),*c1ccc(-c2ccc(-c3sc(-c4c(F)c(F)c(-c5cc(CC(CCCCCCCCCC)CCCCCCCCCCCC)c(*)s5)c5nsnc45)cc3CC(CCCCCCCCCC)CCCCCCCCCCCC)s2)s1,1,0.0,1,0.0,0.79,-3.9,-5.5,*c1sc(-c2c(F)c(F)c(-c3cc(CC(CCCCCCCCCC)CCCCCCCCCCCC)c(*)s3)c3nsnc23)cc1CC(CCCCCCCCCC)CCCCCCCCCCCC,*c1ccc(-c2ccc(*)s2)s1
10.1021/acs.chemmater.6b02813,isoBT-4T,*c1cc(CC(CCCCCCCCCC)CCCCCCCCCCCC)c(-c2ccc(-c3ccc(-c4sc(-c5ccc(*)c6snnc56)cc4CC(CCCCCCCCCC)CCCCCCCCCCCC)s3)s2)s1,1,0.0,0,0.0,0.05,-3.7,-5.6,*c1ccc(*)c2snnc12,*c1cc(CC(CCCCCCCCCC)CCCCCCCCCCCC)c(-c2ccc(-c3ccc(-c4sc(*)cc4CC(CCCCCCCCCC)CCCCCCCCCCCC)s3)s2)s1,F0BTz-4T (CM),*c1ccc(-c2ccc(-c3sc(-c4ccc(-c5cc(CC(CCCCCCCCCC)CCCCCCCCCCCC)c(*)s5)c5nsnc45)cc3CC(CCCCCCCCCC)CCCCCCCCCCCC)s2)s1,1,0.0,0,0.0,0.05,-3.9,-5.6,*c1sc(-c2ccc(-c3cc(CC(CCCCCCCCCC)CCCCCCCCCCCC)c(*)s3)c3nsnc23)cc1CC(CCCCCCCCCC)CCCCCCCCCCCC,*c1ccc(-c2ccc(*)s2)s1
10.1021/acs.chemmater.6b02813,F1isoBT-4T,*c1ccc(-c2ccc(-c3sc(-c4cc(F)c(-c5cc(CC(CCCCCCCCCC)CCCCCCCCCCCC)c(*)s5)c5snnc45)cc3CC(CCCCCCCCCC)CCCCCCCCCCCC)s2)s1,1,0.0,0,0.0,0.24,-3.7,-5.6,*c1sc(-c2cc(F)c(-c3cc(CC(CCCCCCCCCC)CCCCCCCCCCCC)c(*)s3)c3snnc23)cc1CC(CCCCCCCCCC)CCCCCCCCCCCC,*c1ccc(-c2ccc(*)s2)s1,F2isoBT-4T,*c1ccc(-c2ccc(-c3sc(-c4c(F)c(F)c(-c5cc(CC(CCCCCCCCCC)CCCCCCCCCCCC)c(*)s5)c5snnc45)cc3CC(CCCCCCCCCC)CCCCCCCCCCCC)s2)s1,1,0.0,0,0.0,0.72,-3.8,-5.7,*c1sc(-c2c(F)c(F)c(-c3cc(CC(CCCCCCCCCC)CCCCCCCCCCCC)c(*)s3)c3snnc23)cc1CC(CCCCCCCCCC)CCCCCCCCCCCC,*c1ccc(-c2ccc(*)s2)s1
10.1021/acs.chemmater.6b02813,F1isoBT-4T,*c1ccc(-c2ccc(-c3sc(-c4cc(F)c(-c5cc(CC(CCCCCCCCCC)CCCCCCCCCCCC)c(*)s5)c5snnc45)cc3CC(CCCCCCCCCC)CCCCCCCCCCCC)s2)s1,1,0.0,0,0.0,0.24,-3.7,-5.6,*c1sc(-c2cc(F)c(-c3cc(CC(CCCCCCCCCC)CCCCCCCCCCCC)c(*)s3)c3snnc23)cc1CC(CCCCCCCCCC)CCCCCCCCCCCC,*c1ccc(-c2ccc(*)s2)s1,F1BTz-4T (CM),*c1ccc(-c2ccc(-c3sc(-c4c(F)cc(-c5cc(CC(CCCCCCCCCC)CCCCCCCCCCCC)c(*)s5)c5nsnc45)cc3CC(CCCCCCCCCC)CCCCCCCCCCCC)s2)s1,1,0.0,0,0.0,0.08,-3.9,-5.5,*c1sc(-c2cc(F)c(-c3cc(CC(CCCCCCCCCC)CCCCCCCCCCCC)c(*)s3)c3nsnc23)cc1CC(CCCCCCCCCC)CCCCCCCCCCCC,*c1ccc(-c2ccc(*)s2)s1
10.1021/acs.chemmater.6b02813,F1isoBT-4T,*c1ccc(-c2ccc(-c3sc(-c4cc(F)c(-c5cc(CC(CCCCCCCCCC)CCCCCCCCCCCC)c(*)s5)c5snnc45)cc3CC(CCCCCCCCCC)CCCCCCCCCCCC)s2)s1,1,0.0,0,0.0,0.24,-3.7,-5.6,*c1sc(-c2cc(F)c(-c3cc(CC(CCCCCCCCCC)CCCCCCCCCCCC)c(*)s3)c3snnc23)cc1CC(CCCCCCCCCC)CCCCCCCCCCCC,*c1ccc(-c2ccc(*)s2)s1,F2BTz-4T (CM),*c1ccc(-c2ccc(-c3sc(-c4c(F)c(F)c(-c5cc(CC(CCCCCCCCCC)CCCCCCCCCCCC)c(*)s5)c5nsnc45)cc3CC(CCCCCCCCCC)CCCCCCCCCCCC)s2)s1,1,0.0,1,0.0,0.79,-3.9,-5.5,*c1sc(-c2c(F)c(F)c(-c3cc(CC(CCCCCCCCCC)CCCCCCCCCCCC)c(*)s3)c3nsnc23)cc1CC(CCCCCCCCCC)CCCCCCCCCCCC,*c1ccc(-c2ccc(*)s2)s1
10.1021/acs.chemmater.6b02813,F1isoBT-4T,*c1ccc(-c2ccc(-c3sc(-c4cc(F)c(-c5cc(CC(CCCCCCCCCC)CCCCCCCCCCCC)c(*)s5)c5snnc45)cc3CC(CCCCCCCCCC)CCCCCCCCCCCC)s2)s1,1,0.0,0,0.0,0.24,-3.7,-5.6,*c1sc(-c2cc(F)c(-c3cc(CC(CCCCCCCCCC)CCCCCCCCCCCC)c(*)s3)c3snnc23)cc1CC(CCCCCCCCCC)CCCCCCCCCCCC,*c1ccc(-c2ccc(*)s2)s1,F0BTz-4T (CM),*c1ccc(-c2ccc(-c3sc(-c4ccc(-c5cc(CC(CCCCCCCCCC)CCCCCCCCCCCC)c(*)s5)c5nsnc45)cc3CC(CCCCCCCCCC)CCCCCCCCCCCC)s2)s1,1,0.0,0,0.0,0.05,-3.9,-5.6,*c1sc(-c2ccc(-c3cc(CC(CCCCCCCCCC)CCCCCCCCCCCC)c(*)s3)c3nsnc23)cc1CC(CCCCCCCCCC)CCCCCCCCCCCC,*c1ccc(-c2ccc(*)s2)s1
10.1021/acs.chemmater.6b02813,F2isoBT-4T,*c1ccc(-c2ccc(-c3sc(-c4c(F)c(F)c(-c5cc(CC(CCCCCCCCCC)CCCCCCCCCCCC)c(*)s5)c5snnc45)cc3CC(CCCCCCCCCC)CCCCCCCCCCCC)s2)s1,1,0.0,0,0.0,0.72,-3.8,-5.7,*c1sc(-c2c(F)c(F)c(-c3cc(CC(CCCCCCCCCC)CCCCCCCCCCCC)c(*)s3)c3snnc23)cc1CC(CCCCCCCCCC)CCCCCCCCCCCC,*c1ccc(-c2ccc(*)s2)s1,F1BTz-4T (CM),*c1ccc(-c2ccc(-c3sc(-c4c(F)cc(-c5cc(CC(CCCCCCCCCC)CCCCCCCCCCCC)c(*)s5)c5nsnc45)cc3CC(CCCCCCCCCC)CCCCCCCCCCCC)s2)s1,1,0.0,0,0.0,0.08,-3.9,-5.5,*c1sc(-c2cc(F)c(-c3cc(CC(CCCCCCCCCC)CCCCCCCCCCCC)c(*)s3)c3nsnc23)cc1CC(CCCCCCCCCC)CCCCCCCCCCCC,*c1ccc(-c2ccc(*)s2)s1
10.1021/acs.chemmater.6b02813,F2isoBT-4T,*c1ccc(-c2ccc(-c3sc(-c4c(F)c(F)c(-c5cc(CC(CCCCCCCCCC)CCCCCCCCCCCC)c(*)s5)c5snnc45)cc3CC(CCCCCCCCCC)CCCCCCCCCCCC)s2)s1,1,0.0,0,0.0,0.72,-3.8,-5.7,*c1sc(-c2c(F)c(F)c(-c3cc(CC(CCCCCCCCCC)CCCCCCCCCCCC)c(*)s3)c3snnc23)cc1CC(CCCCCCCCCC)CCCCCCCCCCCC,*c1ccc(-c2ccc(*)s2)s1,F2BTz-4T (CM),*c1ccc(-c2ccc(-c3sc(-c4c(F)c(F)c(-c5cc(CC(CCCCCCCCCC)CCCCCCCCCCCC)c(*)s5)c5nsnc45)cc3CC(CCCCCCCCCC)CCCCCCCCCCCC)s2)s1,1,0.0,1,0.0,0.79,-3.9,-5.5,*c1sc(-c2c(F)c(F)c(-c3cc(CC(CCCCCCCCCC)CCCCCCCCCCCC)c(*)s3)c3nsnc23)cc1CC(CCCCCCCCCC)CCCCCCCCCCCC,*c1ccc(-c2ccc(*)s2)s1
10.1021/acs.chemmater.6b02813,F2isoBT-4T,*c1ccc(-c2ccc(-c3sc(-c4c(F)c(F)c(-c5cc(CC(CCCCCCCCCC)CCCCCCCCCCCC)c(*)s5)c5snnc45)cc3CC(CCCCCCCCCC)CCCCCCCCCCCC)s2)s1,1,0.0,0,0.0,0.72,-3.8,-5.7,*c1sc(-c2c(F)c(F)c(-c3cc(CC(CCCCCCCCCC)CCCCCCCCCCCC)c(*)s3)c3snnc23)cc1CC(CCCCCCCCCC)CCCCCCCCCCCC,*c1ccc(-c2ccc(*)s2)s1,F0BTz-4T (CM),*c1ccc(-c2ccc(-c3sc(-c4ccc(-c5cc(CC(CCCCCCCCCC)CCCCCCCCCCCC)c(*)s5)c5nsnc45)cc3CC(CCCCCCCCCC)CCCCCCCCCCCC)s2)s1,1,0.0,0,0.0,0.05,-3.9,-5.6,*c1sc(-c2ccc(-c3cc(CC(CCCCCCCCCC)CCCCCCCCCCCC)c(*)s3)c3nsnc23)cc1CC(CCCCCCCCCC)CCCCCCCCCCCC,*c1ccc(-c2ccc(*)s2)s1
10.1021/acs.chemmater.6b02813,F1BTz-4T (CM),*c1ccc(-c2ccc(-c3sc(-c4c(F)cc(-c5cc(CC(CCCCCCCCCC)CCCCCCCCCCCC)c(*)s5)c5nsnc45)cc3CC(CCCCCCCCCC)CCCCCCCCCCCC)s2)s1,1,0.0,0,0.0,0.08,-3.9,-5.5,*c1sc(-c2cc(F)c(-c3cc(CC(CCCCCCCCCC)CCCCCCCCCCCC)c(*)s3)c3nsnc23)cc1CC(CCCCCCCCCC)CCCCCCCCCCCC,*c1ccc(-c2ccc(*)s2)s1,F2BTz-4T (CM),*c1ccc(-c2ccc(-c3sc(-c4c(F)c(F)c(-c5cc(CC(CCCCCCCCCC)CCCCCCCCCCCC)c(*)s5)c5nsnc45)cc3CC(CCCCCCCCCC)CCCCCCCCCCCC)s2)s1,1,0.0,1,0.0,0.79,-3.9,-5.5,*c1sc(-c2c(F)c(F)c(-c3cc(CC(CCCCCCCCCC)CCCCCCCCCCCC)c(*)s3)c3nsnc23)cc1CC(CCCCCCCCCC)CCCCCCCCCCCC,*c1ccc(-c2ccc(*)s2)s1
10.1021/acs.chemmater.6b02813,F1BTz-4T (CM),*c1ccc(-c2ccc(-c3sc(-c4c(F)cc(-c5cc(CC(CCCCCCCCCC)CCCCCCCCCCCC)c(*)s5)c5nsnc45)cc3CC(CCCCCCCCCC)CCCCCCCCCCCC)s2)s1,1,0.0,0,0.0,0.08,-3.9,-5.5,*c1sc(-c2cc(F)c(-c3cc(CC(CCCCCCCCCC)CCCCCCCCCCCC)c(*)s3)c3nsnc23)cc1CC(CCCCCCCCCC)CCCCCCCCCCCC,*c1ccc(-c2ccc(*)s2)s1,F0BTz-4T (CM),*c1ccc(-c2ccc(-c3sc(-c4ccc(-c5cc(CC(CCCCCCCCCC)CCCCCCCCCCCC)c(*)s5)c5nsnc45)cc3CC(CCCCCCCCCC)CCCCCCCCCCCC)s2)s1,1,0.0,0,0.0,0.05,-3.9,-5.6,*c1sc(-c2ccc(-c3cc(CC(CCCCCCCCCC)CCCCCCCCCCCC)c(*)s3)c3nsnc23)cc1CC(CCCCCCCCCC)CCCCCCCCCCCC,*c1ccc(-c2ccc(*)s2)s1
10.1021/acs.chemmater.6b02813,F2BTz-4T (CM),*c1ccc(-c2ccc(-c3sc(-c4c(F)c(F)c(-c5cc(CC(CCCCCCCCCC)CCCCCCCCCCCC)c(*)s5)c5nsnc45)cc3CC(CCCCCCCCCC)CCCCCCCCCCCC)s2)s1,1,0.0,1,0.0,0.79,-3.9,-5.5,*c1sc(-c2c(F)c(F)c(-c3cc(CC(CCCCCCCCCC)CCCCCCCCCCCC)c(*)s3)c3nsnc23)cc1CC(CCCCCCCCCC)CCCCCCCCCCCC,*c1ccc(-c2ccc(*)s2)s1,F0BTz-4T (CM),*c1ccc(-c2ccc(-c3sc(-c4ccc(-c5cc(CC(CCCCCCCCCC)CCCCCCCCCCCC)c(*)s5)c5nsnc45)cc3CC(CCCCCCCCCC)CCCCCCCCCCCC)s2)s1,1,0.0,0,0.0,0.05,-3.9,-5.6,*c1sc(-c2ccc(-c3cc(CC(CCCCCCCCCC)CCCCCCCCCCCC)c(*)s3)c3nsnc23)cc1CC(CCCCCCCCCC)CCCCCCCCCCCC,*c1ccc(-c2ccc(*)s2)s1
10.1021/acs.chemmater.6b03379,PNDIV-BT (P(NDI2OD-v-T2)),*/C=C/c1cc2c3c(c(/C=C/c4ccc(-c5ccc(*)s5)s4)cc4c3c1C(=O)N(CC(CCCCCCCC)CCCCCCCCCC)C4=O)C(=O)N(CC(CCCCCCCC)CCCCCCCCCC)C2=O,1,0.0,1,0.15,0.43,-3.76,-5.43,*c1ccc(-c2ccc(*)s2)s1,*/C=C/c1cc2c3c(c(/C=C/*)cc4c3c1C(=O)N(CC(CCCCCCCC)CCCCCCCCCC)C4=O)C(=O)N(CC(CCCCCCCC)CCCCCCCCCC)C2=O,PNDIV-TVT (P(NDI2OD-v-TVT)),*/C=C/c1cc2c3c(c(/C=C/c4ccc(/C=C/c5ccc(*)s5)s4)cc4c3c1C(=O)N(CC(CCCCCCCC)CCCCCCCCCC)C4=O)C(=O)N(CC(CCCCCCCC)CCCCCCCCCC)C2=O,1,0.0,1,0.08,0.12,-3.71,-5.37,*c1ccc(/C=C/c2ccc(*)s2)s1,*/C=C/c1cc2c3c(c(/C=C/*)cc4c3c1C(=O)N(CC(CCCCCCCC)CCCCCCCCCC)C4=O)C(=O)N(CC(CCCCCCCC)CCCCCCCCCC)C2=O
10.1021/acs.chemmater.6b03379,PNDIV-BT (P(NDI2OD-v-T2)),*/C=C/c1cc2c3c(c(/C=C/c4ccc(-c5ccc(*)s5)s4)cc4c3c1C(=O)N(CC(CCCCCCCC)CCCCCCCCCC)C4=O)C(=O)N(CC(CCCCCCCC)CCCCCCCCCC)C2=O,1,0.0,1,0.15,0.43,-3.76,-5.43,*c1ccc(-c2ccc(*)s2)s1,*/C=C/c1cc2c3c(c(/C=C/*)cc4c3c1C(=O)N(CC(CCCCCCCC)CCCCCCCCCC)C4=O)C(=O)N(CC(CCCCCCCC)CCCCCCCCCC)C2=O,P(NDI2OD-T2),*c1ccc(-c2ccc(-c3cc4c5c(c(*)cc6c5c3C(=O)N(CC(CCCCCCCC)CCCCCCCCCC)C6=O)C(=O)N(CC(CCCCCCCC)CCCCCCCCCC)C4=O)s2)s1,1,0.0,1,0.17,0.0,-3.93,-5.64,*c1ccc(-c2ccc(*)s2)s1,*c1cc2c3c(c(*)cc4c3c1C(=O)N(CC(CCCCCCCC)CCCCCCCCCC)C4=O)C(=O)N(CC(CCCCCCCC)CCCCCCCCCC)C2=O
10.1021/acs.chemmater.6b03379,PNDIV-TVT (P(NDI2OD-v-TVT)),*/C=C/c1cc2c3c(c(/C=C/c4ccc(/C=C/c5ccc(*)s5)s4)cc4c3c1C(=O)N(CC(CCCCCCCC)CCCCCCCCCC)C4=O)C(=O)N(CC(CCCCCCCC)CCCCCCCCCC)C2=O,1,0.0,1,0.08,0.12,-3.71,-5.37,*c1ccc(/C=C/c2ccc(*)s2)s1,*/C=C/c1cc2c3c(c(/C=C/*)cc4c3c1C(=O)N(CC(CCCCCCCC)CCCCCCCCCC)C4=O)C(=O)N(CC(CCCCCCCC)CCCCCCCCCC)C2=O,P(NDI2OD-T2),*c1ccc(-c2ccc(-c3cc4c5c(c(*)cc6c5c3C(=O)N(CC(CCCCCCCC)CCCCCCCCCC)C6=O)C(=O)N(CC(CCCCCCCC)CCCCCCCCCC)C4=O)s2)s1,1,0.0,1,0.17,0.0,-3.93,-5.64,*c1ccc(-c2ccc(*)s2)s1,*c1cc2c3c(c(*)cc4c3c1C(=O)N(CC(CCCCCCCC)CCCCCCCCCC)C4=O)C(=O)N(CC(CCCCCCCC)CCCCCCCCCC)C2=O
10.1021/acs.chemmater.6b03671,INDT-T,*c1ccc(-c2ccc(-c3c(=O)n4c5ccc(OCC(CCCCCCCC)CCCCCCCCCC)cc5c5c(-c6ccc(*)s6)c(=O)n6c7ccc(OCC(CCCCCCCC)CCCCCCCCCC)cc7c3c6c54)s2)s1,1,0.0,0,0.31,0.29,-3.76,-5.02,*c1ccc(*)s1,*c1ccc(-c2c(=O)n3c4ccc(OCC(CCCCCCCC)CCCCCCCCCC)cc4c4c(-c5ccc(*)s5)c(=O)n5c6ccc(OCC(CCCCCCCC)CCCCCCCCCC)cc6c2c5c43)s1,INDT-S,*c1ccc(-c2c(=O)n3c4ccc(OCC(CCCCCCCC)CCCCCCCCCC)cc4c4c(-c5ccc(-c6ccc(*)[se]6)s5)c(=O)n5c6ccc(OCC(CCCCCCCC)CCCCCCCCCC)cc6c2c5c43)s1,1,0.0,0,0.99,0.2,-3.77,-4.99,*c1ccc(*)[se]1,*c1ccc(-c2c(=O)n3c4ccc(OCC(CCCCCCCC)CCCCCCCCCC)cc4c4c(-c5ccc(*)s5)c(=O)n5c6ccc(OCC(CCCCCCCC)CCCCCCCCCC)cc6c2c5c43)s1
10.1021/acs.chemmater.6b03671,INDT-T,*c1ccc(-c2ccc(-c3c(=O)n4c5ccc(OCC(CCCCCCCC)CCCCCCCCCC)cc5c5c(-c6ccc(*)s6)c(=O)n6c7ccc(OCC(CCCCCCCC)CCCCCCCCCC)cc7c3c6c54)s2)s1,1,0.0,0,0.31,0.29,-3.76,-5.02,*c1ccc(*)s1,*c1ccc(-c2c(=O)n3c4ccc(OCC(CCCCCCCC)CCCCCCCCCC)cc4c4c(-c5ccc(*)s5)c(=O)n5c6ccc(OCC(CCCCCCCC)CCCCCCCCCC)cc6c2c5c43)s1,INDT-P,*c1ccc(-c2ccc(-c3c(=O)n4c5ccc(OCC(CCCCCCCC)CCCCCCCCCC)cc5c5c(-c6ccc(*)s6)c(=O)n6c7ccc(OCC(CCCCCCCC)CCCCCCCCCC)cc7c3c6c54)s2)cc1,1,0.0,1,0.028,0.002,-3.74,-5.14,*c1ccc(*)cc1,*c1ccc(-c2c(=O)n3c4ccc(OCC(CCCCCCCC)CCCCCCCCCC)cc4c4c(-c5ccc(*)s5)c(=O)n5c6ccc(OCC(CCCCCCCC)CCCCCCCCCC)cc6c2c5c43)s1
10.1021/acs.chemmater.6b03671,INDT-T,*c1ccc(-c2ccc(-c3c(=O)n4c5ccc(OCC(CCCCCCCC)CCCCCCCCCC)cc5c5c(-c6ccc(*)s6)c(=O)n6c7ccc(OCC(CCCCCCCC)CCCCCCCCCC)cc7c3c6c54)s2)s1,1,0.0,0,0.31,0.29,-3.76,-5.02,*c1ccc(*)s1,*c1ccc(-c2c(=O)n3c4ccc(OCC(CCCCCCCC)CCCCCCCCCC)cc4c4c(-c5ccc(*)s5)c(=O)n5c6ccc(OCC(CCCCCCCC)CCCCCCCCCC)cc6c2c5c43)s1,INDT-BT,*c1ccc(-c2c(=O)n3c4ccc(OCC(CCCCCCCC)CCCCCCCCCC)cc4c4c(-c5ccc(-c6ccc(*)c7nsnc67)s5)c(=O)n5c6ccc(OCC(CCCCCCCC)CCCCCCCCCC)cc6c2c5c43)s1,1,0.0,0,3.1,0.52,-3.74,-4.97,*c1ccc(*)c2nsnc12,*c1ccc(-c2c(=O)n3c4ccc(OCC(CCCCCCCC)CCCCCCCCCC)cc4c4c(-c5ccc(*)s5)c(=O)n5c6ccc(OCC(CCCCCCCC)CCCCCCCCCC)cc6c2c5c43)s1
10.1021/acs.chemmater.6b03671,INDT-S,*c1ccc(-c2c(=O)n3c4ccc(OCC(CCCCCCCC)CCCCCCCCCC)cc4c4c(-c5ccc(-c6ccc(*)[se]6)s5)c(=O)n5c6ccc(OCC(CCCCCCCC)CCCCCCCCCC)cc6c2c5c43)s1,1,0.0,0,0.99,0.2,-3.77,-4.99,*c1ccc(*)[se]1,*c1ccc(-c2c(=O)n3c4ccc(OCC(CCCCCCCC)CCCCCCCCCC)cc4c4c(-c5ccc(*)s5)c(=O)n5c6ccc(OCC(CCCCCCCC)CCCCCCCCCC)cc6c2c5c43)s1,INDT-P,*c1ccc(-c2ccc(-c3c(=O)n4c5ccc(OCC(CCCCCCCC)CCCCCCCCCC)cc5c5c(-c6ccc(*)s6)c(=O)n6c7ccc(OCC(CCCCCCCC)CCCCCCCCCC)cc7c3c6c54)s2)cc1,1,0.0,1,0.028,0.002,-3.74,-5.14,*c1ccc(*)cc1,*c1ccc(-c2c(=O)n3c4ccc(OCC(CCCCCCCC)CCCCCCCCCC)cc4c4c(-c5ccc(*)s5)c(=O)n5c6ccc(OCC(CCCCCCCC)CCCCCCCCCC)cc6c2c5c43)s1
10.1021/acs.chemmater.6b03671,INDT-S,*c1ccc(-c2c(=O)n3c4ccc(OCC(CCCCCCCC)CCCCCCCCCC)cc4c4c(-c5ccc(-c6ccc(*)[se]6)s5)c(=O)n5c6ccc(OCC(CCCCCCCC)CCCCCCCCCC)cc6c2c5c43)s1,1,0.0,0,0.99,0.2,-3.77,-4.99,*c1ccc(*)[se]1,*c1ccc(-c2c(=O)n3c4ccc(OCC(CCCCCCCC)CCCCCCCCCC)cc4c4c(-c5ccc(*)s5)c(=O)n5c6ccc(OCC(CCCCCCCC)CCCCCCCCCC)cc6c2c5c43)s1,INDT-BT,*c1ccc(-c2c(=O)n3c4ccc(OCC(CCCCCCCC)CCCCCCCCCC)cc4c4c(-c5ccc(-c6ccc(*)c7nsnc67)s5)c(=O)n5c6ccc(OCC(CCCCCCCC)CCCCCCCCCC)cc6c2c5c43)s1,1,0.0,0,3.1,0.52,-3.74,-4.97,*c1ccc(*)c2nsnc12,*c1ccc(-c2c(=O)n3c4ccc(OCC(CCCCCCCC)CCCCCCCCCC)cc4c4c(-c5ccc(*)s5)c(=O)n5c6ccc(OCC(CCCCCCCC)CCCCCCCCCC)cc6c2c5c43)s1
10.1021/acs.chemmater.6b03671,INDT-P,*c1ccc(-c2ccc(-c3c(=O)n4c5ccc(OCC(CCCCCCCC)CCCCCCCCCC)cc5c5c(-c6ccc(*)s6)c(=O)n6c7ccc(OCC(CCCCCCCC)CCCCCCCCCC)cc7c3c6c54)s2)cc1,1,0.0,1,0.028,0.002,-3.74,-5.14,*c1ccc(*)cc1,*c1ccc(-c2c(=O)n3c4ccc(OCC(CCCCCCCC)CCCCCCCCCC)cc4c4c(-c5ccc(*)s5)c(=O)n5c6ccc(OCC(CCCCCCCC)CCCCCCCCCC)cc6c2c5c43)s1,INDT-BT,*c1ccc(-c2c(=O)n3c4ccc(OCC(CCCCCCCC)CCCCCCCCCC)cc4c4c(-c5ccc(-c6ccc(*)c7nsnc67)s5)c(=O)n5c6ccc(OCC(CCCCCCCC)CCCCCCCCCC)cc6c2c5c43)s1,1,0.0,0,3.1,0.52,-3.74,-4.97,*c1ccc(*)c2nsnc12,*c1ccc(-c2c(=O)n3c4ccc(OCC(CCCCCCCC)CCCCCCCCCC)cc4c4c(-c5ccc(*)s5)c(=O)n5c6ccc(OCC(CCCCCCCC)CCCCCCCCCC)cc6c2c5c43)s1
10.1021/acs.chemmater.6b03761,IP-TT,*c1ccc2c(c1)C(CCCCCCCC)(CCCCCCCC)c1nc3c(nc1-2)C(CCCCCCCC)(CCCCCCCC)c1cc(-c2cc4sc(*)cc4s2)ccc1-3,1,0.0,1,0.0,0.019,-3.46,-5.82,*c1cc2sc(*)cc2s1,*c1ccc2c(c1)C(CCCCCCCC)(CCCCCCCC)c1nc3c(nc1-2)C(CCCCCCCC)(CCCCCCCC)c1cc(*)ccc1-3,IP-T,*c1ccc2c(c1)C(CCCCCCCC)(CCCCCCCC)c1nc3c(nc1-2)C(CCCCCCCC)(CCCCCCCC)c1cc(-c2ccc(*)s2)ccc1-3,1,0.0,0,0.0,0.086,-3.37,-5.78,*c1ccc(*)s1,*c1ccc2c(c1)C(CCCCCCCC)(CCCCCCCC)c1nc3c(nc1-2)C(CCCCCCCC)(CCCCCCCC)c1cc(*)ccc1-3
10.1021/acs.chemmater.8b02359,PBIBDF-FT,*c1ccc2c(c1)N(CCCC(CCCCCCCCCCCCCCCCCC)CCCCCCCCCCCCCCCCCC)C(=O)/C2=C1/C(=O)Oc2cc3c(cc21)OC(=O)/C3=C1/C(=O)N(CCCC(CCCCCCCCCCCCCCCCCC)CCCCCCCCCCCCCCCCCC)c2cc(-c3cc(F)c(-c4sc(*)cc4F)s3)ccc21,1,0.0,1,0.097,0.052,-4.0,-5.79,*c1ccc2c(c1)N(CCCC(CCCCCCCCCCCCCCCCCC)CCCCCCCCCCCCCCCCCC)C(=O)/C2=C1/C(=O)Oc2cc3c(cc21)OC(=O)/C3=C1/C(=O)N(CCCC(CCCCCCCCCCCCCCCCCC)CCCCCCCCCCCCCCCCCC)c2cc(*)ccc21,*c1cc(F)c(-c2sc(*)cc2F)s1,PBABDF-FT,*c1ccc2c(n1)N(CCCC(CCCCCCCCCCCCCCCCCC)CCCCCCCCCCCCCCCCCC)C(=O)/C2=C1/C(=O)Oc2cc3c(cc21)OC(=O)/C3=C1/C(=O)N(CCCC(CCCCCCCCCCCCCCCCCC)CCCCCCCCCCCCCCCCCC)c2nc(-c3cc(F)c(-c4sc(*)cc4F)s3)ccc21,1,0.0,1,0.77,0.0,-4.1,-6.04,*c1ccc2c(n1)N(CCCC(CCCCCCCCCCCCCCCCCC)CCCCCCCCCCCCCCCCCC)C(=O)/C2=C1/C(=O)Oc2cc3c(cc21)OC(=O)/C3=C1/C(=O)N(CCCC(CCCCCCCCCCCCCCCCCC)CCCCCCCCCCCCCCCCCC)c2nc(*)ccc21,*c1cc(F)c(-c2sc(*)cc2F)s1
10.1021/acs.chemmater.8b03670,PBTzI3T,*c1ccc(-c2cc(CCCCCCCCCCCC)c(-c3nc4c(=O)n(CC(CCCCCC)CCCCCCCC)c(=O)c5nc(-c6sc(*)cc6CCCCCCCCCCCC)sc5c4s3)s2)s1,1,0.0,0,0.027,0.00019,-3.27,-5.16,*c1ccc(*)s1,*c1cc(CCCCCCCCCCCC)c(-c2nc3c(=O)n(CC(CCCCCC)CCCCCCCC)c(=O)c4nc(-c5sc(*)cc5CCCCCCCCCCCC)sc4c3s2)s1,PBTzI3T-2F,*c1cc(CCCCCCCCCCCC)c(-c2nc3c(=O)n(CC(CCCCCC)CCCCCCCC)c(=O)c4nc(-c5sc(-c6sc(*)c(F)c6F)cc5CCCCCCCCCCCC)sc4c3s2)s1,1,0.0,0,0.066,0.0002,-3.33,-5.22,*c1sc(*)c(F)c1F,*c1cc(CCCCCCCCCCCC)c(-c2nc3c(=O)n(CC(CCCCCC)CCCCCCCC)c(=O)c4nc(-c5sc(*)cc5CCCCCCCCCCCC)sc4c3s2)s1
10.1021/acs.chemmater.8b03670,PBTzI3T,*c1ccc(-c2cc(CCCCCCCCCCCC)c(-c3nc4c(=O)n(CC(CCCCCC)CCCCCCCC)c(=O)c5nc(-c6sc(*)cc6CCCCCCCCCCCC)sc5c4s3)s2)s1,1,0.0,0,0.027,0.00019,-3.27,-5.16,*c1ccc(*)s1,*c1cc(CCCCCCCCCCCC)c(-c2nc3c(=O)n(CC(CCCCCC)CCCCCCCC)c(=O)c4nc(-c5sc(*)cc5CCCCCCCCCCCC)sc4c3s2)s1,PDTzTIT,*c1ccc(-c2cc3c(=O)n(CC(CCCCCC)CCCCCCCC)c(=O)c4nc(-c5nc6c(=O)n(CC(CCCCCC)CCCCCCCC)c(=O)c7cc(*)sc7c6s5)sc4c3s2)s1,1,0.0,0,0.2,0.0,-3.68,-5.59,*c1ccc(*)s1,*c1cc2c(=O)n(CC(CCCCCC)CCCCCCCC)c(=O)c3nc(-c4nc5c(=O)n(CC(CCCCCC)CCCCCCCC)c(=O)c6cc(*)sc6c5s4)sc3c2s1
10.1021/acs.chemmater.8b03670,PBTzI3T,*c1ccc(-c2cc(CCCCCCCCCCCC)c(-c3nc4c(=O)n(CC(CCCCCC)CCCCCCCC)c(=O)c5nc(-c6sc(*)cc6CCCCCCCCCCCC)sc5c4s3)s2)s1,1,0.0,0,0.027,0.00019,-3.27,-5.16,*c1ccc(*)s1,*c1cc(CCCCCCCCCCCC)c(-c2nc3c(=O)n(CC(CCCCCC)CCCCCCCC)c(=O)c4nc(-c5sc(*)cc5CCCCCCCCCCCC)sc4c3s2)s1,PDTzTIT-2F,*c1cc2c(=O)n(CC(CCCCCC)CCCCCCCC)c(=O)c3nc(-c4nc5c(=O)n(CC(CCCCCC)CCCCCCCC)c(=O)c6cc(-c7sc(*)c(F)c7F)sc6c5s4)sc3c2s1,1,0.0,0,0.91,0.0,-3.71,-5.75,*c1sc(*)c(F)c1F,*c1cc2c(=O)n(CC(CCCCCC)CCCCCCCC)c(=O)c3nc(-c4nc5c(=O)n(CC(CCCCCC)CCCCCCCC)c(=O)c6cc(*)sc6c5s4)sc3c2s1
10.1021/acs.chemmater.8b03670,PBTzI3T,*c1ccc(-c2cc(CCCCCCCCCCCC)c(-c3nc4c(=O)n(CC(CCCCCC)CCCCCCCC)c(=O)c5nc(-c6sc(*)cc6CCCCCCCCCCCC)sc5c4s3)s2)s1,1,0.0,0,0.027,0.00019,-3.27,-5.16,*c1ccc(*)s1,*c1cc(CCCCCCCCCCCC)c(-c2nc3c(=O)n(CC(CCCCCC)CCCCCCCC)c(=O)c4nc(-c5sc(*)cc5CCCCCCCCCCCC)sc4c3s2)s1,PDTzTI,*c1cc2c(=O)n(CC(CCCCCC)CCCCCCCC)c(=O)c3nc(-c4nc5c(=O)n(CC(CCCCCC)CCCCCCCC)c(=O)c6cc(*)sc6c5s4)sc3c2s1,1,0.0,1,1.22,0.0,-3.77,-5.78,*c1cc2c(=O)n(CC(CCCCCC)CCCCCCCC)c(=O)c3nc(-c4nc5c(=O)n(CC(CCCCCC)CCCCCCCC)c(=O)c6cc(*)sc6c5s4)sc3c2s1,*c1cc2c(=O)n(CC(CCCCCC)CCCCCCCC)c(=O)c3nc(-c4nc5c(=O)n(CC(CCCCCC)CCCCCCCC)c(=O)c6cc(*)sc6c5s4)sc3c2s1
10.1021/acs.chemmater.8b03670,PBTzI3T,*c1ccc(-c2cc(CCCCCCCCCCCC)c(-c3nc4c(=O)n(CC(CCCCCC)CCCCCCCC)c(=O)c5nc(-c6sc(*)cc6CCCCCCCCCCCC)sc5c4s3)s2)s1,1,0.0,0,0.027,0.00019,-3.27,-5.16,*c1ccc(*)s1,*c1cc(CCCCCCCCCCCC)c(-c2nc3c(=O)n(CC(CCCCCC)CCCCCCCC)c(=O)c4nc(-c5sc(*)cc5CCCCCCCCCCCC)sc4c3s2)s1,PBTzI,*c1nc2c(=O)n(CC(CCCCCC)CCCCCCCC)c(=O)c3nc(*)sc3c2s1,1,0.0,1,0.01,0.0,-3.94,-6.17,*c1nc2c(=O)n(CC(CCCCCC)CCCCCCCC)c(=O)c3nc(*)sc3c2s1,*c1nc2c(=O)n(CC(CCCCCC)CCCCCCCC)c(=O)c3nc(*)sc3c2s1
10.1021/acs.chemmater.8b03670,PBTzI3T-2F,*c1cc(CCCCCCCCCCCC)c(-c2nc3c(=O)n(CC(CCCCCC)CCCCCCCC)c(=O)c4nc(-c5sc(-c6sc(*)c(F)c6F)cc5CCCCCCCCCCCC)sc4c3s2)s1,1,0.0,0,0.066,0.0002,-3.33,-5.22,*c1sc(*)c(F)c1F,*c1cc(CCCCCCCCCCCC)c(-c2nc3c(=O)n(CC(CCCCCC)CCCCCCCC)c(=O)c4nc(-c5sc(*)cc5CCCCCCCCCCCC)sc4c3s2)s1,PDTzTIT,*c1ccc(-c2cc3c(=O)n(CC(CCCCCC)CCCCCCCC)c(=O)c4nc(-c5nc6c(=O)n(CC(CCCCCC)CCCCCCCC)c(=O)c7cc(*)sc7c6s5)sc4c3s2)s1,1,0.0,0,0.2,0.0,-3.68,-5.59,*c1ccc(*)s1,*c1cc2c(=O)n(CC(CCCCCC)CCCCCCCC)c(=O)c3nc(-c4nc5c(=O)n(CC(CCCCCC)CCCCCCCC)c(=O)c6cc(*)sc6c5s4)sc3c2s1
10.1021/acs.chemmater.8b03670,PBTzI3T-2F,*c1cc(CCCCCCCCCCCC)c(-c2nc3c(=O)n(CC(CCCCCC)CCCCCCCC)c(=O)c4nc(-c5sc(-c6sc(*)c(F)c6F)cc5CCCCCCCCCCCC)sc4c3s2)s1,1,0.0,0,0.066,0.0002,-3.33,-5.22,*c1sc(*)c(F)c1F,*c1cc(CCCCCCCCCCCC)c(-c2nc3c(=O)n(CC(CCCCCC)CCCCCCCC)c(=O)c4nc(-c5sc(*)cc5CCCCCCCCCCCC)sc4c3s2)s1,PDTzTIT-2F,*c1cc2c(=O)n(CC(CCCCCC)CCCCCCCC)c(=O)c3nc(-c4nc5c(=O)n(CC(CCCCCC)CCCCCCCC)c(=O)c6cc(-c7sc(*)c(F)c7F)sc6c5s4)sc3c2s1,1,0.0,0,0.91,0.0,-3.71,-5.75,*c1sc(*)c(F)c1F,*c1cc2c(=O)n(CC(CCCCCC)CCCCCCCC)c(=O)c3nc(-c4nc5c(=O)n(CC(CCCCCC)CCCCCCCC)c(=O)c6cc(*)sc6c5s4)sc3c2s1
10.1021/acs.chemmater.8b03670,PBTzI3T-2F,*c1cc(CCCCCCCCCCCC)c(-c2nc3c(=O)n(CC(CCCCCC)CCCCCCCC)c(=O)c4nc(-c5sc(-c6sc(*)c(F)c6F)cc5CCCCCCCCCCCC)sc4c3s2)s1,1,0.0,0,0.066,0.0002,-3.33,-5.22,*c1sc(*)c(F)c1F,*c1cc(CCCCCCCCCCCC)c(-c2nc3c(=O)n(CC(CCCCCC)CCCCCCCC)c(=O)c4nc(-c5sc(*)cc5CCCCCCCCCCCC)sc4c3s2)s1,PDTzTI,*c1cc2c(=O)n(CC(CCCCCC)CCCCCCCC)c(=O)c3nc(-c4nc5c(=O)n(CC(CCCCCC)CCCCCCCC)c(=O)c6cc(*)sc6c5s4)sc3c2s1,1,0.0,1,1.22,0.0,-3.77,-5.78,*c1cc2c(=O)n(CC(CCCCCC)CCCCCCCC)c(=O)c3nc(-c4nc5c(=O)n(CC(CCCCCC)CCCCCCCC)c(=O)c6cc(*)sc6c5s4)sc3c2s1,*c1cc2c(=O)n(CC(CCCCCC)CCCCCCCC)c(=O)c3nc(-c4nc5c(=O)n(CC(CCCCCC)CCCCCCCC)c(=O)c6cc(*)sc6c5s4)sc3c2s1
10.1021/acs.chemmater.8b03670,PBTzI3T-2F,*c1cc(CCCCCCCCCCCC)c(-c2nc3c(=O)n(CC(CCCCCC)CCCCCCCC)c(=O)c4nc(-c5sc(-c6sc(*)c(F)c6F)cc5CCCCCCCCCCCC)sc4c3s2)s1,1,0.0,0,0.066,0.0002,-3.33,-5.22,*c1sc(*)c(F)c1F,*c1cc(CCCCCCCCCCCC)c(-c2nc3c(=O)n(CC(CCCCCC)CCCCCCCC)c(=O)c4nc(-c5sc(*)cc5CCCCCCCCCCCC)sc4c3s2)s1,PBTzI,*c1nc2c(=O)n(CC(CCCCCC)CCCCCCCC)c(=O)c3nc(*)sc3c2s1,1,0.0,1,0.01,0.0,-3.94,-6.17,*c1nc2c(=O)n(CC(CCCCCC)CCCCCCCC)c(=O)c3nc(*)sc3c2s1,*c1nc2c(=O)n(CC(CCCCCC)CCCCCCCC)c(=O)c3nc(*)sc3c2s1
10.1021/acs.chemmater.8b03670,PDTzTIT,*c1ccc(-c2cc3c(=O)n(CC(CCCCCC)CCCCCCCC)c(=O)c4nc(-c5nc6c(=O)n(CC(CCCCCC)CCCCCCCC)c(=O)c7cc(*)sc7c6s5)sc4c3s2)s1,1,0.0,0,0.2,0.0,-3.68,-5.59,*c1ccc(*)s1,*c1cc2c(=O)n(CC(CCCCCC)CCCCCCCC)c(=O)c3nc(-c4nc5c(=O)n(CC(CCCCCC)CCCCCCCC)c(=O)c6cc(*)sc6c5s4)sc3c2s1,PDTzTIT-2F,*c1cc2c(=O)n(CC(CCCCCC)CCCCCCCC)c(=O)c3nc(-c4nc5c(=O)n(CC(CCCCCC)CCCCCCCC)c(=O)c6cc(-c7sc(*)c(F)c7F)sc6c5s4)sc3c2s1,1,0.0,0,0.91,0.0,-3.71,-5.75,*c1sc(*)c(F)c1F,*c1cc2c(=O)n(CC(CCCCCC)CCCCCCCC)c(=O)c3nc(-c4nc5c(=O)n(CC(CCCCCC)CCCCCCCC)c(=O)c6cc(*)sc6c5s4)sc3c2s1
10.1021/acs.chemmater.8b03670,PDTzTIT,*c1ccc(-c2cc3c(=O)n(CC(CCCCCC)CCCCCCCC)c(=O)c4nc(-c5nc6c(=O)n(CC(CCCCCC)CCCCCCCC)c(=O)c7cc(*)sc7c6s5)sc4c3s2)s1,1,0.0,0,0.2,0.0,-3.68,-5.59,*c1ccc(*)s1,*c1cc2c(=O)n(CC(CCCCCC)CCCCCCCC)c(=O)c3nc(-c4nc5c(=O)n(CC(CCCCCC)CCCCCCCC)c(=O)c6cc(*)sc6c5s4)sc3c2s1,PDTzTI,*c1cc2c(=O)n(CC(CCCCCC)CCCCCCCC)c(=O)c3nc(-c4nc5c(=O)n(CC(CCCCCC)CCCCCCCC)c(=O)c6cc(*)sc6c5s4)sc3c2s1,1,0.0,1,1.22,0.0,-3.77,-5.78,*c1cc2c(=O)n(CC(CCCCCC)CCCCCCCC)c(=O)c3nc(-c4nc5c(=O)n(CC(CCCCCC)CCCCCCCC)c(=O)c6cc(*)sc6c5s4)sc3c2s1,*c1cc2c(=O)n(CC(CCCCCC)CCCCCCCC)c(=O)c3nc(-c4nc5c(=O)n(CC(CCCCCC)CCCCCCCC)c(=O)c6cc(*)sc6c5s4)sc3c2s1
10.1021/acs.chemmater.8b03670,PDTzTIT,*c1ccc(-c2cc3c(=O)n(CC(CCCCCC)CCCCCCCC)c(=O)c4nc(-c5nc6c(=O)n(CC(CCCCCC)CCCCCCCC)c(=O)c7cc(*)sc7c6s5)sc4c3s2)s1,1,0.0,0,0.2,0.0,-3.68,-5.59,*c1ccc(*)s1,*c1cc2c(=O)n(CC(CCCCCC)CCCCCCCC)c(=O)c3nc(-c4nc5c(=O)n(CC(CCCCCC)CCCCCCCC)c(=O)c6cc(*)sc6c5s4)sc3c2s1,PBTzI,*c1nc2c(=O)n(CC(CCCCCC)CCCCCCCC)c(=O)c3nc(*)sc3c2s1,1,0.0,1,0.01,0.0,-3.94,-6.17,*c1nc2c(=O)n(CC(CCCCCC)CCCCCCCC)c(=O)c3nc(*)sc3c2s1,*c1nc2c(=O)n(CC(CCCCCC)CCCCCCCC)c(=O)c3nc(*)sc3c2s1
10.1021/acs.chemmater.8b03670,PDTzTIT-2F,*c1cc2c(=O)n(CC(CCCCCC)CCCCCCCC)c(=O)c3nc(-c4nc5c(=O)n(CC(CCCCCC)CCCCCCCC)c(=O)c6cc(-c7sc(*)c(F)c7F)sc6c5s4)sc3c2s1,1,0.0,0,0.91,0.0,-3.71,-5.75,*c1sc(*)c(F)c1F,*c1cc2c(=O)n(CC(CCCCCC)CCCCCCCC)c(=O)c3nc(-c4nc5c(=O)n(CC(CCCCCC)CCCCCCCC)c(=O)c6cc(*)sc6c5s4)sc3c2s1,PDTzTI,*c1cc2c(=O)n(CC(CCCCCC)CCCCCCCC)c(=O)c3nc(-c4nc5c(=O)n(CC(CCCCCC)CCCCCCCC)c(=O)c6cc(*)sc6c5s4)sc3c2s1,1,0.0,1,1.22,0.0,-3.77,-5.78,*c1cc2c(=O)n(CC(CCCCCC)CCCCCCCC)c(=O)c3nc(-c4nc5c(=O)n(CC(CCCCCC)CCCCCCCC)c(=O)c6cc(*)sc6c5s4)sc3c2s1,*c1cc2c(=O)n(CC(CCCCCC)CCCCCCCC)c(=O)c3nc(-c4nc5c(=O)n(CC(CCCCCC)CCCCCCCC)c(=O)c6cc(*)sc6c5s4)sc3c2s1
10.1021/acs.chemmater.8b03670,PDTzTIT-2F,*c1cc2c(=O)n(CC(CCCCCC)CCCCCCCC)c(=O)c3nc(-c4nc5c(=O)n(CC(CCCCCC)CCCCCCCC)c(=O)c6cc(-c7sc(*)c(F)c7F)sc6c5s4)sc3c2s1,1,0.0,0,0.91,0.0,-3.71,-5.75,*c1sc(*)c(F)c1F,*c1cc2c(=O)n(CC(CCCCCC)CCCCCCCC)c(=O)c3nc(-c4nc5c(=O)n(CC(CCCCCC)CCCCCCCC)c(=O)c6cc(*)sc6c5s4)sc3c2s1,PBTzI,*c1nc2c(=O)n(CC(CCCCCC)CCCCCCCC)c(=O)c3nc(*)sc3c2s1,1,0.0,1,0.01,0.0,-3.94,-6.17,*c1nc2c(=O)n(CC(CCCCCC)CCCCCCCC)c(=O)c3nc(*)sc3c2s1,*c1nc2c(=O)n(CC(CCCCCC)CCCCCCCC)c(=O)c3nc(*)sc3c2s1
10.1021/acs.chemmater.8b03670,PDTzTI,*c1cc2c(=O)n(CC(CCCCCC)CCCCCCCC)c(=O)c3nc(-c4nc5c(=O)n(CC(CCCCCC)CCCCCCCC)c(=O)c6cc(*)sc6c5s4)sc3c2s1,1,0.0,1,1.22,0.0,-3.77,-5.78,*c1cc2c(=O)n(CC(CCCCCC)CCCCCCCC)c(=O)c3nc(-c4nc5c(=O)n(CC(CCCCCC)CCCCCCCC)c(=O)c6cc(*)sc6c5s4)sc3c2s1,*c1cc2c(=O)n(CC(CCCCCC)CCCCCCCC)c(=O)c3nc(-c4nc5c(=O)n(CC(CCCCCC)CCCCCCCC)c(=O)c6cc(*)sc6c5s4)sc3c2s1,PBTzI,*c1nc2c(=O)n(CC(CCCCCC)CCCCCCCC)c(=O)c3nc(*)sc3c2s1,1,0.0,1,0.01,0.0,-3.94,-6.17,*c1nc2c(=O)n(CC(CCCCCC)CCCCCCCC)c(=O)c3nc(*)sc3c2s1,*c1nc2c(=O)n(CC(CCCCCC)CCCCCCCC)c(=O)c3nc(*)sc3c2s1
10.1021/acs.chemmater.8b03902,N2200,*c1ccc(-c2ccc(-c3cc4c5c(c(*)cc6c5c3C(=O)N(CC(CCCCCCCC)CCCCCCCCCC)C6=O)C(=O)N(CC(CCCCCCCC)CCCCCCCCCC)C4=O)s2)s1,1,0.0,1,0.41,0.0,-3.81,-5.89,*c1ccc(-c2ccc(*)s2)s1,*c1cc2c3c(c(*)cc4c3c1C(=O)N(CC(CCCCCCCC)CCCCCCCCCC)C4=O)C(=O)N(CC(CCCCCCCC)CCCCCCCCCC)C2=O,PTzNDI-2FT,*c1cnc(-c2cc3c4c(c(-c5ncc(-c6sc(*)c(F)c6F)s5)cc5c4c2C(=O)N(CC(CCCCCCCCCC)CCCCCCCCCCCC)C5=O)C(=O)N(CC(CCCCCCCCCC)CCCCCCCCCCCC)C3=O)s1,1,0.0,0,0.57,0.0,-3.89,-6.24,*c1sc(*)c(F)c1F,*c1cnc(-c2cc3c4c(c(-c5ncc(*)s5)cc5c4c2C(=O)N(CC(CCCCCCCCCC)CCCCCCCCCCCC)C5=O)C(=O)N(CC(CCCCCCCCCC)CCCCCCCCCCCC)C3=O)s1
10.1021/acs.chemmater.8b03902,N2200,*c1ccc(-c2ccc(-c3cc4c5c(c(*)cc6c5c3C(=O)N(CC(CCCCCCCC)CCCCCCCCCC)C6=O)C(=O)N(CC(CCCCCCCC)CCCCCCCCCC)C4=O)s2)s1,1,0.0,1,0.41,0.0,-3.81,-5.89,*c1ccc(-c2ccc(*)s2)s1,*c1cc2c3c(c(*)cc4c3c1C(=O)N(CC(CCCCCCCC)CCCCCCCCCC)C4=O)C(=O)N(CC(CCCCCCCC)CCCCCCCCCC)C2=O,PTzNDI-T,*c1ccc(-c2cnc(-c3cc4c5c(c(-c6ncc(*)s6)cc6c5c3C(=O)N(CC(CCCCCCCCCC)CCCCCCCCCCCC)C6=O)C(=O)N(CC(CCCCCCCCCC)CCCCCCCCCCCC)C4=O)s2)s1,1,0.0,0,0.37,0.0,-3.85,-6.01,*c1ccc(*)s1,*c1cnc(-c2cc3c4c(c(-c5ncc(*)s5)cc5c4c2C(=O)N(CC(CCCCCCCCCC)CCCCCCCCCCCC)C5=O)C(=O)N(CC(CCCCCCCCCC)CCCCCCCCCCCC)C3=O)s1
10.1021/acs.chemmater.8b03902,N2200,*c1ccc(-c2ccc(-c3cc4c5c(c(*)cc6c5c3C(=O)N(CC(CCCCCCCC)CCCCCCCCCC)C6=O)C(=O)N(CC(CCCCCCCC)CCCCCCCCCC)C4=O)s2)s1,1,0.0,1,0.41,0.0,-3.81,-5.89,*c1ccc(-c2ccc(*)s2)s1,*c1cc2c3c(c(*)cc4c3c1C(=O)N(CC(CCCCCCCC)CCCCCCCCCC)C4=O)C(=O)N(CC(CCCCCCCC)CCCCCCCCCC)C2=O,PTzNDI-Se,*c1cnc(-c2cc3c4c(c(-c5ncc(-c6ccc(*)[se]6)s5)cc5c4c2C(=O)N(CC(CCCCCCCCCC)CCCCCCCCCCCC)C5=O)C(=O)N(CC(CCCCCCCCCC)CCCCCCCCCCCC)C3=O)s1,1,0.0,0,0.39,0.0,-3.83,-5.91,*c1ccc(*)[se]1,*c1cnc(-c2cc3c4c(c(-c5ncc(*)s5)cc5c4c2C(=O)N(CC(CCCCCCCCCC)CCCCCCCCCCCC)C5=O)C(=O)N(CC(CCCCCCCCCC)CCCCCCCCCCCC)C3=O)s1
10.1021/acs.chemmater.8b03902,N2200,*c1ccc(-c2ccc(-c3cc4c5c(c(*)cc6c5c3C(=O)N(CC(CCCCCCCC)CCCCCCCCCC)C6=O)C(=O)N(CC(CCCCCCCC)CCCCCCCCCC)C4=O)s2)s1,1,0.0,1,0.41,0.0,-3.81,-5.89,*c1ccc(-c2ccc(*)s2)s1,*c1cc2c3c(c(*)cc4c3c1C(=O)N(CC(CCCCCCCC)CCCCCCCCCC)C4=O)C(=O)N(CC(CCCCCCCC)CCCCCCCCCC)C2=O,PTzNDI-2T,*c1ccc(-c2ccc(-c3cnc(-c4cc5c6c(c(-c7ncc(*)s7)cc7c6c4C(=O)N(CC(CCCCCCCCCC)CCCCCCCCCCCC)C7=O)C(=O)N(CC(CCCCCCCCCC)CCCCCCCCCCCC)C5=O)s3)s2)s1,1,0.0,1,0.14,0.0,-3.8,-5.73,*c1ccc(-c2ccc(*)s2)s1,*c1cnc(-c2cc3c4c(c(-c5ncc(*)s5)cc5c4c2C(=O)N(CC(CCCCCCCCCC)CCCCCCCCCCCC)C5=O)C(=O)N(CC(CCCCCCCCCC)CCCCCCCCCCCC)C3=O)s1
10.1021/acs.chemmater.8b03902,PTzNDI-2FT,*c1cnc(-c2cc3c4c(c(-c5ncc(-c6sc(*)c(F)c6F)s5)cc5c4c2C(=O)N(CC(CCCCCCCCCC)CCCCCCCCCCCC)C5=O)C(=O)N(CC(CCCCCCCCCC)CCCCCCCCCCCC)C3=O)s1,1,0.0,0,0.57,0.0,-3.89,-6.24,*c1sc(*)c(F)c1F,*c1cnc(-c2cc3c4c(c(-c5ncc(*)s5)cc5c4c2C(=O)N(CC(CCCCCCCCCC)CCCCCCCCCCCC)C5=O)C(=O)N(CC(CCCCCCCCCC)CCCCCCCCCCCC)C3=O)s1,PTzNDI-T,*c1ccc(-c2cnc(-c3cc4c5c(c(-c6ncc(*)s6)cc6c5c3C(=O)N(CC(CCCCCCCCCC)CCCCCCCCCCCC)C6=O)C(=O)N(CC(CCCCCCCCCC)CCCCCCCCCCCC)C4=O)s2)s1,1,0.0,0,0.37,0.0,-3.85,-6.01,*c1ccc(*)s1,*c1cnc(-c2cc3c4c(c(-c5ncc(*)s5)cc5c4c2C(=O)N(CC(CCCCCCCCCC)CCCCCCCCCCCC)C5=O)C(=O)N(CC(CCCCCCCCCC)CCCCCCCCCCCC)C3=O)s1
10.1021/acs.chemmater.8b03902,PTzNDI-2FT,*c1cnc(-c2cc3c4c(c(-c5ncc(-c6sc(*)c(F)c6F)s5)cc5c4c2C(=O)N(CC(CCCCCCCCCC)CCCCCCCCCCCC)C5=O)C(=O)N(CC(CCCCCCCCCC)CCCCCCCCCCCC)C3=O)s1,1,0.0,0,0.57,0.0,-3.89,-6.24,*c1sc(*)c(F)c1F,*c1cnc(-c2cc3c4c(c(-c5ncc(*)s5)cc5c4c2C(=O)N(CC(CCCCCCCCCC)CCCCCCCCCCCC)C5=O)C(=O)N(CC(CCCCCCCCCC)CCCCCCCCCCCC)C3=O)s1,PTzNDI-Se,*c1cnc(-c2cc3c4c(c(-c5ncc(-c6ccc(*)[se]6)s5)cc5c4c2C(=O)N(CC(CCCCCCCCCC)CCCCCCCCCCCC)C5=O)C(=O)N(CC(CCCCCCCCCC)CCCCCCCCCCCC)C3=O)s1,1,0.0,0,0.39,0.0,-3.83,-5.91,*c1ccc(*)[se]1,*c1cnc(-c2cc3c4c(c(-c5ncc(*)s5)cc5c4c2C(=O)N(CC(CCCCCCCCCC)CCCCCCCCCCCC)C5=O)C(=O)N(CC(CCCCCCCCCC)CCCCCCCCCCCC)C3=O)s1
10.1021/acs.chemmater.8b03902,PTzNDI-2FT,*c1cnc(-c2cc3c4c(c(-c5ncc(-c6sc(*)c(F)c6F)s5)cc5c4c2C(=O)N(CC(CCCCCCCCCC)CCCCCCCCCCCC)C5=O)C(=O)N(CC(CCCCCCCCCC)CCCCCCCCCCCC)C3=O)s1,1,0.0,0,0.57,0.0,-3.89,-6.24,*c1sc(*)c(F)c1F,*c1cnc(-c2cc3c4c(c(-c5ncc(*)s5)cc5c4c2C(=O)N(CC(CCCCCCCCCC)CCCCCCCCCCCC)C5=O)C(=O)N(CC(CCCCCCCCCC)CCCCCCCCCCCC)C3=O)s1,PTzNDI-2T,*c1ccc(-c2ccc(-c3cnc(-c4cc5c6c(c(-c7ncc(*)s7)cc7c6c4C(=O)N(CC(CCCCCCCCCC)CCCCCCCCCCCC)C7=O)C(=O)N(CC(CCCCCCCCCC)CCCCCCCCCCCC)C5=O)s3)s2)s1,1,0.0,1,0.14,0.0,-3.8,-5.73,*c1ccc(-c2ccc(*)s2)s1,*c1cnc(-c2cc3c4c(c(-c5ncc(*)s5)cc5c4c2C(=O)N(CC(CCCCCCCCCC)CCCCCCCCCCCC)C5=O)C(=O)N(CC(CCCCCCCCCC)CCCCCCCCCCCC)C3=O)s1
10.1021/acs.chemmater.8b03902,PTzNDI-T,*c1ccc(-c2cnc(-c3cc4c5c(c(-c6ncc(*)s6)cc6c5c3C(=O)N(CC(CCCCCCCCCC)CCCCCCCCCCCC)C6=O)C(=O)N(CC(CCCCCCCCCC)CCCCCCCCCCCC)C4=O)s2)s1,1,0.0,0,0.37,0.0,-3.85,-6.01,*c1ccc(*)s1,*c1cnc(-c2cc3c4c(c(-c5ncc(*)s5)cc5c4c2C(=O)N(CC(CCCCCCCCCC)CCCCCCCCCCCC)C5=O)C(=O)N(CC(CCCCCCCCCC)CCCCCCCCCCCC)C3=O)s1,PTzNDI-Se,*c1cnc(-c2cc3c4c(c(-c5ncc(-c6ccc(*)[se]6)s5)cc5c4c2C(=O)N(CC(CCCCCCCCCC)CCCCCCCCCCCC)C5=O)C(=O)N(CC(CCCCCCCCCC)CCCCCCCCCCCC)C3=O)s1,1,0.0,0,0.39,0.0,-3.83,-5.91,*c1ccc(*)[se]1,*c1cnc(-c2cc3c4c(c(-c5ncc(*)s5)cc5c4c2C(=O)N(CC(CCCCCCCCCC)CCCCCCCCCCCC)C5=O)C(=O)N(CC(CCCCCCCCCC)CCCCCCCCCCCC)C3=O)s1
10.1021/acs.chemmater.8b03902,PTzNDI-T,*c1ccc(-c2cnc(-c3cc4c5c(c(-c6ncc(*)s6)cc6c5c3C(=O)N(CC(CCCCCCCCCC)CCCCCCCCCCCC)C6=O)C(=O)N(CC(CCCCCCCCCC)CCCCCCCCCCCC)C4=O)s2)s1,1,0.0,0,0.37,0.0,-3.85,-6.01,*c1ccc(*)s1,*c1cnc(-c2cc3c4c(c(-c5ncc(*)s5)cc5c4c2C(=O)N(CC(CCCCCCCCCC)CCCCCCCCCCCC)C5=O)C(=O)N(CC(CCCCCCCCCC)CCCCCCCCCCCC)C3=O)s1,PTzNDI-2T,*c1ccc(-c2ccc(-c3cnc(-c4cc5c6c(c(-c7ncc(*)s7)cc7c6c4C(=O)N(CC(CCCCCCCCCC)CCCCCCCCCCCC)C7=O)C(=O)N(CC(CCCCCCCCCC)CCCCCCCCCCCC)C5=O)s3)s2)s1,1,0.0,1,0.14,0.0,-3.8,-5.73,*c1ccc(-c2ccc(*)s2)s1,*c1cnc(-c2cc3c4c(c(-c5ncc(*)s5)cc5c4c2C(=O)N(CC(CCCCCCCCCC)CCCCCCCCCCCC)C5=O)C(=O)N(CC(CCCCCCCCCC)CCCCCCCCCCCC)C3=O)s1
10.1021/acs.chemmater.8b03902,PTzNDI-Se,*c1cnc(-c2cc3c4c(c(-c5ncc(-c6ccc(*)[se]6)s5)cc5c4c2C(=O)N(CC(CCCCCCCCCC)CCCCCCCCCCCC)C5=O)C(=O)N(CC(CCCCCCCCCC)CCCCCCCCCCCC)C3=O)s1,1,0.0,0,0.39,0.0,-3.83,-5.91,*c1ccc(*)[se]1,*c1cnc(-c2cc3c4c(c(-c5ncc(*)s5)cc5c4c2C(=O)N(CC(CCCCCCCCCC)CCCCCCCCCCCC)C5=O)C(=O)N(CC(CCCCCCCCCC)CCCCCCCCCCCC)C3=O)s1,PTzNDI-2T,*c1ccc(-c2ccc(-c3cnc(-c4cc5c6c(c(-c7ncc(*)s7)cc7c6c4C(=O)N(CC(CCCCCCCCCC)CCCCCCCCCCCC)C7=O)C(=O)N(CC(CCCCCCCCCC)CCCCCCCCCCCC)C5=O)s3)s2)s1,1,0.0,1,0.14,0.0,-3.8,-5.73,*c1ccc(-c2ccc(*)s2)s1,*c1cnc(-c2cc3c4c(c(-c5ncc(*)s5)cc5c4c2C(=O)N(CC(CCCCCCCCCC)CCCCCCCCCCCC)C5=O)C(=O)N(CC(CCCCCCCCCC)CCCCCCCCCCCC)C3=O)s1
10.1021/acs.chemmater.8b05353,PADTDI-FBT,*c1cc(F)c(-c2sc(-c3cc4c(s3)c3cc5c(cc3c3c(=O)n(CC(CCCCCCCCCC)CCCCCCCCCCCC)c(=O)c43)c3sc(*)cc3c3c(=O)n(CC(CCCCCCCCCC)CCCCCCCCCCCC)c(=O)c53)cc2F)s1,1,0.0,1,0.005,3.84,-3.54,-5.89,*c1cc(F)c(-c2sc(*)cc2F)s1,*c1cc2c(s1)c1cc3c(cc1c1c(=O)n(CC(CCCCCCCCCC)CCCCCCCCCCCC)c(=O)c21)c1sc(*)cc1c1c(=O)n(CC(CCCCCCCCCC)CCCCCCCCCCCC)c(=O)c31,PADTDI-BT,*c1ccc(-c2ccc(-c3cc4c(s3)c3cc5c(cc3c3c(=O)n(CC(CCCCCCCCCC)CCCCCCCCCCCC)c(=O)c43)c3sc(*)cc3c3c(=O)n(CC(CCCCCCCCCC)CCCCCCCCCCCC)c(=O)c53)s2)s1,1,0.0,1,0.01,1.19,-3.47,-5.41,*c1ccc(-c2ccc(*)s2)s1,*c1cc2c(s1)c1cc3c(cc1c1c(=O)n(CC(CCCCCCCCCC)CCCCCCCCCCCC)c(=O)c21)c1sc(*)cc1c1c(=O)n(CC(CCCCCCCCCC)CCCCCCCCCCCC)c(=O)c31
10.1021/acs.chemmater.9b03525,IDTz-DTBT,*c1ccc(-c2ccc(-c3ccc(-c4nc5c(s4)-c4cc6c(cc4C5(CCCCCCCCCCCC)CCCCCCCCCCCC)-c4sc(*)nc4C6(CCCCCCCCCCCC)CCCCCCCCCCCC)s3)c3nsnc23)s1,1,0.0,0,0.15,0.44,-3.54,-5.31,*c1ccc(-c2ccc(-c3ccc(*)s3)c3nsnc23)s1,*c1nc2c(s1)-c1cc3c(cc1C2(CCCCCCCCCCCC)CCCCCCCCCCCC)-c1sc(*)nc1C3(CCCCCCCCCCCC)CCCCCCCCCCCC,IDTz-2FDTBT,*c1ccc(-c2c(F)c(F)c(-c3ccc(-c4nc5c(s4)-c4cc6c(cc4C5(CCCCCCCCCCCC)CCCCCCCCCCCC)-c4sc(*)nc4C6(CCCCCCCCCCCC)CCCCCCCCCCCC)s3)c3nsnc23)s1,1,0.0,0,0.13,0.87,-3.6,-5.39,*c1ccc(-c2c(F)c(F)c(-c3ccc(*)s3)c3nsnc23)s1,*c1nc2c(s1)-c1cc3c(cc1C2(CCCCCCCCCCCC)CCCCCCCCCCCC)-c1sc(*)nc1C3(CCCCCCCCCCCC)CCCCCCCCCCCC
10.1021/acs.chemmater.9b03525,IDTz-DTBT,*c1ccc(-c2ccc(-c3ccc(-c4nc5c(s4)-c4cc6c(cc4C5(CCCCCCCCCCCC)CCCCCCCCCCCC)-c4sc(*)nc4C6(CCCCCCCCCCCC)CCCCCCCCCCCC)s3)c3nsnc23)s1,1,0.0,0,0.15,0.44,-3.54,-5.31,*c1ccc(-c2ccc(-c3ccc(*)s3)c3nsnc23)s1,*c1nc2c(s1)-c1cc3c(cc1C2(CCCCCCCCCCCC)CCCCCCCCCCCC)-c1sc(*)nc1C3(CCCCCCCCCCCC)CCCCCCCCCCCC,IDTz-DTBT-2,*c1ccc(-c2ccc(-c3ccc(-c4nc5c(s4)-c4cc6c(cc4C5(CCCCCCCCCCCC)CC(CCCCCCCC)CCCCCCCCCC)-c4sc(*)nc4C6(CCCCCCCCCCCC)CC(CCCCCCCC)CCCCCCCCCC)s3)c3nsnc23)s1,1,0.0,0,0.5,0.045,-3.45,-5.33,*c1ccc(-c2ccc(-c3ccc(*)s3)c3nsnc23)s1,*c1nc2c(s1)-c1cc3c(cc1C2(CCCCCCCCCCCC)CC(CCCCCCCC)CCCCCCCCCC)-c1sc(*)nc1C3(CCCCCCCCCCCC)CC(CCCCCCCC)CCCCCCCCCC
10.1021/acs.chemmater.9b03525,IDTz-DTBT,*c1ccc(-c2ccc(-c3ccc(-c4nc5c(s4)-c4cc6c(cc4C5(CCCCCCCCCCCC)CCCCCCCCCCCC)-c4sc(*)nc4C6(CCCCCCCCCCCC)CCCCCCCCCCCC)s3)c3nsnc23)s1,1,0.0,0,0.15,0.44,-3.54,-5.31,*c1ccc(-c2ccc(-c3ccc(*)s3)c3nsnc23)s1,*c1nc2c(s1)-c1cc3c(cc1C2(CCCCCCCCCCCC)CCCCCCCCCCCC)-c1sc(*)nc1C3(CCCCCCCCCCCC)CCCCCCCCCCCC,IDTz-2FDTBT-2,*c1ccc(-c2c(F)c(F)c(-c3ccc(-c4nc5c(s4)-c4cc6c(cc4C5(CCCCCCCCCCCC)CC(CCCCCCCC)CCCCCCCCCC)-c4sc(*)nc4C6(CCCCCCCCCCCC)CC(CCCCCCCC)CCCCCCCCCC)s3)c3nsnc23)s1,1,0.0,0,0.33,0.12,-3.51,-5.41,*c1ccc(-c2c(F)c(F)c(-c3ccc(*)s3)c3nsnc23)s1,*c1nc2c(s1)-c1cc3c(cc1C2(CCCCCCCCCCCC)CC(CCCCCCCC)CCCCCCCCCC)-c1sc(*)nc1C3(CCCCCCCCCCCC)CC(CCCCCCCC)CCCCCCCCCC
10.1021/acs.chemmater.9b03525,IDTz-2FDTBT,*c1ccc(-c2c(F)c(F)c(-c3ccc(-c4nc5c(s4)-c4cc6c(cc4C5(CCCCCCCCCCCC)CCCCCCCCCCCC)-c4sc(*)nc4C6(CCCCCCCCCCCC)CCCCCCCCCCCC)s3)c3nsnc23)s1,1,0.0,0,0.13,0.87,-3.6,-5.39,*c1ccc(-c2c(F)c(F)c(-c3ccc(*)s3)c3nsnc23)s1,*c1nc2c(s1)-c1cc3c(cc1C2(CCCCCCCCCCCC)CCCCCCCCCCCC)-c1sc(*)nc1C3(CCCCCCCCCCCC)CCCCCCCCCCCC,IDTz-DTBT-2,*c1ccc(-c2ccc(-c3ccc(-c4nc5c(s4)-c4cc6c(cc4C5(CCCCCCCCCCCC)CC(CCCCCCCC)CCCCCCCCCC)-c4sc(*)nc4C6(CCCCCCCCCCCC)CC(CCCCCCCC)CCCCCCCCCC)s3)c3nsnc23)s1,1,0.0,0,0.5,0.045,-3.45,-5.33,*c1ccc(-c2ccc(-c3ccc(*)s3)c3nsnc23)s1,*c1nc2c(s1)-c1cc3c(cc1C2(CCCCCCCCCCCC)CC(CCCCCCCC)CCCCCCCCCC)-c1sc(*)nc1C3(CCCCCCCCCCCC)CC(CCCCCCCC)CCCCCCCCCC
10.1021/acs.chemmater.9b03525,IDTz-2FDTBT,*c1ccc(-c2c(F)c(F)c(-c3ccc(-c4nc5c(s4)-c4cc6c(cc4C5(CCCCCCCCCCCC)CCCCCCCCCCCC)-c4sc(*)nc4C6(CCCCCCCCCCCC)CCCCCCCCCCCC)s3)c3nsnc23)s1,1,0.0,0,0.13,0.87,-3.6,-5.39,*c1ccc(-c2c(F)c(F)c(-c3ccc(*)s3)c3nsnc23)s1,*c1nc2c(s1)-c1cc3c(cc1C2(CCCCCCCCCCCC)CCCCCCCCCCCC)-c1sc(*)nc1C3(CCCCCCCCCCCC)CCCCCCCCCCCC,IDTz-2FDTBT-2,*c1ccc(-c2c(F)c(F)c(-c3ccc(-c4nc5c(s4)-c4cc6c(cc4C5(CCCCCCCCCCCC)CC(CCCCCCCC)CCCCCCCCCC)-c4sc(*)nc4C6(CCCCCCCCCCCC)CC(CCCCCCCC)CCCCCCCCCC)s3)c3nsnc23)s1,1,0.0,0,0.33,0.12,-3.51,-5.41,*c1ccc(-c2c(F)c(F)c(-c3ccc(*)s3)c3nsnc23)s1,*c1nc2c(s1)-c1cc3c(cc1C2(CCCCCCCCCCCC)CC(CCCCCCCC)CCCCCCCCCC)-c1sc(*)nc1C3(CCCCCCCCCCCC)CC(CCCCCCCC)CCCCCCCCCC
10.1021/acs.chemmater.9b03525,IDTz-DTBT-2,*c1ccc(-c2ccc(-c3ccc(-c4nc5c(s4)-c4cc6c(cc4C5(CCCCCCCCCCCC)CC(CCCCCCCC)CCCCCCCCCC)-c4sc(*)nc4C6(CCCCCCCCCCCC)CC(CCCCCCCC)CCCCCCCCCC)s3)c3nsnc23)s1,1,0.0,0,0.5,0.045,-3.45,-5.33,*c1ccc(-c2ccc(-c3ccc(*)s3)c3nsnc23)s1,*c1nc2c(s1)-c1cc3c(cc1C2(CCCCCCCCCCCC)CC(CCCCCCCC)CCCCCCCCCC)-c1sc(*)nc1C3(CCCCCCCCCCCC)CC(CCCCCCCC)CCCCCCCCCC,IDTz-2FDTBT-2,*c1ccc(-c2c(F)c(F)c(-c3ccc(-c4nc5c(s4)-c4cc6c(cc4C5(CCCCCCCCCCCC)CC(CCCCCCCC)CCCCCCCCCC)-c4sc(*)nc4C6(CCCCCCCCCCCC)CC(CCCCCCCC)CCCCCCCCCC)s3)c3nsnc23)s1,1,0.0,0,0.33,0.12,-3.51,-5.41,*c1ccc(-c2c(F)c(F)c(-c3ccc(*)s3)c3nsnc23)s1,*c1nc2c(s1)-c1cc3c(cc1C2(CCCCCCCCCCCC)CC(CCCCCCCC)CCCCCCCCCC)-c1sc(*)nc1C3(CCCCCCCCCCCC)CC(CCCCCCCC)CCCCCCCCCC
10.1021/acs.chemmater.9b04425,PNBDO-FDTE0,*c1ccc2c(n1)N(CCCC(CCCCCCCCCCCCCCCCCC)CCCCCCCCCCCCCCCCCC)C(=O)/C2=C1/C(=O)Oc2cc3c(cc21)OC(=O)/C3=C1/C(=O)N(CCCC(CCCCCCCCCCCCCCCCCC)CCCCCCCCCCCCCCCCCC)c2nc(-c3ccc(C(F)(F)C(F)(F)c4ccc(*)s4)s3)ccc21,0,0.0,1,0.182,0.0247,-4.03,-6.32,*c1ccc(C(F)(F)C(F)(F)c2ccc(*)s2)s1,*c1ccc2c(n1)N(CCCC(CCCCCCCCCCCCCCCCCC)CCCCCCCCCCCCCCCCCC)C(=O)/C2=C1/C(=O)Oc2cc3c(cc21)OC(=O)/C3=C1/C(=O)N(CCCC(CCCCCCCCCCCCCCCCCC)CCCCCCCCCCCCCCCCCC)c2nc(*)ccc21,PNBDO-FDTE100,*c1ccc2c(n1)N(CCCC(CCCCCCCCCCCCCCCCCC)CCCCCCCCCCCCCCCCCC)C(=O)/C2=C1/C(=O)Oc2cc3c(cc21)OC(=O)/C3=C1/C(=O)N(CCCC(CCCCCCCCCCCCCCCCCC)CCCCCCCCCCCCCCCCCC)c2nc(-c3cc(F)c(/C=C/c4sc(*)cc4F)s3)ccc21,1,0.0,1,7.43,0.104,-4.0,-6.03,*c1cc(F)c(/C=C/c2sc(*)cc2F)s1,*c1ccc2c(n1)N(CCCC(CCCCCCCCCCCCCCCCCC)CCCCCCCCCCCCCCCCCC)C(=O)/C2=C1/C(=O)Oc2cc3c(cc21)OC(=O)/C3=C1/C(=O)N(CCCC(CCCCCCCCCCCCCCCCCC)CCCCCCCCCCCCCCCCCC)c2nc(*)ccc21
10.1021/acs.macromol.0c02206,DPPTh-4ClBT,*c1ccc(C2=C3C(=O)N(CCCC(CCCCCCCCCCCCCC)CCCCCCCCCCCCCC)C(c4ccc(-c5sc(-c6sc(*)c(Cl)c6Cl)c(Cl)c5Cl)s4)=C3C(=O)N2CCCC(CCCCCCCCCCCCCC)CCCCCCCCCCCCCC)s1,1,0.0,1,0.82,0.0,-3.59,-5.47,*c1sc(-c2sc(*)c(Cl)c2Cl)c(Cl)c1Cl,*c1ccc(C2=C3C(=O)N(CCCC(CCCCCCCCCCCCCC)CCCCCCCCCCCCCC)C(c4ccc(*)s4)=C3C(=O)N2CCCC(CCCCCCCCCCCCCC)CCCCCCCCCCCCCC)s1,DPPPy-4ClBT,*c1ccc(C2=C3C(=O)N(CCCC(CCCCCCCCCCCCCC)CCCCCCCCCCCCCC)C(c4ccc(-c5sc(-c6sc(*)c(Cl)c6Cl)c(Cl)c5Cl)cn4)=C3C(=O)N2CCCC(CCCCCCCCCCCCCC)CCCCCCCCCCCCCC)nc1,1,0.0,1,0.4,0.0,-3.7,-5.91,*c1sc(-c2sc(*)c(Cl)c2Cl)c(Cl)c1Cl,*c1ccc(C2=C3C(=O)N(CCCC(CCCCCCCCCCCCCC)CCCCCCCCCCCCCC)C(c4ccc(*)cn4)=C3C(=O)N2CCCC(CCCCCCCCCCCCCC)CCCCCCCCCCCCCC)nc1
10.1021/acs.macromol.0c02206,DPPTh-4ClBT,*c1ccc(C2=C3C(=O)N(CCCC(CCCCCCCCCCCCCC)CCCCCCCCCCCCCC)C(c4ccc(-c5sc(-c6sc(*)c(Cl)c6Cl)c(Cl)c5Cl)s4)=C3C(=O)N2CCCC(CCCCCCCCCCCCCC)CCCCCCCCCCCCCC)s1,1,0.0,1,0.82,0.0,-3.59,-5.47,*c1sc(-c2sc(*)c(Cl)c2Cl)c(Cl)c1Cl,*c1ccc(C2=C3C(=O)N(CCCC(CCCCCCCCCCCCCC)CCCCCCCCCCCCCC)C(c4ccc(*)s4)=C3C(=O)N2CCCC(CCCCCCCCCCCCCC)CCCCCCCCCCCCCC)s1,DPPTh-4ClTVT,*c1ccc(C2=C3C(=O)N(CCCC(CCCCCCCCCCCCCC)CCCCCCCCCCCCCC)C(c4ccc(-c5sc(/C=C/c6sc(*)c(Cl)c6Cl)c(Cl)c5Cl)s4)=C3C(=O)N2CCCC(CCCCCCCCCCCCCC)CCCCCCCCCCCCCC)s1,1,0.0,1,1.44,0.0,-3.58,-5.41,*c1sc(/C=C/c2sc(*)c(Cl)c2Cl)c(Cl)c1Cl,*c1ccc(C2=C3C(=O)N(CCCC(CCCCCCCCCCCCCC)CCCCCCCCCCCCCC)C(c4ccc(*)s4)=C3C(=O)N2CCCC(CCCCCCCCCCCCCC)CCCCCCCCCCCCCC)s1
10.1021/acs.macromol.0c02206,DPPTh-4ClBT,*c1ccc(C2=C3C(=O)N(CCCC(CCCCCCCCCCCCCC)CCCCCCCCCCCCCC)C(c4ccc(-c5sc(-c6sc(*)c(Cl)c6Cl)c(Cl)c5Cl)s4)=C3C(=O)N2CCCC(CCCCCCCCCCCCCC)CCCCCCCCCCCCCC)s1,1,0.0,1,0.82,0.0,-3.59,-5.47,*c1sc(-c2sc(*)c(Cl)c2Cl)c(Cl)c1Cl,*c1ccc(C2=C3C(=O)N(CCCC(CCCCCCCCCCCCCC)CCCCCCCCCCCCCC)C(c4ccc(*)s4)=C3C(=O)N2CCCC(CCCCCCCCCCCCCC)CCCCCCCCCCCCCC)s1,DPPPy-4ClTVT,*c1ccc(C2=C3C(=O)N(CCCC(CCCCCCCCCCCCCC)CCCCCCCCCCCCCC)C(c4ccc(-c5sc(/C=C/c6sc(*)c(Cl)c6Cl)c(Cl)c5Cl)cn4)=C3C(=O)N2CCCC(CCCCCCCCCCCCCC)CCCCCCCCCCCCCC)nc1,1,0.0,1,0.61,0.0,-3.68,-5.78,*c1sc(/C=C/c2sc(*)c(Cl)c2Cl)c(Cl)c1Cl,*c1ccc(C2=C3C(=O)N(CCCC(CCCCCCCCCCCCCC)CCCCCCCCCCCCCC)C(c4ccc(*)cn4)=C3C(=O)N2CCCC(CCCCCCCCCCCCCC)CCCCCCCCCCCCCC)nc1
10.1021/acs.macromol.0c02206,DPPPy-4ClBT,*c1ccc(C2=C3C(=O)N(CCCC(CCCCCCCCCCCCCC)CCCCCCCCCCCCCC)C(c4ccc(-c5sc(-c6sc(*)c(Cl)c6Cl)c(Cl)c5Cl)cn4)=C3C(=O)N2CCCC(CCCCCCCCCCCCCC)CCCCCCCCCCCCCC)nc1,1,0.0,1,0.4,0.0,-3.7,-5.91,*c1sc(-c2sc(*)c(Cl)c2Cl)c(Cl)c1Cl,*c1ccc(C2=C3C(=O)N(CCCC(CCCCCCCCCCCCCC)CCCCCCCCCCCCCC)C(c4ccc(*)cn4)=C3C(=O)N2CCCC(CCCCCCCCCCCCCC)CCCCCCCCCCCCCC)nc1,DPPTh-4ClTVT,*c1ccc(C2=C3C(=O)N(CCCC(CCCCCCCCCCCCCC)CCCCCCCCCCCCCC)C(c4ccc(-c5sc(/C=C/c6sc(*)c(Cl)c6Cl)c(Cl)c5Cl)s4)=C3C(=O)N2CCCC(CCCCCCCCCCCCCC)CCCCCCCCCCCCCC)s1,1,0.0,1,1.44,0.0,-3.58,-5.41,*c1sc(/C=C/c2sc(*)c(Cl)c2Cl)c(Cl)c1Cl,*c1ccc(C2=C3C(=O)N(CCCC(CCCCCCCCCCCCCC)CCCCCCCCCCCCCC)C(c4ccc(*)s4)=C3C(=O)N2CCCC(CCCCCCCCCCCCCC)CCCCCCCCCCCCCC)s1
10.1021/acs.macromol.0c02206,DPPPy-4ClBT,*c1ccc(C2=C3C(=O)N(CCCC(CCCCCCCCCCCCCC)CCCCCCCCCCCCCC)C(c4ccc(-c5sc(-c6sc(*)c(Cl)c6Cl)c(Cl)c5Cl)cn4)=C3C(=O)N2CCCC(CCCCCCCCCCCCCC)CCCCCCCCCCCCCC)nc1,1,0.0,1,0.4,0.0,-3.7,-5.91,*c1sc(-c2sc(*)c(Cl)c2Cl)c(Cl)c1Cl,*c1ccc(C2=C3C(=O)N(CCCC(CCCCCCCCCCCCCC)CCCCCCCCCCCCCC)C(c4ccc(*)cn4)=C3C(=O)N2CCCC(CCCCCCCCCCCCCC)CCCCCCCCCCCCCC)nc1,DPPPy-4ClTVT,*c1ccc(C2=C3C(=O)N(CCCC(CCCCCCCCCCCCCC)CCCCCCCCCCCCCC)C(c4ccc(-c5sc(/C=C/c6sc(*)c(Cl)c6Cl)c(Cl)c5Cl)cn4)=C3C(=O)N2CCCC(CCCCCCCCCCCCCC)CCCCCCCCCCCCCC)nc1,1,0.0,1,0.61,0.0,-3.68,-5.78,*c1sc(/C=C/c2sc(*)c(Cl)c2Cl)c(Cl)c1Cl,*c1ccc(C2=C3C(=O)N(CCCC(CCCCCCCCCCCCCC)CCCCCCCCCCCCCC)C(c4ccc(*)cn4)=C3C(=O)N2CCCC(CCCCCCCCCCCCCC)CCCCCCCCCCCCCC)nc1
10.1021/acs.macromol.0c02206,DPPTh-4ClTVT,*c1ccc(C2=C3C(=O)N(CCCC(CCCCCCCCCCCCCC)CCCCCCCCCCCCCC)C(c4ccc(-c5sc(/C=C/c6sc(*)c(Cl)c6Cl)c(Cl)c5Cl)s4)=C3C(=O)N2CCCC(CCCCCCCCCCCCCC)CCCCCCCCCCCCCC)s1,1,0.0,1,1.44,0.0,-3.58,-5.41,*c1sc(/C=C/c2sc(*)c(Cl)c2Cl)c(Cl)c1Cl,*c1ccc(C2=C3C(=O)N(CCCC(CCCCCCCCCCCCCC)CCCCCCCCCCCCCC)C(c4ccc(*)s4)=C3C(=O)N2CCCC(CCCCCCCCCCCCCC)CCCCCCCCCCCCCC)s1,DPPPy-4ClTVT,*c1ccc(C2=C3C(=O)N(CCCC(CCCCCCCCCCCCCC)CCCCCCCCCCCCCC)C(c4ccc(-c5sc(/C=C/c6sc(*)c(Cl)c6Cl)c(Cl)c5Cl)cn4)=C3C(=O)N2CCCC(CCCCCCCCCCCCCC)CCCCCCCCCCCCCC)nc1,1,0.0,1,0.61,0.0,-3.68,-5.78,*c1sc(/C=C/c2sc(*)c(Cl)c2Cl)c(Cl)c1Cl,*c1ccc(C2=C3C(=O)N(CCCC(CCCCCCCCCCCCCC)CCCCCCCCCCCCCC)C(c4ccc(*)cn4)=C3C(=O)N2CCCC(CCCCCCCCCCCCCC)CCCCCCCCCCCCCC)nc1
10.1021/acs.macromol.1c00080,PBETz2T-16,*c1ccc(-c2ccc(-c3sc(-c4nc(C(=O)OCCCCCCCCCCCCCCCC)c(*)s4)nc3C(=O)OCCCCCCCCCCCCCCCC)s2)s1,1,0.0,1,0.0047,0.00039,-3.12,-5.81,*c1ccc(-c2ccc(*)s2)s1,*c1sc(-c2nc(C(=O)OCCCCCCCCCCCCCCCC)c(*)s2)nc1C(=O)OCCCCCCCCCCCCCCCC,PBETz2T-HD,*c1ccc(-c2ccc(-c3sc(-c4nc(C(=O)OCC(CCCCCC)CCCCCCCC)c(*)s4)nc3C(=O)OCC(CCCCCC)CCCCCCCC)s2)s1,1,0.0,1,7.3e-06,0.0006,-3.06,-5.8,*c1ccc(-c2ccc(*)s2)s1,*c1sc(-c2nc(C(=O)OCC(CCCCCC)CCCCCCCC)c(*)s2)nc1C(=O)OCC(CCCCCC)CCCCCCCC
10.1021/acs.macromol.1c00080,PBETz2T-16,*c1ccc(-c2ccc(-c3sc(-c4nc(C(=O)OCCCCCCCCCCCCCCCC)c(*)s4)nc3C(=O)OCCCCCCCCCCCCCCCC)s2)s1,1,0.0,1,0.0047,0.00039,-3.12,-5.81,*c1ccc(-c2ccc(*)s2)s1,*c1sc(-c2nc(C(=O)OCCCCCCCCCCCCCCCC)c(*)s2)nc1C(=O)OCCCCCCCCCCCCCCCC,PBETz2Tz-16,*c1cnc(-c2ncc(-c3sc(-c4nc(C(=O)OCCCCCCCCCCCCCCCC)c(*)s4)nc3C(=O)OCCCCCCCCCCCCCCCC)s2)s1,1,0.0,1,0.011,0.0,-3.25,-6.17,*c1cnc(-c2ncc(*)s2)s1,*c1sc(-c2nc(C(=O)OCCCCCCCCCCCCCCCC)c(*)s2)nc1C(=O)OCCCCCCCCCCCCCCCC
10.1021/acs.macromol.1c00080,PBETz2T-16,*c1ccc(-c2ccc(-c3sc(-c4nc(C(=O)OCCCCCCCCCCCCCCCC)c(*)s4)nc3C(=O)OCCCCCCCCCCCCCCCC)s2)s1,1,0.0,1,0.0047,0.00039,-3.12,-5.81,*c1ccc(-c2ccc(*)s2)s1,*c1sc(-c2nc(C(=O)OCCCCCCCCCCCCCCCC)c(*)s2)nc1C(=O)OCCCCCCCCCCCCCCCC,PBETz2Tz-HD,*c1cnc(-c2ncc(-c3sc(-c4nc(C(=O)OCC(CCCCCC)CCCCCCCC)c(*)s4)nc3C(=O)OCC(CCCCCC)CCCCCCCC)s2)s1,1,0.0,1,0.014,0.0,-3.24,-6.1,*c1cnc(-c2ncc(*)s2)s1,*c1sc(-c2nc(C(=O)OCC(CCCCCC)CCCCCCCC)c(*)s2)nc1C(=O)OCC(CCCCCC)CCCCCCCC
10.1021/acs.macromol.1c00080,PBETz2T-HD,*c1ccc(-c2ccc(-c3sc(-c4nc(C(=O)OCC(CCCCCC)CCCCCCCC)c(*)s4)nc3C(=O)OCC(CCCCCC)CCCCCCCC)s2)s1,1,0.0,1,7.3e-06,0.0006,-3.06,-5.8,*c1ccc(-c2ccc(*)s2)s1,*c1sc(-c2nc(C(=O)OCC(CCCCCC)CCCCCCCC)c(*)s2)nc1C(=O)OCC(CCCCCC)CCCCCCCC,PBETz2Tz-16,*c1cnc(-c2ncc(-c3sc(-c4nc(C(=O)OCCCCCCCCCCCCCCCC)c(*)s4)nc3C(=O)OCCCCCCCCCCCCCCCC)s2)s1,1,0.0,1,0.011,0.0,-3.25,-6.17,*c1cnc(-c2ncc(*)s2)s1,*c1sc(-c2nc(C(=O)OCCCCCCCCCCCCCCCC)c(*)s2)nc1C(=O)OCCCCCCCCCCCCCCCC
10.1021/acs.macromol.1c00080,PBETz2T-HD,*c1ccc(-c2ccc(-c3sc(-c4nc(C(=O)OCC(CCCCCC)CCCCCCCC)c(*)s4)nc3C(=O)OCC(CCCCCC)CCCCCCCC)s2)s1,1,0.0,1,7.3e-06,0.0006,-3.06,-5.8,*c1ccc(-c2ccc(*)s2)s1,*c1sc(-c2nc(C(=O)OCC(CCCCCC)CCCCCCCC)c(*)s2)nc1C(=O)OCC(CCCCCC)CCCCCCCC,PBETz2Tz-HD,*c1cnc(-c2ncc(-c3sc(-c4nc(C(=O)OCC(CCCCCC)CCCCCCCC)c(*)s4)nc3C(=O)OCC(CCCCCC)CCCCCCCC)s2)s1,1,0.0,1,0.014,0.0,-3.24,-6.1,*c1cnc(-c2ncc(*)s2)s1,*c1sc(-c2nc(C(=O)OCC(CCCCCC)CCCCCCCC)c(*)s2)nc1C(=O)OCC(CCCCCC)CCCCCCCC
10.1021/acs.macromol.1c00080,PBETz2Tz-16,*c1cnc(-c2ncc(-c3sc(-c4nc(C(=O)OCCCCCCCCCCCCCCCC)c(*)s4)nc3C(=O)OCCCCCCCCCCCCCCCC)s2)s1,1,0.0,1,0.011,0.0,-3.25,-6.17,*c1cnc(-c2ncc(*)s2)s1,*c1sc(-c2nc(C(=O)OCCCCCCCCCCCCCCCC)c(*)s2)nc1C(=O)OCCCCCCCCCCCCCCCC,PBETz2Tz-HD,*c1cnc(-c2ncc(-c3sc(-c4nc(C(=O)OCC(CCCCCC)CCCCCCCC)c(*)s4)nc3C(=O)OCC(CCCCCC)CCCCCCCC)s2)s1,1,0.0,1,0.014,0.0,-3.24,-6.1,*c1cnc(-c2ncc(*)s2)s1,*c1sc(-c2nc(C(=O)OCC(CCCCCC)CCCCCCCC)c(*)s2)nc1C(=O)OCC(CCCCCC)CCCCCCCC
10.1021/acs.macromol.1c00124,PQ-BT,*c1ccc2c(c1)N(CCCC(CCCCCCCCCCCCCCCCCC)CCCCCCCCCCCCCCCCCC)C(=O)/C2=c1/cc/c(=C2\C3=C(C(=O)N2CCC(C)CC)/C(=c2\cc/c(=C4/C(=O)N(CCCC(CCCCCCCCCCCCCCCCCC)CCCCCCCCCCCCCCCCCC)c5cc(-c6ccc(-c7ccc(*)s7)s6)ccc54)s2)N(CCC(C)CC)C3=O)s1,1,0.0,1,0.16,0.24,-3.79,-5.15,*c1ccc(-c2ccc(*)s2)s1,*c1ccc2c(c1)N(CCCC(CCCCCCCCCCCCCCCCCC)CCCCCCCCCCCCCCCCCC)C(=O)/C2=c1/cc/c(=C2\C3=C(C(=O)N2CCC(C)CC)/C(=c2\cc/c(=C4/C(=O)N(CCCC(CCCCCCCCCCCCCCCCCC)CCCCCCCCCCCCCCCCCC)c5cc(*)ccc54)s2)N(CCC(C)CC)C3=O)s1,PQ-FBT,*c1ccc2c(c1)N(CCCC(CCCCCCCCCCCCCCCCCC)CCCCCCCCCCCCCCCCCC)C(=O)/C2=c1/cc/c(=C2\C3=C(C(=O)N2CCC(C)CC)/C(=c2\cc/c(=C4/C(=O)N(CCCC(CCCCCCCCCCCCCCCCCC)CCCCCCCCCCCCCCCCCC)c5cc(-c6cc(F)c(-c7sc(*)cc7F)s6)ccc54)s2)N(CCC(C)CC)C3=O)s1,1,0.0,1,0.18,0.2,-3.82,-5.24,*c1cc(F)c(-c2sc(*)cc2F)s1,*c1ccc2c(c1)N(CCCC(CCCCCCCCCCCCCCCCCC)CCCCCCCCCCCCCCCCCC)C(=O)/C2=c1/cc/c(=C2\C3=C(C(=O)N2CCC(C)CC)/C(=c2\cc/c(=C4/C(=O)N(CCCC(CCCCCCCCCCCCCCCCCC)CCCCCCCCCCCCCCCCCC)c5cc(*)ccc54)s2)N(CCC(C)CC)C3=O)s1
10.1021/acs.macromol.1c00124,PQ-BT,*c1ccc2c(c1)N(CCCC(CCCCCCCCCCCCCCCCCC)CCCCCCCCCCCCCCCCCC)C(=O)/C2=c1/cc/c(=C2\C3=C(C(=O)N2CCC(C)CC)/C(=c2\cc/c(=C4/C(=O)N(CCCC(CCCCCCCCCCCCCCCCCC)CCCCCCCCCCCCCCCCCC)c5cc(-c6ccc(-c7ccc(*)s7)s6)ccc54)s2)N(CCC(C)CC)C3=O)s1,1,0.0,1,0.16,0.24,-3.79,-5.15,*c1ccc(-c2ccc(*)s2)s1,*c1ccc2c(c1)N(CCCC(CCCCCCCCCCCCCCCCCC)CCCCCCCCCCCCCCCCCC)C(=O)/C2=c1/cc/c(=C2\C3=C(C(=O)N2CCC(C)CC)/C(=c2\cc/c(=C4/C(=O)N(CCCC(CCCCCCCCCCCCCCCCCC)CCCCCCCCCCCCCCCCCC)c5cc(*)ccc54)s2)N(CCC(C)CC)C3=O)s1,PQ-MeOBT,*c1ccc2c(c1)N(CCCC(CCCCCCCCCCCCCCCCCC)CCCCCCCCCCCCCCCCCC)C(=O)/C2=c1/cc/c(=C2\C3=C(C(=O)N2CCC(C)CC)/C(=c2\cc/c(=C4/C(=O)N(CCCC(CCCCCCCCCCCCCCCCCC)CCCCCCCCCCCCCCCCCC)c5cc(-c6cc(OC)c(-c7sc(*)cc7OC)s6)ccc54)s2)N(CCC(C)CC)C3=O)s1,1,0.0,1,0.14,0.18,-3.73,-4.83,*c1cc(OC)c(-c2sc(*)cc2OC)s1,*c1ccc2c(c1)N(CCCC(CCCCCCCCCCCCCCCCCC)CCCCCCCCCCCCCCCCCC)C(=O)/C2=c1/cc/c(=C2\C3=C(C(=O)N2CCC(C)CC)/C(=c2\cc/c(=C4/C(=O)N(CCCC(CCCCCCCCCCCCCCCCCC)CCCCCCCCCCCCCCCCCC)c5cc(*)ccc54)s2)N(CCC(C)CC)C3=O)s1
10.1021/acs.macromol.1c00124,PQ-BT,*c1ccc2c(c1)N(CCCC(CCCCCCCCCCCCCCCCCC)CCCCCCCCCCCCCCCCCC)C(=O)/C2=c1/cc/c(=C2\C3=C(C(=O)N2CCC(C)CC)/C(=c2\cc/c(=C4/C(=O)N(CCCC(CCCCCCCCCCCCCCCCCC)CCCCCCCCCCCCCCCCCC)c5cc(-c6ccc(-c7ccc(*)s7)s6)ccc54)s2)N(CCC(C)CC)C3=O)s1,1,0.0,1,0.16,0.24,-3.79,-5.15,*c1ccc(-c2ccc(*)s2)s1,*c1ccc2c(c1)N(CCCC(CCCCCCCCCCCCCCCCCC)CCCCCCCCCCCCCCCCCC)C(=O)/C2=c1/cc/c(=C2\C3=C(C(=O)N2CCC(C)CC)/C(=c2\cc/c(=C4/C(=O)N(CCCC(CCCCCCCCCCCCCCCCCC)CCCCCCCCCCCCCCCCCC)c5cc(*)ccc54)s2)N(CCC(C)CC)C3=O)s1,PFQ-BT,*c1ccc(-c2ccc(-c3ccc4c(c3F)N(CCCC(CCCCCCCCCCCCCCCCCC)CCCCCCCCCCCCCCCCCC)C(=O)/C4=c3/cc/c(=C4\C5=C(C(=O)N4CCC(C)CC)/C(=c4\cc/c(=C6/C(=O)N(CCCC(CCCCCCCCCCCCCCCCCC)CCCCCCCCCCCCCCCCCC)c7c6ccc(*)c7F)s4)N(CCC(C)CC)C5=O)s3)s2)s1,1,0.0,1,0.14,0.24,-3.9,-5.19,*c1ccc(-c2ccc(*)s2)s1,*c1ccc2c(c1F)N(CCCC(CCCCCCCCCCCCCCCCCC)CCCCCCCCCCCCCCCCCC)C(=O)/C2=c1/cc/c(=C2\C3=C(C(=O)N2CCC(C)CC)/C(=c2\cc/c(=C4/C(=O)N(CCCC(CCCCCCCCCCCCCCCCCC)CCCCCCCCCCCCCCCCCC)c5c4ccc(*)c5F)s2)N(CCC(C)CC)C3=O)s1
10.1021/acs.macromol.1c00124,PQ-BT,*c1ccc2c(c1)N(CCCC(CCCCCCCCCCCCCCCCCC)CCCCCCCCCCCCCCCCCC)C(=O)/C2=c1/cc/c(=C2\C3=C(C(=O)N2CCC(C)CC)/C(=c2\cc/c(=C4/C(=O)N(CCCC(CCCCCCCCCCCCCCCCCC)CCCCCCCCCCCCCCCCCC)c5cc(-c6ccc(-c7ccc(*)s7)s6)ccc54)s2)N(CCC(C)CC)C3=O)s1,1,0.0,1,0.16,0.24,-3.79,-5.15,*c1ccc(-c2ccc(*)s2)s1,*c1ccc2c(c1)N(CCCC(CCCCCCCCCCCCCCCCCC)CCCCCCCCCCCCCCCCCC)C(=O)/C2=c1/cc/c(=C2\C3=C(C(=O)N2CCC(C)CC)/C(=c2\cc/c(=C4/C(=O)N(CCCC(CCCCCCCCCCCCCCCCCC)CCCCCCCCCCCCCCCCCC)c5cc(*)ccc54)s2)N(CCC(C)CC)C3=O)s1,PFQ-FBT,*c1cc(F)c(-c2sc(-c3ccc4c(c3F)N(CCCC(CCCCCCCCCCCCCCCCCC)CCCCCCCCCCCCCCCCCC)C(=O)/C4=c3/cc/c(=C4\C5=C(C(=O)N4CCC(C)CC)/C(=c4\cc/c(=C6/C(=O)N(CCCC(CCCCCCCCCCCCCCCCCC)CCCCCCCCCCCCCCCCCC)c7c6ccc(*)c7F)s4)N(CCC(C)CC)C5=O)s3)cc2F)s1,1,0.0,1,0.11,0.22,-3.94,-5.29,*c1cc(F)c(-c2sc(*)cc2F)s1,*c1ccc2c(c1F)N(CCCC(CCCCCCCCCCCCCCCCCC)CCCCCCCCCCCCCCCCCC)C(=O)/C2=c1/cc/c(=C2\C3=C(C(=O)N2CCC(C)CC)/C(=c2\cc/c(=C4/C(=O)N(CCCC(CCCCCCCCCCCCCCCCCC)CCCCCCCCCCCCCCCCCC)c5c4ccc(*)c5F)s2)N(CCC(C)CC)C3=O)s1
10.1021/acs.macromol.1c00124,PQ-BT,*c1ccc2c(c1)N(CCCC(CCCCCCCCCCCCCCCCCC)CCCCCCCCCCCCCCCCCC)C(=O)/C2=c1/cc/c(=C2\C3=C(C(=O)N2CCC(C)CC)/C(=c2\cc/c(=C4/C(=O)N(CCCC(CCCCCCCCCCCCCCCCCC)CCCCCCCCCCCCCCCCCC)c5cc(-c6ccc(-c7ccc(*)s7)s6)ccc54)s2)N(CCC(C)CC)C3=O)s1,1,0.0,1,0.16,0.24,-3.79,-5.15,*c1ccc(-c2ccc(*)s2)s1,*c1ccc2c(c1)N(CCCC(CCCCCCCCCCCCCCCCCC)CCCCCCCCCCCCCCCCCC)C(=O)/C2=c1/cc/c(=C2\C3=C(C(=O)N2CCC(C)CC)/C(=c2\cc/c(=C4/C(=O)N(CCCC(CCCCCCCCCCCCCCCCCC)CCCCCCCCCCCCCCCCCC)c5cc(*)ccc54)s2)N(CCC(C)CC)C3=O)s1,PFQ-MeOBT,*c1cc(OC)c(-c2sc(-c3ccc4c(c3F)N(CCCC(CCCCCCCCCCCCCCCCCC)CCCCCCCCCCCCCCCCCC)C(=O)/C4=c3/cc/c(=C4\C5=C(C(=O)N4CCC(C)CC)/C(=c4\cc/c(=C6/C(=O)N(CCCC(CCCCCCCCCCCCCCCCCC)CCCCCCCCCCCCCCCCCC)c7c6ccc(*)c7F)s4)N(CCC(C)CC)C5=O)s3)cc2OC)s1,1,0.0,1,0.13,0.17,-3.82,-4.89,*c1cc(OC)c(-c2sc(*)cc2OC)s1,*c1ccc2c(c1F)N(CCCC(CCCCCCCCCCCCCCCCCC)CCCCCCCCCCCCCCCCCC)C(=O)/C2=c1/cc/c(=C2\C3=C(C(=O)N2CCC(C)CC)/C(=c2\cc/c(=C4/C(=O)N(CCCC(CCCCCCCCCCCCCCCCCC)CCCCCCCCCCCCCCCCCC)c5c4ccc(*)c5F)s2)N(CCC(C)CC)C3=O)s1
10.1021/acs.macromol.1c00124,PQ-FBT,*c1ccc2c(c1)N(CCCC(CCCCCCCCCCCCCCCCCC)CCCCCCCCCCCCCCCCCC)C(=O)/C2=c1/cc/c(=C2\C3=C(C(=O)N2CCC(C)CC)/C(=c2\cc/c(=C4/C(=O)N(CCCC(CCCCCCCCCCCCCCCCCC)CCCCCCCCCCCCCCCCCC)c5cc(-c6cc(F)c(-c7sc(*)cc7F)s6)ccc54)s2)N(CCC(C)CC)C3=O)s1,1,0.0,1,0.18,0.2,-3.82,-5.24,*c1cc(F)c(-c2sc(*)cc2F)s1,*c1ccc2c(c1)N(CCCC(CCCCCCCCCCCCCCCCCC)CCCCCCCCCCCCCCCCCC)C(=O)/C2=c1/cc/c(=C2\C3=C(C(=O)N2CCC(C)CC)/C(=c2\cc/c(=C4/C(=O)N(CCCC(CCCCCCCCCCCCCCCCCC)CCCCCCCCCCCCCCCCCC)c5cc(*)ccc54)s2)N(CCC(C)CC)C3=O)s1,PQ-MeOBT,*c1ccc2c(c1)N(CCCC(CCCCCCCCCCCCCCCCCC)CCCCCCCCCCCCCCCCCC)C(=O)/C2=c1/cc/c(=C2\C3=C(C(=O)N2CCC(C)CC)/C(=c2\cc/c(=C4/C(=O)N(CCCC(CCCCCCCCCCCCCCCCCC)CCCCCCCCCCCCCCCCCC)c5cc(-c6cc(OC)c(-c7sc(*)cc7OC)s6)ccc54)s2)N(CCC(C)CC)C3=O)s1,1,0.0,1,0.14,0.18,-3.73,-4.83,*c1cc(OC)c(-c2sc(*)cc2OC)s1,*c1ccc2c(c1)N(CCCC(CCCCCCCCCCCCCCCCCC)CCCCCCCCCCCCCCCCCC)C(=O)/C2=c1/cc/c(=C2\C3=C(C(=O)N2CCC(C)CC)/C(=c2\cc/c(=C4/C(=O)N(CCCC(CCCCCCCCCCCCCCCCCC)CCCCCCCCCCCCCCCCCC)c5cc(*)ccc54)s2)N(CCC(C)CC)C3=O)s1
10.1021/acs.macromol.1c00124,PQ-FBT,*c1ccc2c(c1)N(CCCC(CCCCCCCCCCCCCCCCCC)CCCCCCCCCCCCCCCCCC)C(=O)/C2=c1/cc/c(=C2\C3=C(C(=O)N2CCC(C)CC)/C(=c2\cc/c(=C4/C(=O)N(CCCC(CCCCCCCCCCCCCCCCCC)CCCCCCCCCCCCCCCCCC)c5cc(-c6cc(F)c(-c7sc(*)cc7F)s6)ccc54)s2)N(CCC(C)CC)C3=O)s1,1,0.0,1,0.18,0.2,-3.82,-5.24,*c1cc(F)c(-c2sc(*)cc2F)s1,*c1ccc2c(c1)N(CCCC(CCCCCCCCCCCCCCCCCC)CCCCCCCCCCCCCCCCCC)C(=O)/C2=c1/cc/c(=C2\C3=C(C(=O)N2CCC(C)CC)/C(=c2\cc/c(=C4/C(=O)N(CCCC(CCCCCCCCCCCCCCCCCC)CCCCCCCCCCCCCCCCCC)c5cc(*)ccc54)s2)N(CCC(C)CC)C3=O)s1,PFQ-BT,*c1ccc(-c2ccc(-c3ccc4c(c3F)N(CCCC(CCCCCCCCCCCCCCCCCC)CCCCCCCCCCCCCCCCCC)C(=O)/C4=c3/cc/c(=C4\C5=C(C(=O)N4CCC(C)CC)/C(=c4\cc/c(=C6/C(=O)N(CCCC(CCCCCCCCCCCCCCCCCC)CCCCCCCCCCCCCCCCCC)c7c6ccc(*)c7F)s4)N(CCC(C)CC)C5=O)s3)s2)s1,1,0.0,1,0.14,0.24,-3.9,-5.19,*c1ccc(-c2ccc(*)s2)s1,*c1ccc2c(c1F)N(CCCC(CCCCCCCCCCCCCCCCCC)CCCCCCCCCCCCCCCCCC)C(=O)/C2=c1/cc/c(=C2\C3=C(C(=O)N2CCC(C)CC)/C(=c2\cc/c(=C4/C(=O)N(CCCC(CCCCCCCCCCCCCCCCCC)CCCCCCCCCCCCCCCCCC)c5c4ccc(*)c5F)s2)N(CCC(C)CC)C3=O)s1
10.1021/acs.macromol.1c00124,PQ-FBT,*c1ccc2c(c1)N(CCCC(CCCCCCCCCCCCCCCCCC)CCCCCCCCCCCCCCCCCC)C(=O)/C2=c1/cc/c(=C2\C3=C(C(=O)N2CCC(C)CC)/C(=c2\cc/c(=C4/C(=O)N(CCCC(CCCCCCCCCCCCCCCCCC)CCCCCCCCCCCCCCCCCC)c5cc(-c6cc(F)c(-c7sc(*)cc7F)s6)ccc54)s2)N(CCC(C)CC)C3=O)s1,1,0.0,1,0.18,0.2,-3.82,-5.24,*c1cc(F)c(-c2sc(*)cc2F)s1,*c1ccc2c(c1)N(CCCC(CCCCCCCCCCCCCCCCCC)CCCCCCCCCCCCCCCCCC)C(=O)/C2=c1/cc/c(=C2\C3=C(C(=O)N2CCC(C)CC)/C(=c2\cc/c(=C4/C(=O)N(CCCC(CCCCCCCCCCCCCCCCCC)CCCCCCCCCCCCCCCCCC)c5cc(*)ccc54)s2)N(CCC(C)CC)C3=O)s1,PFQ-FBT,*c1cc(F)c(-c2sc(-c3ccc4c(c3F)N(CCCC(CCCCCCCCCCCCCCCCCC)CCCCCCCCCCCCCCCCCC)C(=O)/C4=c3/cc/c(=C4\C5=C(C(=O)N4CCC(C)CC)/C(=c4\cc/c(=C6/C(=O)N(CCCC(CCCCCCCCCCCCCCCCCC)CCCCCCCCCCCCCCCCCC)c7c6ccc(*)c7F)s4)N(CCC(C)CC)C5=O)s3)cc2F)s1,1,0.0,1,0.11,0.22,-3.94,-5.29,*c1cc(F)c(-c2sc(*)cc2F)s1,*c1ccc2c(c1F)N(CCCC(CCCCCCCCCCCCCCCCCC)CCCCCCCCCCCCCCCCCC)C(=O)/C2=c1/cc/c(=C2\C3=C(C(=O)N2CCC(C)CC)/C(=c2\cc/c(=C4/C(=O)N(CCCC(CCCCCCCCCCCCCCCCCC)CCCCCCCCCCCCCCCCCC)c5c4ccc(*)c5F)s2)N(CCC(C)CC)C3=O)s1
10.1021/acs.macromol.1c00124,PQ-FBT,*c1ccc2c(c1)N(CCCC(CCCCCCCCCCCCCCCCCC)CCCCCCCCCCCCCCCCCC)C(=O)/C2=c1/cc/c(=C2\C3=C(C(=O)N2CCC(C)CC)/C(=c2\cc/c(=C4/C(=O)N(CCCC(CCCCCCCCCCCCCCCCCC)CCCCCCCCCCCCCCCCCC)c5cc(-c6cc(F)c(-c7sc(*)cc7F)s6)ccc54)s2)N(CCC(C)CC)C3=O)s1,1,0.0,1,0.18,0.2,-3.82,-5.24,*c1cc(F)c(-c2sc(*)cc2F)s1,*c1ccc2c(c1)N(CCCC(CCCCCCCCCCCCCCCCCC)CCCCCCCCCCCCCCCCCC)C(=O)/C2=c1/cc/c(=C2\C3=C(C(=O)N2CCC(C)CC)/C(=c2\cc/c(=C4/C(=O)N(CCCC(CCCCCCCCCCCCCCCCCC)CCCCCCCCCCCCCCCCCC)c5cc(*)ccc54)s2)N(CCC(C)CC)C3=O)s1,PFQ-MeOBT,*c1cc(OC)c(-c2sc(-c3ccc4c(c3F)N(CCCC(CCCCCCCCCCCCCCCCCC)CCCCCCCCCCCCCCCCCC)C(=O)/C4=c3/cc/c(=C4\C5=C(C(=O)N4CCC(C)CC)/C(=c4\cc/c(=C6/C(=O)N(CCCC(CCCCCCCCCCCCCCCCCC)CCCCCCCCCCCCCCCCCC)c7c6ccc(*)c7F)s4)N(CCC(C)CC)C5=O)s3)cc2OC)s1,1,0.0,1,0.13,0.17,-3.82,-4.89,*c1cc(OC)c(-c2sc(*)cc2OC)s1,*c1ccc2c(c1F)N(CCCC(CCCCCCCCCCCCCCCCCC)CCCCCCCCCCCCCCCCCC)C(=O)/C2=c1/cc/c(=C2\C3=C(C(=O)N2CCC(C)CC)/C(=c2\cc/c(=C4/C(=O)N(CCCC(CCCCCCCCCCCCCCCCCC)CCCCCCCCCCCCCCCCCC)c5c4ccc(*)c5F)s2)N(CCC(C)CC)C3=O)s1
10.1021/acs.macromol.1c00124,PQ-MeOBT,*c1ccc2c(c1)N(CCCC(CCCCCCCCCCCCCCCCCC)CCCCCCCCCCCCCCCCCC)C(=O)/C2=c1/cc/c(=C2\C3=C(C(=O)N2CCC(C)CC)/C(=c2\cc/c(=C4/C(=O)N(CCCC(CCCCCCCCCCCCCCCCCC)CCCCCCCCCCCCCCCCCC)c5cc(-c6cc(OC)c(-c7sc(*)cc7OC)s6)ccc54)s2)N(CCC(C)CC)C3=O)s1,1,0.0,1,0.14,0.18,-3.73,-4.83,*c1cc(OC)c(-c2sc(*)cc2OC)s1,*c1ccc2c(c1)N(CCCC(CCCCCCCCCCCCCCCCCC)CCCCCCCCCCCCCCCCCC)C(=O)/C2=c1/cc/c(=C2\C3=C(C(=O)N2CCC(C)CC)/C(=c2\cc/c(=C4/C(=O)N(CCCC(CCCCCCCCCCCCCCCCCC)CCCCCCCCCCCCCCCCCC)c5cc(*)ccc54)s2)N(CCC(C)CC)C3=O)s1,PFQ-BT,*c1ccc(-c2ccc(-c3ccc4c(c3F)N(CCCC(CCCCCCCCCCCCCCCCCC)CCCCCCCCCCCCCCCCCC)C(=O)/C4=c3/cc/c(=C4\C5=C(C(=O)N4CCC(C)CC)/C(=c4\cc/c(=C6/C(=O)N(CCCC(CCCCCCCCCCCCCCCCCC)CCCCCCCCCCCCCCCCCC)c7c6ccc(*)c7F)s4)N(CCC(C)CC)C5=O)s3)s2)s1,1,0.0,1,0.14,0.24,-3.9,-5.19,*c1ccc(-c2ccc(*)s2)s1,*c1ccc2c(c1F)N(CCCC(CCCCCCCCCCCCCCCCCC)CCCCCCCCCCCCCCCCCC)C(=O)/C2=c1/cc/c(=C2\C3=C(C(=O)N2CCC(C)CC)/C(=c2\cc/c(=C4/C(=O)N(CCCC(CCCCCCCCCCCCCCCCCC)CCCCCCCCCCCCCCCCCC)c5c4ccc(*)c5F)s2)N(CCC(C)CC)C3=O)s1
10.1021/acs.macromol.1c00124,PQ-MeOBT,*c1ccc2c(c1)N(CCCC(CCCCCCCCCCCCCCCCCC)CCCCCCCCCCCCCCCCCC)C(=O)/C2=c1/cc/c(=C2\C3=C(C(=O)N2CCC(C)CC)/C(=c2\cc/c(=C4/C(=O)N(CCCC(CCCCCCCCCCCCCCCCCC)CCCCCCCCCCCCCCCCCC)c5cc(-c6cc(OC)c(-c7sc(*)cc7OC)s6)ccc54)s2)N(CCC(C)CC)C3=O)s1,1,0.0,1,0.14,0.18,-3.73,-4.83,*c1cc(OC)c(-c2sc(*)cc2OC)s1,*c1ccc2c(c1)N(CCCC(CCCCCCCCCCCCCCCCCC)CCCCCCCCCCCCCCCCCC)C(=O)/C2=c1/cc/c(=C2\C3=C(C(=O)N2CCC(C)CC)/C(=c2\cc/c(=C4/C(=O)N(CCCC(CCCCCCCCCCCCCCCCCC)CCCCCCCCCCCCCCCCCC)c5cc(*)ccc54)s2)N(CCC(C)CC)C3=O)s1,PFQ-FBT,*c1cc(F)c(-c2sc(-c3ccc4c(c3F)N(CCCC(CCCCCCCCCCCCCCCCCC)CCCCCCCCCCCCCCCCCC)C(=O)/C4=c3/cc/c(=C4\C5=C(C(=O)N4CCC(C)CC)/C(=c4\cc/c(=C6/C(=O)N(CCCC(CCCCCCCCCCCCCCCCCC)CCCCCCCCCCCCCCCCCC)c7c6ccc(*)c7F)s4)N(CCC(C)CC)C5=O)s3)cc2F)s1,1,0.0,1,0.11,0.22,-3.94,-5.29,*c1cc(F)c(-c2sc(*)cc2F)s1,*c1ccc2c(c1F)N(CCCC(CCCCCCCCCCCCCCCCCC)CCCCCCCCCCCCCCCCCC)C(=O)/C2=c1/cc/c(=C2\C3=C(C(=O)N2CCC(C)CC)/C(=c2\cc/c(=C4/C(=O)N(CCCC(CCCCCCCCCCCCCCCCCC)CCCCCCCCCCCCCCCCCC)c5c4ccc(*)c5F)s2)N(CCC(C)CC)C3=O)s1
10.1021/acs.macromol.1c00124,PQ-MeOBT,*c1ccc2c(c1)N(CCCC(CCCCCCCCCCCCCCCCCC)CCCCCCCCCCCCCCCCCC)C(=O)/C2=c1/cc/c(=C2\C3=C(C(=O)N2CCC(C)CC)/C(=c2\cc/c(=C4/C(=O)N(CCCC(CCCCCCCCCCCCCCCCCC)CCCCCCCCCCCCCCCCCC)c5cc(-c6cc(OC)c(-c7sc(*)cc7OC)s6)ccc54)s2)N(CCC(C)CC)C3=O)s1,1,0.0,1,0.14,0.18,-3.73,-4.83,*c1cc(OC)c(-c2sc(*)cc2OC)s1,*c1ccc2c(c1)N(CCCC(CCCCCCCCCCCCCCCCCC)CCCCCCCCCCCCCCCCCC)C(=O)/C2=c1/cc/c(=C2\C3=C(C(=O)N2CCC(C)CC)/C(=c2\cc/c(=C4/C(=O)N(CCCC(CCCCCCCCCCCCCCCCCC)CCCCCCCCCCCCCCCCCC)c5cc(*)ccc54)s2)N(CCC(C)CC)C3=O)s1,PFQ-MeOBT,*c1cc(OC)c(-c2sc(-c3ccc4c(c3F)N(CCCC(CCCCCCCCCCCCCCCCCC)CCCCCCCCCCCCCCCCCC)C(=O)/C4=c3/cc/c(=C4\C5=C(C(=O)N4CCC(C)CC)/C(=c4\cc/c(=C6/C(=O)N(CCCC(CCCCCCCCCCCCCCCCCC)CCCCCCCCCCCCCCCCCC)c7c6ccc(*)c7F)s4)N(CCC(C)CC)C5=O)s3)cc2OC)s1,1,0.0,1,0.13,0.17,-3.82,-4.89,*c1cc(OC)c(-c2sc(*)cc2OC)s1,*c1ccc2c(c1F)N(CCCC(CCCCCCCCCCCCCCCCCC)CCCCCCCCCCCCCCCCCC)C(=O)/C2=c1/cc/c(=C2\C3=C(C(=O)N2CCC(C)CC)/C(=c2\cc/c(=C4/C(=O)N(CCCC(CCCCCCCCCCCCCCCCCC)CCCCCCCCCCCCCCCCCC)c5c4ccc(*)c5F)s2)N(CCC(C)CC)C3=O)s1
10.1021/acs.macromol.1c00124,PFQ-BT,*c1ccc(-c2ccc(-c3ccc4c(c3F)N(CCCC(CCCCCCCCCCCCCCCCCC)CCCCCCCCCCCCCCCCCC)C(=O)/C4=c3/cc/c(=C4\C5=C(C(=O)N4CCC(C)CC)/C(=c4\cc/c(=C6/C(=O)N(CCCC(CCCCCCCCCCCCCCCCCC)CCCCCCCCCCCCCCCCCC)c7c6ccc(*)c7F)s4)N(CCC(C)CC)C5=O)s3)s2)s1,1,0.0,1,0.14,0.24,-3.9,-5.19,*c1ccc(-c2ccc(*)s2)s1,*c1ccc2c(c1F)N(CCCC(CCCCCCCCCCCCCCCCCC)CCCCCCCCCCCCCCCCCC)C(=O)/C2=c1/cc/c(=C2\C3=C(C(=O)N2CCC(C)CC)/C(=c2\cc/c(=C4/C(=O)N(CCCC(CCCCCCCCCCCCCCCCCC)CCCCCCCCCCCCCCCCCC)c5c4ccc(*)c5F)s2)N(CCC(C)CC)C3=O)s1,PFQ-FBT,*c1cc(F)c(-c2sc(-c3ccc4c(c3F)N(CCCC(CCCCCCCCCCCCCCCCCC)CCCCCCCCCCCCCCCCCC)C(=O)/C4=c3/cc/c(=C4\C5=C(C(=O)N4CCC(C)CC)/C(=c4\cc/c(=C6/C(=O)N(CCCC(CCCCCCCCCCCCCCCCCC)CCCCCCCCCCCCCCCCCC)c7c6ccc(*)c7F)s4)N(CCC(C)CC)C5=O)s3)cc2F)s1,1,0.0,1,0.11,0.22,-3.94,-5.29,*c1cc(F)c(-c2sc(*)cc2F)s1,*c1ccc2c(c1F)N(CCCC(CCCCCCCCCCCCCCCCCC)CCCCCCCCCCCCCCCCCC)C(=O)/C2=c1/cc/c(=C2\C3=C(C(=O)N2CCC(C)CC)/C(=c2\cc/c(=C4/C(=O)N(CCCC(CCCCCCCCCCCCCCCCCC)CCCCCCCCCCCCCCCCCC)c5c4ccc(*)c5F)s2)N(CCC(C)CC)C3=O)s1
10.1021/acs.macromol.1c00124,PFQ-BT,*c1ccc(-c2ccc(-c3ccc4c(c3F)N(CCCC(CCCCCCCCCCCCCCCCCC)CCCCCCCCCCCCCCCCCC)C(=O)/C4=c3/cc/c(=C4\C5=C(C(=O)N4CCC(C)CC)/C(=c4\cc/c(=C6/C(=O)N(CCCC(CCCCCCCCCCCCCCCCCC)CCCCCCCCCCCCCCCCCC)c7c6ccc(*)c7F)s4)N(CCC(C)CC)C5=O)s3)s2)s1,1,0.0,1,0.14,0.24,-3.9,-5.19,*c1ccc(-c2ccc(*)s2)s1,*c1ccc2c(c1F)N(CCCC(CCCCCCCCCCCCCCCCCC)CCCCCCCCCCCCCCCCCC)C(=O)/C2=c1/cc/c(=C2\C3=C(C(=O)N2CCC(C)CC)/C(=c2\cc/c(=C4/C(=O)N(CCCC(CCCCCCCCCCCCCCCCCC)CCCCCCCCCCCCCCCCCC)c5c4ccc(*)c5F)s2)N(CCC(C)CC)C3=O)s1,PFQ-MeOBT,*c1cc(OC)c(-c2sc(-c3ccc4c(c3F)N(CCCC(CCCCCCCCCCCCCCCCCC)CCCCCCCCCCCCCCCCCC)C(=O)/C4=c3/cc/c(=C4\C5=C(C(=O)N4CCC(C)CC)/C(=c4\cc/c(=C6/C(=O)N(CCCC(CCCCCCCCCCCCCCCCCC)CCCCCCCCCCCCCCCCCC)c7c6ccc(*)c7F)s4)N(CCC(C)CC)C5=O)s3)cc2OC)s1,1,0.0,1,0.13,0.17,-3.82,-4.89,*c1cc(OC)c(-c2sc(*)cc2OC)s1,*c1ccc2c(c1F)N(CCCC(CCCCCCCCCCCCCCCCCC)CCCCCCCCCCCCCCCCCC)C(=O)/C2=c1/cc/c(=C2\C3=C(C(=O)N2CCC(C)CC)/C(=c2\cc/c(=C4/C(=O)N(CCCC(CCCCCCCCCCCCCCCCCC)CCCCCCCCCCCCCCCCCC)c5c4ccc(*)c5F)s2)N(CCC(C)CC)C3=O)s1
10.1021/acs.macromol.1c00124,PFQ-FBT,*c1cc(F)c(-c2sc(-c3ccc4c(c3F)N(CCCC(CCCCCCCCCCCCCCCCCC)CCCCCCCCCCCCCCCCCC)C(=O)/C4=c3/cc/c(=C4\C5=C(C(=O)N4CCC(C)CC)/C(=c4\cc/c(=C6/C(=O)N(CCCC(CCCCCCCCCCCCCCCCCC)CCCCCCCCCCCCCCCCCC)c7c6ccc(*)c7F)s4)N(CCC(C)CC)C5=O)s3)cc2F)s1,1,0.0,1,0.11,0.22,-3.94,-5.29,*c1cc(F)c(-c2sc(*)cc2F)s1,*c1ccc2c(c1F)N(CCCC(CCCCCCCCCCCCCCCCCC)CCCCCCCCCCCCCCCCCC)C(=O)/C2=c1/cc/c(=C2\C3=C(C(=O)N2CCC(C)CC)/C(=c2\cc/c(=C4/C(=O)N(CCCC(CCCCCCCCCCCCCCCCCC)CCCCCCCCCCCCCCCCCC)c5c4ccc(*)c5F)s2)N(CCC(C)CC)C3=O)s1,PFQ-MeOBT,*c1cc(OC)c(-c2sc(-c3ccc4c(c3F)N(CCCC(CCCCCCCCCCCCCCCCCC)CCCCCCCCCCCCCCCCCC)C(=O)/C4=c3/cc/c(=C4\C5=C(C(=O)N4CCC(C)CC)/C(=c4\cc/c(=C6/C(=O)N(CCCC(CCCCCCCCCCCCCCCCCC)CCCCCCCCCCCCCCCCCC)c7c6ccc(*)c7F)s4)N(CCC(C)CC)C5=O)s3)cc2OC)s1,1,0.0,1,0.13,0.17,-3.82,-4.89,*c1cc(OC)c(-c2sc(*)cc2OC)s1,*c1ccc2c(c1F)N(CCCC(CCCCCCCCCCCCCCCCCC)CCCCCCCCCCCCCCCCCC)C(=O)/C2=c1/cc/c(=C2\C3=C(C(=O)N2CCC(C)CC)/C(=c2\cc/c(=C4/C(=O)N(CCCC(CCCCCCCCCCCCCCCCCC)CCCCCCCCCCCCCCCCCC)c5c4ccc(*)c5F)s2)N(CCC(C)CC)C3=O)s1
10.1021/acs.macromol.2c00870,P2F2CNTVT-DPP-1,*c1ccc(C2=C3C(=O)N(CC(CCCCCCCCCC)CCCCCCCCCCCC)C(c4ccc(-c5sc(/C=C/c6sc(*)c(F)c6C#N)c(C#N)c5F)s4)=C3C(=O)N2CC(CCCCCCCCCC)CCCCCCCCCCCC)s1,1,0.0,1,2.03,0.0,-3.67,-5.43,*c1sc(/C=C/c2sc(*)c(F)c2C#N)c(C#N)c1F,*c1ccc(C2=C3C(=O)N(CC(CCCCCCCCCC)CCCCCCCCCCCC)C(c4ccc(*)s4)=C3C(=O)N2CC(CCCCCCCCCC)CCCCCCCCCCCC)s1,P2F2CNTVT-DPP-2,*c1ccc(C2=C3C(=O)N(CCCC(CCCCCCCCCCCCCC)CCCCCCCCCCCCCC)C(c4ccc(-c5sc(/C=C/c6sc(*)c(F)c6C#N)c(C#N)c5F)s4)=C3C(=O)N2CCCC(CCCCCCCCCCCCCC)CCCCCCCCCCCCCC)s1,1,0.0,1,2.03,0.0,-3.67,-5.43,*c1sc(/C=C/c2sc(*)c(F)c2C#N)c(C#N)c1F,*c1ccc(C2=C3C(=O)N(CCCC(CCCCCCCCCCCCCC)CCCCCCCCCCCCCC)C(c4ccc(*)s4)=C3C(=O)N2CCCC(CCCCCCCCCCCCCC)CCCCCCCCCCCCCC)s1
10.1021/acs.macromol.2c00870,P2F2CNTVT-DPP-1,*c1ccc(C2=C3C(=O)N(CC(CCCCCCCCCC)CCCCCCCCCCCC)C(c4ccc(-c5sc(/C=C/c6sc(*)c(F)c6C#N)c(C#N)c5F)s4)=C3C(=O)N2CC(CCCCCCCCCC)CCCCCCCCCCCC)s1,1,0.0,1,2.03,0.0,-3.67,-5.43,*c1sc(/C=C/c2sc(*)c(F)c2C#N)c(C#N)c1F,*c1ccc(C2=C3C(=O)N(CC(CCCCCCCCCC)CCCCCCCCCCCC)C(c4ccc(*)s4)=C3C(=O)N2CC(CCCCCCCCCC)CCCCCCCCCCCC)s1,P2F2CNTVT-DPP-3,*c1ccc(C2=C3C(=O)N(CCCC(CCCCCCCCCCCCCCCCCC)CCCCCCCCCCCCCCCCCC)C(c4ccc(-c5sc(/C=C/c6sc(*)c(F)c6C#N)c(C#N)c5F)s4)=C3C(=O)N2CCCC(CCCCCCCCCCCCCCCCCC)CCCCCCCCCCCCCCCCCC)s1,1,0.0,1,2.03,0.0,-3.67,-5.43,*c1sc(/C=C/c2sc(*)c(F)c2C#N)c(C#N)c1F,*c1ccc(C2=C3C(=O)N(CCCC(CCCCCCCCCCCCCCCCCC)CCCCCCCCCCCCCCCCCC)C(c4ccc(*)s4)=C3C(=O)N2CCCC(CCCCCCCCCCCCCCCCCC)CCCCCCCCCCCCCCCCCC)s1
10.1021/acs.macromol.2c00870,P2F2CNTVT-DPP-1,*c1ccc(C2=C3C(=O)N(CC(CCCCCCCCCC)CCCCCCCCCCCC)C(c4ccc(-c5sc(/C=C/c6sc(*)c(F)c6C#N)c(C#N)c5F)s4)=C3C(=O)N2CC(CCCCCCCCCC)CCCCCCCCCCCC)s1,1,0.0,1,2.03,0.0,-3.67,-5.43,*c1sc(/C=C/c2sc(*)c(F)c2C#N)c(C#N)c1F,*c1ccc(C2=C3C(=O)N(CC(CCCCCCCCCC)CCCCCCCCCCCC)C(c4ccc(*)s4)=C3C(=O)N2CC(CCCCCCCCCC)CCCCCCCCCCCC)s1,P2F2CNTVT-IID-1,*c1ccc2c(c1)N(CC(CCCCCCCCCC)CCCCCCCCCCCC)C(=O)/C2=C1/C(=O)N(CC(CCCCCCCCCC)CCCCCCCCCCCC)c2cc(-c3sc(/C=C/c4sc(*)c(F)c4C#N)c(C#N)c3F)ccc21,1,0.0,1,2.92,0.0,-3.71,-5.99,*c1sc(/C=C/c2sc(*)c(F)c2C#N)c(C#N)c1F,*c1ccc2c(c1)N(CC(CCCCCCCCCC)CCCCCCCCCCCC)C(=O)/C2=C1/C(=O)N(CC(CCCCCCCCCC)CCCCCCCCCCCC)c2cc(*)ccc21
10.1021/acs.macromol.2c00870,P2F2CNTVT-DPP-1,*c1ccc(C2=C3C(=O)N(CC(CCCCCCCCCC)CCCCCCCCCCCC)C(c4ccc(-c5sc(/C=C/c6sc(*)c(F)c6C#N)c(C#N)c5F)s4)=C3C(=O)N2CC(CCCCCCCCCC)CCCCCCCCCCCC)s1,1,0.0,1,2.03,0.0,-3.67,-5.43,*c1sc(/C=C/c2sc(*)c(F)c2C#N)c(C#N)c1F,*c1ccc(C2=C3C(=O)N(CC(CCCCCCCCCC)CCCCCCCCCCCC)C(c4ccc(*)s4)=C3C(=O)N2CC(CCCCCCCCCC)CCCCCCCCCCCC)s1,P2F2CNTVT-IID-2,*c1ccc2c(c1)N(CCCC(CCCCCCCCCCCCCC)CCCCCCCCCCCCCC)C(=O)/C2=C1/C(=O)N(CCCC(CCCCCCCCCCCCCC)CCCCCCCCCCCCCC)c2cc(-c3sc(/C=C/c4sc(*)c(F)c4C#N)c(C#N)c3F)ccc21,1,0.0,1,2.92,0.0,-3.71,-5.99,*c1sc(/C=C/c2sc(*)c(F)c2C#N)c(C#N)c1F,*c1ccc2c(c1)N(CCCC(CCCCCCCCCCCCCC)CCCCCCCCCCCCCC)C(=O)/C2=C1/C(=O)N(CCCC(CCCCCCCCCCCCCC)CCCCCCCCCCCCCC)c2cc(*)ccc21
10.1021/acs.macromol.2c00870,P2F2CNTVT-DPP-1,*c1ccc(C2=C3C(=O)N(CC(CCCCCCCCCC)CCCCCCCCCCCC)C(c4ccc(-c5sc(/C=C/c6sc(*)c(F)c6C#N)c(C#N)c5F)s4)=C3C(=O)N2CC(CCCCCCCCCC)CCCCCCCCCCCC)s1,1,0.0,1,2.03,0.0,-3.67,-5.43,*c1sc(/C=C/c2sc(*)c(F)c2C#N)c(C#N)c1F,*c1ccc(C2=C3C(=O)N(CC(CCCCCCCCCC)CCCCCCCCCCCC)C(c4ccc(*)s4)=C3C(=O)N2CC(CCCCCCCCCC)CCCCCCCCCCCC)s1,P2F2CNTVT-IID-3,*c1ccc2c(c1)N(CCCC(CCCCCCCCCCCCCCCCCC)CCCCCCCCCCCCCCCCCC)C(=O)/C2=C1/C(=O)N(CCCC(CCCCCCCCCCCCCCCCCC)CCCCCCCCCCCCCCCCCC)c2cc(-c3sc(/C=C/c4sc(*)c(F)c4C#N)c(C#N)c3F)ccc21,1,0.0,1,2.92,0.0,-3.71,-5.99,*c1sc(/C=C/c2sc(*)c(F)c2C#N)c(C#N)c1F,*c1ccc2c(c1)N(CCCC(CCCCCCCCCCCCCCCCCC)CCCCCCCCCCCCCCCCCC)C(=O)/C2=C1/C(=O)N(CCCC(CCCCCCCCCCCCCCCCCC)CCCCCCCCCCCCCCCCCC)c2cc(*)ccc21
10.1021/acs.macromol.2c00870,P2F2CNTVT-DPP-2,*c1ccc(C2=C3C(=O)N(CCCC(CCCCCCCCCCCCCC)CCCCCCCCCCCCCC)C(c4ccc(-c5sc(/C=C/c6sc(*)c(F)c6C#N)c(C#N)c5F)s4)=C3C(=O)N2CCCC(CCCCCCCCCCCCCC)CCCCCCCCCCCCCC)s1,1,0.0,1,2.03,0.0,-3.67,-5.43,*c1sc(/C=C/c2sc(*)c(F)c2C#N)c(C#N)c1F,*c1ccc(C2=C3C(=O)N(CCCC(CCCCCCCCCCCCCC)CCCCCCCCCCCCCC)C(c4ccc(*)s4)=C3C(=O)N2CCCC(CCCCCCCCCCCCCC)CCCCCCCCCCCCCC)s1,P2F2CNTVT-DPP-3,*c1ccc(C2=C3C(=O)N(CCCC(CCCCCCCCCCCCCCCCCC)CCCCCCCCCCCCCCCCCC)C(c4ccc(-c5sc(/C=C/c6sc(*)c(F)c6C#N)c(C#N)c5F)s4)=C3C(=O)N2CCCC(CCCCCCCCCCCCCCCCCC)CCCCCCCCCCCCCCCCCC)s1,1,0.0,1,2.03,0.0,-3.67,-5.43,*c1sc(/C=C/c2sc(*)c(F)c2C#N)c(C#N)c1F,*c1ccc(C2=C3C(=O)N(CCCC(CCCCCCCCCCCCCCCCCC)CCCCCCCCCCCCCCCCCC)C(c4ccc(*)s4)=C3C(=O)N2CCCC(CCCCCCCCCCCCCCCCCC)CCCCCCCCCCCCCCCCCC)s1
10.1021/acs.macromol.2c00870,P2F2CNTVT-DPP-2,*c1ccc(C2=C3C(=O)N(CCCC(CCCCCCCCCCCCCC)CCCCCCCCCCCCCC)C(c4ccc(-c5sc(/C=C/c6sc(*)c(F)c6C#N)c(C#N)c5F)s4)=C3C(=O)N2CCCC(CCCCCCCCCCCCCC)CCCCCCCCCCCCCC)s1,1,0.0,1,2.03,0.0,-3.67,-5.43,*c1sc(/C=C/c2sc(*)c(F)c2C#N)c(C#N)c1F,*c1ccc(C2=C3C(=O)N(CCCC(CCCCCCCCCCCCCC)CCCCCCCCCCCCCC)C(c4ccc(*)s4)=C3C(=O)N2CCCC(CCCCCCCCCCCCCC)CCCCCCCCCCCCCC)s1,P2F2CNTVT-IID-1,*c1ccc2c(c1)N(CC(CCCCCCCCCC)CCCCCCCCCCCC)C(=O)/C2=C1/C(=O)N(CC(CCCCCCCCCC)CCCCCCCCCCCC)c2cc(-c3sc(/C=C/c4sc(*)c(F)c4C#N)c(C#N)c3F)ccc21,1,0.0,1,2.92,0.0,-3.71,-5.99,*c1sc(/C=C/c2sc(*)c(F)c2C#N)c(C#N)c1F,*c1ccc2c(c1)N(CC(CCCCCCCCCC)CCCCCCCCCCCC)C(=O)/C2=C1/C(=O)N(CC(CCCCCCCCCC)CCCCCCCCCCCC)c2cc(*)ccc21
10.1021/acs.macromol.2c00870,P2F2CNTVT-DPP-2,*c1ccc(C2=C3C(=O)N(CCCC(CCCCCCCCCCCCCC)CCCCCCCCCCCCCC)C(c4ccc(-c5sc(/C=C/c6sc(*)c(F)c6C#N)c(C#N)c5F)s4)=C3C(=O)N2CCCC(CCCCCCCCCCCCCC)CCCCCCCCCCCCCC)s1,1,0.0,1,2.03,0.0,-3.67,-5.43,*c1sc(/C=C/c2sc(*)c(F)c2C#N)c(C#N)c1F,*c1ccc(C2=C3C(=O)N(CCCC(CCCCCCCCCCCCCC)CCCCCCCCCCCCCC)C(c4ccc(*)s4)=C3C(=O)N2CCCC(CCCCCCCCCCCCCC)CCCCCCCCCCCCCC)s1,P2F2CNTVT-IID-2,*c1ccc2c(c1)N(CCCC(CCCCCCCCCCCCCC)CCCCCCCCCCCCCC)C(=O)/C2=C1/C(=O)N(CCCC(CCCCCCCCCCCCCC)CCCCCCCCCCCCCC)c2cc(-c3sc(/C=C/c4sc(*)c(F)c4C#N)c(C#N)c3F)ccc21,1,0.0,1,2.92,0.0,-3.71,-5.99,*c1sc(/C=C/c2sc(*)c(F)c2C#N)c(C#N)c1F,*c1ccc2c(c1)N(CCCC(CCCCCCCCCCCCCC)CCCCCCCCCCCCCC)C(=O)/C2=C1/C(=O)N(CCCC(CCCCCCCCCCCCCC)CCCCCCCCCCCCCC)c2cc(*)ccc21
10.1021/acs.macromol.2c00870,P2F2CNTVT-DPP-2,*c1ccc(C2=C3C(=O)N(CCCC(CCCCCCCCCCCCCC)CCCCCCCCCCCCCC)C(c4ccc(-c5sc(/C=C/c6sc(*)c(F)c6C#N)c(C#N)c5F)s4)=C3C(=O)N2CCCC(CCCCCCCCCCCCCC)CCCCCCCCCCCCCC)s1,1,0.0,1,2.03,0.0,-3.67,-5.43,*c1sc(/C=C/c2sc(*)c(F)c2C#N)c(C#N)c1F,*c1ccc(C2=C3C(=O)N(CCCC(CCCCCCCCCCCCCC)CCCCCCCCCCCCCC)C(c4ccc(*)s4)=C3C(=O)N2CCCC(CCCCCCCCCCCCCC)CCCCCCCCCCCCCC)s1,P2F2CNTVT-IID-3,*c1ccc2c(c1)N(CCCC(CCCCCCCCCCCCCCCCCC)CCCCCCCCCCCCCCCCCC)C(=O)/C2=C1/C(=O)N(CCCC(CCCCCCCCCCCCCCCCCC)CCCCCCCCCCCCCCCCCC)c2cc(-c3sc(/C=C/c4sc(*)c(F)c4C#N)c(C#N)c3F)ccc21,1,0.0,1,2.92,0.0,-3.71,-5.99,*c1sc(/C=C/c2sc(*)c(F)c2C#N)c(C#N)c1F,*c1ccc2c(c1)N(CCCC(CCCCCCCCCCCCCCCCCC)CCCCCCCCCCCCCCCCCC)C(=O)/C2=C1/C(=O)N(CCCC(CCCCCCCCCCCCCCCCCC)CCCCCCCCCCCCCCCCCC)c2cc(*)ccc21
10.1021/acs.macromol.2c00870,P2F2CNTVT-DPP-3,*c1ccc(C2=C3C(=O)N(CCCC(CCCCCCCCCCCCCCCCCC)CCCCCCCCCCCCCCCCCC)C(c4ccc(-c5sc(/C=C/c6sc(*)c(F)c6C#N)c(C#N)c5F)s4)=C3C(=O)N2CCCC(CCCCCCCCCCCCCCCCCC)CCCCCCCCCCCCCCCCCC)s1,1,0.0,1,2.03,0.0,-3.67,-5.43,*c1sc(/C=C/c2sc(*)c(F)c2C#N)c(C#N)c1F,*c1ccc(C2=C3C(=O)N(CCCC(CCCCCCCCCCCCCCCCCC)CCCCCCCCCCCCCCCCCC)C(c4ccc(*)s4)=C3C(=O)N2CCCC(CCCCCCCCCCCCCCCCCC)CCCCCCCCCCCCCCCCCC)s1,P2F2CNTVT-IID-1,*c1ccc2c(c1)N(CC(CCCCCCCCCC)CCCCCCCCCCCC)C(=O)/C2=C1/C(=O)N(CC(CCCCCCCCCC)CCCCCCCCCCCC)c2cc(-c3sc(/C=C/c4sc(*)c(F)c4C#N)c(C#N)c3F)ccc21,1,0.0,1,2.92,0.0,-3.71,-5.99,*c1sc(/C=C/c2sc(*)c(F)c2C#N)c(C#N)c1F,*c1ccc2c(c1)N(CC(CCCCCCCCCC)CCCCCCCCCCCC)C(=O)/C2=C1/C(=O)N(CC(CCCCCCCCCC)CCCCCCCCCCCC)c2cc(*)ccc21
10.1021/acs.macromol.2c00870,P2F2CNTVT-DPP-3,*c1ccc(C2=C3C(=O)N(CCCC(CCCCCCCCCCCCCCCCCC)CCCCCCCCCCCCCCCCCC)C(c4ccc(-c5sc(/C=C/c6sc(*)c(F)c6C#N)c(C#N)c5F)s4)=C3C(=O)N2CCCC(CCCCCCCCCCCCCCCCCC)CCCCCCCCCCCCCCCCCC)s1,1,0.0,1,2.03,0.0,-3.67,-5.43,*c1sc(/C=C/c2sc(*)c(F)c2C#N)c(C#N)c1F,*c1ccc(C2=C3C(=O)N(CCCC(CCCCCCCCCCCCCCCCCC)CCCCCCCCCCCCCCCCCC)C(c4ccc(*)s4)=C3C(=O)N2CCCC(CCCCCCCCCCCCCCCCCC)CCCCCCCCCCCCCCCCCC)s1,P2F2CNTVT-IID-2,*c1ccc2c(c1)N(CCCC(CCCCCCCCCCCCCC)CCCCCCCCCCCCCC)C(=O)/C2=C1/C(=O)N(CCCC(CCCCCCCCCCCCCC)CCCCCCCCCCCCCC)c2cc(-c3sc(/C=C/c4sc(*)c(F)c4C#N)c(C#N)c3F)ccc21,1,0.0,1,2.92,0.0,-3.71,-5.99,*c1sc(/C=C/c2sc(*)c(F)c2C#N)c(C#N)c1F,*c1ccc2c(c1)N(CCCC(CCCCCCCCCCCCCC)CCCCCCCCCCCCCC)C(=O)/C2=C1/C(=O)N(CCCC(CCCCCCCCCCCCCC)CCCCCCCCCCCCCC)c2cc(*)ccc21
10.1021/acs.macromol.2c00870,P2F2CNTVT-DPP-3,*c1ccc(C2=C3C(=O)N(CCCC(CCCCCCCCCCCCCCCCCC)CCCCCCCCCCCCCCCCCC)C(c4ccc(-c5sc(/C=C/c6sc(*)c(F)c6C#N)c(C#N)c5F)s4)=C3C(=O)N2CCCC(CCCCCCCCCCCCCCCCCC)CCCCCCCCCCCCCCCCCC)s1,1,0.0,1,2.03,0.0,-3.67,-5.43,*c1sc(/C=C/c2sc(*)c(F)c2C#N)c(C#N)c1F,*c1ccc(C2=C3C(=O)N(CCCC(CCCCCCCCCCCCCCCCCC)CCCCCCCCCCCCCCCCCC)C(c4ccc(*)s4)=C3C(=O)N2CCCC(CCCCCCCCCCCCCCCCCC)CCCCCCCCCCCCCCCCCC)s1,P2F2CNTVT-IID-3,*c1ccc2c(c1)N(CCCC(CCCCCCCCCCCCCCCCCC)CCCCCCCCCCCCCCCCCC)C(=O)/C2=C1/C(=O)N(CCCC(CCCCCCCCCCCCCCCCCC)CCCCCCCCCCCCCCCCCC)c2cc(-c3sc(/C=C/c4sc(*)c(F)c4C#N)c(C#N)c3F)ccc21,1,0.0,1,2.92,0.0,-3.71,-5.99,*c1sc(/C=C/c2sc(*)c(F)c2C#N)c(C#N)c1F,*c1ccc2c(c1)N(CCCC(CCCCCCCCCCCCCCCCCC)CCCCCCCCCCCCCCCCCC)C(=O)/C2=C1/C(=O)N(CCCC(CCCCCCCCCCCCCCCCCC)CCCCCCCCCCCCCCCCCC)c2cc(*)ccc21
10.1021/acs.macromol.2c00870,P2F2CNTVT-IID-1,*c1ccc2c(c1)N(CC(CCCCCCCCCC)CCCCCCCCCCCC)C(=O)/C2=C1/C(=O)N(CC(CCCCCCCCCC)CCCCCCCCCCCC)c2cc(-c3sc(/C=C/c4sc(*)c(F)c4C#N)c(C#N)c3F)ccc21,1,0.0,1,2.92,0.0,-3.71,-5.99,*c1sc(/C=C/c2sc(*)c(F)c2C#N)c(C#N)c1F,*c1ccc2c(c1)N(CC(CCCCCCCCCC)CCCCCCCCCCCC)C(=O)/C2=C1/C(=O)N(CC(CCCCCCCCCC)CCCCCCCCCCCC)c2cc(*)ccc21,P2F2CNTVT-IID-2,*c1ccc2c(c1)N(CCCC(CCCCCCCCCCCCCC)CCCCCCCCCCCCCC)C(=O)/C2=C1/C(=O)N(CCCC(CCCCCCCCCCCCCC)CCCCCCCCCCCCCC)c2cc(-c3sc(/C=C/c4sc(*)c(F)c4C#N)c(C#N)c3F)ccc21,1,0.0,1,2.92,0.0,-3.71,-5.99,*c1sc(/C=C/c2sc(*)c(F)c2C#N)c(C#N)c1F,*c1ccc2c(c1)N(CCCC(CCCCCCCCCCCCCC)CCCCCCCCCCCCCC)C(=O)/C2=C1/C(=O)N(CCCC(CCCCCCCCCCCCCC)CCCCCCCCCCCCCC)c2cc(*)ccc21
10.1021/acs.macromol.2c00870,P2F2CNTVT-IID-1,*c1ccc2c(c1)N(CC(CCCCCCCCCC)CCCCCCCCCCCC)C(=O)/C2=C1/C(=O)N(CC(CCCCCCCCCC)CCCCCCCCCCCC)c2cc(-c3sc(/C=C/c4sc(*)c(F)c4C#N)c(C#N)c3F)ccc21,1,0.0,1,2.92,0.0,-3.71,-5.99,*c1sc(/C=C/c2sc(*)c(F)c2C#N)c(C#N)c1F,*c1ccc2c(c1)N(CC(CCCCCCCCCC)CCCCCCCCCCCC)C(=O)/C2=C1/C(=O)N(CC(CCCCCCCCCC)CCCCCCCCCCCC)c2cc(*)ccc21,P2F2CNTVT-IID-3,*c1ccc2c(c1)N(CCCC(CCCCCCCCCCCCCCCCCC)CCCCCCCCCCCCCCCCCC)C(=O)/C2=C1/C(=O)N(CCCC(CCCCCCCCCCCCCCCCCC)CCCCCCCCCCCCCCCCCC)c2cc(-c3sc(/C=C/c4sc(*)c(F)c4C#N)c(C#N)c3F)ccc21,1,0.0,1,2.92,0.0,-3.71,-5.99,*c1sc(/C=C/c2sc(*)c(F)c2C#N)c(C#N)c1F,*c1ccc2c(c1)N(CCCC(CCCCCCCCCCCCCCCCCC)CCCCCCCCCCCCCCCCCC)C(=O)/C2=C1/C(=O)N(CCCC(CCCCCCCCCCCCCCCCCC)CCCCCCCCCCCCCCCCCC)c2cc(*)ccc21
10.1021/acs.macromol.2c00870,P2F2CNTVT-IID-2,*c1ccc2c(c1)N(CCCC(CCCCCCCCCCCCCC)CCCCCCCCCCCCCC)C(=O)/C2=C1/C(=O)N(CCCC(CCCCCCCCCCCCCC)CCCCCCCCCCCCCC)c2cc(-c3sc(/C=C/c4sc(*)c(F)c4C#N)c(C#N)c3F)ccc21,1,0.0,1,2.92,0.0,-3.71,-5.99,*c1sc(/C=C/c2sc(*)c(F)c2C#N)c(C#N)c1F,*c1ccc2c(c1)N(CCCC(CCCCCCCCCCCCCC)CCCCCCCCCCCCCC)C(=O)/C2=C1/C(=O)N(CCCC(CCCCCCCCCCCCCC)CCCCCCCCCCCCCC)c2cc(*)ccc21,P2F2CNTVT-IID-3,*c1ccc2c(c1)N(CCCC(CCCCCCCCCCCCCCCCCC)CCCCCCCCCCCCCCCCCC)C(=O)/C2=C1/C(=O)N(CCCC(CCCCCCCCCCCCCCCCCC)CCCCCCCCCCCCCCCCCC)c2cc(-c3sc(/C=C/c4sc(*)c(F)c4C#N)c(C#N)c3F)ccc21,1,0.0,1,2.92,0.0,-3.71,-5.99,*c1sc(/C=C/c2sc(*)c(F)c2C#N)c(C#N)c1F,*c1ccc2c(c1)N(CCCC(CCCCCCCCCCCCCCCCCC)CCCCCCCCCCCCCCCCCC)C(=O)/C2=C1/C(=O)N(CCCC(CCCCCCCCCCCCCCCCCC)CCCCCCCCCCCCCCCCCC)c2cc(*)ccc21
10.1021/acs.macromol.2c02572,PbQPheDOT-T2,*c1ccc2c(c1)N(CC(CCCCCCCCCC)CCCCCCCCCCCC)C(=O)/C2=c1\s/c(=c2/s/c(=C3\C(=O)N(CC(CCCCCCCCCC)CCCCCCCCCCCC)c4cc(-c5ccc(-c6ccc(*)s6)s5)ccc43)c3c2Oc2ccccc2O3)c2c1Oc1ccccc1O2,1,0.0,1,0.0,0.052,-3.72,-5.05,*c1ccc2c(c1)N(CC(CCCCCCCCCC)CCCCCCCCCCCC)C(=O)/C2=c1\s/c(=c2/s/c(=C3\C(=O)N(CC(CCCCCCCCCC)CCCCCCCCCCCC)c4cc(*)ccc43)c3c2Oc2ccccc2O3)c2c1Oc1ccccc1O2,*c1ccc(-c2ccc(*)s2)s1,PbQPheDOT-2FT2,*c1ccc2c(c1)N(CC(CCCCCCCCCC)CCCCCCCCCCCC)C(=O)/C2=c1\s/c(=c2/s/c(=C3\C(=O)N(CC(CCCCCCCCCC)CCCCCCCCCCCC)c4cc(-c5cc(F)c(-c6sc(*)cc6F)s5)ccc43)c3c2Oc2ccccc2O3)c2c1Oc1ccccc1O2,1,0.0,1,0.01,0.026,-3.72,-4.94,*c1ccc2c(c1)N(CC(CCCCCCCCCC)CCCCCCCCCCCC)C(=O)/C2=c1\s/c(=c2/s/c(=C3\C(=O)N(CC(CCCCCCCCCC)CCCCCCCCCCCC)c4cc(*)ccc43)c3c2Oc2ccccc2O3)c2c1Oc1ccccc1O2,*c1cc(F)c(-c2sc(*)cc2F)s1
10.1021/acs.macromol.3c00843,pBDT-BTTA-1,*c1cc2c(OCCCCCCCCCCCC)c3sc(-c4cc5sc6c7sc8cc(*)sc8c7c(=O)n(CC(CCCCCCCC)CCCCCCCCCC)c(=O)c6c5s4)cc3c(OCCCCCCCCCCCC)c2s1,1,0.0,0,0.0,0.076,-3.56,-5.3,*c1cc2c(OCCCCCCCCCCCC)c3sc(*)cc3c(OCCCCCCCCCCCC)c2s1,*c1cc2sc3c4sc5cc(*)sc5c4c(=O)n(CC(CCCCCCCC)CCCCCCCCCC)c(=O)c3c2s1,pBDT-BTTA-2,*c1cc2c(-c3ccc(CC(CC)CCCC)s3)c3sc(-c4cc5sc6c7sc8cc(*)sc8c7c(=O)n(CC(CCCCCCCC)CCCCCCCCCC)c(=O)c6c5s4)cc3c(-c3ccc(CC(CC)CCCC)s3)c2s1,1,0.0,0,0.0,2.7,-3.45,-5.2,*c1cc2c(-c3ccc(CC(CC)CCCC)s3)c3sc(*)cc3c(-c3ccc(CC(CC)CCCC)s3)c2s1,*c1cc2sc3c4sc5cc(*)sc5c4c(=O)n(CC(CCCCCCCC)CCCCCCCCCC)c(=O)c3c2s1
10.1021/acs.macromol.3c00843,pBDT-BTTA-1,*c1cc2c(OCCCCCCCCCCCC)c3sc(-c4cc5sc6c7sc8cc(*)sc8c7c(=O)n(CC(CCCCCCCC)CCCCCCCCCC)c(=O)c6c5s4)cc3c(OCCCCCCCCCCCC)c2s1,1,0.0,0,0.0,0.076,-3.56,-5.3,*c1cc2c(OCCCCCCCCCCCC)c3sc(*)cc3c(OCCCCCCCCCCCC)c2s1,*c1cc2sc3c4sc5cc(*)sc5c4c(=O)n(CC(CCCCCCCC)CCCCCCCCCC)c(=O)c3c2s1,pBDT-BTTA-3,*c1cc2c(-c3cc(CCCCCC)c(CCCCCC)s3)c3sc(-c4cc5sc6c7sc8cc(*)sc8c7c(=O)n(CC(CCCCCCCC)CCCCCCCCCC)c(=O)c6c5s4)cc3c(-c3cc(CCCCCC)c(CCCCCC)s3)c2s1,1,0.0,0,0.0,1.7,-3.51,-5.26,*c1cc2c(-c3cc(CCCCCC)c(CCCCCC)s3)c3sc(*)cc3c(-c3cc(CCCCCC)c(CCCCCC)s3)c2s1,*c1cc2sc3c4sc5cc(*)sc5c4c(=O)n(CC(CCCCCCCC)CCCCCCCCCC)c(=O)c3c2s1
10.1021/acs.macromol.3c00843,pBDT-BTTA-2,*c1cc2c(-c3ccc(CC(CC)CCCC)s3)c3sc(-c4cc5sc6c7sc8cc(*)sc8c7c(=O)n(CC(CCCCCCCC)CCCCCCCCCC)c(=O)c6c5s4)cc3c(-c3ccc(CC(CC)CCCC)s3)c2s1,1,0.0,0,0.0,2.7,-3.45,-5.2,*c1cc2c(-c3ccc(CC(CC)CCCC)s3)c3sc(*)cc3c(-c3ccc(CC(CC)CCCC)s3)c2s1,*c1cc2sc3c4sc5cc(*)sc5c4c(=O)n(CC(CCCCCCCC)CCCCCCCCCC)c(=O)c3c2s1,pBDT-BTTA-3,*c1cc2c(-c3cc(CCCCCC)c(CCCCCC)s3)c3sc(-c4cc5sc6c7sc8cc(*)sc8c7c(=O)n(CC(CCCCCCCC)CCCCCCCCCC)c(=O)c6c5s4)cc3c(-c3cc(CCCCCC)c(CCCCCC)s3)c2s1,1,0.0,0,0.0,1.7,-3.51,-5.26,*c1cc2c(-c3cc(CCCCCC)c(CCCCCC)s3)c3sc(*)cc3c(-c3cc(CCCCCC)c(CCCCCC)s3)c2s1,*c1cc2sc3c4sc5cc(*)sc5c4c(=O)n(CC(CCCCCCCC)CCCCCCCCCC)c(=O)c3c2s1
10.1021/acs.macromol.3c02174,ATIID-TVT,*c1ccc2c(n1)N(CCCC(CCCCCCCCCC)CCCCCCCCCC)C(=O)/C2=C1/C(=O)N(CC(CCCCCCCCCC)CCCCCCCCCCCC)c2cc(-c3cc4c(s3)/C(=C3\C(=O)N(CCCC(CCCCCCCCCC)CCCCCCCCCC)c5nc(-c6ccc(/C=C/c7ccc(*)s7)s6)ccc53)C(=O)N4CC(CCCCCCCCCC)CCCCCCCCCCCC)sc21,1,0.0,1,0.0,0.62,-3.63,-4.92,*c1ccc2c(n1)N(CCCC(CCCCCCCCCC)CCCCCCCCCC)C(=O)/C2=C1/C(=O)N(CC(CCCCCCCCCC)CCCCCCCCCCCC)c2cc(-c3cc4c(s3)/C(=C3\C(=O)N(CCCC(CCCCCCCCCC)CCCCCCCCCC)c5nc(*)ccc53)C(=O)N4CC(CCCCCCCCCC)CCCCCCCCCCCC)sc21,*c1ccc(/C=C/c2ccc(*)s2)s1,EATIID-TVT,*c1ccc2c(n1)N(CCCC(CCCCCCCCCC)CCCCCCCCCC)C(=O)/C2=C1/C(=O)N(CC(CCCCCCCCCC)CCCCCCCCCCCC)c2cc(/C=C/c3cc4c(s3)/C(=C3\C(=O)N(CCCC(CCCCCCCCCC)CCCCCCCCCC)c5nc(-c6ccc(/C=C/c7ccc(*)s7)s6)ccc53)C(=O)N4CC(CCCCCCCCCC)CCCCCCCCCCCC)sc21,1,0.0,1,0.0,0.18,-3.67,-5.02,*c1ccc2c(n1)N(CCCC(CCCCCCCCCC)CCCCCCCCCC)C(=O)/C2=C1/C(=O)N(CC(CCCCCCCCCC)CCCCCCCCCCCC)c2cc(/C=C/c3cc4c(s3)/C(=C3\C(=O)N(CCCC(CCCCCCCCCC)CCCCCCCCCC)c5nc(*)ccc53)C(=O)N4CC(CCCCCCCCCC)CCCCCCCCCCCC)sc21,*c1ccc(/C=C/c2ccc(*)s2)s1
10.1021/acs.macromol.3c02174,ATIID-TVT,*c1ccc2c(n1)N(CCCC(CCCCCCCCCC)CCCCCCCCCC)C(=O)/C2=C1/C(=O)N(CC(CCCCCCCCCC)CCCCCCCCCCCC)c2cc(-c3cc4c(s3)/C(=C3\C(=O)N(CCCC(CCCCCCCCCC)CCCCCCCCCC)c5nc(-c6ccc(/C=C/c7ccc(*)s7)s6)ccc53)C(=O)N4CC(CCCCCCCCCC)CCCCCCCCCCCC)sc21,1,0.0,1,0.0,0.62,-3.63,-4.92,*c1ccc2c(n1)N(CCCC(CCCCCCCCCC)CCCCCCCCCC)C(=O)/C2=C1/C(=O)N(CC(CCCCCCCCCC)CCCCCCCCCCCC)c2cc(-c3cc4c(s3)/C(=C3\C(=O)N(CCCC(CCCCCCCCCC)CCCCCCCCCC)c5nc(*)ccc53)C(=O)N4CC(CCCCCCCCCC)CCCCCCCCCCCC)sc21,*c1ccc(/C=C/c2ccc(*)s2)s1,TVTATIID-TVT,*c1ccc2c(n1)N(CCCC(CCCCCCCCCC)CCCCCCCCCC)C(=O)/C2=C1/C(=O)N(CC(CCCCCCCCCC)CCCCCCCCCCCC)c2cc(-c3ccc(/C=C/c4ccc(-c5cc6c(s5)/C(=C5\C(=O)N(CCCC(CCCCCCCCCC)CCCCCCCCCC)c7nc(-c8ccc(/C=C/c9ccc(*)s9)s8)ccc75)C(=O)N6CC(CCCCCCCCCC)CCCCCCCCCCCC)s4)s3)sc21,1,0.0,1,0.0,3.87,-3.58,-4.94,*c1ccc2c(n1)N(CCCC(CCCCCCCCCC)CCCCCCCCCC)C(=O)/C2=C1/C(=O)N(CC(CCCCCCCCCC)CCCCCCCCCCCC)c2cc(-c3ccc(/C=C/c4ccc(-c5cc6c(s5)/C(=C5\C(=O)N(CCCC(CCCCCCCCCC)CCCCCCCCCC)c7nc(*)ccc75)C(=O)N6CC(CCCCCCCCCC)CCCCCCCCCCCC)s4)s3)sc21,*c1ccc(/C=C/c2ccc(*)s2)s1
10.1021/acs.macromol.3c02174,EATIID-TVT,*c1ccc2c(n1)N(CCCC(CCCCCCCCCC)CCCCCCCCCC)C(=O)/C2=C1/C(=O)N(CC(CCCCCCCCCC)CCCCCCCCCCCC)c2cc(/C=C/c3cc4c(s3)/C(=C3\C(=O)N(CCCC(CCCCCCCCCC)CCCCCCCCCC)c5nc(-c6ccc(/C=C/c7ccc(*)s7)s6)ccc53)C(=O)N4CC(CCCCCCCCCC)CCCCCCCCCCCC)sc21,1,0.0,1,0.0,0.18,-3.67,-5.02,*c1ccc2c(n1)N(CCCC(CCCCCCCCCC)CCCCCCCCCC)C(=O)/C2=C1/C(=O)N(CC(CCCCCCCCCC)CCCCCCCCCCCC)c2cc(/C=C/c3cc4c(s3)/C(=C3\C(=O)N(CCCC(CCCCCCCCCC)CCCCCCCCCC)c5nc(*)ccc53)C(=O)N4CC(CCCCCCCCCC)CCCCCCCCCCCC)sc21,*c1ccc(/C=C/c2ccc(*)s2)s1,TVTATIID-TVT,*c1ccc2c(n1)N(CCCC(CCCCCCCCCC)CCCCCCCCCC)C(=O)/C2=C1/C(=O)N(CC(CCCCCCCCCC)CCCCCCCCCCCC)c2cc(-c3ccc(/C=C/c4ccc(-c5cc6c(s5)/C(=C5\C(=O)N(CCCC(CCCCCCCCCC)CCCCCCCCCC)c7nc(-c8ccc(/C=C/c9ccc(*)s9)s8)ccc75)C(=O)N6CC(CCCCCCCCCC)CCCCCCCCCCCC)s4)s3)sc21,1,0.0,1,0.0,3.87,-3.58,-4.94,*c1ccc2c(n1)N(CCCC(CCCCCCCCCC)CCCCCCCCCC)C(=O)/C2=C1/C(=O)N(CC(CCCCCCCCCC)CCCCCCCCCCCC)c2cc(-c3ccc(/C=C/c4ccc(-c5cc6c(s5)/C(=C5\C(=O)N(CCCC(CCCCCCCCCC)CCCCCCCCCC)c7nc(*)ccc75)C(=O)N6CC(CCCCCCCCCC)CCCCCCCCCCCC)s4)s3)sc21,*c1ccc(/C=C/c2ccc(*)s2)s1
10.1021/acs.macromol.4c00399,P2FI2Tz-O1,*c1ncc(-c2ccc3c(c2F)N(CCCC(CCCCCCCCCCCCCC)CCCCCCCCCCCCCC)C(=O)/C3=C2/C(=O)N(CCCC(CCCCCCCCCCCCCC)CCCCCCCCCCCCCC)c3c2ccc(-c2cnc(*)s2)c3F)s1,1,0.0,1,0.27,0.0,-3.69,-6.01,*c1ncc(-c2ccc3c(c2F)N(CCCC(CCCCCCCCCCCCCC)CCCCCCCCCCCCCC)C(=O)/C3=C2/C(=O)N(CCCC(CCCCCCCCCCCCCC)CCCCCCCCCCCCCC)c3c2ccc(-c2cnc(*)s2)c3F)s1,*c1ncc(-c2ccc3c(c2F)N(CCCC(CCCCCCCCCCCCCC)CCCCCCCCCCCCCC)C(=O)/C3=C2/C(=O)N(CCCC(CCCCCCCCCCCCCC)CCCCCCCCCCCCCC)c3c2ccc(-c2cnc(*)s2)c3F)s1,P4FI2Tz,*c1ncc(-c2c(F)cc3c(c2F)N(CCCC(CCCCCCCCCCCCCC)CCCCCCCCCCCCCC)C(=O)/C3=C2/C(=O)N(CCCC(CCCCCCCCCCCCCC)CCCCCCCCCCCCCC)c3c2cc(F)c(-c2cnc(*)s2)c3F)s1,1,0.0,1,0.22,0.0,-3.82,-6.24,*c1ncc(-c2c(F)cc3c(c2F)N(CCCC(CCCCCCCCCCCCCC)CCCCCCCCCCCCCC)C(=O)/C3=C2/C(=O)N(CCCC(CCCCCCCCCCCCCC)CCCCCCCCCCCCCC)c3c2cc(F)c(-c2cnc(*)s2)c3F)s1,*c1ncc(-c2c(F)cc3c(c2F)N(CCCC(CCCCCCCCCCCCCC)CCCCCCCCCCCCCC)C(=O)/C3=C2/C(=O)N(CCCC(CCCCCCCCCCCCCC)CCCCCCCCCCCCCC)c3c2cc(F)c(-c2cnc(*)s2)c3F)s1
10.1021/acs.macromol.4c01064,PBDTI-T,*c1ccc(-c2sc3c4c(=O)n(CCCC(CCCCCCCC)CCCCCCCCCC)c(=O)c5c(*)sc(c6c(=O)n(CCCC(CCCCCCCC)CCCCCCCCCC)c(=O)c2c36)c54)s1,1,0.0,0,0.059,0.0,-3.95,-5.51,*c1ccc(*)s1,*c1sc2c3c(=O)n(CCCC(CCCCCCCC)CCCCCCCCCC)c(=O)c4c(*)sc(c5c(=O)n(CCCC(CCCCCCCC)CCCCCCCCCC)c(=O)c1c25)c43,PBDTI-2T,*c1ccc(-c2ccc(-c3sc4c5c(=O)n(CCCC(CCCCCCCC)CCCCCCCCCC)c(=O)c6c(*)sc(c7c(=O)n(CCCC(CCCCCCCC)CCCCCCCCCC)c(=O)c3c47)c65)s2)s1,1,0.0,1,0.15,0.17,-3.62,-5.12,*c1ccc(-c2ccc(*)s2)s1,*c1sc2c3c(=O)n(CCCC(CCCCCCCC)CCCCCCCCCC)c(=O)c4c(*)sc(c5c(=O)n(CCCC(CCCCCCCC)CCCCCCCCCC)c(=O)c1c25)c43
10.1021/acs.macromol.4c01064,PBDTI-T,*c1ccc(-c2sc3c4c(=O)n(CCCC(CCCCCCCC)CCCCCCCCCC)c(=O)c5c(*)sc(c6c(=O)n(CCCC(CCCCCCCC)CCCCCCCCCC)c(=O)c2c36)c54)s1,1,0.0,0,0.059,0.0,-3.95,-5.51,*c1ccc(*)s1,*c1sc2c3c(=O)n(CCCC(CCCCCCCC)CCCCCCCCCC)c(=O)c4c(*)sc(c5c(=O)n(CCCC(CCCCCCCC)CCCCCCCCCC)c(=O)c1c25)c43,PBDTI-2F2T,*c1cc(F)c(-c2sc(-c3sc4c5c(=O)n(CCCC(CCCCCCCC)CCCCCCCCCC)c(=O)c6c(*)sc(c7c(=O)n(CCCC(CCCCCCCC)CCCCCCCCCC)c(=O)c3c47)c65)cc2F)s1,1,0.0,1,0.22,0.0,-3.76,-5.27,*c1cc(F)c(-c2sc(*)cc2F)s1,*c1sc2c3c(=O)n(CCCC(CCCCCCCC)CCCCCCCCCC)c(=O)c4c(*)sc(c5c(=O)n(CCCC(CCCCCCCC)CCCCCCCCCC)c(=O)c1c25)c43
10.1021/acs.macromol.4c01064,PBDTI-2T,*c1ccc(-c2ccc(-c3sc4c5c(=O)n(CCCC(CCCCCCCC)CCCCCCCCCC)c(=O)c6c(*)sc(c7c(=O)n(CCCC(CCCCCCCC)CCCCCCCCCC)c(=O)c3c47)c65)s2)s1,1,0.0,1,0.15,0.17,-3.62,-5.12,*c1ccc(-c2ccc(*)s2)s1,*c1sc2c3c(=O)n(CCCC(CCCCCCCC)CCCCCCCCCC)c(=O)c4c(*)sc(c5c(=O)n(CCCC(CCCCCCCC)CCCCCCCCCC)c(=O)c1c25)c43,PBDTI-2F2T,*c1cc(F)c(-c2sc(-c3sc4c5c(=O)n(CCCC(CCCCCCCC)CCCCCCCCCC)c(=O)c6c(*)sc(c7c(=O)n(CCCC(CCCCCCCC)CCCCCCCCCC)c(=O)c3c47)c65)cc2F)s1,1,0.0,1,0.22,0.0,-3.76,-5.27,*c1cc(F)c(-c2sc(*)cc2F)s1,*c1sc2c3c(=O)n(CCCC(CCCCCCCC)CCCCCCCCCC)c(=O)c4c(*)sc(c5c(=O)n(CCCC(CCCCCCCC)CCCCCCCCCC)c(=O)c1c25)c43
10.1021/acs.macromol.4c01942,PQF,*c1ccc2c(c1F)N(CCCC(CCCCCCCCCCCCCCCCCC)CCCCCCCCCCCCCCCCCC)C(=O)C2=c1cc/c(=C2\C3=C(C(=O)N2CCC(C)CC)/C(=c2\ccc(=C4C(=O)N(CCCC(CCCCCCCCCCCCCCCCCC)CCCCCCCCCCCCCCCCCC)c5c4ccc(-c4sc(/C=C/c6sc(*)c(F)c6F)c(F)c4F)c5F)o2)N(CCC(C)CC)C3=O)o1,1,1.0,1,0.21,0.0,-4.03,-5.74,*c1sc(/C=C/c2sc(*)c(F)c2F)c(F)c1F,*c1ccc2c(c1F)N(CCCC(CCCCCCCCCCCCCCCCCC)CCCCCCCCCCCCCCCCCC)C(=O)C2=c1cc/c(=C2\C3=C(C(=O)N2CCC(C)CC)/C(=c2\ccc(=C4C(=O)N(CCCC(CCCCCCCCCCCCCCCCCC)CCCCCCCCCCCCCCCCCC)c5c4ccc(*)c5F)o2)N(CCC(C)CC)C3=O)o1,PQT,*c1ccc2c(c1F)N(CCCC(CCCCCCCCCCCCCCCCCC)CCCCCCCCCCCCCCCCCC)C(=O)C2=c1cc/c(=C2\C3=C(C(=O)N2CCC(C)CC)/C(=c2\ccc(=C4C(=O)N(CCCC(CCCCCCCCCCCCCCCCCC)CCCCCCCCCCCCCCCCCC)c5c4ccc(-c4sc(/C=C/c6sc(*)c(F)c6F)c(F)c4F)c5F)s2)N(CCC(C)CC)C3=O)s1,1,1.0,1,0.14,0.0,-4.0,-5.61,*c1sc(/C=C/c2sc(*)c(F)c2F)c(F)c1F,*c1ccc2c(c1F)N(CCCC(CCCCCCCCCCCCCCCCCC)CCCCCCCCCCCCCCCCCC)C(=O)C2=c1cc/c(=C2\C3=C(C(=O)N2CCC(C)CC)/C(=c2\ccc(=C4C(=O)N(CCCC(CCCCCCCCCCCCCCCCCC)CCCCCCCCCCCCCCCCCC)c5c4ccc(*)c5F)s2)N(CCC(C)CC)C3=O)s1
10.1021/acs.macromol.4c01942,PQF,*c1ccc2c(c1F)N(CCCC(CCCCCCCCCCCCCCCCCC)CCCCCCCCCCCCCCCCCC)C(=O)C2=c1cc/c(=C2\C3=C(C(=O)N2CCC(C)CC)/C(=c2\ccc(=C4C(=O)N(CCCC(CCCCCCCCCCCCCCCCCC)CCCCCCCCCCCCCCCCCC)c5c4ccc(-c4sc(/C=C/c6sc(*)c(F)c6F)c(F)c4F)c5F)o2)N(CCC(C)CC)C3=O)o1,1,1.0,1,0.21,0.0,-4.03,-5.74,*c1sc(/C=C/c2sc(*)c(F)c2F)c(F)c1F,*c1ccc2c(c1F)N(CCCC(CCCCCCCCCCCCCCCCCC)CCCCCCCCCCCCCCCCCC)C(=O)C2=c1cc/c(=C2\C3=C(C(=O)N2CCC(C)CC)/C(=c2\ccc(=C4C(=O)N(CCCC(CCCCCCCCCCCCCCCCCC)CCCCCCCCCCCCCCCCCC)c5c4ccc(*)c5F)o2)N(CCC(C)CC)C3=O)o1,PQS,*c1ccc2c(c1F)N(CCCC(CCCCCCCCCCCCCCCCCC)CCCCCCCCCCCCCCCCCC)C(=O)C2=c1cc/c(=C2\C3=C(C(=O)N2CCC(C)CC)/C(=c2\ccc(=C4C(=O)N(CCCC(CCCCCCCCCCCCCCCCCC)CCCCCCCCCCCCCCCCCC)c5c4ccc(-c4sc(/C=C/c6sc(*)c(F)c6F)c(F)c4F)c5F)[se]2)N(CCC(C)CC)C3=O)[se]1,1,1.0,1,0.12,0.0,-3.98,-5.58,*c1sc(/C=C/c2sc(*)c(F)c2F)c(F)c1F,*c1ccc2c(c1F)N(CCCC(CCCCCCCCCCCCCCCCCC)CCCCCCCCCCCCCCCCCC)C(=O)C2=c1cc/c(=C2\C3=C(C(=O)N2CCC(C)CC)/C(=c2\ccc(=C4C(=O)N(CCCC(CCCCCCCCCCCCCCCCCC)CCCCCCCCCCCCCCCCCC)c5c4ccc(*)c5F)[se]2)N(CCC(C)CC)C3=O)[se]1
10.1021/acs.macromol.4c01942,PQT,*c1ccc2c(c1F)N(CCCC(CCCCCCCCCCCCCCCCCC)CCCCCCCCCCCCCCCCCC)C(=O)C2=c1cc/c(=C2\C3=C(C(=O)N2CCC(C)CC)/C(=c2\ccc(=C4C(=O)N(CCCC(CCCCCCCCCCCCCCCCCC)CCCCCCCCCCCCCCCCCC)c5c4ccc(-c4sc(/C=C/c6sc(*)c(F)c6F)c(F)c4F)c5F)s2)N(CCC(C)CC)C3=O)s1,1,1.0,1,0.14,0.0,-4.0,-5.61,*c1sc(/C=C/c2sc(*)c(F)c2F)c(F)c1F,*c1ccc2c(c1F)N(CCCC(CCCCCCCCCCCCCCCCCC)CCCCCCCCCCCCCCCCCC)C(=O)C2=c1cc/c(=C2\C3=C(C(=O)N2CCC(C)CC)/C(=c2\ccc(=C4C(=O)N(CCCC(CCCCCCCCCCCCCCCCCC)CCCCCCCCCCCCCCCCCC)c5c4ccc(*)c5F)s2)N(CCC(C)CC)C3=O)s1,PQS,*c1ccc2c(c1F)N(CCCC(CCCCCCCCCCCCCCCCCC)CCCCCCCCCCCCCCCCCC)C(=O)C2=c1cc/c(=C2\C3=C(C(=O)N2CCC(C)CC)/C(=c2\ccc(=C4C(=O)N(CCCC(CCCCCCCCCCCCCCCCCC)CCCCCCCCCCCCCCCCCC)c5c4ccc(-c4sc(/C=C/c6sc(*)c(F)c6F)c(F)c4F)c5F)[se]2)N(CCC(C)CC)C3=O)[se]1,1,1.0,1,0.12,0.0,-3.98,-5.58,*c1sc(/C=C/c2sc(*)c(F)c2F)c(F)c1F,*c1ccc2c(c1F)N(CCCC(CCCCCCCCCCCCCCCCCC)CCCCCCCCCCCCCCCCCC)C(=O)C2=c1cc/c(=C2\C3=C(C(=O)N2CCC(C)CC)/C(=c2\ccc(=C4C(=O)N(CCCC(CCCCCCCCCCCCCCCCCC)CCCCCCCCCCCCCCCCCC)c5c4ccc(*)c5F)[se]2)N(CCC(C)CC)C3=O)[se]1
10.1021/acs.macromol.5b00067,PBTP-IDG,*c1ccc2c(c1)N(CC(CCCCCCCC)CCCCCCCCCC)C(=O)/C2=C1/C(=O)N(CC(CCCCCCCC)CCCCCCCCCC)c2cc(-c3cc4c(s3)/C(=C3\c5ccccc5-c5cc(*)sc53)c3ccccc3-4)ccc21,1,0.0,1,0.002,0.087,-3.95,-5.7,*c1cc2c(s1)/C(=C1\c3ccccc3-c3cc(*)sc31)c1ccccc1-2,*c1ccc2c(c1)N(CC(CCCCCCCC)CCCCCCCCCC)C(=O)/C2=C1/C(=O)N(CC(CCCCCCCC)CCCCCCCCCC)c2cc(*)ccc21,PBTP-DPP,*c1ccc(C2=C3C(=O)N(CC(CCCCCCCC)CCCCCCCCCC)C(c4ccc(-c5cc6c(s5)/C(=C5\c7ccccc7-c7cc(*)sc75)c5ccccc5-6)s4)=C3C(=O)N2CC(CCCCCCCC)CCCCCCCCCC)s1,1,0.0,1,0.13,0.68,-3.98,-5.48,*c1cc2c(s1)/C(=C1\c3ccccc3-c3cc(*)sc31)c1ccccc1-2,*c1ccc(C2=C3C(=O)N(CC(CCCCCCCC)CCCCCCCCCC)C(c4ccc(*)s4)=C3C(=O)N2CC(CCCCCCCC)CCCCCCCCCC)s1
10.1021/acs.macromol.5b00067,PBTP-IDG,*c1ccc2c(c1)N(CC(CCCCCCCC)CCCCCCCCCC)C(=O)/C2=C1/C(=O)N(CC(CCCCCCCC)CCCCCCCCCC)c2cc(-c3cc4c(s3)/C(=C3\c5ccccc5-c5cc(*)sc53)c3ccccc3-4)ccc21,1,0.0,1,0.002,0.087,-3.95,-5.7,*c1cc2c(s1)/C(=C1\c3ccccc3-c3cc(*)sc31)c1ccccc1-2,*c1ccc2c(c1)N(CC(CCCCCCCC)CCCCCCCCCC)C(=O)/C2=C1/C(=O)N(CC(CCCCCCCC)CCCCCCCCCC)c2cc(*)ccc21,PBTP-NDI,*c1ccc(-c2cc3c4c(c(-c5ccc(-c6cc7c(s6)/C(=C6\c8ccccc8-c8cc(*)sc86)c6ccccc6-7)s5)cc5c4c2C(=O)N(CC(CCCCCCCCCC)CCCCCCCCCCCC)C5=O)C(=O)N(CC(CCCCCCCCCC)CCCCCCCCCCCC)C3=O)s1,1,0.0,1,0.003,0.008,-4.25,-5.8,*c1cc2c(s1)/C(=C1\c3ccccc3-c3cc(*)sc31)c1ccccc1-2,*c1ccc(-c2cc3c4c(c(-c5ccc(*)s5)cc5c4c2C(=O)N(CC(CCCCCCCCCC)CCCCCCCCCCCC)C5=O)C(=O)N(CC(CCCCCCCCCC)CCCCCCCCCCCC)C3=O)s1
10.1021/acs.macromol.5b00067,PBTP-DPP,*c1ccc(C2=C3C(=O)N(CC(CCCCCCCC)CCCCCCCCCC)C(c4ccc(-c5cc6c(s5)/C(=C5\c7ccccc7-c7cc(*)sc75)c5ccccc5-6)s4)=C3C(=O)N2CC(CCCCCCCC)CCCCCCCCCC)s1,1,0.0,1,0.13,0.68,-3.98,-5.48,*c1cc2c(s1)/C(=C1\c3ccccc3-c3cc(*)sc31)c1ccccc1-2,*c1ccc(C2=C3C(=O)N(CC(CCCCCCCC)CCCCCCCCCC)C(c4ccc(*)s4)=C3C(=O)N2CC(CCCCCCCC)CCCCCCCCCC)s1,PBTP-NDI,*c1ccc(-c2cc3c4c(c(-c5ccc(-c6cc7c(s6)/C(=C6\c8ccccc8-c8cc(*)sc86)c6ccccc6-7)s5)cc5c4c2C(=O)N(CC(CCCCCCCCCC)CCCCCCCCCCCC)C5=O)C(=O)N(CC(CCCCCCCCCC)CCCCCCCCCCCC)C3=O)s1,1,0.0,1,0.003,0.008,-4.25,-5.8,*c1cc2c(s1)/C(=C1\c3ccccc3-c3cc(*)sc31)c1ccccc1-2,*c1ccc(-c2cc3c4c(c(-c5ccc(*)s5)cc5c4c2C(=O)N(CC(CCCCCCCCCC)CCCCCCCCCCCC)C5=O)C(=O)N(CC(CCCCCCCCCC)CCCCCCCCCCCC)C3=O)s1
10.1021/acs.macromol.5b00098,PaNDTDTFBT,*c1cc2cc(CC(CCCCCCCC)CCCCCCCCCC)c3c4sc(-c5sc(-c6c(F)c(F)c(-c7cc(CCCCCCCC)c(*)s7)c7nsnc67)cc5CCCCCCCC)cc4cc(CC(CCCCCCCC)CCCCCCCCCC)c3c2s1,1,0.0,0,0.0,0.047,-3.5,-5.47,*c1cc2cc(CC(CCCCCCCC)CCCCCCCCCC)c3c4sc(*)cc4cc(CC(CCCCCCCC)CCCCCCCCCC)c3c2s1,*c1sc(-c2c(F)c(F)c(-c3cc(CCCCCCCC)c(*)s3)c3nsnc23)cc1CCCCCCCC,PaNDTDPP,*c1ccc(C2=C3C(=O)N(CC(CC)CCCC)C(c4ccc(-c5cc6cc(CC(CCCC)CCCCCC)c7c8sc(*)cc8cc(CC(CCCC)CCCCCC)c7c6s5)s4)=C3C(=O)N2CC(CC)CCCC)s1,1,0.0,1,0.0,0.202,-3.64,-5.34,*c1cc2cc(CC(CCCC)CCCCCC)c3c4sc(*)cc4cc(CC(CCCC)CCCCCC)c3c2s1,*c1ccc(C2=C3C(=O)N(CC(CC)CCCC)C(c4ccc(*)s4)=C3C(=O)N2CC(CC)CCCC)s1
10.1021/acs.macromol.5b00158,DPPA1,*c1ccc(C2=C3C(=O)N(CC(CCCCCCCC)CCCCCCCCCC)C(c4ccc(-c5ccc(-c6cc(-c7ccc(*)s7)c7cccccc6-7)s5)s4)=C3C(=O)N2CC(CCCCCCCC)CCCCCCCCCC)s1,0,0.0,0,0.0,0.97,-3.55,-5.13,*c1ccc(-c2cc(-c3ccc(*)s3)c3cccccc2-3)s1,*c1ccc(C2=C3C(=O)N(CC(CCCCCCCC)CCCCCCCCCC)C(c4ccc(*)s4)=C3C(=O)N2CC(CCCCCCCC)CCCCCCCCCC)s1,DPPA2,*c1ccc(C2=C3C(=O)N(CC(CCCCCCCC)CCCCCCCCCC)C(c4ccc(-c5cc(*)c6cccccc5-6)s4)=C3C(=O)N2CC(CCCCCCCC)CCCCCCCCCC)s1,0,0.0,0,0.0,0.08,-3.59,-5.12,*c1cc(*)c2cccccc1-2,*c1ccc(C2=C3C(=O)N(CC(CCCCCCCC)CCCCCCCCCC)C(c4ccc(*)s4)=C3C(=O)N2CC(CCCCCCCC)CCCCCCCCCC)s1
10.1021/acs.macromol.5b00158,DPPA1,*c1ccc(C2=C3C(=O)N(CC(CCCCCCCC)CCCCCCCCCC)C(c4ccc(-c5ccc(-c6cc(-c7ccc(*)s7)c7cccccc6-7)s5)s4)=C3C(=O)N2CC(CCCCCCCC)CCCCCCCCCC)s1,0,0.0,0,0.0,0.97,-3.55,-5.13,*c1ccc(-c2cc(-c3ccc(*)s3)c3cccccc2-3)s1,*c1ccc(C2=C3C(=O)N(CC(CCCCCCCC)CCCCCCCCCC)C(c4ccc(*)s4)=C3C(=O)N2CC(CCCCCCCC)CCCCCCCCCC)s1,DPPA3,*c1ccc(-c2ccc(C3=C4C(=O)N(CC(CCCCCCCC)CCCCCCCCCC)C(c5ccc(*)s5)=C4C(=O)N3CC(CCCCCCCC)CCCCCCCCCC)s2)c2cccc-2c1,1,0.0,0,0.0078,0.04,-3.64,-5.14,*c1ccc(*)c2cccc-2c1,*c1ccc(C2=C3C(=O)N(CC(CCCCCCCC)CCCCCCCCCC)C(c4ccc(*)s4)=C3C(=O)N2CC(CCCCCCCC)CCCCCCCCCC)s1
10.1021/acs.macromol.5b00158,DPPA2,*c1ccc(C2=C3C(=O)N(CC(CCCCCCCC)CCCCCCCCCC)C(c4ccc(-c5cc(*)c6cccccc5-6)s4)=C3C(=O)N2CC(CCCCCCCC)CCCCCCCCCC)s1,0,0.0,0,0.0,0.08,-3.59,-5.12,*c1cc(*)c2cccccc1-2,*c1ccc(C2=C3C(=O)N(CC(CCCCCCCC)CCCCCCCCCC)C(c4ccc(*)s4)=C3C(=O)N2CC(CCCCCCCC)CCCCCCCCCC)s1,DPPA3,*c1ccc(-c2ccc(C3=C4C(=O)N(CC(CCCCCCCC)CCCCCCCCCC)C(c5ccc(*)s5)=C4C(=O)N3CC(CCCCCCCC)CCCCCCCCCC)s2)c2cccc-2c1,1,0.0,0,0.0078,0.04,-3.64,-5.14,*c1ccc(*)c2cccc-2c1,*c1ccc(C2=C3C(=O)N(CC(CCCCCCCC)CCCCCCCCCC)C(c4ccc(*)s4)=C3C(=O)N2CC(CCCCCCCC)CCCCCCCCCC)s1
10.1021/acs.macromol.5b01074,F-IIDT,*c1ccc(-c2ccc(-c3sc(-c4ccc5c(c4F)N(CC(CCCCCCCCCC)CCCCCCCCCCCC)C(=O)/C5=C4/C(=O)N(CC(CCCCCCCCCC)CCCCCCCCCCCC)c5c4ccc(-c4cc(CCCCCCCCCCCC)c(*)s4)c5F)cc3CCCCCCCCCCCC)s2)s1,1,0.0,1,0.0,0.75,-3.92,-5.51,*c1sc(-c2ccc3c(c2F)N(CC(CCCCCCCCCC)CCCCCCCCCCCC)C(=O)/C3=C2/C(=O)N(CC(CCCCCCCCCC)CCCCCCCCCCCC)c3c2ccc(-c2cc(CCCCCCCCCCCC)c(*)s2)c3F)cc1CCCCCCCCCCCC,*c1ccc(-c2ccc(*)s2)s1,Cl-IIDT,*c1ccc(-c2ccc(-c3sc(-c4cc5c(cc4Cl)/C(=C4\C(=O)N(CC(CCCCCCCCCC)CCCCCCCCCCCC)c6cc(-c7cc(CCCCCCCCCCCC)c(*)s7)c(Cl)cc64)C(=O)N5CC(CCCCCCCCCC)CCCCCCCCCCCC)cc3CCCCCCCCCCCC)s2)s1,1,0.0,1,0.0,0.1,-3.85,-5.53,*c1sc(-c2cc3c(cc2Cl)/C(=C2\C(=O)N(CC(CCCCCCCCCC)CCCCCCCCCCCC)c4cc(-c5cc(CCCCCCCCCCCC)c(*)s5)c(Cl)cc42)C(=O)N3CC(CCCCCCCCCC)CCCCCCCCCCCC)cc1CCCCCCCCCCCC,*c1ccc(-c2ccc(*)s2)s1
10.1021/acs.macromol.5b01278,PCDTT-BT,*c1cc2sc3c(c2s1)C(CCCCCCCCCCCCCCCC)(CCCCCCCCCCCCCCCC)c1c-3sc2cc(-c3ccc(*)c4nsnc34)sc12,1,0.0,0,0.0,0.19,-3.73,-5.29,*c1cc2sc3c(c2s1)C(CCCCCCCCCCCCCCCC)(CCCCCCCCCCCCCCCC)c1c-3sc2cc(*)sc12,*c1ccc(*)c2nsnc12,PCDTT-DFBT,*c1cc2sc3c(c2s1)C(CCCCCCCCCCCCCCCC)(CCCCCCCCCCCCCCCC)c1c-3sc2cc(-c3c(F)c(F)c(*)c4nsnc34)sc12,1,0.0,0,0.17,0.38,-3.79,-5.38,*c1cc2sc3c(c2s1)C(CCCCCCCCCCCCCCCC)(CCCCCCCCCCCCCCCC)c1c-3sc2cc(*)sc12,*c1c(F)c(F)c(*)c2nsnc12
10.1021/acs.macromol.5b01278,PCDTT-BT,*c1cc2sc3c(c2s1)C(CCCCCCCCCCCCCCCC)(CCCCCCCCCCCCCCCC)c1c-3sc2cc(-c3ccc(*)c4nsnc34)sc12,1,0.0,0,0.0,0.19,-3.73,-5.29,*c1cc2sc3c(c2s1)C(CCCCCCCCCCCCCCCC)(CCCCCCCCCCCCCCCC)c1c-3sc2cc(*)sc12,*c1ccc(*)c2nsnc12,PCDTT-NT,*c1cc2sc3c(c2s1)C(CCCCCCCCCCCCCCCC)(CCCCCCCCCCCCCCCC)c1c-3sc2cc(-c3cc4c(cc(*)c5nsnc54)c4nsnc34)sc12,1,0.0,0,0.0,0.015,-3.83,-5.38,*c1cc2sc3c(c2s1)C(CCCCCCCCCCCCCCCC)(CCCCCCCCCCCCCCCC)c1c-3sc2cc(*)sc12,*c1cc2c(cc(*)c3nsnc32)c2nsnc12
10.1021/acs.macromol.5b01278,PCDTT-DFBT,*c1cc2sc3c(c2s1)C(CCCCCCCCCCCCCCCC)(CCCCCCCCCCCCCCCC)c1c-3sc2cc(-c3c(F)c(F)c(*)c4nsnc34)sc12,1,0.0,0,0.17,0.38,-3.79,-5.38,*c1cc2sc3c(c2s1)C(CCCCCCCCCCCCCCCC)(CCCCCCCCCCCCCCCC)c1c-3sc2cc(*)sc12,*c1c(F)c(F)c(*)c2nsnc12,PCDTT-NT,*c1cc2sc3c(c2s1)C(CCCCCCCCCCCCCCCC)(CCCCCCCCCCCCCCCC)c1c-3sc2cc(-c3cc4c(cc(*)c5nsnc54)c4nsnc34)sc12,1,0.0,0,0.0,0.015,-3.83,-5.38,*c1cc2sc3c(c2s1)C(CCCCCCCCCCCCCCCC)(CCCCCCCCCCCCCCCC)c1c-3sc2cc(*)sc12,*c1cc2c(cc(*)c3nsnc32)c2nsnc12
10.1021/acs.macromol.5b02583,TTNTT-BTz,*c1cc2sc3c(cc(CC(CCCCCCCC)CCCCCCCCCC)c4c5sc6cc(-c7ccc(*)c8nsnc78)sc6c5cc(CC(CCCCCCCC)CCCCCCCCCC)c34)c2s1,1,0.0,1,0.0,0.023,-3.1,-5.24,*c1cc2sc3c(cc(CC(CCCCCCCC)CCCCCCCCCC)c4c5sc6cc(*)sc6c5cc(CC(CCCCCCCC)CCCCCCCCCC)c34)c2s1,*c1ccc(*)c2nsnc12,TTNTT-FBTz,*c1cc2sc3c(cc(CC(CCCCCCCC)CCCCCCCCCC)c4c5sc6cc(-c7c(F)c(F)c(*)c8nsnc78)sc6c5cc(CC(CCCCCCCC)CCCCCCCCCC)c34)c2s1,1,0.0,1,0.0,0.078,-3.2,-5.44,*c1cc2sc3c(cc(CC(CCCCCCCC)CCCCCCCCCC)c4c5sc6cc(*)sc6c5cc(CC(CCCCCCCC)CCCCCCCCCC)c34)c2s1,*c1c(F)c(F)c(*)c2nsnc12
10.1021/acs.macromol.5b02583,TTNTT-BTz,*c1cc2sc3c(cc(CC(CCCCCCCC)CCCCCCCCCC)c4c5sc6cc(-c7ccc(*)c8nsnc78)sc6c5cc(CC(CCCCCCCC)CCCCCCCCCC)c34)c2s1,1,0.0,1,0.0,0.023,-3.1,-5.24,*c1cc2sc3c(cc(CC(CCCCCCCC)CCCCCCCCCC)c4c5sc6cc(*)sc6c5cc(CC(CCCCCCCC)CCCCCCCCCC)c34)c2s1,*c1ccc(*)c2nsnc12,TTNTT-IID,*c1ccc2c(c1)N(CCCCCCCCCCCC)C(=O)/C2=C1/C(=O)N(CCCCCCCCCCCC)c2cc(-c3cc4sc5c(cc(CC(CCCCCCCC)CCCCCCCCCC)c6c7sc8cc(*)sc8c7cc(CC(CCCCCCCC)CCCCCCCCCC)c56)c4s3)ccc21,1,0.0,1,0.0,0.5,-3.59,-5.25,*c1cc2sc3c(cc(CC(CCCCCCCC)CCCCCCCCCC)c4c5sc6cc(*)sc6c5cc(CC(CCCCCCCC)CCCCCCCCCC)c34)c2s1,*c1ccc2c(c1)N(CCCCCCCCCCCC)C(=O)/C2=C1/C(=O)N(CCCCCCCCCCCC)c2cc(*)ccc21
10.1021/acs.macromol.5b02583,TTNTT-BTz,*c1cc2sc3c(cc(CC(CCCCCCCC)CCCCCCCCCC)c4c5sc6cc(-c7ccc(*)c8nsnc78)sc6c5cc(CC(CCCCCCCC)CCCCCCCCCC)c34)c2s1,1,0.0,1,0.0,0.023,-3.1,-5.24,*c1cc2sc3c(cc(CC(CCCCCCCC)CCCCCCCCCC)c4c5sc6cc(*)sc6c5cc(CC(CCCCCCCC)CCCCCCCCCC)c34)c2s1,*c1ccc(*)c2nsnc12,TTNTT-DPP,*c1ccc(C2=C3C(=O)N(CCCCCCCCCCCC)C(c4ccc(-c5cc6sc7c(cc(CC(CCCCCCCC)CCCCCCCCCC)c8c9sc%10cc(*)sc%10c9cc(CC(CCCCCCCC)CCCCCCCCCC)c78)c6s5)s4)=C3C(=O)N2CCCCCCCCCCCC)s1,1,0.0,1,0.0,1.8,-3.48,-5.15,*c1cc2sc3c(cc(CC(CCCCCCCC)CCCCCCCCCC)c4c5sc6cc(*)sc6c5cc(CC(CCCCCCCC)CCCCCCCCCC)c34)c2s1,*c1ccc(C2=C3C(=O)N(CCCCCCCCCCCC)C(c4ccc(*)s4)=C3C(=O)N2CCCCCCCCCCCC)s1
10.1021/acs.macromol.5b02583,TTNTT-FBTz,*c1cc2sc3c(cc(CC(CCCCCCCC)CCCCCCCCCC)c4c5sc6cc(-c7c(F)c(F)c(*)c8nsnc78)sc6c5cc(CC(CCCCCCCC)CCCCCCCCCC)c34)c2s1,1,0.0,1,0.0,0.078,-3.2,-5.44,*c1cc2sc3c(cc(CC(CCCCCCCC)CCCCCCCCCC)c4c5sc6cc(*)sc6c5cc(CC(CCCCCCCC)CCCCCCCCCC)c34)c2s1,*c1c(F)c(F)c(*)c2nsnc12,TTNTT-IID,*c1ccc2c(c1)N(CCCCCCCCCCCC)C(=O)/C2=C1/C(=O)N(CCCCCCCCCCCC)c2cc(-c3cc4sc5c(cc(CC(CCCCCCCC)CCCCCCCCCC)c6c7sc8cc(*)sc8c7cc(CC(CCCCCCCC)CCCCCCCCCC)c56)c4s3)ccc21,1,0.0,1,0.0,0.5,-3.59,-5.25,*c1cc2sc3c(cc(CC(CCCCCCCC)CCCCCCCCCC)c4c5sc6cc(*)sc6c5cc(CC(CCCCCCCC)CCCCCCCCCC)c34)c2s1,*c1ccc2c(c1)N(CCCCCCCCCCCC)C(=O)/C2=C1/C(=O)N(CCCCCCCCCCCC)c2cc(*)ccc21
10.1021/acs.macromol.5b02583,TTNTT-FBTz,*c1cc2sc3c(cc(CC(CCCCCCCC)CCCCCCCCCC)c4c5sc6cc(-c7c(F)c(F)c(*)c8nsnc78)sc6c5cc(CC(CCCCCCCC)CCCCCCCCCC)c34)c2s1,1,0.0,1,0.0,0.078,-3.2,-5.44,*c1cc2sc3c(cc(CC(CCCCCCCC)CCCCCCCCCC)c4c5sc6cc(*)sc6c5cc(CC(CCCCCCCC)CCCCCCCCCC)c34)c2s1,*c1c(F)c(F)c(*)c2nsnc12,TTNTT-DPP,*c1ccc(C2=C3C(=O)N(CCCCCCCCCCCC)C(c4ccc(-c5cc6sc7c(cc(CC(CCCCCCCC)CCCCCCCCCC)c8c9sc%10cc(*)sc%10c9cc(CC(CCCCCCCC)CCCCCCCCCC)c78)c6s5)s4)=C3C(=O)N2CCCCCCCCCCCC)s1,1,0.0,1,0.0,1.8,-3.48,-5.15,*c1cc2sc3c(cc(CC(CCCCCCCC)CCCCCCCCCC)c4c5sc6cc(*)sc6c5cc(CC(CCCCCCCC)CCCCCCCCCC)c34)c2s1,*c1ccc(C2=C3C(=O)N(CCCCCCCCCCCC)C(c4ccc(*)s4)=C3C(=O)N2CCCCCCCCCCCC)s1
10.1021/acs.macromol.5b02583,TTNTT-IID,*c1ccc2c(c1)N(CCCCCCCCCCCC)C(=O)/C2=C1/C(=O)N(CCCCCCCCCCCC)c2cc(-c3cc4sc5c(cc(CC(CCCCCCCC)CCCCCCCCCC)c6c7sc8cc(*)sc8c7cc(CC(CCCCCCCC)CCCCCCCCCC)c56)c4s3)ccc21,1,0.0,1,0.0,0.5,-3.59,-5.25,*c1cc2sc3c(cc(CC(CCCCCCCC)CCCCCCCCCC)c4c5sc6cc(*)sc6c5cc(CC(CCCCCCCC)CCCCCCCCCC)c34)c2s1,*c1ccc2c(c1)N(CCCCCCCCCCCC)C(=O)/C2=C1/C(=O)N(CCCCCCCCCCCC)c2cc(*)ccc21,TTNTT-DPP,*c1ccc(C2=C3C(=O)N(CCCCCCCCCCCC)C(c4ccc(-c5cc6sc7c(cc(CC(CCCCCCCC)CCCCCCCCCC)c8c9sc%10cc(*)sc%10c9cc(CC(CCCCCCCC)CCCCCCCCCC)c78)c6s5)s4)=C3C(=O)N2CCCCCCCCCCCC)s1,1,0.0,1,0.0,1.8,-3.48,-5.15,*c1cc2sc3c(cc(CC(CCCCCCCC)CCCCCCCCCC)c4c5sc6cc(*)sc6c5cc(CC(CCCCCCCC)CCCCCCCCCC)c34)c2s1,*c1ccc(C2=C3C(=O)N(CCCCCCCCCCCC)C(c4ccc(*)s4)=C3C(=O)N2CCCCCCCCCCCC)s1
10.1021/acs.macromol.5c00020,PIIPQD-BTF,*c1ccc2c(c1)c(=O)n(CC(CCCCCCCCCC)CCCCCCCCCCCC)c1nc3cc4nc5c6ccc(-c7cc(F)c(-c8sc(*)cc8F)s7)cc6c(=O)n(CC(CCCCCCCCCC)CCCCCCCCCCCC)c5nc4cc3nc21,1,0.0,1,0.1,0.0,-3.57,-5.84,*c1cc(F)c(-c2sc(*)cc2F)s1,*c1ccc2c(c1)c(=O)n(CC(CCCCCCCCCC)CCCCCCCCCCCC)c1nc3cc4nc5c6ccc(*)cc6c(=O)n(CC(CCCCCCCCCC)CCCCCCCCCCCC)c5nc4cc3nc21,PIIPQD-TVTC6,*c1ccc2c(c1)c(=O)n(CC(CCCCCCCCCC)CCCCCCCCCCCC)c1nc3cc4nc5c6ccc(-c7cc(CCCCCC)c(/C=C/c8sc(*)cc8CCCCCC)s7)cc6c(=O)n(CC(CCCCCCCCCC)CCCCCCCCCCCC)c5nc4cc3nc21,1,0.0,1,0.034,0.003,-3.55,-5.57,*c1cc(CCCCCC)c(/C=C/c2sc(*)cc2CCCCCC)s1,*c1ccc2c(c1)c(=O)n(CC(CCCCCCCCCC)CCCCCCCCCCCC)c1nc3cc4nc5c6ccc(*)cc6c(=O)n(CC(CCCCCCCCCC)CCCCCCCCCCCC)c5nc4cc3nc21
10.1021/acs.macromol.5c02293,PCTDPP-T,*c1ccc(-c2sc(C3=C4C(=O)N(CC(CCCCCCCC)CCCCCCCCCC)C(c5cc(C#N)c(*)s5)=C4C(=O)N3CC(CCCCCCCC)CCCCCCCCCC)cc2C#N)s1,1,0.0,0,0.113,0.0,-3.84,-5.77,*c1ccc(*)s1,*c1sc(C2=C3C(=O)N(CC(CCCCCCCC)CCCCCCCCCC)C(c4cc(C#N)c(*)s4)=C3C(=O)N2CC(CCCCCCCC)CCCCCCCCCC)cc1C#N,PCTDPP-BTI,*c1cc2c(=O)n(CC(CCCCCCCC)CCCCCCCCCC)c(=O)c3cc(-c4sc(C5=C6C(=O)N(CC(CCCCCCCC)CCCCCCCCCC)C(c7cc(C#N)c(*)s7)=C6C(=O)N5CC(CCCCCCCC)CCCCCCCCCC)cc4C#N)sc3c2s1,1,0.0,0,0.013,0.0,-3.9,-5.87,*c1cc2c(=O)n(CC(CCCCCCCC)CCCCCCCCCC)c(=O)c3cc(*)sc3c2s1,*c1sc(C2=C3C(=O)N(CC(CCCCCCCC)CCCCCCCCCC)C(c4cc(C#N)c(*)s4)=C3C(=O)N2CC(CCCCCCCC)CCCCCCCCCC)cc1C#N
10.1021/acs.macromol.5c02809,2FEATII-TVT,*c1ccc2c(n1)N(CCCC(CCCCCCCCCC)CCCCCCCCCC)C(=O)/C2=C1/C(=O)N(CC(CCCCCCCCCC)CCCCCCCCCCCC)c2cc(/C(F)=C(\F)c3cc4c(s3)/C(=C3\C(=O)N(CCCC(CCCCCCCCCC)CCCCCCCCCC)c5nc(-c6ccc(/C=C/c7ccc(*)s7)s6)ccc53)C(=O)N4CC(CCCCCCCCCC)CCCCCCCCCCCC)sc21,1,0.0,1,0.98,1.43,-3.7,-5.14,*c1ccc(/C=C/c2ccc(*)s2)s1,*c1ccc2c(n1)N(CCCC(CCCCCCCCCC)CCCCCCCCCC)C(=O)/C2=C1/C(=O)N(CC(CCCCCCCCCC)CCCCCCCCCCCC)c2cc(/C(F)=C(\F)c3cc4c(s3)/C(=C3\C(=O)N(CCCC(CCCCCCCCCC)CCCCCCCCCC)c5nc(*)ccc53)C(=O)N4CC(CCCCCCCCCC)CCCCCCCCCCCC)sc21,2FEATII-2FDTE,*c1ccc2c(n1)N(CCCC(CCCCCCCCCC)CCCCCCCCCC)C(=O)/C2=C1/C(=O)N(CC(CCCCCCCCCC)CCCCCCCCCCCC)c2cc(/C(F)=C(\F)c3cc4c(s3)/C(=C3\C(=O)N(CCCC(CCCCCCCCCC)CCCCCCCCCC)c5nc(-c6ccc(/C(F)=C(\F)c7ccc(*)s7)s6)ccc53)C(=O)N4CC(CCCCCCCCCC)CCCCCCCCCCCC)sc21,1,0.0,1,0.27,0.25,-3.83,-5.24,*c1ccc(/C(F)=C(\F)c2ccc(*)s2)s1,*c1ccc2c(n1)N(CCCC(CCCCCCCCCC)CCCCCCCCCC)C(=O)/C2=C1/C(=O)N(CC(CCCCCCCCCC)CCCCCCCCCCCC)c2cc(/C(F)=C(\F)c3cc4c(s3)/C(=C3\C(=O)N(CCCC(CCCCCCCCCC)CCCCCCCCCC)c5nc(*)ccc53)C(=O)N4CC(CCCCCCCCCC)CCCCCCCCCCCC)sc21
10.1021/acs.macromol.5c02809,2FEATII-TVT,*c1ccc2c(n1)N(CCCC(CCCCCCCCCC)CCCCCCCCCC)C(=O)/C2=C1/C(=O)N(CC(CCCCCCCCCC)CCCCCCCCCCCC)c2cc(/C(F)=C(\F)c3cc4c(s3)/C(=C3\C(=O)N(CCCC(CCCCCCCCCC)CCCCCCCCCC)c5nc(-c6ccc(/C=C/c7ccc(*)s7)s6)ccc53)C(=O)N4CC(CCCCCCCCCC)CCCCCCCCCCCC)sc21,1,0.0,1,0.98,1.43,-3.7,-5.14,*c1ccc(/C=C/c2ccc(*)s2)s1,*c1ccc2c(n1)N(CCCC(CCCCCCCCCC)CCCCCCCCCC)C(=O)/C2=C1/C(=O)N(CC(CCCCCCCCCC)CCCCCCCCCCCC)c2cc(/C(F)=C(\F)c3cc4c(s3)/C(=C3\C(=O)N(CCCC(CCCCCCCCCC)CCCCCCCCCC)c5nc(*)ccc53)C(=O)N4CC(CCCCCCCCCC)CCCCCCCCCCCC)sc21,2FEATII-4FDTE,*c1ccc2c(n1)N(CCCC(CCCCCCCCCC)CCCCCCCCCC)C(=O)/C2=C1/C(=O)N(CC(CCCCCCCCCC)CCCCCCCCCCCC)c2cc(/C(F)=C(\F)c3cc4c(s3)/C(=C3\C(=O)N(CCCC(CCCCCCCCCC)CCCCCCCCCC)c5nc(-c6sc(/C=C/c7sc(*)c(F)c7F)c(F)c6F)ccc53)C(=O)N4CC(CCCCCCCCCC)CCCCCCCCCCCC)sc21,1,0.0,1,0.14,0.019,-3.92,-5.4,*c1sc(/C=C/c2sc(*)c(F)c2F)c(F)c1F,*c1ccc2c(n1)N(CCCC(CCCCCCCCCC)CCCCCCCCCC)C(=O)/C2=C1/C(=O)N(CC(CCCCCCCCCC)CCCCCCCCCCCC)c2cc(/C(F)=C(\F)c3cc4c(s3)/C(=C3\C(=O)N(CCCC(CCCCCCCCCC)CCCCCCCCCC)c5nc(*)ccc53)C(=O)N4CC(CCCCCCCCCC)CCCCCCCCCCCC)sc21
10.1021/acs.macromol.5c02809,2FEATII-TVT,*c1ccc2c(n1)N(CCCC(CCCCCCCCCC)CCCCCCCCCC)C(=O)/C2=C1/C(=O)N(CC(CCCCCCCCCC)CCCCCCCCCCCC)c2cc(/C(F)=C(\F)c3cc4c(s3)/C(=C3\C(=O)N(CCCC(CCCCCCCCCC)CCCCCCCCCC)c5nc(-c6ccc(/C=C/c7ccc(*)s7)s6)ccc53)C(=O)N4CC(CCCCCCCCCC)CCCCCCCCCCCC)sc21,1,0.0,1,0.98,1.43,-3.7,-5.14,*c1ccc(/C=C/c2ccc(*)s2)s1,*c1ccc2c(n1)N(CCCC(CCCCCCCCCC)CCCCCCCCCC)C(=O)/C2=C1/C(=O)N(CC(CCCCCCCCCC)CCCCCCCCCCCC)c2cc(/C(F)=C(\F)c3cc4c(s3)/C(=C3\C(=O)N(CCCC(CCCCCCCCCC)CCCCCCCCCC)c5nc(*)ccc53)C(=O)N4CC(CCCCCCCCCC)CCCCCCCCCCCC)sc21,2FEATII-2FDTE-2,*c1ccc2c(n1)N(CCCCCCCCCCCC)C(=O)/C2=C1/C(=O)N(CC(CCCCCCCCCC)CCCCCCCCCCCC)c2cc(/C(F)=C(\F)c3cc4c(s3)/C(=C3\C(=O)N(CCCCCCCCCCCC)c5nc(-c6ccc(/C(F)=C(\F)c7ccc(*)s7)s6)ccc53)C(=O)N4CC(CCCCCCCCCC)CCCCCCCCCCCC)sc21,1,0.0,1,0.64,3.06,-3.77,-5.17,*c1ccc(/C(F)=C(\F)c2ccc(*)s2)s1,*c1ccc2c(n1)N(CCCCCCCCCCCC)C(=O)/C2=C1/C(=O)N(CC(CCCCCCCCCC)CCCCCCCCCCCC)c2cc(/C(F)=C(\F)c3cc4c(s3)/C(=C3\C(=O)N(CCCCCCCCCCCC)c5nc(*)ccc53)C(=O)N4CC(CCCCCCCCCC)CCCCCCCCCCCC)sc21
10.1021/acs.macromol.5c02809,2FEATII-2FDTE,*c1ccc2c(n1)N(CCCC(CCCCCCCCCC)CCCCCCCCCC)C(=O)/C2=C1/C(=O)N(CC(CCCCCCCCCC)CCCCCCCCCCCC)c2cc(/C(F)=C(\F)c3cc4c(s3)/C(=C3\C(=O)N(CCCC(CCCCCCCCCC)CCCCCCCCCC)c5nc(-c6ccc(/C(F)=C(\F)c7ccc(*)s7)s6)ccc53)C(=O)N4CC(CCCCCCCCCC)CCCCCCCCCCCC)sc21,1,0.0,1,0.27,0.25,-3.83,-5.24,*c1ccc(/C(F)=C(\F)c2ccc(*)s2)s1,*c1ccc2c(n1)N(CCCC(CCCCCCCCCC)CCCCCCCCCC)C(=O)/C2=C1/C(=O)N(CC(CCCCCCCCCC)CCCCCCCCCCCC)c2cc(/C(F)=C(\F)c3cc4c(s3)/C(=C3\C(=O)N(CCCC(CCCCCCCCCC)CCCCCCCCCC)c5nc(*)ccc53)C(=O)N4CC(CCCCCCCCCC)CCCCCCCCCCCC)sc21,2FEATII-4FDTE,*c1ccc2c(n1)N(CCCC(CCCCCCCCCC)CCCCCCCCCC)C(=O)/C2=C1/C(=O)N(CC(CCCCCCCCCC)CCCCCCCCCCCC)c2cc(/C(F)=C(\F)c3cc4c(s3)/C(=C3\C(=O)N(CCCC(CCCCCCCCCC)CCCCCCCCCC)c5nc(-c6sc(/C=C/c7sc(*)c(F)c7F)c(F)c6F)ccc53)C(=O)N4CC(CCCCCCCCCC)CCCCCCCCCCCC)sc21,1,0.0,1,0.14,0.019,-3.92,-5.4,*c1sc(/C=C/c2sc(*)c(F)c2F)c(F)c1F,*c1ccc2c(n1)N(CCCC(CCCCCCCCCC)CCCCCCCCCC)C(=O)/C2=C1/C(=O)N(CC(CCCCCCCCCC)CCCCCCCCCCCC)c2cc(/C(F)=C(\F)c3cc4c(s3)/C(=C3\C(=O)N(CCCC(CCCCCCCCCC)CCCCCCCCCC)c5nc(*)ccc53)C(=O)N4CC(CCCCCCCCCC)CCCCCCCCCCCC)sc21
10.1021/acs.macromol.5c02809,2FEATII-2FDTE,*c1ccc2c(n1)N(CCCC(CCCCCCCCCC)CCCCCCCCCC)C(=O)/C2=C1/C(=O)N(CC(CCCCCCCCCC)CCCCCCCCCCCC)c2cc(/C(F)=C(\F)c3cc4c(s3)/C(=C3\C(=O)N(CCCC(CCCCCCCCCC)CCCCCCCCCC)c5nc(-c6ccc(/C(F)=C(\F)c7ccc(*)s7)s6)ccc53)C(=O)N4CC(CCCCCCCCCC)CCCCCCCCCCCC)sc21,1,0.0,1,0.27,0.25,-3.83,-5.24,*c1ccc(/C(F)=C(\F)c2ccc(*)s2)s1,*c1ccc2c(n1)N(CCCC(CCCCCCCCCC)CCCCCCCCCC)C(=O)/C2=C1/C(=O)N(CC(CCCCCCCCCC)CCCCCCCCCCCC)c2cc(/C(F)=C(\F)c3cc4c(s3)/C(=C3\C(=O)N(CCCC(CCCCCCCCCC)CCCCCCCCCC)c5nc(*)ccc53)C(=O)N4CC(CCCCCCCCCC)CCCCCCCCCCCC)sc21,2FEATII-2FDTE-2,*c1ccc2c(n1)N(CCCCCCCCCCCC)C(=O)/C2=C1/C(=O)N(CC(CCCCCCCCCC)CCCCCCCCCCCC)c2cc(/C(F)=C(\F)c3cc4c(s3)/C(=C3\C(=O)N(CCCCCCCCCCCC)c5nc(-c6ccc(/C(F)=C(\F)c7ccc(*)s7)s6)ccc53)C(=O)N4CC(CCCCCCCCCC)CCCCCCCCCCCC)sc21,1,0.0,1,0.64,3.06,-3.77,-5.17,*c1ccc(/C(F)=C(\F)c2ccc(*)s2)s1,*c1ccc2c(n1)N(CCCCCCCCCCCC)C(=O)/C2=C1/C(=O)N(CC(CCCCCCCCCC)CCCCCCCCCCCC)c2cc(/C(F)=C(\F)c3cc4c(s3)/C(=C3\C(=O)N(CCCCCCCCCCCC)c5nc(*)ccc53)C(=O)N4CC(CCCCCCCCCC)CCCCCCCCCCCC)sc21
10.1021/acs.macromol.5c02809,2FEATII-4FDTE,*c1ccc2c(n1)N(CCCC(CCCCCCCCCC)CCCCCCCCCC)C(=O)/C2=C1/C(=O)N(CC(CCCCCCCCCC)CCCCCCCCCCCC)c2cc(/C(F)=C(\F)c3cc4c(s3)/C(=C3\C(=O)N(CCCC(CCCCCCCCCC)CCCCCCCCCC)c5nc(-c6sc(/C=C/c7sc(*)c(F)c7F)c(F)c6F)ccc53)C(=O)N4CC(CCCCCCCCCC)CCCCCCCCCCCC)sc21,1,0.0,1,0.14,0.019,-3.92,-5.4,*c1sc(/C=C/c2sc(*)c(F)c2F)c(F)c1F,*c1ccc2c(n1)N(CCCC(CCCCCCCCCC)CCCCCCCCCC)C(=O)/C2=C1/C(=O)N(CC(CCCCCCCCCC)CCCCCCCCCCCC)c2cc(/C(F)=C(\F)c3cc4c(s3)/C(=C3\C(=O)N(CCCC(CCCCCCCCCC)CCCCCCCCCC)c5nc(*)ccc53)C(=O)N4CC(CCCCCCCCCC)CCCCCCCCCCCC)sc21,2FEATII-2FDTE-2,*c1ccc2c(n1)N(CCCCCCCCCCCC)C(=O)/C2=C1/C(=O)N(CC(CCCCCCCCCC)CCCCCCCCCCCC)c2cc(/C(F)=C(\F)c3cc4c(s3)/C(=C3\C(=O)N(CCCCCCCCCCCC)c5nc(-c6ccc(/C(F)=C(\F)c7ccc(*)s7)s6)ccc53)C(=O)N4CC(CCCCCCCCCC)CCCCCCCCCCCC)sc21,1,0.0,1,0.64,3.06,-3.77,-5.17,*c1ccc(/C(F)=C(\F)c2ccc(*)s2)s1,*c1ccc2c(n1)N(CCCCCCCCCCCC)C(=O)/C2=C1/C(=O)N(CC(CCCCCCCCCC)CCCCCCCCCCCC)c2cc(/C(F)=C(\F)c3cc4c(s3)/C(=C3\C(=O)N(CCCCCCCCCCCC)c5nc(*)ccc53)C(=O)N4CC(CCCCCCCCCC)CCCCCCCCCCCC)sc21
10.1021/acs.macromol.6b00004,DIID-T,*c1ccc2c(c1)N(CCCC(CCCCCCCCCC)CCCCCCCCCC)C(=O)/C2=C1/C(=O)N(CCCCCCCCCCCC)c2c1ccc1c3c(ccc21)/C(=C1\C(=O)N(CCCC(CCCCCCCCCC)CCCCCCCCCC)c2cc(-c4ccc(*)s4)ccc21)C(=O)N3CCCCCCCCCCCC,1,0.0,0,0.0,0.0032,-3.66,-5.16,*c1ccc(*)s1,*c1ccc2c(c1)N(CCCC(CCCCCCCCCC)CCCCCCCCCC)C(=O)/C2=C1/C(=O)N(CCCCCCCCCCCC)c2c1ccc1c3c(ccc21)/C(=C1\C(=O)N(CCCC(CCCCCCCCCC)CCCCCCCCCC)c2cc(*)ccc21)C(=O)N3CCCCCCCCCCCC,DIID-BT,*c1ccc2c(c1)N(CCCC(CCCCCCCCCC)CCCCCCCCCC)C(=O)/C2=C1/C(=O)N(CCCCCCCCCCCC)c2c1ccc1c3c(ccc21)/C(=C1\C(=O)N(CCCC(CCCCCCCCCC)CCCCCCCCCC)c2cc(-c4ccc(-c5ccc(*)s5)s4)ccc21)C(=O)N3CCCCCCCCCCCC,1,0.0,1,0.021,1.55,-3.58,-5.16,*c1ccc(-c2ccc(*)s2)s1,*c1ccc2c(c1)N(CCCC(CCCCCCCCCC)CCCCCCCCCC)C(=O)/C2=C1/C(=O)N(CCCCCCCCCCCC)c2c1ccc1c3c(ccc21)/C(=C1\C(=O)N(CCCC(CCCCCCCCCC)CCCCCCCCCC)c2cc(*)ccc21)C(=O)N3CCCCCCCCCCCC
10.1021/acs.macromol.6b00004,DIID-T,*c1ccc2c(c1)N(CCCC(CCCCCCCCCC)CCCCCCCCCC)C(=O)/C2=C1/C(=O)N(CCCCCCCCCCCC)c2c1ccc1c3c(ccc21)/C(=C1\C(=O)N(CCCC(CCCCCCCCCC)CCCCCCCCCC)c2cc(-c4ccc(*)s4)ccc21)C(=O)N3CCCCCCCCCCCC,1,0.0,0,0.0,0.0032,-3.66,-5.16,*c1ccc(*)s1,*c1ccc2c(c1)N(CCCC(CCCCCCCCCC)CCCCCCCCCC)C(=O)/C2=C1/C(=O)N(CCCCCCCCCCCC)c2c1ccc1c3c(ccc21)/C(=C1\C(=O)N(CCCC(CCCCCCCCCC)CCCCCCCCCC)c2cc(*)ccc21)C(=O)N3CCCCCCCCCCCC,DIID-TVT,*c1ccc2c(c1)N(CCCC(CCCCCCCCCC)CCCCCCCCCC)C(=O)/C2=C1/C(=O)N(CCCCCCCCCCCC)c2c1ccc1c3c(ccc21)/C(=C1\C(=O)N(CCCC(CCCCCCCCCC)CCCCCCCCCC)c2cc(-c4ccc(/C=C/c5ccc(*)s5)s4)ccc21)C(=O)N3CCCCCCCCCCCC,1,0.0,1,0.087,1.79,-3.58,-5.24,*c1ccc(/C=C/c2ccc(*)s2)s1,*c1ccc2c(c1)N(CCCC(CCCCCCCCCC)CCCCCCCCCC)C(=O)/C2=C1/C(=O)N(CCCCCCCCCCCC)c2c1ccc1c3c(ccc21)/C(=C1\C(=O)N(CCCC(CCCCCCCCCC)CCCCCCCCCC)c2cc(*)ccc21)C(=O)N3CCCCCCCCCCCC
10.1021/acs.macromol.6b00004,DIID-T,*c1ccc2c(c1)N(CCCC(CCCCCCCCCC)CCCCCCCCCC)C(=O)/C2=C1/C(=O)N(CCCCCCCCCCCC)c2c1ccc1c3c(ccc21)/C(=C1\C(=O)N(CCCC(CCCCCCCCCC)CCCCCCCCCC)c2cc(-c4ccc(*)s4)ccc21)C(=O)N3CCCCCCCCCCCC,1,0.0,0,0.0,0.0032,-3.66,-5.16,*c1ccc(*)s1,*c1ccc2c(c1)N(CCCC(CCCCCCCCCC)CCCCCCCCCC)C(=O)/C2=C1/C(=O)N(CCCCCCCCCCCC)c2c1ccc1c3c(ccc21)/C(=C1\C(=O)N(CCCC(CCCCCCCCCC)CCCCCCCCCC)c2cc(*)ccc21)C(=O)N3CCCCCCCCCCCC,DIID-TVT-2,*c1ccc2c(c1)N(CC(CCCCCCCCCC)CCCCCCCCCCCC)C(=O)/C2=C1/C(=O)N(CCCCCCCCCCCC)c2c1ccc1c3c(ccc21)/C(=C1\C(=O)N(CC(CCCCCCCCCC)CCCCCCCCCCCC)c2cc(-c4ccc(/C=C/c5ccc(*)s5)s4)ccc21)C(=O)N3CCCCCCCCCCCC,1,0.0,1,0.018,0.75,-3.71,-5.38,*c1ccc(/C=C/c2ccc(*)s2)s1,*c1ccc2c(c1)N(CC(CCCCCCCCCC)CCCCCCCCCCCC)C(=O)/C2=C1/C(=O)N(CCCCCCCCCCCC)c2c1ccc1c3c(ccc21)/C(=C1\C(=O)N(CC(CCCCCCCCCC)CCCCCCCCCCCC)c2cc(*)ccc21)C(=O)N3CCCCCCCCCCCC
10.1021/acs.macromol.6b00004,DIID-BT,*c1ccc2c(c1)N(CCCC(CCCCCCCCCC)CCCCCCCCCC)C(=O)/C2=C1/C(=O)N(CCCCCCCCCCCC)c2c1ccc1c3c(ccc21)/C(=C1\C(=O)N(CCCC(CCCCCCCCCC)CCCCCCCCCC)c2cc(-c4ccc(-c5ccc(*)s5)s4)ccc21)C(=O)N3CCCCCCCCCCCC,1,0.0,1,0.021,1.55,-3.58,-5.16,*c1ccc(-c2ccc(*)s2)s1,*c1ccc2c(c1)N(CCCC(CCCCCCCCCC)CCCCCCCCCC)C(=O)/C2=C1/C(=O)N(CCCCCCCCCCCC)c2c1ccc1c3c(ccc21)/C(=C1\C(=O)N(CCCC(CCCCCCCCCC)CCCCCCCCCC)c2cc(*)ccc21)C(=O)N3CCCCCCCCCCCC,DIID-TVT,*c1ccc2c(c1)N(CCCC(CCCCCCCCCC)CCCCCCCCCC)C(=O)/C2=C1/C(=O)N(CCCCCCCCCCCC)c2c1ccc1c3c(ccc21)/C(=C1\C(=O)N(CCCC(CCCCCCCCCC)CCCCCCCCCC)c2cc(-c4ccc(/C=C/c5ccc(*)s5)s4)ccc21)C(=O)N3CCCCCCCCCCCC,1,0.0,1,0.087,1.79,-3.58,-5.24,*c1ccc(/C=C/c2ccc(*)s2)s1,*c1ccc2c(c1)N(CCCC(CCCCCCCCCC)CCCCCCCCCC)C(=O)/C2=C1/C(=O)N(CCCCCCCCCCCC)c2c1ccc1c3c(ccc21)/C(=C1\C(=O)N(CCCC(CCCCCCCCCC)CCCCCCCCCC)c2cc(*)ccc21)C(=O)N3CCCCCCCCCCCC
10.1021/acs.macromol.6b00004,DIID-BT,*c1ccc2c(c1)N(CCCC(CCCCCCCCCC)CCCCCCCCCC)C(=O)/C2=C1/C(=O)N(CCCCCCCCCCCC)c2c1ccc1c3c(ccc21)/C(=C1\C(=O)N(CCCC(CCCCCCCCCC)CCCCCCCCCC)c2cc(-c4ccc(-c5ccc(*)s5)s4)ccc21)C(=O)N3CCCCCCCCCCCC,1,0.0,1,0.021,1.55,-3.58,-5.16,*c1ccc(-c2ccc(*)s2)s1,*c1ccc2c(c1)N(CCCC(CCCCCCCCCC)CCCCCCCCCC)C(=O)/C2=C1/C(=O)N(CCCCCCCCCCCC)c2c1ccc1c3c(ccc21)/C(=C1\C(=O)N(CCCC(CCCCCCCCCC)CCCCCCCCCC)c2cc(*)ccc21)C(=O)N3CCCCCCCCCCCC,DIID-TVT-2,*c1ccc2c(c1)N(CC(CCCCCCCCCC)CCCCCCCCCCCC)C(=O)/C2=C1/C(=O)N(CCCCCCCCCCCC)c2c1ccc1c3c(ccc21)/C(=C1\C(=O)N(CC(CCCCCCCCCC)CCCCCCCCCCCC)c2cc(-c4ccc(/C=C/c5ccc(*)s5)s4)ccc21)C(=O)N3CCCCCCCCCCCC,1,0.0,1,0.018,0.75,-3.71,-5.38,*c1ccc(/C=C/c2ccc(*)s2)s1,*c1ccc2c(c1)N(CC(CCCCCCCCCC)CCCCCCCCCCCC)C(=O)/C2=C1/C(=O)N(CCCCCCCCCCCC)c2c1ccc1c3c(ccc21)/C(=C1\C(=O)N(CC(CCCCCCCCCC)CCCCCCCCCCCC)c2cc(*)ccc21)C(=O)N3CCCCCCCCCCCC
10.1021/acs.macromol.6b00004,DIID-TVT,*c1ccc2c(c1)N(CCCC(CCCCCCCCCC)CCCCCCCCCC)C(=O)/C2=C1/C(=O)N(CCCCCCCCCCCC)c2c1ccc1c3c(ccc21)/C(=C1\C(=O)N(CCCC(CCCCCCCCCC)CCCCCCCCCC)c2cc(-c4ccc(/C=C/c5ccc(*)s5)s4)ccc21)C(=O)N3CCCCCCCCCCCC,1,0.0,1,0.087,1.79,-3.58,-5.24,*c1ccc(/C=C/c2ccc(*)s2)s1,*c1ccc2c(c1)N(CCCC(CCCCCCCCCC)CCCCCCCCCC)C(=O)/C2=C1/C(=O)N(CCCCCCCCCCCC)c2c1ccc1c3c(ccc21)/C(=C1\C(=O)N(CCCC(CCCCCCCCCC)CCCCCCCCCC)c2cc(*)ccc21)C(=O)N3CCCCCCCCCCCC,DIID-TVT-2,*c1ccc2c(c1)N(CC(CCCCCCCCCC)CCCCCCCCCCCC)C(=O)/C2=C1/C(=O)N(CCCCCCCCCCCC)c2c1ccc1c3c(ccc21)/C(=C1\C(=O)N(CC(CCCCCCCCCC)CCCCCCCCCCCC)c2cc(-c4ccc(/C=C/c5ccc(*)s5)s4)ccc21)C(=O)N3CCCCCCCCCCCC,1,0.0,1,0.018,0.75,-3.71,-5.38,*c1ccc(/C=C/c2ccc(*)s2)s1,*c1ccc2c(c1)N(CC(CCCCCCCCCC)CCCCCCCCCCCC)C(=O)/C2=C1/C(=O)N(CCCCCCCCCCCC)c2c1ccc1c3c(ccc21)/C(=C1\C(=O)N(CC(CCCCCCCCCC)CCCCCCCCCCCC)c2cc(*)ccc21)C(=O)N3CCCCCCCCCCCC
10.1021/acs.macromol.6b00144,P2DFPE-1,*c1ccc(/C=C/c2ccc(-c3ccc(C4=C5C(=O)N(CC(CCCCCCCCCC)CCCCCCCCCCCC)C(c6ccc(*)s6)=C5C(=O)N4CC(CCCCCCCCCC)CCCCCCCCCCCC)s3)cc2F)c(F)c1,1,0.0,1,0.0,1.36,-3.6,-5.42,*c1ccc(/C=C/c2ccc(*)cc2F)c(F)c1,*c1ccc(C2=C3C(=O)N(CC(CCCCCCCCCC)CCCCCCCCCCCC)C(c4ccc(*)s4)=C3C(=O)N2CC(CCCCCCCCCC)CCCCCCCCCCCC)s1,P2DFPE-2,*c1ccc(/C=C/c2ccc(-c3ccc(C4=C5C(=O)N(CCCC(CCCCCCCCCC)CCCCCCCCCC)C(c6ccc(*)s6)=C5C(=O)N4CCCC(CCCCCCCCCC)CCCCCCCCCC)s3)cc2F)c(F)c1,1,0.0,1,0.0,1.48,-3.59,-5.4,*c1ccc(/C=C/c2ccc(*)cc2F)c(F)c1,*c1ccc(C2=C3C(=O)N(CCCC(CCCCCCCCCC)CCCCCCCCCC)C(c4ccc(*)s4)=C3C(=O)N2CCCC(CCCCCCCCCC)CCCCCCCCCC)s1
10.1021/acs.macromol.6b00144,P2DFPE-1,*c1ccc(/C=C/c2ccc(-c3ccc(C4=C5C(=O)N(CC(CCCCCCCCCC)CCCCCCCCCCCC)C(c6ccc(*)s6)=C5C(=O)N4CC(CCCCCCCCCC)CCCCCCCCCCCC)s3)cc2F)c(F)c1,1,0.0,1,0.0,1.36,-3.6,-5.42,*c1ccc(/C=C/c2ccc(*)cc2F)c(F)c1,*c1ccc(C2=C3C(=O)N(CC(CCCCCCCCCC)CCCCCCCCCCCC)C(c4ccc(*)s4)=C3C(=O)N2CC(CCCCCCCCCC)CCCCCCCCCCCC)s1,P2DFPE-3,*c1ccc(/C=C/c2ccc(-c3ccc(C4=C5C(=O)N(CCCCC(CCCCCCCCCC)CCCCCCCCCC)C(c6ccc(*)s6)=C5C(=O)N4CCCCC(CCCCCCCCCC)CCCCCCCCCC)s3)cc2F)c(F)c1,1,0.0,1,0.0,1.41,-3.59,-5.38,*c1ccc(/C=C/c2ccc(*)cc2F)c(F)c1,*c1ccc(C2=C3C(=O)N(CCCCC(CCCCCCCCCC)CCCCCCCCCC)C(c4ccc(*)s4)=C3C(=O)N2CCCCC(CCCCCCCCCC)CCCCCCCCCC)s1
10.1021/acs.macromol.6b00144,P2DFPE-1,*c1ccc(/C=C/c2ccc(-c3ccc(C4=C5C(=O)N(CC(CCCCCCCCCC)CCCCCCCCCCCC)C(c6ccc(*)s6)=C5C(=O)N4CC(CCCCCCCCCC)CCCCCCCCCCCC)s3)cc2F)c(F)c1,1,0.0,1,0.0,1.36,-3.6,-5.42,*c1ccc(/C=C/c2ccc(*)cc2F)c(F)c1,*c1ccc(C2=C3C(=O)N(CC(CCCCCCCCCC)CCCCCCCCCCCC)C(c4ccc(*)s4)=C3C(=O)N2CC(CCCCCCCCCC)CCCCCCCCCCCC)s1,P3DFPE-1,*c1ccc(C2=C3C(=O)N(CC(CCCCCCCCCC)CCCCCCCCCCCC)C(c4ccc(-c5ccc(/C=C/c6ccc(*)c(F)c6)cc5F)s4)=C3C(=O)N2CC(CCCCCCCCCC)CCCCCCCCCCCC)s1,1,0.0,1,0.0,0.23,-3.6,-5.34,*c1ccc(/C=C/c2ccc(*)c(F)c2)cc1F,*c1ccc(C2=C3C(=O)N(CC(CCCCCCCCCC)CCCCCCCCCCCC)C(c4ccc(*)s4)=C3C(=O)N2CC(CCCCCCCCCC)CCCCCCCCCCCC)s1
10.1021/acs.macromol.6b00144,P2DFPE-1,*c1ccc(/C=C/c2ccc(-c3ccc(C4=C5C(=O)N(CC(CCCCCCCCCC)CCCCCCCCCCCC)C(c6ccc(*)s6)=C5C(=O)N4CC(CCCCCCCCCC)CCCCCCCCCCCC)s3)cc2F)c(F)c1,1,0.0,1,0.0,1.36,-3.6,-5.42,*c1ccc(/C=C/c2ccc(*)cc2F)c(F)c1,*c1ccc(C2=C3C(=O)N(CC(CCCCCCCCCC)CCCCCCCCCCCC)C(c4ccc(*)s4)=C3C(=O)N2CC(CCCCCCCCCC)CCCCCCCCCCCC)s1,P3DFPE-2,*c1ccc(C2=C3C(=O)N(CCCC(CCCCCCCCCC)CCCCCCCCCC)C(c4ccc(-c5ccc(/C=C/c6ccc(*)c(F)c6)cc5F)s4)=C3C(=O)N2CCCC(CCCCCCCCCC)CCCCCCCCCC)s1,1,0.0,1,0.0,0.35,-3.6,-5.32,*c1ccc(/C=C/c2ccc(*)c(F)c2)cc1F,*c1ccc(C2=C3C(=O)N(CCCC(CCCCCCCCCC)CCCCCCCCCC)C(c4ccc(*)s4)=C3C(=O)N2CCCC(CCCCCCCCCC)CCCCCCCCCC)s1
10.1021/acs.macromol.6b00144,P2DFPE-1,*c1ccc(/C=C/c2ccc(-c3ccc(C4=C5C(=O)N(CC(CCCCCCCCCC)CCCCCCCCCCCC)C(c6ccc(*)s6)=C5C(=O)N4CC(CCCCCCCCCC)CCCCCCCCCCCC)s3)cc2F)c(F)c1,1,0.0,1,0.0,1.36,-3.6,-5.42,*c1ccc(/C=C/c2ccc(*)cc2F)c(F)c1,*c1ccc(C2=C3C(=O)N(CC(CCCCCCCCCC)CCCCCCCCCCCC)C(c4ccc(*)s4)=C3C(=O)N2CC(CCCCCCCCCC)CCCCCCCCCCCC)s1,P3DFPE-3,*c1ccc(C2=C3C(=O)N(CCCCC(CCCCCCCCCC)CCCCCCCCCC)C(c4ccc(-c5ccc(/C=C/c6ccc(*)c(F)c6)cc5F)s4)=C3C(=O)N2CCCCC(CCCCCCCCCC)CCCCCCCCCC)s1,1,0.0,1,0.0,0.34,-3.58,-5.32,*c1ccc(/C=C/c2ccc(*)c(F)c2)cc1F,*c1ccc(C2=C3C(=O)N(CCCCC(CCCCCCCCCC)CCCCCCCCCC)C(c4ccc(*)s4)=C3C(=O)N2CCCCC(CCCCCCCCCC)CCCCCCCCCC)s1
10.1021/acs.macromol.6b00144,P2DFPE-2,*c1ccc(/C=C/c2ccc(-c3ccc(C4=C5C(=O)N(CCCC(CCCCCCCCCC)CCCCCCCCCC)C(c6ccc(*)s6)=C5C(=O)N4CCCC(CCCCCCCCCC)CCCCCCCCCC)s3)cc2F)c(F)c1,1,0.0,1,0.0,1.48,-3.59,-5.4,*c1ccc(/C=C/c2ccc(*)cc2F)c(F)c1,*c1ccc(C2=C3C(=O)N(CCCC(CCCCCCCCCC)CCCCCCCCCC)C(c4ccc(*)s4)=C3C(=O)N2CCCC(CCCCCCCCCC)CCCCCCCCCC)s1,P2DFPE-3,*c1ccc(/C=C/c2ccc(-c3ccc(C4=C5C(=O)N(CCCCC(CCCCCCCCCC)CCCCCCCCCC)C(c6ccc(*)s6)=C5C(=O)N4CCCCC(CCCCCCCCCC)CCCCCCCCCC)s3)cc2F)c(F)c1,1,0.0,1,0.0,1.41,-3.59,-5.38,*c1ccc(/C=C/c2ccc(*)cc2F)c(F)c1,*c1ccc(C2=C3C(=O)N(CCCCC(CCCCCCCCCC)CCCCCCCCCC)C(c4ccc(*)s4)=C3C(=O)N2CCCCC(CCCCCCCCCC)CCCCCCCCCC)s1
10.1021/acs.macromol.6b00144,P2DFPE-2,*c1ccc(/C=C/c2ccc(-c3ccc(C4=C5C(=O)N(CCCC(CCCCCCCCCC)CCCCCCCCCC)C(c6ccc(*)s6)=C5C(=O)N4CCCC(CCCCCCCCCC)CCCCCCCCCC)s3)cc2F)c(F)c1,1,0.0,1,0.0,1.48,-3.59,-5.4,*c1ccc(/C=C/c2ccc(*)cc2F)c(F)c1,*c1ccc(C2=C3C(=O)N(CCCC(CCCCCCCCCC)CCCCCCCCCC)C(c4ccc(*)s4)=C3C(=O)N2CCCC(CCCCCCCCCC)CCCCCCCCCC)s1,P3DFPE-1,*c1ccc(C2=C3C(=O)N(CC(CCCCCCCCCC)CCCCCCCCCCCC)C(c4ccc(-c5ccc(/C=C/c6ccc(*)c(F)c6)cc5F)s4)=C3C(=O)N2CC(CCCCCCCCCC)CCCCCCCCCCCC)s1,1,0.0,1,0.0,0.23,-3.6,-5.34,*c1ccc(/C=C/c2ccc(*)c(F)c2)cc1F,*c1ccc(C2=C3C(=O)N(CC(CCCCCCCCCC)CCCCCCCCCCCC)C(c4ccc(*)s4)=C3C(=O)N2CC(CCCCCCCCCC)CCCCCCCCCCCC)s1
10.1021/acs.macromol.6b00144,P2DFPE-2,*c1ccc(/C=C/c2ccc(-c3ccc(C4=C5C(=O)N(CCCC(CCCCCCCCCC)CCCCCCCCCC)C(c6ccc(*)s6)=C5C(=O)N4CCCC(CCCCCCCCCC)CCCCCCCCCC)s3)cc2F)c(F)c1,1,0.0,1,0.0,1.48,-3.59,-5.4,*c1ccc(/C=C/c2ccc(*)cc2F)c(F)c1,*c1ccc(C2=C3C(=O)N(CCCC(CCCCCCCCCC)CCCCCCCCCC)C(c4ccc(*)s4)=C3C(=O)N2CCCC(CCCCCCCCCC)CCCCCCCCCC)s1,P3DFPE-2,*c1ccc(C2=C3C(=O)N(CCCC(CCCCCCCCCC)CCCCCCCCCC)C(c4ccc(-c5ccc(/C=C/c6ccc(*)c(F)c6)cc5F)s4)=C3C(=O)N2CCCC(CCCCCCCCCC)CCCCCCCCCC)s1,1,0.0,1,0.0,0.35,-3.6,-5.32,*c1ccc(/C=C/c2ccc(*)c(F)c2)cc1F,*c1ccc(C2=C3C(=O)N(CCCC(CCCCCCCCCC)CCCCCCCCCC)C(c4ccc(*)s4)=C3C(=O)N2CCCC(CCCCCCCCCC)CCCCCCCCCC)s1
10.1021/acs.macromol.6b00144,P2DFPE-2,*c1ccc(/C=C/c2ccc(-c3ccc(C4=C5C(=O)N(CCCC(CCCCCCCCCC)CCCCCCCCCC)C(c6ccc(*)s6)=C5C(=O)N4CCCC(CCCCCCCCCC)CCCCCCCCCC)s3)cc2F)c(F)c1,1,0.0,1,0.0,1.48,-3.59,-5.4,*c1ccc(/C=C/c2ccc(*)cc2F)c(F)c1,*c1ccc(C2=C3C(=O)N(CCCC(CCCCCCCCCC)CCCCCCCCCC)C(c4ccc(*)s4)=C3C(=O)N2CCCC(CCCCCCCCCC)CCCCCCCCCC)s1,P3DFPE-3,*c1ccc(C2=C3C(=O)N(CCCCC(CCCCCCCCCC)CCCCCCCCCC)C(c4ccc(-c5ccc(/C=C/c6ccc(*)c(F)c6)cc5F)s4)=C3C(=O)N2CCCCC(CCCCCCCCCC)CCCCCCCCCC)s1,1,0.0,1,0.0,0.34,-3.58,-5.32,*c1ccc(/C=C/c2ccc(*)c(F)c2)cc1F,*c1ccc(C2=C3C(=O)N(CCCCC(CCCCCCCCCC)CCCCCCCCCC)C(c4ccc(*)s4)=C3C(=O)N2CCCCC(CCCCCCCCCC)CCCCCCCCCC)s1
10.1021/acs.macromol.6b00144,P2DFPE-3,*c1ccc(/C=C/c2ccc(-c3ccc(C4=C5C(=O)N(CCCCC(CCCCCCCCCC)CCCCCCCCCC)C(c6ccc(*)s6)=C5C(=O)N4CCCCC(CCCCCCCCCC)CCCCCCCCCC)s3)cc2F)c(F)c1,1,0.0,1,0.0,1.41,-3.59,-5.38,*c1ccc(/C=C/c2ccc(*)cc2F)c(F)c1,*c1ccc(C2=C3C(=O)N(CCCCC(CCCCCCCCCC)CCCCCCCCCC)C(c4ccc(*)s4)=C3C(=O)N2CCCCC(CCCCCCCCCC)CCCCCCCCCC)s1,P3DFPE-1,*c1ccc(C2=C3C(=O)N(CC(CCCCCCCCCC)CCCCCCCCCCCC)C(c4ccc(-c5ccc(/C=C/c6ccc(*)c(F)c6)cc5F)s4)=C3C(=O)N2CC(CCCCCCCCCC)CCCCCCCCCCCC)s1,1,0.0,1,0.0,0.23,-3.6,-5.34,*c1ccc(/C=C/c2ccc(*)c(F)c2)cc1F,*c1ccc(C2=C3C(=O)N(CC(CCCCCCCCCC)CCCCCCCCCCCC)C(c4ccc(*)s4)=C3C(=O)N2CC(CCCCCCCCCC)CCCCCCCCCCCC)s1
10.1021/acs.macromol.6b00144,P2DFPE-3,*c1ccc(/C=C/c2ccc(-c3ccc(C4=C5C(=O)N(CCCCC(CCCCCCCCCC)CCCCCCCCCC)C(c6ccc(*)s6)=C5C(=O)N4CCCCC(CCCCCCCCCC)CCCCCCCCCC)s3)cc2F)c(F)c1,1,0.0,1,0.0,1.41,-3.59,-5.38,*c1ccc(/C=C/c2ccc(*)cc2F)c(F)c1,*c1ccc(C2=C3C(=O)N(CCCCC(CCCCCCCCCC)CCCCCCCCCC)C(c4ccc(*)s4)=C3C(=O)N2CCCCC(CCCCCCCCCC)CCCCCCCCCC)s1,P3DFPE-2,*c1ccc(C2=C3C(=O)N(CCCC(CCCCCCCCCC)CCCCCCCCCC)C(c4ccc(-c5ccc(/C=C/c6ccc(*)c(F)c6)cc5F)s4)=C3C(=O)N2CCCC(CCCCCCCCCC)CCCCCCCCCC)s1,1,0.0,1,0.0,0.35,-3.6,-5.32,*c1ccc(/C=C/c2ccc(*)c(F)c2)cc1F,*c1ccc(C2=C3C(=O)N(CCCC(CCCCCCCCCC)CCCCCCCCCC)C(c4ccc(*)s4)=C3C(=O)N2CCCC(CCCCCCCCCC)CCCCCCCCCC)s1
10.1021/acs.macromol.6b00144,P2DFPE-3,*c1ccc(/C=C/c2ccc(-c3ccc(C4=C5C(=O)N(CCCCC(CCCCCCCCCC)CCCCCCCCCC)C(c6ccc(*)s6)=C5C(=O)N4CCCCC(CCCCCCCCCC)CCCCCCCCCC)s3)cc2F)c(F)c1,1,0.0,1,0.0,1.41,-3.59,-5.38,*c1ccc(/C=C/c2ccc(*)cc2F)c(F)c1,*c1ccc(C2=C3C(=O)N(CCCCC(CCCCCCCCCC)CCCCCCCCCC)C(c4ccc(*)s4)=C3C(=O)N2CCCCC(CCCCCCCCCC)CCCCCCCCCC)s1,P3DFPE-3,*c1ccc(C2=C3C(=O)N(CCCCC(CCCCCCCCCC)CCCCCCCCCC)C(c4ccc(-c5ccc(/C=C/c6ccc(*)c(F)c6)cc5F)s4)=C3C(=O)N2CCCCC(CCCCCCCCCC)CCCCCCCCCC)s1,1,0.0,1,0.0,0.34,-3.58,-5.32,*c1ccc(/C=C/c2ccc(*)c(F)c2)cc1F,*c1ccc(C2=C3C(=O)N(CCCCC(CCCCCCCCCC)CCCCCCCCCC)C(c4ccc(*)s4)=C3C(=O)N2CCCCC(CCCCCCCCCC)CCCCCCCCCC)s1
10.1021/acs.macromol.6b00144,P3DFPE-1,*c1ccc(C2=C3C(=O)N(CC(CCCCCCCCCC)CCCCCCCCCCCC)C(c4ccc(-c5ccc(/C=C/c6ccc(*)c(F)c6)cc5F)s4)=C3C(=O)N2CC(CCCCCCCCCC)CCCCCCCCCCCC)s1,1,0.0,1,0.0,0.23,-3.6,-5.34,*c1ccc(/C=C/c2ccc(*)c(F)c2)cc1F,*c1ccc(C2=C3C(=O)N(CC(CCCCCCCCCC)CCCCCCCCCCCC)C(c4ccc(*)s4)=C3C(=O)N2CC(CCCCCCCCCC)CCCCCCCCCCCC)s1,P3DFPE-2,*c1ccc(C2=C3C(=O)N(CCCC(CCCCCCCCCC)CCCCCCCCCC)C(c4ccc(-c5ccc(/C=C/c6ccc(*)c(F)c6)cc5F)s4)=C3C(=O)N2CCCC(CCCCCCCCCC)CCCCCCCCCC)s1,1,0.0,1,0.0,0.35,-3.6,-5.32,*c1ccc(/C=C/c2ccc(*)c(F)c2)cc1F,*c1ccc(C2=C3C(=O)N(CCCC(CCCCCCCCCC)CCCCCCCCCC)C(c4ccc(*)s4)=C3C(=O)N2CCCC(CCCCCCCCCC)CCCCCCCCCC)s1
10.1021/acs.macromol.6b00144,P3DFPE-1,*c1ccc(C2=C3C(=O)N(CC(CCCCCCCCCC)CCCCCCCCCCCC)C(c4ccc(-c5ccc(/C=C/c6ccc(*)c(F)c6)cc5F)s4)=C3C(=O)N2CC(CCCCCCCCCC)CCCCCCCCCCCC)s1,1,0.0,1,0.0,0.23,-3.6,-5.34,*c1ccc(/C=C/c2ccc(*)c(F)c2)cc1F,*c1ccc(C2=C3C(=O)N(CC(CCCCCCCCCC)CCCCCCCCCCCC)C(c4ccc(*)s4)=C3C(=O)N2CC(CCCCCCCCCC)CCCCCCCCCCCC)s1,P3DFPE-3,*c1ccc(C2=C3C(=O)N(CCCCC(CCCCCCCCCC)CCCCCCCCCC)C(c4ccc(-c5ccc(/C=C/c6ccc(*)c(F)c6)cc5F)s4)=C3C(=O)N2CCCCC(CCCCCCCCCC)CCCCCCCCCC)s1,1,0.0,1,0.0,0.34,-3.58,-5.32,*c1ccc(/C=C/c2ccc(*)c(F)c2)cc1F,*c1ccc(C2=C3C(=O)N(CCCCC(CCCCCCCCCC)CCCCCCCCCC)C(c4ccc(*)s4)=C3C(=O)N2CCCCC(CCCCCCCCCC)CCCCCCCCCC)s1
10.1021/acs.macromol.6b00144,P3DFPE-2,*c1ccc(C2=C3C(=O)N(CCCC(CCCCCCCCCC)CCCCCCCCCC)C(c4ccc(-c5ccc(/C=C/c6ccc(*)c(F)c6)cc5F)s4)=C3C(=O)N2CCCC(CCCCCCCCCC)CCCCCCCCCC)s1,1,0.0,1,0.0,0.35,-3.6,-5.32,*c1ccc(/C=C/c2ccc(*)c(F)c2)cc1F,*c1ccc(C2=C3C(=O)N(CCCC(CCCCCCCCCC)CCCCCCCCCC)C(c4ccc(*)s4)=C3C(=O)N2CCCC(CCCCCCCCCC)CCCCCCCCCC)s1,P3DFPE-3,*c1ccc(C2=C3C(=O)N(CCCCC(CCCCCCCCCC)CCCCCCCCCC)C(c4ccc(-c5ccc(/C=C/c6ccc(*)c(F)c6)cc5F)s4)=C3C(=O)N2CCCCC(CCCCCCCCCC)CCCCCCCCCC)s1,1,0.0,1,0.0,0.34,-3.58,-5.32,*c1ccc(/C=C/c2ccc(*)c(F)c2)cc1F,*c1ccc(C2=C3C(=O)N(CCCCC(CCCCCCCCCC)CCCCCCCCCC)C(c4ccc(*)s4)=C3C(=O)N2CCCCC(CCCCCCCCCC)CCCCCCCCCC)s1
10.1021/acs.macromol.6b01423,PNDIV-TT,*/C=C/c1cc2c3c(c(/C=C/c4cc5sc(*)cc5s4)cc4c3c1C(=O)N(CC(CCCCCCCC)CCCCCCCCCC)C4=O)C(=O)N(CC(CCCCCCCC)CCCCCCCCCC)C2=O,1,0.0,1,0.009,0.0001,-4.05,-5.58,*c1cc2sc(*)cc2s1,*/C=C/c1cc2c3c(c(/C=C/*)cc4c3c1C(=O)N(CC(CCCCCCCC)CCCCCCCCCC)C4=O)C(=O)N(CC(CCCCCCCC)CCCCCCCCCC)C2=O,PNDIV-BT,*/C=C/c1cc2c3c(c(/C=C/c4ccc(-c5ccc(*)s5)s4)cc4c3c1C(=O)N(CC(CCCCCCCC)CCCCCCCCCC)C4=O)C(=O)N(CC(CCCCCCCC)CCCCCCCCCC)C2=O,1,0.0,1,0.06,0.009,-4.05,-5.55,*c1ccc(-c2ccc(*)s2)s1,*/C=C/c1cc2c3c(c(/C=C/*)cc4c3c1C(=O)N(CC(CCCCCCCC)CCCCCCCCCC)C4=O)C(=O)N(CC(CCCCCCCC)CCCCCCCCCC)C2=O
10.1021/acs.macromol.6b01423,PNDIV-TT,*/C=C/c1cc2c3c(c(/C=C/c4cc5sc(*)cc5s4)cc4c3c1C(=O)N(CC(CCCCCCCC)CCCCCCCCCC)C4=O)C(=O)N(CC(CCCCCCCC)CCCCCCCCCC)C2=O,1,0.0,1,0.009,0.0001,-4.05,-5.58,*c1cc2sc(*)cc2s1,*/C=C/c1cc2c3c(c(/C=C/*)cc4c3c1C(=O)N(CC(CCCCCCCC)CCCCCCCCCC)C4=O)C(=O)N(CC(CCCCCCCC)CCCCCCCCCC)C2=O,PNDIV-BS,*/C=C/c1cc2c3c(c(/C=C/c4ccc(-c5ccc(*)[se]5)[se]4)cc4c3c1C(=O)N(CC(CCCCCCCC)CCCCCCCCCC)C4=O)C(=O)N(CC(CCCCCCCC)CCCCCCCCCC)C2=O,1,0.0,1,0.02,0.0008,-4.04,-5.5,*c1ccc(-c2ccc(*)[se]2)[se]1,*/C=C/c1cc2c3c(c(/C=C/*)cc4c3c1C(=O)N(CC(CCCCCCCC)CCCCCCCCCC)C4=O)C(=O)N(CC(CCCCCCCC)CCCCCCCCCC)C2=O
10.1021/acs.macromol.6b01423,PNDIV-TT,*/C=C/c1cc2c3c(c(/C=C/c4cc5sc(*)cc5s4)cc4c3c1C(=O)N(CC(CCCCCCCC)CCCCCCCCCC)C4=O)C(=O)N(CC(CCCCCCCC)CCCCCCCCCC)C2=O,1,0.0,1,0.009,0.0001,-4.05,-5.58,*c1cc2sc(*)cc2s1,*/C=C/c1cc2c3c(c(/C=C/*)cc4c3c1C(=O)N(CC(CCCCCCCC)CCCCCCCCCC)C4=O)C(=O)N(CC(CCCCCCCC)CCCCCCCCCC)C2=O,PNDIV-TVT,*/C=C/c1cc2c3c(c(/C=C/c4ccc(/C=C/c5ccc(*)s5)s4)cc4c3c1C(=O)N(CC(CCCCCCCC)CCCCCCCCCC)C4=O)C(=O)N(CC(CCCCCCCC)CCCCCCCCCC)C2=O,1,0.0,1,0.04,0.01,-3.98,-5.46,*c1ccc(/C=C/c2ccc(*)s2)s1,*/C=C/c1cc2c3c(c(/C=C/*)cc4c3c1C(=O)N(CC(CCCCCCCC)CCCCCCCCCC)C4=O)C(=O)N(CC(CCCCCCCC)CCCCCCCCCC)C2=O
10.1021/acs.macromol.6b01423,PNDIV-TT,*/C=C/c1cc2c3c(c(/C=C/c4cc5sc(*)cc5s4)cc4c3c1C(=O)N(CC(CCCCCCCC)CCCCCCCCCC)C4=O)C(=O)N(CC(CCCCCCCC)CCCCCCCCCC)C2=O,1,0.0,1,0.009,0.0001,-4.05,-5.58,*c1cc2sc(*)cc2s1,*/C=C/c1cc2c3c(c(/C=C/*)cc4c3c1C(=O)N(CC(CCCCCCCC)CCCCCCCCCC)C4=O)C(=O)N(CC(CCCCCCCC)CCCCCCCCCC)C2=O,PNDIV-DTT,*/C=C/c1cc2c3c(c(/C=C/c4cc5sc6cc(*)sc6c5s4)cc4c3c1C(=O)N(CC(CCCCCCCC)CCCCCCCCCC)C4=O)C(=O)N(CC(CCCCCCCC)CCCCCCCCCC)C2=O,1,0.0,0,0.01,0.002,-4.01,-5.46,*c1cc2sc3cc(*)sc3c2s1,*/C=C/c1cc2c3c(c(/C=C/*)cc4c3c1C(=O)N(CC(CCCCCCCC)CCCCCCCCCC)C4=O)C(=O)N(CC(CCCCCCCC)CCCCCCCCCC)C2=O
10.1021/acs.macromol.6b01423,PNDIV-BT,*/C=C/c1cc2c3c(c(/C=C/c4ccc(-c5ccc(*)s5)s4)cc4c3c1C(=O)N(CC(CCCCCCCC)CCCCCCCCCC)C4=O)C(=O)N(CC(CCCCCCCC)CCCCCCCCCC)C2=O,1,0.0,1,0.06,0.009,-4.05,-5.55,*c1ccc(-c2ccc(*)s2)s1,*/C=C/c1cc2c3c(c(/C=C/*)cc4c3c1C(=O)N(CC(CCCCCCCC)CCCCCCCCCC)C4=O)C(=O)N(CC(CCCCCCCC)CCCCCCCCCC)C2=O,PNDIV-BS,*/C=C/c1cc2c3c(c(/C=C/c4ccc(-c5ccc(*)[se]5)[se]4)cc4c3c1C(=O)N(CC(CCCCCCCC)CCCCCCCCCC)C4=O)C(=O)N(CC(CCCCCCCC)CCCCCCCCCC)C2=O,1,0.0,1,0.02,0.0008,-4.04,-5.5,*c1ccc(-c2ccc(*)[se]2)[se]1,*/C=C/c1cc2c3c(c(/C=C/*)cc4c3c1C(=O)N(CC(CCCCCCCC)CCCCCCCCCC)C4=O)C(=O)N(CC(CCCCCCCC)CCCCCCCCCC)C2=O
10.1021/acs.macromol.6b01423,PNDIV-BT,*/C=C/c1cc2c3c(c(/C=C/c4ccc(-c5ccc(*)s5)s4)cc4c3c1C(=O)N(CC(CCCCCCCC)CCCCCCCCCC)C4=O)C(=O)N(CC(CCCCCCCC)CCCCCCCCCC)C2=O,1,0.0,1,0.06,0.009,-4.05,-5.55,*c1ccc(-c2ccc(*)s2)s1,*/C=C/c1cc2c3c(c(/C=C/*)cc4c3c1C(=O)N(CC(CCCCCCCC)CCCCCCCCCC)C4=O)C(=O)N(CC(CCCCCCCC)CCCCCCCCCC)C2=O,PNDIV-TVT,*/C=C/c1cc2c3c(c(/C=C/c4ccc(/C=C/c5ccc(*)s5)s4)cc4c3c1C(=O)N(CC(CCCCCCCC)CCCCCCCCCC)C4=O)C(=O)N(CC(CCCCCCCC)CCCCCCCCCC)C2=O,1,0.0,1,0.04,0.01,-3.98,-5.46,*c1ccc(/C=C/c2ccc(*)s2)s1,*/C=C/c1cc2c3c(c(/C=C/*)cc4c3c1C(=O)N(CC(CCCCCCCC)CCCCCCCCCC)C4=O)C(=O)N(CC(CCCCCCCC)CCCCCCCCCC)C2=O
10.1021/acs.macromol.6b01423,PNDIV-BT,*/C=C/c1cc2c3c(c(/C=C/c4ccc(-c5ccc(*)s5)s4)cc4c3c1C(=O)N(CC(CCCCCCCC)CCCCCCCCCC)C4=O)C(=O)N(CC(CCCCCCCC)CCCCCCCCCC)C2=O,1,0.0,1,0.06,0.009,-4.05,-5.55,*c1ccc(-c2ccc(*)s2)s1,*/C=C/c1cc2c3c(c(/C=C/*)cc4c3c1C(=O)N(CC(CCCCCCCC)CCCCCCCCCC)C4=O)C(=O)N(CC(CCCCCCCC)CCCCCCCCCC)C2=O,PNDIV-DTT,*/C=C/c1cc2c3c(c(/C=C/c4cc5sc6cc(*)sc6c5s4)cc4c3c1C(=O)N(CC(CCCCCCCC)CCCCCCCCCC)C4=O)C(=O)N(CC(CCCCCCCC)CCCCCCCCCC)C2=O,1,0.0,0,0.01,0.002,-4.01,-5.46,*c1cc2sc3cc(*)sc3c2s1,*/C=C/c1cc2c3c(c(/C=C/*)cc4c3c1C(=O)N(CC(CCCCCCCC)CCCCCCCCCC)C4=O)C(=O)N(CC(CCCCCCCC)CCCCCCCCCC)C2=O
10.1021/acs.macromol.6b01423,PNDIV-BS,*/C=C/c1cc2c3c(c(/C=C/c4ccc(-c5ccc(*)[se]5)[se]4)cc4c3c1C(=O)N(CC(CCCCCCCC)CCCCCCCCCC)C4=O)C(=O)N(CC(CCCCCCCC)CCCCCCCCCC)C2=O,1,0.0,1,0.02,0.0008,-4.04,-5.5,*c1ccc(-c2ccc(*)[se]2)[se]1,*/C=C/c1cc2c3c(c(/C=C/*)cc4c3c1C(=O)N(CC(CCCCCCCC)CCCCCCCCCC)C4=O)C(=O)N(CC(CCCCCCCC)CCCCCCCCCC)C2=O,PNDIV-TVT,*/C=C/c1cc2c3c(c(/C=C/c4ccc(/C=C/c5ccc(*)s5)s4)cc4c3c1C(=O)N(CC(CCCCCCCC)CCCCCCCCCC)C4=O)C(=O)N(CC(CCCCCCCC)CCCCCCCCCC)C2=O,1,0.0,1,0.04,0.01,-3.98,-5.46,*c1ccc(/C=C/c2ccc(*)s2)s1,*/C=C/c1cc2c3c(c(/C=C/*)cc4c3c1C(=O)N(CC(CCCCCCCC)CCCCCCCCCC)C4=O)C(=O)N(CC(CCCCCCCC)CCCCCCCCCC)C2=O
10.1021/acs.macromol.6b01423,PNDIV-BS,*/C=C/c1cc2c3c(c(/C=C/c4ccc(-c5ccc(*)[se]5)[se]4)cc4c3c1C(=O)N(CC(CCCCCCCC)CCCCCCCCCC)C4=O)C(=O)N(CC(CCCCCCCC)CCCCCCCCCC)C2=O,1,0.0,1,0.02,0.0008,-4.04,-5.5,*c1ccc(-c2ccc(*)[se]2)[se]1,*/C=C/c1cc2c3c(c(/C=C/*)cc4c3c1C(=O)N(CC(CCCCCCCC)CCCCCCCCCC)C4=O)C(=O)N(CC(CCCCCCCC)CCCCCCCCCC)C2=O,PNDIV-DTT,*/C=C/c1cc2c3c(c(/C=C/c4cc5sc6cc(*)sc6c5s4)cc4c3c1C(=O)N(CC(CCCCCCCC)CCCCCCCCCC)C4=O)C(=O)N(CC(CCCCCCCC)CCCCCCCCCC)C2=O,1,0.0,0,0.01,0.002,-4.01,-5.46,*c1cc2sc3cc(*)sc3c2s1,*/C=C/c1cc2c3c(c(/C=C/*)cc4c3c1C(=O)N(CC(CCCCCCCC)CCCCCCCCCC)C4=O)C(=O)N(CC(CCCCCCCC)CCCCCCCCCC)C2=O
10.1021/acs.macromol.6b01423,PNDIV-TVT,*/C=C/c1cc2c3c(c(/C=C/c4ccc(/C=C/c5ccc(*)s5)s4)cc4c3c1C(=O)N(CC(CCCCCCCC)CCCCCCCCCC)C4=O)C(=O)N(CC(CCCCCCCC)CCCCCCCCCC)C2=O,1,0.0,1,0.04,0.01,-3.98,-5.46,*c1ccc(/C=C/c2ccc(*)s2)s1,*/C=C/c1cc2c3c(c(/C=C/*)cc4c3c1C(=O)N(CC(CCCCCCCC)CCCCCCCCCC)C4=O)C(=O)N(CC(CCCCCCCC)CCCCCCCCCC)C2=O,PNDIV-DTT,*/C=C/c1cc2c3c(c(/C=C/c4cc5sc6cc(*)sc6c5s4)cc4c3c1C(=O)N(CC(CCCCCCCC)CCCCCCCCCC)C4=O)C(=O)N(CC(CCCCCCCC)CCCCCCCCCC)C2=O,1,0.0,0,0.01,0.002,-4.01,-5.46,*c1cc2sc3cc(*)sc3c2s1,*/C=C/c1cc2c3c(c(/C=C/*)cc4c3c1C(=O)N(CC(CCCCCCCC)CCCCCCCCCC)C4=O)C(=O)N(CC(CCCCCCCC)CCCCCCCCCC)C2=O
10.1021/acs.macromol.6b02447,PI,*c1ccc(C2=C3C(=O)N(CCCC[Si](C)(O[Si](C)(C)C)O[Si](C)(C)C)C(c4ccc(-c5cc(CCCCCC)c(/C=C/c6sc(*)cc6CCCCCC)s5)s4)=C3C(=O)N2CCCC[Si](C)(O[Si](C)(C)C)O[Si](C)(C)C)s1,1,0.0,1,0.0,1.69,-3.5,-5.2,*c1cc(CCCCCC)c(/C=C/c2sc(*)cc2CCCCCC)s1,*c1ccc(C2=C3C(=O)N(CCCC[Si](C)(O[Si](C)(C)C)O[Si](C)(C)C)C(c4ccc(*)s4)=C3C(=O)N2CCCC[Si](C)(O[Si](C)(C)C)O[Si](C)(C)C)s1,PO,*c1ccc(C2=C3C(=O)N(CCCC[Si](C)(O[Si](C)(C)C)O[Si](C)(C)C)C(c4ccc(-c5sc(/C=C/c6cc(CCCCCC)c(*)s6)cc5CCCCCC)s4)=C3C(=O)N2CCCC[Si](C)(O[Si](C)(C)C)O[Si](C)(C)C)s1,1,0.0,1,0.0,0.9,-3.3,-5.1,*c1sc(/C=C/c2cc(CCCCCC)c(*)s2)cc1CCCCCC,*c1ccc(C2=C3C(=O)N(CCCC[Si](C)(O[Si](C)(C)C)O[Si](C)(C)C)C(c4ccc(*)s4)=C3C(=O)N2CCCC[Si](C)(O[Si](C)(C)C)O[Si](C)(C)C)s1
10.1021/acs.macromol.6b02781,PDOBT,*c1ccc(C2=C3C(=O)N(CC(CCCCCCCCCC)CCCCCCCCCCCC)C(c4cc5c(=O)c6cc7c(cc6c5s4)c(=O)c4cc(C5=C6C(=O)N(CC(CCCCCCCCCC)CCCCCCCCCCCC)C(c8ccc(-c9ccc(-c%10ccc(*)s%10)s9)s8)=C6C(=O)N5CC(CCCCCCCCCC)CCCCCCCCCCCC)sc47)=C3C(=O)N2CC(CCCCCCCCCC)CCCCCCCCCCCC)s1,1,0.0,1,0.25,1.09,-3.74,-5.27,*c1ccc(C2=C3C(=O)N(CC(CCCCCCCCCC)CCCCCCCCCCCC)C(c4cc5c(=O)c6cc7c(cc6c5s4)c(=O)c4cc(C5=C6C(=O)N(CC(CCCCCCCCCC)CCCCCCCCCCCC)C(c8ccc(*)s8)=C6C(=O)N5CC(CCCCCCCCCC)CCCCCCCCCCCC)sc47)=C3C(=O)N2CC(CCCCCCCCCC)CCCCCCCCCCCC)s1,*c1ccc(-c2ccc(*)s2)s1,PDOV,*/C=C/c1ccc(C2=C3C(=O)N(CC(CCCCCCCCCC)CCCCCCCCCCCC)C(c4cc5c(=O)c6cc7c(cc6c5s4)c(=O)c4cc(C5=C6C(=O)N(CC(CCCCCCCCCC)CCCCCCCCCCCC)C(c8ccc(*)s8)=C6C(=O)N5CC(CCCCCCCCCC)CCCCCCCCCCCC)sc47)=C3C(=O)N2CC(CCCCCCCCCC)CCCCCCCCCCCC)s1,1,0.0,1,0.053,0.074,-3.91,-5.24,*c1ccc(C2=C3C(=O)N(CC(CCCCCCCCCC)CCCCCCCCCCCC)C(c4cc5c(=O)c6cc7c(cc6c5s4)c(=O)c4cc(C5=C6C(=O)N(CC(CCCCCCCCCC)CCCCCCCCCCCC)C(c8ccc(*)s8)=C6C(=O)N5CC(CCCCCCCCCC)CCCCCCCCCCCC)sc47)=C3C(=O)N2CC(CCCCCCCCCC)CCCCCCCCCCCC)s1,*/C=C/*
10.1021/acs.macromol.6b02781,PDOBT,*c1ccc(C2=C3C(=O)N(CC(CCCCCCCCCC)CCCCCCCCCCCC)C(c4cc5c(=O)c6cc7c(cc6c5s4)c(=O)c4cc(C5=C6C(=O)N(CC(CCCCCCCCCC)CCCCCCCCCCCC)C(c8ccc(-c9ccc(-c%10ccc(*)s%10)s9)s8)=C6C(=O)N5CC(CCCCCCCCCC)CCCCCCCCCCCC)sc47)=C3C(=O)N2CC(CCCCCCCCCC)CCCCCCCCCCCC)s1,1,0.0,1,0.25,1.09,-3.74,-5.27,*c1ccc(C2=C3C(=O)N(CC(CCCCCCCCCC)CCCCCCCCCCCC)C(c4cc5c(=O)c6cc7c(cc6c5s4)c(=O)c4cc(C5=C6C(=O)N(CC(CCCCCCCCCC)CCCCCCCCCCCC)C(c8ccc(*)s8)=C6C(=O)N5CC(CCCCCCCCCC)CCCCCCCCCCCC)sc47)=C3C(=O)N2CC(CCCCCCCCCC)CCCCCCCCCCCC)s1,*c1ccc(-c2ccc(*)s2)s1,PDOT,*c1ccc(C2=C3C(=O)N(CC(CCCCCCCCCC)CCCCCCCCCCCC)C(c4cc5c(=O)c6cc7c(cc6c5s4)c(=O)c4cc(C5=C6C(=O)N(CC(CCCCCCCCCC)CCCCCCCCCCCC)C(c8ccc(-c9ccc(*)s9)s8)=C6C(=O)N5CC(CCCCCCCCCC)CCCCCCCCCCCC)sc47)=C3C(=O)N2CC(CCCCCCCCCC)CCCCCCCCCCCC)s1,1,0.0,0,0.12,0.48,-3.85,-5.29,*c1ccc(C2=C3C(=O)N(CC(CCCCCCCCCC)CCCCCCCCCCCC)C(c4cc5c(=O)c6cc7c(cc6c5s4)c(=O)c4cc(C5=C6C(=O)N(CC(CCCCCCCCCC)CCCCCCCCCCCC)C(c8ccc(*)s8)=C6C(=O)N5CC(CCCCCCCCCC)CCCCCCCCCCCC)sc47)=C3C(=O)N2CC(CCCCCCCCCC)CCCCCCCCCCCC)s1,*c1ccc(*)s1
10.1021/acs.macromol.6b02781,PDOBT,*c1ccc(C2=C3C(=O)N(CC(CCCCCCCCCC)CCCCCCCCCCCC)C(c4cc5c(=O)c6cc7c(cc6c5s4)c(=O)c4cc(C5=C6C(=O)N(CC(CCCCCCCCCC)CCCCCCCCCCCC)C(c8ccc(-c9ccc(-c%10ccc(*)s%10)s9)s8)=C6C(=O)N5CC(CCCCCCCCCC)CCCCCCCCCCCC)sc47)=C3C(=O)N2CC(CCCCCCCCCC)CCCCCCCCCCCC)s1,1,0.0,1,0.25,1.09,-3.74,-5.27,*c1ccc(C2=C3C(=O)N(CC(CCCCCCCCCC)CCCCCCCCCCCC)C(c4cc5c(=O)c6cc7c(cc6c5s4)c(=O)c4cc(C5=C6C(=O)N(CC(CCCCCCCCCC)CCCCCCCCCCCC)C(c8ccc(*)s8)=C6C(=O)N5CC(CCCCCCCCCC)CCCCCCCCCCCC)sc47)=C3C(=O)N2CC(CCCCCCCCCC)CCCCCCCCCCCC)s1,*c1ccc(-c2ccc(*)s2)s1,PDOTVT,*c1ccc(/C=C/c2ccc(-c3ccc(C4=C5C(=O)N(CC(CCCCCCCCCC)CCCCCCCCCCCC)C(c6cc7c(=O)c8cc9c(cc8c7s6)c(=O)c6cc(C7=C8C(=O)N(CC(CCCCCCCCCC)CCCCCCCCCCCC)C(c%10ccc(*)s%10)=C8C(=O)N7CC(CCCCCCCCCC)CCCCCCCCCCCC)sc69)=C5C(=O)N4CC(CCCCCCCCCC)CCCCCCCCCCCC)s3)s2)s1,1,0.0,1,0.13,0.76,-3.73,-5.24,*c1ccc(C2=C3C(=O)N(CC(CCCCCCCCCC)CCCCCCCCCCCC)C(c4cc5c(=O)c6cc7c(cc6c5s4)c(=O)c4cc(C5=C6C(=O)N(CC(CCCCCCCCCC)CCCCCCCCCCCC)C(c8ccc(*)s8)=C6C(=O)N5CC(CCCCCCCCCC)CCCCCCCCCCCC)sc47)=C3C(=O)N2CC(CCCCCCCCCC)CCCCCCCCCCCC)s1,*c1ccc(/C=C/c2ccc(*)s2)s1
10.1021/acs.macromol.6b02781,PDOBT,*c1ccc(C2=C3C(=O)N(CC(CCCCCCCCCC)CCCCCCCCCCCC)C(c4cc5c(=O)c6cc7c(cc6c5s4)c(=O)c4cc(C5=C6C(=O)N(CC(CCCCCCCCCC)CCCCCCCCCCCC)C(c8ccc(-c9ccc(-c%10ccc(*)s%10)s9)s8)=C6C(=O)N5CC(CCCCCCCCCC)CCCCCCCCCCCC)sc47)=C3C(=O)N2CC(CCCCCCCCCC)CCCCCCCCCCCC)s1,1,0.0,1,0.25,1.09,-3.74,-5.27,*c1ccc(C2=C3C(=O)N(CC(CCCCCCCCCC)CCCCCCCCCCCC)C(c4cc5c(=O)c6cc7c(cc6c5s4)c(=O)c4cc(C5=C6C(=O)N(CC(CCCCCCCCCC)CCCCCCCCCCCC)C(c8ccc(*)s8)=C6C(=O)N5CC(CCCCCCCCCC)CCCCCCCCCCCC)sc47)=C3C(=O)N2CC(CCCCCCCCCC)CCCCCCCCCCCC)s1,*c1ccc(-c2ccc(*)s2)s1,PDNTVT,*c1ccc(/C=C/c2ccc(-c3ccc(C4=C5C(=O)N(CC(CCCCCCCCCC)CCCCCCCCCCCC)C(c6cc7c(s6)-c6cc8c(cc6C7=C(C#N)C#N)-c6sc(C7=C9C(=O)N(CC(CCCCCCCCCC)CCCCCCCCCCCC)C(c%10ccc(*)s%10)=C9C(=O)N7CC(CCCCCCCCCC)CCCCCCCCCCCC)cc6C8=C(C#N)C#N)=C5C(=O)N4CC(CCCCCCCCCC)CCCCCCCCCCCC)s3)s2)s1,1,0.0,1,0.00012,0.021,-4.21,-5.29,*c1ccc(C2=C3C(=O)N(CC(CCCCCCCCCC)CCCCCCCCCCCC)C(c4cc5c(s4)-c4cc6c(cc4C5=C(C#N)C#N)-c4sc(C5=C7C(=O)N(CC(CCCCCCCCCC)CCCCCCCCCCCC)C(c8ccc(*)s8)=C7C(=O)N5CC(CCCCCCCCCC)CCCCCCCCCCCC)cc4C6=C(C#N)C#N)=C3C(=O)N2CC(CCCCCCCCCC)CCCCCCCCCCCC)s1,*c1ccc(/C=C/c2ccc(*)s2)s1
10.1021/acs.macromol.6b02781,PDOBT,*c1ccc(C2=C3C(=O)N(CC(CCCCCCCCCC)CCCCCCCCCCCC)C(c4cc5c(=O)c6cc7c(cc6c5s4)c(=O)c4cc(C5=C6C(=O)N(CC(CCCCCCCCCC)CCCCCCCCCCCC)C(c8ccc(-c9ccc(-c%10ccc(*)s%10)s9)s8)=C6C(=O)N5CC(CCCCCCCCCC)CCCCCCCCCCCC)sc47)=C3C(=O)N2CC(CCCCCCCCCC)CCCCCCCCCCCC)s1,1,0.0,1,0.25,1.09,-3.74,-5.27,*c1ccc(C2=C3C(=O)N(CC(CCCCCCCCCC)CCCCCCCCCCCC)C(c4cc5c(=O)c6cc7c(cc6c5s4)c(=O)c4cc(C5=C6C(=O)N(CC(CCCCCCCCCC)CCCCCCCCCCCC)C(c8ccc(*)s8)=C6C(=O)N5CC(CCCCCCCCCC)CCCCCCCCCCCC)sc47)=C3C(=O)N2CC(CCCCCCCCCC)CCCCCCCCCCCC)s1,*c1ccc(-c2ccc(*)s2)s1,PDO4FTVT,*c1ccc(C2=C3C(=O)N(CC(CCCCCCCCCC)CCCCCCCCCCCC)C(c4cc5c(=O)c6cc7c(cc6c5s4)c(=O)c4cc(C5=C6C(=O)N(CC(CCCCCCCCCC)CCCCCCCCCCCC)C(c8ccc(-c9sc(/C=C/c%10sc(*)c(F)c%10F)c(F)c9F)s8)=C6C(=O)N5CC(CCCCCCCCCC)CCCCCCCCCCCC)sc47)=C3C(=O)N2CC(CCCCCCCCCC)CCCCCCCCCCCC)s1,1,0.0,1,0.44,0.86,-3.79,-5.33,*c1ccc(C2=C3C(=O)N(CC(CCCCCCCCCC)CCCCCCCCCCCC)C(c4cc5c(=O)c6cc7c(cc6c5s4)c(=O)c4cc(C5=C6C(=O)N(CC(CCCCCCCCCC)CCCCCCCCCCCC)C(c8ccc(*)s8)=C6C(=O)N5CC(CCCCCCCCCC)CCCCCCCCCCCC)sc47)=C3C(=O)N2CC(CCCCCCCCCC)CCCCCCCCCCCC)s1,*c1sc(/C=C/c2sc(*)c(F)c2F)c(F)c1F
10.1021/acs.macromol.6b02781,PDOV,*/C=C/c1ccc(C2=C3C(=O)N(CC(CCCCCCCCCC)CCCCCCCCCCCC)C(c4cc5c(=O)c6cc7c(cc6c5s4)c(=O)c4cc(C5=C6C(=O)N(CC(CCCCCCCCCC)CCCCCCCCCCCC)C(c8ccc(*)s8)=C6C(=O)N5CC(CCCCCCCCCC)CCCCCCCCCCCC)sc47)=C3C(=O)N2CC(CCCCCCCCCC)CCCCCCCCCCCC)s1,1,0.0,1,0.053,0.074,-3.91,-5.24,*c1ccc(C2=C3C(=O)N(CC(CCCCCCCCCC)CCCCCCCCCCCC)C(c4cc5c(=O)c6cc7c(cc6c5s4)c(=O)c4cc(C5=C6C(=O)N(CC(CCCCCCCCCC)CCCCCCCCCCCC)C(c8ccc(*)s8)=C6C(=O)N5CC(CCCCCCCCCC)CCCCCCCCCCCC)sc47)=C3C(=O)N2CC(CCCCCCCCCC)CCCCCCCCCCCC)s1,*/C=C/*,PDOT,*c1ccc(C2=C3C(=O)N(CC(CCCCCCCCCC)CCCCCCCCCCCC)C(c4cc5c(=O)c6cc7c(cc6c5s4)c(=O)c4cc(C5=C6C(=O)N(CC(CCCCCCCCCC)CCCCCCCCCCCC)C(c8ccc(-c9ccc(*)s9)s8)=C6C(=O)N5CC(CCCCCCCCCC)CCCCCCCCCCCC)sc47)=C3C(=O)N2CC(CCCCCCCCCC)CCCCCCCCCCCC)s1,1,0.0,0,0.12,0.48,-3.85,-5.29,*c1ccc(C2=C3C(=O)N(CC(CCCCCCCCCC)CCCCCCCCCCCC)C(c4cc5c(=O)c6cc7c(cc6c5s4)c(=O)c4cc(C5=C6C(=O)N(CC(CCCCCCCCCC)CCCCCCCCCCCC)C(c8ccc(*)s8)=C6C(=O)N5CC(CCCCCCCCCC)CCCCCCCCCCCC)sc47)=C3C(=O)N2CC(CCCCCCCCCC)CCCCCCCCCCCC)s1,*c1ccc(*)s1
10.1021/acs.macromol.6b02781,PDOV,*/C=C/c1ccc(C2=C3C(=O)N(CC(CCCCCCCCCC)CCCCCCCCCCCC)C(c4cc5c(=O)c6cc7c(cc6c5s4)c(=O)c4cc(C5=C6C(=O)N(CC(CCCCCCCCCC)CCCCCCCCCCCC)C(c8ccc(*)s8)=C6C(=O)N5CC(CCCCCCCCCC)CCCCCCCCCCCC)sc47)=C3C(=O)N2CC(CCCCCCCCCC)CCCCCCCCCCCC)s1,1,0.0,1,0.053,0.074,-3.91,-5.24,*c1ccc(C2=C3C(=O)N(CC(CCCCCCCCCC)CCCCCCCCCCCC)C(c4cc5c(=O)c6cc7c(cc6c5s4)c(=O)c4cc(C5=C6C(=O)N(CC(CCCCCCCCCC)CCCCCCCCCCCC)C(c8ccc(*)s8)=C6C(=O)N5CC(CCCCCCCCCC)CCCCCCCCCCCC)sc47)=C3C(=O)N2CC(CCCCCCCCCC)CCCCCCCCCCCC)s1,*/C=C/*,PDOTVT,*c1ccc(/C=C/c2ccc(-c3ccc(C4=C5C(=O)N(CC(CCCCCCCCCC)CCCCCCCCCCCC)C(c6cc7c(=O)c8cc9c(cc8c7s6)c(=O)c6cc(C7=C8C(=O)N(CC(CCCCCCCCCC)CCCCCCCCCCCC)C(c%10ccc(*)s%10)=C8C(=O)N7CC(CCCCCCCCCC)CCCCCCCCCCCC)sc69)=C5C(=O)N4CC(CCCCCCCCCC)CCCCCCCCCCCC)s3)s2)s1,1,0.0,1,0.13,0.76,-3.73,-5.24,*c1ccc(C2=C3C(=O)N(CC(CCCCCCCCCC)CCCCCCCCCCCC)C(c4cc5c(=O)c6cc7c(cc6c5s4)c(=O)c4cc(C5=C6C(=O)N(CC(CCCCCCCCCC)CCCCCCCCCCCC)C(c8ccc(*)s8)=C6C(=O)N5CC(CCCCCCCCCC)CCCCCCCCCCCC)sc47)=C3C(=O)N2CC(CCCCCCCCCC)CCCCCCCCCCCC)s1,*c1ccc(/C=C/c2ccc(*)s2)s1
10.1021/acs.macromol.6b02781,PDOV,*/C=C/c1ccc(C2=C3C(=O)N(CC(CCCCCCCCCC)CCCCCCCCCCCC)C(c4cc5c(=O)c6cc7c(cc6c5s4)c(=O)c4cc(C5=C6C(=O)N(CC(CCCCCCCCCC)CCCCCCCCCCCC)C(c8ccc(*)s8)=C6C(=O)N5CC(CCCCCCCCCC)CCCCCCCCCCCC)sc47)=C3C(=O)N2CC(CCCCCCCCCC)CCCCCCCCCCCC)s1,1,0.0,1,0.053,0.074,-3.91,-5.24,*c1ccc(C2=C3C(=O)N(CC(CCCCCCCCCC)CCCCCCCCCCCC)C(c4cc5c(=O)c6cc7c(cc6c5s4)c(=O)c4cc(C5=C6C(=O)N(CC(CCCCCCCCCC)CCCCCCCCCCCC)C(c8ccc(*)s8)=C6C(=O)N5CC(CCCCCCCCCC)CCCCCCCCCCCC)sc47)=C3C(=O)N2CC(CCCCCCCCCC)CCCCCCCCCCCC)s1,*/C=C/*,PDNTVT,*c1ccc(/C=C/c2ccc(-c3ccc(C4=C5C(=O)N(CC(CCCCCCCCCC)CCCCCCCCCCCC)C(c6cc7c(s6)-c6cc8c(cc6C7=C(C#N)C#N)-c6sc(C7=C9C(=O)N(CC(CCCCCCCCCC)CCCCCCCCCCCC)C(c%10ccc(*)s%10)=C9C(=O)N7CC(CCCCCCCCCC)CCCCCCCCCCCC)cc6C8=C(C#N)C#N)=C5C(=O)N4CC(CCCCCCCCCC)CCCCCCCCCCCC)s3)s2)s1,1,0.0,1,0.00012,0.021,-4.21,-5.29,*c1ccc(C2=C3C(=O)N(CC(CCCCCCCCCC)CCCCCCCCCCCC)C(c4cc5c(s4)-c4cc6c(cc4C5=C(C#N)C#N)-c4sc(C5=C7C(=O)N(CC(CCCCCCCCCC)CCCCCCCCCCCC)C(c8ccc(*)s8)=C7C(=O)N5CC(CCCCCCCCCC)CCCCCCCCCCCC)cc4C6=C(C#N)C#N)=C3C(=O)N2CC(CCCCCCCCCC)CCCCCCCCCCCC)s1,*c1ccc(/C=C/c2ccc(*)s2)s1
10.1021/acs.macromol.6b02781,PDOV,*/C=C/c1ccc(C2=C3C(=O)N(CC(CCCCCCCCCC)CCCCCCCCCCCC)C(c4cc5c(=O)c6cc7c(cc6c5s4)c(=O)c4cc(C5=C6C(=O)N(CC(CCCCCCCCCC)CCCCCCCCCCCC)C(c8ccc(*)s8)=C6C(=O)N5CC(CCCCCCCCCC)CCCCCCCCCCCC)sc47)=C3C(=O)N2CC(CCCCCCCCCC)CCCCCCCCCCCC)s1,1,0.0,1,0.053,0.074,-3.91,-5.24,*c1ccc(C2=C3C(=O)N(CC(CCCCCCCCCC)CCCCCCCCCCCC)C(c4cc5c(=O)c6cc7c(cc6c5s4)c(=O)c4cc(C5=C6C(=O)N(CC(CCCCCCCCCC)CCCCCCCCCCCC)C(c8ccc(*)s8)=C6C(=O)N5CC(CCCCCCCCCC)CCCCCCCCCCCC)sc47)=C3C(=O)N2CC(CCCCCCCCCC)CCCCCCCCCCCC)s1,*/C=C/*,PDO4FTVT,*c1ccc(C2=C3C(=O)N(CC(CCCCCCCCCC)CCCCCCCCCCCC)C(c4cc5c(=O)c6cc7c(cc6c5s4)c(=O)c4cc(C5=C6C(=O)N(CC(CCCCCCCCCC)CCCCCCCCCCCC)C(c8ccc(-c9sc(/C=C/c%10sc(*)c(F)c%10F)c(F)c9F)s8)=C6C(=O)N5CC(CCCCCCCCCC)CCCCCCCCCCCC)sc47)=C3C(=O)N2CC(CCCCCCCCCC)CCCCCCCCCCCC)s1,1,0.0,1,0.44,0.86,-3.79,-5.33,*c1ccc(C2=C3C(=O)N(CC(CCCCCCCCCC)CCCCCCCCCCCC)C(c4cc5c(=O)c6cc7c(cc6c5s4)c(=O)c4cc(C5=C6C(=O)N(CC(CCCCCCCCCC)CCCCCCCCCCCC)C(c8ccc(*)s8)=C6C(=O)N5CC(CCCCCCCCCC)CCCCCCCCCCCC)sc47)=C3C(=O)N2CC(CCCCCCCCCC)CCCCCCCCCCCC)s1,*c1sc(/C=C/c2sc(*)c(F)c2F)c(F)c1F
10.1021/acs.macromol.6b02781,PDOT,*c1ccc(C2=C3C(=O)N(CC(CCCCCCCCCC)CCCCCCCCCCCC)C(c4cc5c(=O)c6cc7c(cc6c5s4)c(=O)c4cc(C5=C6C(=O)N(CC(CCCCCCCCCC)CCCCCCCCCCCC)C(c8ccc(-c9ccc(*)s9)s8)=C6C(=O)N5CC(CCCCCCCCCC)CCCCCCCCCCCC)sc47)=C3C(=O)N2CC(CCCCCCCCCC)CCCCCCCCCCCC)s1,1,0.0,0,0.12,0.48,-3.85,-5.29,*c1ccc(C2=C3C(=O)N(CC(CCCCCCCCCC)CCCCCCCCCCCC)C(c4cc5c(=O)c6cc7c(cc6c5s4)c(=O)c4cc(C5=C6C(=O)N(CC(CCCCCCCCCC)CCCCCCCCCCCC)C(c8ccc(*)s8)=C6C(=O)N5CC(CCCCCCCCCC)CCCCCCCCCCCC)sc47)=C3C(=O)N2CC(CCCCCCCCCC)CCCCCCCCCCCC)s1,*c1ccc(*)s1,PDOTVT,*c1ccc(/C=C/c2ccc(-c3ccc(C4=C5C(=O)N(CC(CCCCCCCCCC)CCCCCCCCCCCC)C(c6cc7c(=O)c8cc9c(cc8c7s6)c(=O)c6cc(C7=C8C(=O)N(CC(CCCCCCCCCC)CCCCCCCCCCCC)C(c%10ccc(*)s%10)=C8C(=O)N7CC(CCCCCCCCCC)CCCCCCCCCCCC)sc69)=C5C(=O)N4CC(CCCCCCCCCC)CCCCCCCCCCCC)s3)s2)s1,1,0.0,1,0.13,0.76,-3.73,-5.24,*c1ccc(C2=C3C(=O)N(CC(CCCCCCCCCC)CCCCCCCCCCCC)C(c4cc5c(=O)c6cc7c(cc6c5s4)c(=O)c4cc(C5=C6C(=O)N(CC(CCCCCCCCCC)CCCCCCCCCCCC)C(c8ccc(*)s8)=C6C(=O)N5CC(CCCCCCCCCC)CCCCCCCCCCCC)sc47)=C3C(=O)N2CC(CCCCCCCCCC)CCCCCCCCCCCC)s1,*c1ccc(/C=C/c2ccc(*)s2)s1
10.1021/acs.macromol.6b02781,PDOT,*c1ccc(C2=C3C(=O)N(CC(CCCCCCCCCC)CCCCCCCCCCCC)C(c4cc5c(=O)c6cc7c(cc6c5s4)c(=O)c4cc(C5=C6C(=O)N(CC(CCCCCCCCCC)CCCCCCCCCCCC)C(c8ccc(-c9ccc(*)s9)s8)=C6C(=O)N5CC(CCCCCCCCCC)CCCCCCCCCCCC)sc47)=C3C(=O)N2CC(CCCCCCCCCC)CCCCCCCCCCCC)s1,1,0.0,0,0.12,0.48,-3.85,-5.29,*c1ccc(C2=C3C(=O)N(CC(CCCCCCCCCC)CCCCCCCCCCCC)C(c4cc5c(=O)c6cc7c(cc6c5s4)c(=O)c4cc(C5=C6C(=O)N(CC(CCCCCCCCCC)CCCCCCCCCCCC)C(c8ccc(*)s8)=C6C(=O)N5CC(CCCCCCCCCC)CCCCCCCCCCCC)sc47)=C3C(=O)N2CC(CCCCCCCCCC)CCCCCCCCCCCC)s1,*c1ccc(*)s1,PDNTVT,*c1ccc(/C=C/c2ccc(-c3ccc(C4=C5C(=O)N(CC(CCCCCCCCCC)CCCCCCCCCCCC)C(c6cc7c(s6)-c6cc8c(cc6C7=C(C#N)C#N)-c6sc(C7=C9C(=O)N(CC(CCCCCCCCCC)CCCCCCCCCCCC)C(c%10ccc(*)s%10)=C9C(=O)N7CC(CCCCCCCCCC)CCCCCCCCCCCC)cc6C8=C(C#N)C#N)=C5C(=O)N4CC(CCCCCCCCCC)CCCCCCCCCCCC)s3)s2)s1,1,0.0,1,0.00012,0.021,-4.21,-5.29,*c1ccc(C2=C3C(=O)N(CC(CCCCCCCCCC)CCCCCCCCCCCC)C(c4cc5c(s4)-c4cc6c(cc4C5=C(C#N)C#N)-c4sc(C5=C7C(=O)N(CC(CCCCCCCCCC)CCCCCCCCCCCC)C(c8ccc(*)s8)=C7C(=O)N5CC(CCCCCCCCCC)CCCCCCCCCCCC)cc4C6=C(C#N)C#N)=C3C(=O)N2CC(CCCCCCCCCC)CCCCCCCCCCCC)s1,*c1ccc(/C=C/c2ccc(*)s2)s1
10.1021/acs.macromol.6b02781,PDOT,*c1ccc(C2=C3C(=O)N(CC(CCCCCCCCCC)CCCCCCCCCCCC)C(c4cc5c(=O)c6cc7c(cc6c5s4)c(=O)c4cc(C5=C6C(=O)N(CC(CCCCCCCCCC)CCCCCCCCCCCC)C(c8ccc(-c9ccc(*)s9)s8)=C6C(=O)N5CC(CCCCCCCCCC)CCCCCCCCCCCC)sc47)=C3C(=O)N2CC(CCCCCCCCCC)CCCCCCCCCCCC)s1,1,0.0,0,0.12,0.48,-3.85,-5.29,*c1ccc(C2=C3C(=O)N(CC(CCCCCCCCCC)CCCCCCCCCCCC)C(c4cc5c(=O)c6cc7c(cc6c5s4)c(=O)c4cc(C5=C6C(=O)N(CC(CCCCCCCCCC)CCCCCCCCCCCC)C(c8ccc(*)s8)=C6C(=O)N5CC(CCCCCCCCCC)CCCCCCCCCCCC)sc47)=C3C(=O)N2CC(CCCCCCCCCC)CCCCCCCCCCCC)s1,*c1ccc(*)s1,PDO4FTVT,*c1ccc(C2=C3C(=O)N(CC(CCCCCCCCCC)CCCCCCCCCCCC)C(c4cc5c(=O)c6cc7c(cc6c5s4)c(=O)c4cc(C5=C6C(=O)N(CC(CCCCCCCCCC)CCCCCCCCCCCC)C(c8ccc(-c9sc(/C=C/c%10sc(*)c(F)c%10F)c(F)c9F)s8)=C6C(=O)N5CC(CCCCCCCCCC)CCCCCCCCCCCC)sc47)=C3C(=O)N2CC(CCCCCCCCCC)CCCCCCCCCCCC)s1,1,0.0,1,0.44,0.86,-3.79,-5.33,*c1ccc(C2=C3C(=O)N(CC(CCCCCCCCCC)CCCCCCCCCCCC)C(c4cc5c(=O)c6cc7c(cc6c5s4)c(=O)c4cc(C5=C6C(=O)N(CC(CCCCCCCCCC)CCCCCCCCCCCC)C(c8ccc(*)s8)=C6C(=O)N5CC(CCCCCCCCCC)CCCCCCCCCCCC)sc47)=C3C(=O)N2CC(CCCCCCCCCC)CCCCCCCCCCCC)s1,*c1sc(/C=C/c2sc(*)c(F)c2F)c(F)c1F
10.1021/acs.macromol.6b02781,PDOTVT,*c1ccc(/C=C/c2ccc(-c3ccc(C4=C5C(=O)N(CC(CCCCCCCCCC)CCCCCCCCCCCC)C(c6cc7c(=O)c8cc9c(cc8c7s6)c(=O)c6cc(C7=C8C(=O)N(CC(CCCCCCCCCC)CCCCCCCCCCCC)C(c%10ccc(*)s%10)=C8C(=O)N7CC(CCCCCCCCCC)CCCCCCCCCCCC)sc69)=C5C(=O)N4CC(CCCCCCCCCC)CCCCCCCCCCCC)s3)s2)s1,1,0.0,1,0.13,0.76,-3.73,-5.24,*c1ccc(C2=C3C(=O)N(CC(CCCCCCCCCC)CCCCCCCCCCCC)C(c4cc5c(=O)c6cc7c(cc6c5s4)c(=O)c4cc(C5=C6C(=O)N(CC(CCCCCCCCCC)CCCCCCCCCCCC)C(c8ccc(*)s8)=C6C(=O)N5CC(CCCCCCCCCC)CCCCCCCCCCCC)sc47)=C3C(=O)N2CC(CCCCCCCCCC)CCCCCCCCCCCC)s1,*c1ccc(/C=C/c2ccc(*)s2)s1,PDNTVT,*c1ccc(/C=C/c2ccc(-c3ccc(C4=C5C(=O)N(CC(CCCCCCCCCC)CCCCCCCCCCCC)C(c6cc7c(s6)-c6cc8c(cc6C7=C(C#N)C#N)-c6sc(C7=C9C(=O)N(CC(CCCCCCCCCC)CCCCCCCCCCCC)C(c%10ccc(*)s%10)=C9C(=O)N7CC(CCCCCCCCCC)CCCCCCCCCCCC)cc6C8=C(C#N)C#N)=C5C(=O)N4CC(CCCCCCCCCC)CCCCCCCCCCCC)s3)s2)s1,1,0.0,1,0.00012,0.021,-4.21,-5.29,*c1ccc(C2=C3C(=O)N(CC(CCCCCCCCCC)CCCCCCCCCCCC)C(c4cc5c(s4)-c4cc6c(cc4C5=C(C#N)C#N)-c4sc(C5=C7C(=O)N(CC(CCCCCCCCCC)CCCCCCCCCCCC)C(c8ccc(*)s8)=C7C(=O)N5CC(CCCCCCCCCC)CCCCCCCCCCCC)cc4C6=C(C#N)C#N)=C3C(=O)N2CC(CCCCCCCCCC)CCCCCCCCCCCC)s1,*c1ccc(/C=C/c2ccc(*)s2)s1
10.1021/acs.macromol.6b02781,PDOTVT,*c1ccc(/C=C/c2ccc(-c3ccc(C4=C5C(=O)N(CC(CCCCCCCCCC)CCCCCCCCCCCC)C(c6cc7c(=O)c8cc9c(cc8c7s6)c(=O)c6cc(C7=C8C(=O)N(CC(CCCCCCCCCC)CCCCCCCCCCCC)C(c%10ccc(*)s%10)=C8C(=O)N7CC(CCCCCCCCCC)CCCCCCCCCCCC)sc69)=C5C(=O)N4CC(CCCCCCCCCC)CCCCCCCCCCCC)s3)s2)s1,1,0.0,1,0.13,0.76,-3.73,-5.24,*c1ccc(C2=C3C(=O)N(CC(CCCCCCCCCC)CCCCCCCCCCCC)C(c4cc5c(=O)c6cc7c(cc6c5s4)c(=O)c4cc(C5=C6C(=O)N(CC(CCCCCCCCCC)CCCCCCCCCCCC)C(c8ccc(*)s8)=C6C(=O)N5CC(CCCCCCCCCC)CCCCCCCCCCCC)sc47)=C3C(=O)N2CC(CCCCCCCCCC)CCCCCCCCCCCC)s1,*c1ccc(/C=C/c2ccc(*)s2)s1,PDO4FTVT,*c1ccc(C2=C3C(=O)N(CC(CCCCCCCCCC)CCCCCCCCCCCC)C(c4cc5c(=O)c6cc7c(cc6c5s4)c(=O)c4cc(C5=C6C(=O)N(CC(CCCCCCCCCC)CCCCCCCCCCCC)C(c8ccc(-c9sc(/C=C/c%10sc(*)c(F)c%10F)c(F)c9F)s8)=C6C(=O)N5CC(CCCCCCCCCC)CCCCCCCCCCCC)sc47)=C3C(=O)N2CC(CCCCCCCCCC)CCCCCCCCCCCC)s1,1,0.0,1,0.44,0.86,-3.79,-5.33,*c1ccc(C2=C3C(=O)N(CC(CCCCCCCCCC)CCCCCCCCCCCC)C(c4cc5c(=O)c6cc7c(cc6c5s4)c(=O)c4cc(C5=C6C(=O)N(CC(CCCCCCCCCC)CCCCCCCCCCCC)C(c8ccc(*)s8)=C6C(=O)N5CC(CCCCCCCCCC)CCCCCCCCCCCC)sc47)=C3C(=O)N2CC(CCCCCCCCCC)CCCCCCCCCCCC)s1,*c1sc(/C=C/c2sc(*)c(F)c2F)c(F)c1F
10.1021/acs.macromol.6b02781,PDNTVT,*c1ccc(/C=C/c2ccc(-c3ccc(C4=C5C(=O)N(CC(CCCCCCCCCC)CCCCCCCCCCCC)C(c6cc7c(s6)-c6cc8c(cc6C7=C(C#N)C#N)-c6sc(C7=C9C(=O)N(CC(CCCCCCCCCC)CCCCCCCCCCCC)C(c%10ccc(*)s%10)=C9C(=O)N7CC(CCCCCCCCCC)CCCCCCCCCCCC)cc6C8=C(C#N)C#N)=C5C(=O)N4CC(CCCCCCCCCC)CCCCCCCCCCCC)s3)s2)s1,1,0.0,1,0.00012,0.021,-4.21,-5.29,*c1ccc(C2=C3C(=O)N(CC(CCCCCCCCCC)CCCCCCCCCCCC)C(c4cc5c(s4)-c4cc6c(cc4C5=C(C#N)C#N)-c4sc(C5=C7C(=O)N(CC(CCCCCCCCCC)CCCCCCCCCCCC)C(c8ccc(*)s8)=C7C(=O)N5CC(CCCCCCCCCC)CCCCCCCCCCCC)cc4C6=C(C#N)C#N)=C3C(=O)N2CC(CCCCCCCCCC)CCCCCCCCCCCC)s1,*c1ccc(/C=C/c2ccc(*)s2)s1,PDO4FTVT,*c1ccc(C2=C3C(=O)N(CC(CCCCCCCCCC)CCCCCCCCCCCC)C(c4cc5c(=O)c6cc7c(cc6c5s4)c(=O)c4cc(C5=C6C(=O)N(CC(CCCCCCCCCC)CCCCCCCCCCCC)C(c8ccc(-c9sc(/C=C/c%10sc(*)c(F)c%10F)c(F)c9F)s8)=C6C(=O)N5CC(CCCCCCCCCC)CCCCCCCCCCCC)sc47)=C3C(=O)N2CC(CCCCCCCCCC)CCCCCCCCCCCC)s1,1,0.0,1,0.44,0.86,-3.79,-5.33,*c1ccc(C2=C3C(=O)N(CC(CCCCCCCCCC)CCCCCCCCCCCC)C(c4cc5c(=O)c6cc7c(cc6c5s4)c(=O)c4cc(C5=C6C(=O)N(CC(CCCCCCCCCC)CCCCCCCCCCCC)C(c8ccc(*)s8)=C6C(=O)N5CC(CCCCCCCCCC)CCCCCCCCCCCC)sc47)=C3C(=O)N2CC(CCCCCCCCCC)CCCCCCCCCCCC)s1,*c1sc(/C=C/c2sc(*)c(F)c2F)c(F)c1F
10.1021/acs.macromol.6c00635,PFTh,*c1ccc(C2=C3C(=O)N(CCCCCCCCCCCC)C(c4ccc(-c5sc(C6=C7C(=O)N(CCCC(CCCCCCCCCCCCCC)CCCCCCCCCCCCCC)C(c8cc(F)c(*)s8)=C7C(=O)N6CCCC(CCCCCCCCCCCCCC)CCCCCCCCCCCCCC)cc5F)s4)=C3C(=O)N2CCCCCCCCCCCC)s1,1,0.0,1,1.0,0.45,-3.65,-5.42,*c1sc(C2=C3C(=O)N(CCCC(CCCCCCCCCCCCCC)CCCCCCCCCCCCCC)C(c4cc(F)c(*)s4)=C3C(=O)N2CCCC(CCCCCCCCCCCCCC)CCCCCCCCCCCCCC)cc1F,*c1ccc(C2=C3C(=O)N(CCCCCCCCCCCC)C(c4ccc(*)s4)=C3C(=O)N2CCCCCCCCCCCC)s1,PClTh,*c1ccc(C2=C3C(=O)N(CCCCCCCCCCCC)C(c4ccc(-c5sc(C6=C7C(=O)N(CCCC(CCCCCCCCCCCCCC)CCCCCCCCCCCCCC)C(c8cc(Cl)c(*)s8)=C7C(=O)N6CCCC(CCCCCCCCCCCCCC)CCCCCCCCCCCCCC)cc5Cl)s4)=C3C(=O)N2CCCCCCCCCCCC)s1,1,0.0,1,0.94,0.35,-3.6,-5.36,*c1sc(C2=C3C(=O)N(CCCC(CCCCCCCCCCCCCC)CCCCCCCCCCCCCC)C(c4cc(Cl)c(*)s4)=C3C(=O)N2CCCC(CCCCCCCCCCCCCC)CCCCCCCCCCCCCC)cc1Cl,*c1ccc(C2=C3C(=O)N(CCCCCCCCCCCC)C(c4ccc(*)s4)=C3C(=O)N2CCCCCCCCCCCC)s1
10.1021/acs.macromol.6c00635,PFTh,*c1ccc(C2=C3C(=O)N(CCCCCCCCCCCC)C(c4ccc(-c5sc(C6=C7C(=O)N(CCCC(CCCCCCCCCCCCCC)CCCCCCCCCCCCCC)C(c8cc(F)c(*)s8)=C7C(=O)N6CCCC(CCCCCCCCCCCCCC)CCCCCCCCCCCCCC)cc5F)s4)=C3C(=O)N2CCCCCCCCCCCC)s1,1,0.0,1,1.0,0.45,-3.65,-5.42,*c1sc(C2=C3C(=O)N(CCCC(CCCCCCCCCCCCCC)CCCCCCCCCCCCCC)C(c4cc(F)c(*)s4)=C3C(=O)N2CCCC(CCCCCCCCCCCCCC)CCCCCCCCCCCCCC)cc1F,*c1ccc(C2=C3C(=O)N(CCCCCCCCCCCC)C(c4ccc(*)s4)=C3C(=O)N2CCCCCCCCCCCC)s1,PCNTh,*c1ccc(C2=C3C(=O)N(CCCCCCCCCCCC)C(c4ccc(-c5sc(C6=C7C(=O)N(CCCC(CCCCCCCCCCCCCC)CCCCCCCCCCCCCC)C(c8cc(C#N)c(*)s8)=C7C(=O)N6CCCC(CCCCCCCCCCCCCC)CCCCCCCCCCCCCC)cc5C#N)s4)=C3C(=O)N2CCCCCCCCCCCC)s1,1,0.0,1,0.31,0.0,-3.95,-5.46,*c1sc(C2=C3C(=O)N(CCCC(CCCCCCCCCCCCCC)CCCCCCCCCCCCCC)C(c4cc(C#N)c(*)s4)=C3C(=O)N2CCCC(CCCCCCCCCCCCCC)CCCCCCCCCCCCCC)cc1C#N,*c1ccc(C2=C3C(=O)N(CCCCCCCCCCCC)C(c4ccc(*)s4)=C3C(=O)N2CCCCCCCCCCCC)s1
10.1021/acs.macromol.6c00635,PFTh,*c1ccc(C2=C3C(=O)N(CCCCCCCCCCCC)C(c4ccc(-c5sc(C6=C7C(=O)N(CCCC(CCCCCCCCCCCCCC)CCCCCCCCCCCCCC)C(c8cc(F)c(*)s8)=C7C(=O)N6CCCC(CCCCCCCCCCCCCC)CCCCCCCCCCCCCC)cc5F)s4)=C3C(=O)N2CCCCCCCCCCCC)s1,1,0.0,1,1.0,0.45,-3.65,-5.42,*c1sc(C2=C3C(=O)N(CCCC(CCCCCCCCCCCCCC)CCCCCCCCCCCCCC)C(c4cc(F)c(*)s4)=C3C(=O)N2CCCC(CCCCCCCCCCCCCC)CCCCCCCCCCCCCC)cc1F,*c1ccc(C2=C3C(=O)N(CCCCCCCCCCCC)C(c4ccc(*)s4)=C3C(=O)N2CCCCCCCCCCCC)s1,PFSe,*c1ccc(C2=C3C(=O)N(CCCCCCCCCCCC)C(c4ccc(-c5sc(C6=C7C(=O)N(CCCC(CCCCCCCCCCCCCC)CCCCCCCCCCCCCC)C(c8cc(F)c(*)s8)=C7C(=O)N6CCCC(CCCCCCCCCCCCCC)CCCCCCCCCCCCCC)cc5F)[se]4)=C3C(=O)N2CCCCCCCCCCCC)[se]1,1,0.0,1,1.86,0.76,-3.65,-5.29,*c1sc(C2=C3C(=O)N(CCCC(CCCCCCCCCCCCCC)CCCCCCCCCCCCCC)C(c4cc(F)c(*)s4)=C3C(=O)N2CCCC(CCCCCCCCCCCCCC)CCCCCCCCCCCCCC)cc1F,*c1ccc(C2=C3C(=O)N(CCCCCCCCCCCC)C(c4ccc(*)[se]4)=C3C(=O)N2CCCCCCCCCCCC)[se]1
10.1021/acs.macromol.6c00635,PFTh,*c1ccc(C2=C3C(=O)N(CCCCCCCCCCCC)C(c4ccc(-c5sc(C6=C7C(=O)N(CCCC(CCCCCCCCCCCCCC)CCCCCCCCCCCCCC)C(c8cc(F)c(*)s8)=C7C(=O)N6CCCC(CCCCCCCCCCCCCC)CCCCCCCCCCCCCC)cc5F)s4)=C3C(=O)N2CCCCCCCCCCCC)s1,1,0.0,1,1.0,0.45,-3.65,-5.42,*c1sc(C2=C3C(=O)N(CCCC(CCCCCCCCCCCCCC)CCCCCCCCCCCCCC)C(c4cc(F)c(*)s4)=C3C(=O)N2CCCC(CCCCCCCCCCCCCC)CCCCCCCCCCCCCC)cc1F,*c1ccc(C2=C3C(=O)N(CCCCCCCCCCCC)C(c4ccc(*)s4)=C3C(=O)N2CCCCCCCCCCCC)s1,PClSe,*c1ccc(C2=C3C(=O)N(CCCCCCCCCCCC)C(c4ccc(-c5sc(C6=C7C(=O)N(CCCC(CCCCCCCCCCCCCC)CCCCCCCCCCCCCC)C(c8cc(Cl)c(*)s8)=C7C(=O)N6CCCC(CCCCCCCCCCCCCC)CCCCCCCCCCCCCC)cc5Cl)[se]4)=C3C(=O)N2CCCCCCCCCCCC)[se]1,1,0.0,1,0.83,0.23,-3.61,-5.24,*c1sc(C2=C3C(=O)N(CCCC(CCCCCCCCCCCCCC)CCCCCCCCCCCCCC)C(c4cc(Cl)c(*)s4)=C3C(=O)N2CCCC(CCCCCCCCCCCCCC)CCCCCCCCCCCCCC)cc1Cl,*c1ccc(C2=C3C(=O)N(CCCCCCCCCCCC)C(c4ccc(*)[se]4)=C3C(=O)N2CCCCCCCCCCCC)[se]1
10.1021/acs.macromol.6c00635,PFTh,*c1ccc(C2=C3C(=O)N(CCCCCCCCCCCC)C(c4ccc(-c5sc(C6=C7C(=O)N(CCCC(CCCCCCCCCCCCCC)CCCCCCCCCCCCCC)C(c8cc(F)c(*)s8)=C7C(=O)N6CCCC(CCCCCCCCCCCCCC)CCCCCCCCCCCCCC)cc5F)s4)=C3C(=O)N2CCCCCCCCCCCC)s1,1,0.0,1,1.0,0.45,-3.65,-5.42,*c1sc(C2=C3C(=O)N(CCCC(CCCCCCCCCCCCCC)CCCCCCCCCCCCCC)C(c4cc(F)c(*)s4)=C3C(=O)N2CCCC(CCCCCCCCCCCCCC)CCCCCCCCCCCCCC)cc1F,*c1ccc(C2=C3C(=O)N(CCCCCCCCCCCC)C(c4ccc(*)s4)=C3C(=O)N2CCCCCCCCCCCC)s1,PCNSe,*c1ccc(C2=C3C(=O)N(CCCCCCCCCCCC)C(c4ccc(-c5sc(C6=C7C(=O)N(CCCC(CCCCCCCCCCCCCC)CCCCCCCCCCCCCC)C(c8cc(C#N)c(*)s8)=C7C(=O)N6CCCC(CCCCCCCCCCCCCC)CCCCCCCCCCCCCC)cc5C#N)[se]4)=C3C(=O)N2CCCCCCCCCCCC)[se]1,1,0.0,1,0.42,0.0,-3.99,-5.46,*c1sc(C2=C3C(=O)N(CCCC(CCCCCCCCCCCCCC)CCCCCCCCCCCCCC)C(c4cc(C#N)c(*)s4)=C3C(=O)N2CCCC(CCCCCCCCCCCCCC)CCCCCCCCCCCCCC)cc1C#N,*c1ccc(C2=C3C(=O)N(CCCCCCCCCCCC)C(c4ccc(*)[se]4)=C3C(=O)N2CCCCCCCCCCCC)[se]1
10.1021/acs.macromol.6c00635,PClTh,*c1ccc(C2=C3C(=O)N(CCCCCCCCCCCC)C(c4ccc(-c5sc(C6=C7C(=O)N(CCCC(CCCCCCCCCCCCCC)CCCCCCCCCCCCCC)C(c8cc(Cl)c(*)s8)=C7C(=O)N6CCCC(CCCCCCCCCCCCCC)CCCCCCCCCCCCCC)cc5Cl)s4)=C3C(=O)N2CCCCCCCCCCCC)s1,1,0.0,1,0.94,0.35,-3.6,-5.36,*c1sc(C2=C3C(=O)N(CCCC(CCCCCCCCCCCCCC)CCCCCCCCCCCCCC)C(c4cc(Cl)c(*)s4)=C3C(=O)N2CCCC(CCCCCCCCCCCCCC)CCCCCCCCCCCCCC)cc1Cl,*c1ccc(C2=C3C(=O)N(CCCCCCCCCCCC)C(c4ccc(*)s4)=C3C(=O)N2CCCCCCCCCCCC)s1,PCNTh,*c1ccc(C2=C3C(=O)N(CCCCCCCCCCCC)C(c4ccc(-c5sc(C6=C7C(=O)N(CCCC(CCCCCCCCCCCCCC)CCCCCCCCCCCCCC)C(c8cc(C#N)c(*)s8)=C7C(=O)N6CCCC(CCCCCCCCCCCCCC)CCCCCCCCCCCCCC)cc5C#N)s4)=C3C(=O)N2CCCCCCCCCCCC)s1,1,0.0,1,0.31,0.0,-3.95,-5.46,*c1sc(C2=C3C(=O)N(CCCC(CCCCCCCCCCCCCC)CCCCCCCCCCCCCC)C(c4cc(C#N)c(*)s4)=C3C(=O)N2CCCC(CCCCCCCCCCCCCC)CCCCCCCCCCCCCC)cc1C#N,*c1ccc(C2=C3C(=O)N(CCCCCCCCCCCC)C(c4ccc(*)s4)=C3C(=O)N2CCCCCCCCCCCC)s1
10.1021/acs.macromol.6c00635,PClTh,*c1ccc(C2=C3C(=O)N(CCCCCCCCCCCC)C(c4ccc(-c5sc(C6=C7C(=O)N(CCCC(CCCCCCCCCCCCCC)CCCCCCCCCCCCCC)C(c8cc(Cl)c(*)s8)=C7C(=O)N6CCCC(CCCCCCCCCCCCCC)CCCCCCCCCCCCCC)cc5Cl)s4)=C3C(=O)N2CCCCCCCCCCCC)s1,1,0.0,1,0.94,0.35,-3.6,-5.36,*c1sc(C2=C3C(=O)N(CCCC(CCCCCCCCCCCCCC)CCCCCCCCCCCCCC)C(c4cc(Cl)c(*)s4)=C3C(=O)N2CCCC(CCCCCCCCCCCCCC)CCCCCCCCCCCCCC)cc1Cl,*c1ccc(C2=C3C(=O)N(CCCCCCCCCCCC)C(c4ccc(*)s4)=C3C(=O)N2CCCCCCCCCCCC)s1,PFSe,*c1ccc(C2=C3C(=O)N(CCCCCCCCCCCC)C(c4ccc(-c5sc(C6=C7C(=O)N(CCCC(CCCCCCCCCCCCCC)CCCCCCCCCCCCCC)C(c8cc(F)c(*)s8)=C7C(=O)N6CCCC(CCCCCCCCCCCCCC)CCCCCCCCCCCCCC)cc5F)[se]4)=C3C(=O)N2CCCCCCCCCCCC)[se]1,1,0.0,1,1.86,0.76,-3.65,-5.29,*c1sc(C2=C3C(=O)N(CCCC(CCCCCCCCCCCCCC)CCCCCCCCCCCCCC)C(c4cc(F)c(*)s4)=C3C(=O)N2CCCC(CCCCCCCCCCCCCC)CCCCCCCCCCCCCC)cc1F,*c1ccc(C2=C3C(=O)N(CCCCCCCCCCCC)C(c4ccc(*)[se]4)=C3C(=O)N2CCCCCCCCCCCC)[se]1
10.1021/acs.macromol.6c00635,PClTh,*c1ccc(C2=C3C(=O)N(CCCCCCCCCCCC)C(c4ccc(-c5sc(C6=C7C(=O)N(CCCC(CCCCCCCCCCCCCC)CCCCCCCCCCCCCC)C(c8cc(Cl)c(*)s8)=C7C(=O)N6CCCC(CCCCCCCCCCCCCC)CCCCCCCCCCCCCC)cc5Cl)s4)=C3C(=O)N2CCCCCCCCCCCC)s1,1,0.0,1,0.94,0.35,-3.6,-5.36,*c1sc(C2=C3C(=O)N(CCCC(CCCCCCCCCCCCCC)CCCCCCCCCCCCCC)C(c4cc(Cl)c(*)s4)=C3C(=O)N2CCCC(CCCCCCCCCCCCCC)CCCCCCCCCCCCCC)cc1Cl,*c1ccc(C2=C3C(=O)N(CCCCCCCCCCCC)C(c4ccc(*)s4)=C3C(=O)N2CCCCCCCCCCCC)s1,PClSe,*c1ccc(C2=C3C(=O)N(CCCCCCCCCCCC)C(c4ccc(-c5sc(C6=C7C(=O)N(CCCC(CCCCCCCCCCCCCC)CCCCCCCCCCCCCC)C(c8cc(Cl)c(*)s8)=C7C(=O)N6CCCC(CCCCCCCCCCCCCC)CCCCCCCCCCCCCC)cc5Cl)[se]4)=C3C(=O)N2CCCCCCCCCCCC)[se]1,1,0.0,1,0.83,0.23,-3.61,-5.24,*c1sc(C2=C3C(=O)N(CCCC(CCCCCCCCCCCCCC)CCCCCCCCCCCCCC)C(c4cc(Cl)c(*)s4)=C3C(=O)N2CCCC(CCCCCCCCCCCCCC)CCCCCCCCCCCCCC)cc1Cl,*c1ccc(C2=C3C(=O)N(CCCCCCCCCCCC)C(c4ccc(*)[se]4)=C3C(=O)N2CCCCCCCCCCCC)[se]1
10.1021/acs.macromol.6c00635,PClTh,*c1ccc(C2=C3C(=O)N(CCCCCCCCCCCC)C(c4ccc(-c5sc(C6=C7C(=O)N(CCCC(CCCCCCCCCCCCCC)CCCCCCCCCCCCCC)C(c8cc(Cl)c(*)s8)=C7C(=O)N6CCCC(CCCCCCCCCCCCCC)CCCCCCCCCCCCCC)cc5Cl)s4)=C3C(=O)N2CCCCCCCCCCCC)s1,1,0.0,1,0.94,0.35,-3.6,-5.36,*c1sc(C2=C3C(=O)N(CCCC(CCCCCCCCCCCCCC)CCCCCCCCCCCCCC)C(c4cc(Cl)c(*)s4)=C3C(=O)N2CCCC(CCCCCCCCCCCCCC)CCCCCCCCCCCCCC)cc1Cl,*c1ccc(C2=C3C(=O)N(CCCCCCCCCCCC)C(c4ccc(*)s4)=C3C(=O)N2CCCCCCCCCCCC)s1,PCNSe,*c1ccc(C2=C3C(=O)N(CCCCCCCCCCCC)C(c4ccc(-c5sc(C6=C7C(=O)N(CCCC(CCCCCCCCCCCCCC)CCCCCCCCCCCCCC)C(c8cc(C#N)c(*)s8)=C7C(=O)N6CCCC(CCCCCCCCCCCCCC)CCCCCCCCCCCCCC)cc5C#N)[se]4)=C3C(=O)N2CCCCCCCCCCCC)[se]1,1,0.0,1,0.42,0.0,-3.99,-5.46,*c1sc(C2=C3C(=O)N(CCCC(CCCCCCCCCCCCCC)CCCCCCCCCCCCCC)C(c4cc(C#N)c(*)s4)=C3C(=O)N2CCCC(CCCCCCCCCCCCCC)CCCCCCCCCCCCCC)cc1C#N,*c1ccc(C2=C3C(=O)N(CCCCCCCCCCCC)C(c4ccc(*)[se]4)=C3C(=O)N2CCCCCCCCCCCC)[se]1
10.1021/acs.macromol.6c00635,PCNTh,*c1ccc(C2=C3C(=O)N(CCCCCCCCCCCC)C(c4ccc(-c5sc(C6=C7C(=O)N(CCCC(CCCCCCCCCCCCCC)CCCCCCCCCCCCCC)C(c8cc(C#N)c(*)s8)=C7C(=O)N6CCCC(CCCCCCCCCCCCCC)CCCCCCCCCCCCCC)cc5C#N)s4)=C3C(=O)N2CCCCCCCCCCCC)s1,1,0.0,1,0.31,0.0,-3.95,-5.46,*c1sc(C2=C3C(=O)N(CCCC(CCCCCCCCCCCCCC)CCCCCCCCCCCCCC)C(c4cc(C#N)c(*)s4)=C3C(=O)N2CCCC(CCCCCCCCCCCCCC)CCCCCCCCCCCCCC)cc1C#N,*c1ccc(C2=C3C(=O)N(CCCCCCCCCCCC)C(c4ccc(*)s4)=C3C(=O)N2CCCCCCCCCCCC)s1,PFSe,*c1ccc(C2=C3C(=O)N(CCCCCCCCCCCC)C(c4ccc(-c5sc(C6=C7C(=O)N(CCCC(CCCCCCCCCCCCCC)CCCCCCCCCCCCCC)C(c8cc(F)c(*)s8)=C7C(=O)N6CCCC(CCCCCCCCCCCCCC)CCCCCCCCCCCCCC)cc5F)[se]4)=C3C(=O)N2CCCCCCCCCCCC)[se]1,1,0.0,1,1.86,0.76,-3.65,-5.29,*c1sc(C2=C3C(=O)N(CCCC(CCCCCCCCCCCCCC)CCCCCCCCCCCCCC)C(c4cc(F)c(*)s4)=C3C(=O)N2CCCC(CCCCCCCCCCCCCC)CCCCCCCCCCCCCC)cc1F,*c1ccc(C2=C3C(=O)N(CCCCCCCCCCCC)C(c4ccc(*)[se]4)=C3C(=O)N2CCCCCCCCCCCC)[se]1
10.1021/acs.macromol.6c00635,PCNTh,*c1ccc(C2=C3C(=O)N(CCCCCCCCCCCC)C(c4ccc(-c5sc(C6=C7C(=O)N(CCCC(CCCCCCCCCCCCCC)CCCCCCCCCCCCCC)C(c8cc(C#N)c(*)s8)=C7C(=O)N6CCCC(CCCCCCCCCCCCCC)CCCCCCCCCCCCCC)cc5C#N)s4)=C3C(=O)N2CCCCCCCCCCCC)s1,1,0.0,1,0.31,0.0,-3.95,-5.46,*c1sc(C2=C3C(=O)N(CCCC(CCCCCCCCCCCCCC)CCCCCCCCCCCCCC)C(c4cc(C#N)c(*)s4)=C3C(=O)N2CCCC(CCCCCCCCCCCCCC)CCCCCCCCCCCCCC)cc1C#N,*c1ccc(C2=C3C(=O)N(CCCCCCCCCCCC)C(c4ccc(*)s4)=C3C(=O)N2CCCCCCCCCCCC)s1,PClSe,*c1ccc(C2=C3C(=O)N(CCCCCCCCCCCC)C(c4ccc(-c5sc(C6=C7C(=O)N(CCCC(CCCCCCCCCCCCCC)CCCCCCCCCCCCCC)C(c8cc(Cl)c(*)s8)=C7C(=O)N6CCCC(CCCCCCCCCCCCCC)CCCCCCCCCCCCCC)cc5Cl)[se]4)=C3C(=O)N2CCCCCCCCCCCC)[se]1,1,0.0,1,0.83,0.23,-3.61,-5.24,*c1sc(C2=C3C(=O)N(CCCC(CCCCCCCCCCCCCC)CCCCCCCCCCCCCC)C(c4cc(Cl)c(*)s4)=C3C(=O)N2CCCC(CCCCCCCCCCCCCC)CCCCCCCCCCCCCC)cc1Cl,*c1ccc(C2=C3C(=O)N(CCCCCCCCCCCC)C(c4ccc(*)[se]4)=C3C(=O)N2CCCCCCCCCCCC)[se]1
10.1021/acs.macromol.6c00635,PCNTh,*c1ccc(C2=C3C(=O)N(CCCCCCCCCCCC)C(c4ccc(-c5sc(C6=C7C(=O)N(CCCC(CCCCCCCCCCCCCC)CCCCCCCCCCCCCC)C(c8cc(C#N)c(*)s8)=C7C(=O)N6CCCC(CCCCCCCCCCCCCC)CCCCCCCCCCCCCC)cc5C#N)s4)=C3C(=O)N2CCCCCCCCCCCC)s1,1,0.0,1,0.31,0.0,-3.95,-5.46,*c1sc(C2=C3C(=O)N(CCCC(CCCCCCCCCCCCCC)CCCCCCCCCCCCCC)C(c4cc(C#N)c(*)s4)=C3C(=O)N2CCCC(CCCCCCCCCCCCCC)CCCCCCCCCCCCCC)cc1C#N,*c1ccc(C2=C3C(=O)N(CCCCCCCCCCCC)C(c4ccc(*)s4)=C3C(=O)N2CCCCCCCCCCCC)s1,PCNSe,*c1ccc(C2=C3C(=O)N(CCCCCCCCCCCC)C(c4ccc(-c5sc(C6=C7C(=O)N(CCCC(CCCCCCCCCCCCCC)CCCCCCCCCCCCCC)C(c8cc(C#N)c(*)s8)=C7C(=O)N6CCCC(CCCCCCCCCCCCCC)CCCCCCCCCCCCCC)cc5C#N)[se]4)=C3C(=O)N2CCCCCCCCCCCC)[se]1,1,0.0,1,0.42,0.0,-3.99,-5.46,*c1sc(C2=C3C(=O)N(CCCC(CCCCCCCCCCCCCC)CCCCCCCCCCCCCC)C(c4cc(C#N)c(*)s4)=C3C(=O)N2CCCC(CCCCCCCCCCCCCC)CCCCCCCCCCCCCC)cc1C#N,*c1ccc(C2=C3C(=O)N(CCCCCCCCCCCC)C(c4ccc(*)[se]4)=C3C(=O)N2CCCCCCCCCCCC)[se]1
10.1021/acs.macromol.6c00635,PFSe,*c1ccc(C2=C3C(=O)N(CCCCCCCCCCCC)C(c4ccc(-c5sc(C6=C7C(=O)N(CCCC(CCCCCCCCCCCCCC)CCCCCCCCCCCCCC)C(c8cc(F)c(*)s8)=C7C(=O)N6CCCC(CCCCCCCCCCCCCC)CCCCCCCCCCCCCC)cc5F)[se]4)=C3C(=O)N2CCCCCCCCCCCC)[se]1,1,0.0,1,1.86,0.76,-3.65,-5.29,*c1sc(C2=C3C(=O)N(CCCC(CCCCCCCCCCCCCC)CCCCCCCCCCCCCC)C(c4cc(F)c(*)s4)=C3C(=O)N2CCCC(CCCCCCCCCCCCCC)CCCCCCCCCCCCCC)cc1F,*c1ccc(C2=C3C(=O)N(CCCCCCCCCCCC)C(c4ccc(*)[se]4)=C3C(=O)N2CCCCCCCCCCCC)[se]1,PClSe,*c1ccc(C2=C3C(=O)N(CCCCCCCCCCCC)C(c4ccc(-c5sc(C6=C7C(=O)N(CCCC(CCCCCCCCCCCCCC)CCCCCCCCCCCCCC)C(c8cc(Cl)c(*)s8)=C7C(=O)N6CCCC(CCCCCCCCCCCCCC)CCCCCCCCCCCCCC)cc5Cl)[se]4)=C3C(=O)N2CCCCCCCCCCCC)[se]1,1,0.0,1,0.83,0.23,-3.61,-5.24,*c1sc(C2=C3C(=O)N(CCCC(CCCCCCCCCCCCCC)CCCCCCCCCCCCCC)C(c4cc(Cl)c(*)s4)=C3C(=O)N2CCCC(CCCCCCCCCCCCCC)CCCCCCCCCCCCCC)cc1Cl,*c1ccc(C2=C3C(=O)N(CCCCCCCCCCCC)C(c4ccc(*)[se]4)=C3C(=O)N2CCCCCCCCCCCC)[se]1
10.1021/acs.macromol.6c00635,PFSe,*c1ccc(C2=C3C(=O)N(CCCCCCCCCCCC)C(c4ccc(-c5sc(C6=C7C(=O)N(CCCC(CCCCCCCCCCCCCC)CCCCCCCCCCCCCC)C(c8cc(F)c(*)s8)=C7C(=O)N6CCCC(CCCCCCCCCCCCCC)CCCCCCCCCCCCCC)cc5F)[se]4)=C3C(=O)N2CCCCCCCCCCCC)[se]1,1,0.0,1,1.86,0.76,-3.65,-5.29,*c1sc(C2=C3C(=O)N(CCCC(CCCCCCCCCCCCCC)CCCCCCCCCCCCCC)C(c4cc(F)c(*)s4)=C3C(=O)N2CCCC(CCCCCCCCCCCCCC)CCCCCCCCCCCCCC)cc1F,*c1ccc(C2=C3C(=O)N(CCCCCCCCCCCC)C(c4ccc(*)[se]4)=C3C(=O)N2CCCCCCCCCCCC)[se]1,PCNSe,*c1ccc(C2=C3C(=O)N(CCCCCCCCCCCC)C(c4ccc(-c5sc(C6=C7C(=O)N(CCCC(CCCCCCCCCCCCCC)CCCCCCCCCCCCCC)C(c8cc(C#N)c(*)s8)=C7C(=O)N6CCCC(CCCCCCCCCCCCCC)CCCCCCCCCCCCCC)cc5C#N)[se]4)=C3C(=O)N2CCCCCCCCCCCC)[se]1,1,0.0,1,0.42,0.0,-3.99,-5.46,*c1sc(C2=C3C(=O)N(CCCC(CCCCCCCCCCCCCC)CCCCCCCCCCCCCC)C(c4cc(C#N)c(*)s4)=C3C(=O)N2CCCC(CCCCCCCCCCCCCC)CCCCCCCCCCCCCC)cc1C#N,*c1ccc(C2=C3C(=O)N(CCCCCCCCCCCC)C(c4ccc(*)[se]4)=C3C(=O)N2CCCCCCCCCCCC)[se]1
10.1021/acs.macromol.6c00635,PClSe,*c1ccc(C2=C3C(=O)N(CCCCCCCCCCCC)C(c4ccc(-c5sc(C6=C7C(=O)N(CCCC(CCCCCCCCCCCCCC)CCCCCCCCCCCCCC)C(c8cc(Cl)c(*)s8)=C7C(=O)N6CCCC(CCCCCCCCCCCCCC)CCCCCCCCCCCCCC)cc5Cl)[se]4)=C3C(=O)N2CCCCCCCCCCCC)[se]1,1,0.0,1,0.83,0.23,-3.61,-5.24,*c1sc(C2=C3C(=O)N(CCCC(CCCCCCCCCCCCCC)CCCCCCCCCCCCCC)C(c4cc(Cl)c(*)s4)=C3C(=O)N2CCCC(CCCCCCCCCCCCCC)CCCCCCCCCCCCCC)cc1Cl,*c1ccc(C2=C3C(=O)N(CCCCCCCCCCCC)C(c4ccc(*)[se]4)=C3C(=O)N2CCCCCCCCCCCC)[se]1,PCNSe,*c1ccc(C2=C3C(=O)N(CCCCCCCCCCCC)C(c4ccc(-c5sc(C6=C7C(=O)N(CCCC(CCCCCCCCCCCCCC)CCCCCCCCCCCCCC)C(c8cc(C#N)c(*)s8)=C7C(=O)N6CCCC(CCCCCCCCCCCCCC)CCCCCCCCCCCCCC)cc5C#N)[se]4)=C3C(=O)N2CCCCCCCCCCCC)[se]1,1,0.0,1,0.42,0.0,-3.99,-5.46,*c1sc(C2=C3C(=O)N(CCCC(CCCCCCCCCCCCCC)CCCCCCCCCCCCCC)C(c4cc(C#N)c(*)s4)=C3C(=O)N2CCCC(CCCCCCCCCCCCCC)CCCCCCCCCCCCCC)cc1C#N,*c1ccc(C2=C3C(=O)N(CCCCCCCCCCCC)C(c4ccc(*)[se]4)=C3C(=O)N2CCCCCCCCCCCC)[se]1
10.1021/acs.macromol.7b00624,P29-DPP-TVT,*c1ccc(/C=C/c2ccc(-c3ccc(C4=C5C(=O)N(CCCCCCC(CCCCCCCCCC)CCCCCCCCCCCC)C(c6ccc(*)s6)=C5C(=O)N4CCCCCCC(CCCCCCCCCC)CCCCCCCCCCCC)s3)s2)s1,1,0.0,1,0.0,0.76,-4.02,-5.41,*c1ccc(/C=C/c2ccc(*)s2)s1,*c1ccc(C2=C3C(=O)N(CCCCCCC(CCCCCCCCCC)CCCCCCCCCCCC)C(c4ccc(*)s4)=C3C(=O)N2CCCCCCC(CCCCCCCCCC)CCCCCCCCCCCC)s1,P29-DPP-TBT,*c1ccc(/C=C/C=C/c2ccc(-c3ccc(C4=C5C(=O)N(CCCCCCC(CCCCCCCCCC)CCCCCCCCCCCC)C(c6ccc(*)s6)=C5C(=O)N4CCCCCCC(CCCCCCCCCC)CCCCCCCCCCCC)s3)s2)s1,1,0.0,1,0.0,1.15,-3.94,-5.32,*c1ccc(/C=C/C=C/c2ccc(*)s2)s1,*c1ccc(C2=C3C(=O)N(CCCCCCC(CCCCCCCCCC)CCCCCCCCCCCC)C(c4ccc(*)s4)=C3C(=O)N2CCCCCCC(CCCCCCCCCC)CCCCCCCCCCCC)s1
10.1021/acs.macromol.7b01198,DPP-DPP,*c1ccc(C2=C3C(=O)N(CCCCCCCCCCCC)C(c4ccc(-c5ccc(C6=C7C(=O)N(CC(CCCCCCCC)CCCCCCCCCC)C(c8ccc(*)s8)=C7C(=O)N6CC(CCCCCCCC)CCCCCCCCCC)s5)s4)=C3C(=O)N2CCCCCCCCCCCC)s1,1,0.0,1,0.19,0.22,-4.14,-5.45,*c1ccc(C2=C3C(=O)N(CC(CCCCCCCC)CCCCCCCCCC)C(c4ccc(*)s4)=C3C(=O)N2CC(CCCCCCCC)CCCCCCCCCC)s1,*c1ccc(C2=C3C(=O)N(CCCCCCCCCCCC)C(c4ccc(*)s4)=C3C(=O)N2CCCCCCCCCCCC)s1,FDPP-DPP,*c1ccc(C2=C3C(=O)N(CC(CCCCCCCC)CCCCCCCCCC)C(c4ccc(-c5sc(C6=C7C(=O)N(CCCCCCCCCCCC)C(c8cc(F)c(*)s8)=C7C(=O)N6CCCCCCCCCCCC)cc5F)s4)=C3C(=O)N2CC(CCCCCCCC)CCCCCCCCCC)s1,1,0.0,1,0.51,0.8,-4.04,-5.71,*c1ccc(C2=C3C(=O)N(CC(CCCCCCCC)CCCCCCCCCC)C(c4ccc(*)s4)=C3C(=O)N2CC(CCCCCCCC)CCCCCCCCCC)s1,*c1sc(C2=C3C(=O)N(CCCCCCCCCCCC)C(c4cc(F)c(*)s4)=C3C(=O)N2CCCCCCCCCCCC)cc1F
10.1021/acs.macromol.7b01524,2DPP-TVT,*c1ccc(/C=C/c2ccc(-c3ccc(C4=C5C(=O)N(CCCCCCC(CCCCCCCCCCCC)CCCCCCCCCCCCCC)C(c6ccc(*)s6)=C5C(=O)N4CCCCCCC(CCCCCCCCCCCC)CCCCCCCCCCCCCC)s3)s2)s1,1,0.0,1,1.63,0.0,-3.78,-5.13,*c1ccc(/C=C/c2ccc(*)s2)s1,*c1ccc(C2=C3C(=O)N(CCCCCCC(CCCCCCCCCCCC)CCCCCCCCCCCCCC)C(c4ccc(*)s4)=C3C(=O)N2CCCCCCC(CCCCCCCCCCCC)CCCCCCCCCCCCCC)s1,2DPP-2CNTVT,*c1ccc(C2=C3C(=O)N(CCCCCCC(CCCCCCCCCCCC)CCCCCCCCCCCCCC)C(c4ccc(-c5cc(C#N)c(/C=C/c6sc(*)cc6C#N)s5)s4)=C3C(=O)N2CCCCCCC(CCCCCCCCCCCC)CCCCCCCCCCCCCC)s1,1,0.0,1,1.2,0.0,-4.18,-5.49,*c1cc(C#N)c(/C=C/c2sc(*)cc2C#N)s1,*c1ccc(C2=C3C(=O)N(CCCCCCC(CCCCCCCCCCCC)CCCCCCCCCCCCCC)C(c4ccc(*)s4)=C3C(=O)N2CCCCCCC(CCCCCCCCCCCC)CCCCCCCCCCCCCC)s1
10.1021/acs.macromol.7b01575,isoIID(N-DBND-2T),*c1ccc2c3c(=O)n(CCC(CCCCCCCCCCCCCC)CCCCCCCCCCCCCC)c4cc(-c5ccc(-c6ccc(*)s6)s5)ccc4c3c(=O)n(CCC(CCCCCCCCCCCCCC)CCCCCCCCCCCCCC)c2c1,1,0.0,1,0.0,0.55,-3.39,-5.55,*c1ccc(-c2ccc(*)s2)s1,*c1ccc2c3c(=O)n(CCC(CCCCCCCCCCCCCC)CCCCCCCCCCCCCC)c4cc(*)ccc4c3c(=O)n(CCC(CCCCCCCCCCCCCC)CCCCCCCCCCCCCC)c2c1,OisoIID(O-DBND-2T),*c1ccc2c(c1)nc(OCCC(CCCCCCCCCCCCCC)CCCCCCCCCCCCCC)c1c3ccc(-c4ccc(-c5ccc(*)s5)s4)cc3nc(OCCC(CCCCCCCCCCCCCC)CCCCCCCCCCCCCC)c21,1,0.0,1,0.0,0.006,-3.15,-5.44,*c1ccc(-c2ccc(*)s2)s1,*c1ccc2c(c1)nc(OCCC(CCCCCCCCCCCCCC)CCCCCCCCCCCCCC)c1c3ccc(*)cc3nc(OCCC(CCCCCCCCCCCCCC)CCCCCCCCCCCCCC)c21
10.1021/acs.macromol.7b02401,PD-CST,*c1ccc(C2=C3C(=O)N(CC(CCCCCCCCCC)CCCCCCCCCCCC)C(c4ccc(-c5ccc(/C=C(\C#N)c6ccc(*)s6)cc5)s4)=C3C(=O)N2CC(CCCCCCCCCC)CCCCCCCCCCCC)s1,1,0.0,0,0.0015,0.0089,-3.38,-5.29,*c1ccc(C2=C3C(=O)N(CC(CCCCCCCCCC)CCCCCCCCCCCC)C(c4ccc(*)s4)=C3C(=O)N2CC(CCCCCCCCCC)CCCCCCCCCCCC)s1,*c1ccc(/C=C(\C#N)c2ccc(*)s2)cc1,PD-3F-CST,*c1ccc(C2=C3C(=O)N(CC(CCCCCCCCCC)CCCCCCCCCCCC)C(c4ccc(-c5ccc(/C=C(\C#N)c6ccc(*)s6)cc5F)s4)=C3C(=O)N2CC(CCCCCCCCCC)CCCCCCCCCCCC)s1,1,0.0,0,0.13,0.039,-3.42,-5.46,*c1ccc(C2=C3C(=O)N(CC(CCCCCCCCCC)CCCCCCCCCCCC)C(c4ccc(*)s4)=C3C(=O)N2CC(CCCCCCCCCC)CCCCCCCCCCCC)s1,*c1ccc(/C(C#N)=C/c2ccc(*)c(F)c2)s1
10.1021/acs.macromol.7b02401,PD-CST,*c1ccc(C2=C3C(=O)N(CC(CCCCCCCCCC)CCCCCCCCCCCC)C(c4ccc(-c5ccc(/C=C(\C#N)c6ccc(*)s6)cc5)s4)=C3C(=O)N2CC(CCCCCCCCCC)CCCCCCCCCCCC)s1,1,0.0,0,0.0015,0.0089,-3.38,-5.29,*c1ccc(C2=C3C(=O)N(CC(CCCCCCCCCC)CCCCCCCCCCCC)C(c4ccc(*)s4)=C3C(=O)N2CC(CCCCCCCCCC)CCCCCCCCCCCC)s1,*c1ccc(/C=C(\C#N)c2ccc(*)s2)cc1,PD-23F-CST,*c1ccc(C2=C3C(=O)N(CC(CCCCCCCCCC)CCCCCCCCCCCC)C(c4ccc(-c5ccc(/C=C(\C#N)c6ccc(*)s6)c(F)c5F)s4)=C3C(=O)N2CC(CCCCCCCCCC)CCCCCCCCCCCC)s1,1,0.0,0,0.25,0.03,-3.51,-5.52,*c1ccc(C2=C3C(=O)N(CC(CCCCCCCCCC)CCCCCCCCCCCC)C(c4ccc(*)s4)=C3C(=O)N2CC(CCCCCCCCCC)CCCCCCCCCCCC)s1,*c1ccc(/C(C#N)=C/c2ccc(*)c(F)c2F)s1
10.1021/acs.macromol.7b02401,PD-CST,*c1ccc(C2=C3C(=O)N(CC(CCCCCCCCCC)CCCCCCCCCCCC)C(c4ccc(-c5ccc(/C=C(\C#N)c6ccc(*)s6)cc5)s4)=C3C(=O)N2CC(CCCCCCCCCC)CCCCCCCCCCCC)s1,1,0.0,0,0.0015,0.0089,-3.38,-5.29,*c1ccc(C2=C3C(=O)N(CC(CCCCCCCCCC)CCCCCCCCCCCC)C(c4ccc(*)s4)=C3C(=O)N2CC(CCCCCCCCCC)CCCCCCCCCCCC)s1,*c1ccc(/C=C(\C#N)c2ccc(*)s2)cc1,PD-25F-CST,*c1ccc(C2=C3C(=O)N(CC(CCCCCCCCCC)CCCCCCCCCCCC)C(c4ccc(-c5cc(F)c(/C=C(\C#N)c6ccc(*)s6)cc5F)s4)=C3C(=O)N2CC(CCCCCCCCCC)CCCCCCCCCCCC)s1,1,0.0,0,0.53,0.033,-3.53,-5.48,*c1ccc(C2=C3C(=O)N(CC(CCCCCCCCCC)CCCCCCCCCCCC)C(c4ccc(*)s4)=C3C(=O)N2CC(CCCCCCCCCC)CCCCCCCCCCCC)s1,*c1ccc(/C(C#N)=C/c2cc(F)c(*)cc2F)s1
10.1021/acs.macromol.7b02401,PD-3F-CST,*c1ccc(C2=C3C(=O)N(CC(CCCCCCCCCC)CCCCCCCCCCCC)C(c4ccc(-c5ccc(/C=C(\C#N)c6ccc(*)s6)cc5F)s4)=C3C(=O)N2CC(CCCCCCCCCC)CCCCCCCCCCCC)s1,1,0.0,0,0.13,0.039,-3.42,-5.46,*c1ccc(C2=C3C(=O)N(CC(CCCCCCCCCC)CCCCCCCCCCCC)C(c4ccc(*)s4)=C3C(=O)N2CC(CCCCCCCCCC)CCCCCCCCCCCC)s1,*c1ccc(/C(C#N)=C/c2ccc(*)c(F)c2)s1,PD-23F-CST,*c1ccc(C2=C3C(=O)N(CC(CCCCCCCCCC)CCCCCCCCCCCC)C(c4ccc(-c5ccc(/C=C(\C#N)c6ccc(*)s6)c(F)c5F)s4)=C3C(=O)N2CC(CCCCCCCCCC)CCCCCCCCCCCC)s1,1,0.0,0,0.25,0.03,-3.51,-5.52,*c1ccc(C2=C3C(=O)N(CC(CCCCCCCCCC)CCCCCCCCCCCC)C(c4ccc(*)s4)=C3C(=O)N2CC(CCCCCCCCCC)CCCCCCCCCCCC)s1,*c1ccc(/C(C#N)=C/c2ccc(*)c(F)c2F)s1
10.1021/acs.macromol.7b02401,PD-3F-CST,*c1ccc(C2=C3C(=O)N(CC(CCCCCCCCCC)CCCCCCCCCCCC)C(c4ccc(-c5ccc(/C=C(\C#N)c6ccc(*)s6)cc5F)s4)=C3C(=O)N2CC(CCCCCCCCCC)CCCCCCCCCCCC)s1,1,0.0,0,0.13,0.039,-3.42,-5.46,*c1ccc(C2=C3C(=O)N(CC(CCCCCCCCCC)CCCCCCCCCCCC)C(c4ccc(*)s4)=C3C(=O)N2CC(CCCCCCCCCC)CCCCCCCCCCCC)s1,*c1ccc(/C(C#N)=C/c2ccc(*)c(F)c2)s1,PD-25F-CST,*c1ccc(C2=C3C(=O)N(CC(CCCCCCCCCC)CCCCCCCCCCCC)C(c4ccc(-c5cc(F)c(/C=C(\C#N)c6ccc(*)s6)cc5F)s4)=C3C(=O)N2CC(CCCCCCCCCC)CCCCCCCCCCCC)s1,1,0.0,0,0.53,0.033,-3.53,-5.48,*c1ccc(C2=C3C(=O)N(CC(CCCCCCCCCC)CCCCCCCCCCCC)C(c4ccc(*)s4)=C3C(=O)N2CC(CCCCCCCCCC)CCCCCCCCCCCC)s1,*c1ccc(/C(C#N)=C/c2cc(F)c(*)cc2F)s1
10.1021/acs.macromol.7b02401,PD-23F-CST,*c1ccc(C2=C3C(=O)N(CC(CCCCCCCCCC)CCCCCCCCCCCC)C(c4ccc(-c5ccc(/C=C(\C#N)c6ccc(*)s6)c(F)c5F)s4)=C3C(=O)N2CC(CCCCCCCCCC)CCCCCCCCCCCC)s1,1,0.0,0,0.25,0.03,-3.51,-5.52,*c1ccc(C2=C3C(=O)N(CC(CCCCCCCCCC)CCCCCCCCCCCC)C(c4ccc(*)s4)=C3C(=O)N2CC(CCCCCCCCCC)CCCCCCCCCCCC)s1,*c1ccc(/C(C#N)=C/c2ccc(*)c(F)c2F)s1,PD-25F-CST,*c1ccc(C2=C3C(=O)N(CC(CCCCCCCCCC)CCCCCCCCCCCC)C(c4ccc(-c5cc(F)c(/C=C(\C#N)c6ccc(*)s6)cc5F)s4)=C3C(=O)N2CC(CCCCCCCCCC)CCCCCCCCCCCC)s1,1,0.0,0,0.53,0.033,-3.53,-5.48,*c1ccc(C2=C3C(=O)N(CC(CCCCCCCCCC)CCCCCCCCCCCC)C(c4ccc(*)s4)=C3C(=O)N2CC(CCCCCCCCCC)CCCCCCCCCCCC)s1,*c1ccc(/C(C#N)=C/c2cc(F)c(*)cc2F)s1
10.1021/acs.macromol.8b00748,NDI-T-1FP-T,*c1ccc(-c2ccc(-c3ccc(-c4cc5c6c(c(*)cc7c6c4C(=O)N(CC(CCCCCCCC)CCCCCCCCCC)C7=O)C(=O)N(CC(CCCCCCCC)CCCCCCCCCC)C5=O)s3)cc2F)s1,1,0.0,0,0.59,0.09,-3.73,-5.29,*c1ccc(-c2ccc(-c3ccc(*)s3)c(F)c2)s1,*c1cc2c3c(c(*)cc4c3c1C(=O)N(CC(CCCCCCCC)CCCCCCCCCC)C4=O)C(=O)N(CC(CCCCCCCC)CCCCCCCCCC)C2=O,NDI-T-2FP-T,*c1ccc(-c2cc(F)c(-c3ccc(-c4cc5c6c(c(*)cc7c6c4C(=O)N(CC(CCCCCCCC)CCCCCCCCCC)C7=O)C(=O)N(CC(CCCCCCCC)CCCCCCCCCC)C5=O)s3)cc2F)s1,1,0.0,1,0.39,0.07,-3.72,-5.35,*c1ccc(-c2cc(F)c(-c3ccc(*)s3)cc2F)s1,*c1cc2c3c(c(*)cc4c3c1C(=O)N(CC(CCCCCCCC)CCCCCCCCCC)C4=O)C(=O)N(CC(CCCCCCCC)CCCCCCCCCC)C2=O
10.1021/acs.macromol.8b00748,NDI-T-1FP-T,*c1ccc(-c2ccc(-c3ccc(-c4cc5c6c(c(*)cc7c6c4C(=O)N(CC(CCCCCCCC)CCCCCCCCCC)C7=O)C(=O)N(CC(CCCCCCCC)CCCCCCCCCC)C5=O)s3)cc2F)s1,1,0.0,0,0.59,0.09,-3.73,-5.29,*c1ccc(-c2ccc(-c3ccc(*)s3)c(F)c2)s1,*c1cc2c3c(c(*)cc4c3c1C(=O)N(CC(CCCCCCCC)CCCCCCCCCC)C4=O)C(=O)N(CC(CCCCCCCC)CCCCCCCCCC)C2=O,NDI-T-4FP-T,*c1ccc(-c2c(F)c(F)c(-c3ccc(-c4cc5c6c(c(*)cc7c6c4C(=O)N(CC(CCCCCCCC)CCCCCCCCCC)C7=O)C(=O)N(CC(CCCCCCCC)CCCCCCCCCC)C5=O)s3)c(F)c2F)s1,1,0.0,1,0.31,0.0,-3.77,-5.46,*c1ccc(-c2c(F)c(F)c(-c3ccc(*)s3)c(F)c2F)s1,*c1cc2c3c(c(*)cc4c3c1C(=O)N(CC(CCCCCCCC)CCCCCCCCCC)C4=O)C(=O)N(CC(CCCCCCCC)CCCCCCCCCC)C2=O
10.1021/acs.macromol.8b00748,NDI-T-2FP-T,*c1ccc(-c2cc(F)c(-c3ccc(-c4cc5c6c(c(*)cc7c6c4C(=O)N(CC(CCCCCCCC)CCCCCCCCCC)C7=O)C(=O)N(CC(CCCCCCCC)CCCCCCCCCC)C5=O)s3)cc2F)s1,1,0.0,1,0.39,0.07,-3.72,-5.35,*c1ccc(-c2cc(F)c(-c3ccc(*)s3)cc2F)s1,*c1cc2c3c(c(*)cc4c3c1C(=O)N(CC(CCCCCCCC)CCCCCCCCCC)C4=O)C(=O)N(CC(CCCCCCCC)CCCCCCCCCC)C2=O,NDI-T-4FP-T,*c1ccc(-c2c(F)c(F)c(-c3ccc(-c4cc5c6c(c(*)cc7c6c4C(=O)N(CC(CCCCCCCC)CCCCCCCCCC)C7=O)C(=O)N(CC(CCCCCCCC)CCCCCCCCCC)C5=O)s3)c(F)c2F)s1,1,0.0,1,0.31,0.0,-3.77,-5.46,*c1ccc(-c2c(F)c(F)c(-c3ccc(*)s3)c(F)c2F)s1,*c1cc2c3c(c(*)cc4c3c1C(=O)N(CC(CCCCCCCC)CCCCCCCCCC)C4=O)C(=O)N(CC(CCCCCCCC)CCCCCCCCCC)C2=O
10.1021/acs.macromol.8b00839,PBABDF-TVT,*c1ccc2c(n1)N(CCCC(CCCCCCCCCCCCCCCCCC)CCCCCCCCCCCCCCCCCC)C(=O)/C2=C1/C(=O)Oc2cc3c(cc21)OC(=O)/C3=C1/C(=O)N(CCCC(CCCCCCCCCCCCCCCCCC)CCCCCCCCCCCCCCCCCC)c2nc(-c3ccc(/C=C/c4ccc(*)s4)s3)ccc21,1,0.0,1,2.42,0.0,-4.02,-5.63,*c1ccc(/C=C/c2ccc(*)s2)s1,*c1ccc2c(n1)N(CCCC(CCCCCCCCCCCCCCCCCC)CCCCCCCCCCCCCCCCCC)C(=O)/C2=C1/C(=O)Oc2cc3c(cc21)OC(=O)/C3=C1/C(=O)N(CCCC(CCCCCCCCCCCCCCCCCC)CCCCCCCCCCCCCCCCCC)c2nc(*)ccc21,PBABDF-TCNT,*c1ccc2c(n1)N(CCCC(CCCCCCCCCCCCCCCCCC)CCCCCCCCCCCCCCCCCC)C(=O)/C2=C1/C(=O)Oc2cc3c(cc21)OC(=O)/C3=C1/C(=O)N(CCCC(CCCCCCCCCCCCCCCCCC)CCCCCCCCCCCCCCCCCC)c2nc(-c3ccc(/C(C#N)=C/c4ccc(*)s4)s3)ccc21,1,0.0,0,0.74,0.0,-4.15,-5.88,*c1ccc(/C=C(\C#N)c2ccc(*)s2)s1,*c1ccc2c(n1)N(CCCC(CCCCCCCCCCCCCCCCCC)CCCCCCCCCCCCCCCCCC)C(=O)/C2=C1/C(=O)Oc2cc3c(cc21)OC(=O)/C3=C1/C(=O)N(CCCC(CCCCCCCCCCCCCCCCCC)CCCCCCCCCCCCCCCCCC)c2nc(*)ccc21
10.1021/acs.macromol.8b00839,PBABDF-TVT,*c1ccc2c(n1)N(CCCC(CCCCCCCCCCCCCCCCCC)CCCCCCCCCCCCCCCCCC)C(=O)/C2=C1/C(=O)Oc2cc3c(cc21)OC(=O)/C3=C1/C(=O)N(CCCC(CCCCCCCCCCCCCCCCCC)CCCCCCCCCCCCCCCCCC)c2nc(-c3ccc(/C=C/c4ccc(*)s4)s3)ccc21,1,0.0,1,2.42,0.0,-4.02,-5.63,*c1ccc(/C=C/c2ccc(*)s2)s1,*c1ccc2c(n1)N(CCCC(CCCCCCCCCCCCCCCCCC)CCCCCCCCCCCCCCCCCC)C(=O)/C2=C1/C(=O)Oc2cc3c(cc21)OC(=O)/C3=C1/C(=O)N(CCCC(CCCCCCCCCCCCCCCCCC)CCCCCCCCCCCCCCCCCC)c2nc(*)ccc21,PBABDF-TZ,*c1ccc2c(n1)N(CCCC(CCCCCCCCCCCCCCCCCC)CCCCCCCCCCCCCCCCCC)C(=O)/C2=C1/C(=O)Oc2cc3c(cc21)OC(=O)/C3=C1/C(=O)N(CCCC(CCCCCCCCCCCCCCCCCC)CCCCCCCCCCCCCCCCCC)c2nc(-c3cnc(-c4ncc(*)s4)s3)ccc21,1,0.0,1,0.055,0.0,-4.28,-6.06,*c1cnc(-c2ncc(*)s2)s1,*c1ccc2c(n1)N(CCCC(CCCCCCCCCCCCCCCCCC)CCCCCCCCCCCCCCCCCC)C(=O)/C2=C1/C(=O)Oc2cc3c(cc21)OC(=O)/C3=C1/C(=O)N(CCCC(CCCCCCCCCCCCCCCCCC)CCCCCCCCCCCCCCCCCC)c2nc(*)ccc21
10.1021/acs.macromol.8b00839,PBABDF-TCNT,*c1ccc2c(n1)N(CCCC(CCCCCCCCCCCCCCCCCC)CCCCCCCCCCCCCCCCCC)C(=O)/C2=C1/C(=O)Oc2cc3c(cc21)OC(=O)/C3=C1/C(=O)N(CCCC(CCCCCCCCCCCCCCCCCC)CCCCCCCCCCCCCCCCCC)c2nc(-c3ccc(/C(C#N)=C/c4ccc(*)s4)s3)ccc21,1,0.0,0,0.74,0.0,-4.15,-5.88,*c1ccc(/C=C(\C#N)c2ccc(*)s2)s1,*c1ccc2c(n1)N(CCCC(CCCCCCCCCCCCCCCCCC)CCCCCCCCCCCCCCCCCC)C(=O)/C2=C1/C(=O)Oc2cc3c(cc21)OC(=O)/C3=C1/C(=O)N(CCCC(CCCCCCCCCCCCCCCCCC)CCCCCCCCCCCCCCCCCC)c2nc(*)ccc21,PBABDF-TZ,*c1ccc2c(n1)N(CCCC(CCCCCCCCCCCCCCCCCC)CCCCCCCCCCCCCCCCCC)C(=O)/C2=C1/C(=O)Oc2cc3c(cc21)OC(=O)/C3=C1/C(=O)N(CCCC(CCCCCCCCCCCCCCCCCC)CCCCCCCCCCCCCCCCCC)c2nc(-c3cnc(-c4ncc(*)s4)s3)ccc21,1,0.0,1,0.055,0.0,-4.28,-6.06,*c1cnc(-c2ncc(*)s2)s1,*c1ccc2c(n1)N(CCCC(CCCCCCCCCCCCCCCCCC)CCCCCCCCCCCCCCCCCC)C(=O)/C2=C1/C(=O)Oc2cc3c(cc21)OC(=O)/C3=C1/C(=O)N(CCCC(CCCCCCCCCCCCCCCCCC)CCCCCCCCCCCCCCCCCC)c2nc(*)ccc21
10.1021/acs.macromol.8b01112,P4F2T-C40,*c1ccc(C2=C3C(=O)N(CCCC(CCCCCCCCCCCCCCCCCC)CCCCCCCCCCCCCCCCCC)C(c4ccc(-c5sc(-c6sc(*)c(F)c6F)c(F)c5F)s4)=C3C(=O)N2CCCC(CCCCCCCCCCCCCCCCCC)CCCCCCCCCCCCCCCCCC)s1,1,0.0,1,1.21,0.69,-3.58,-5.5,*c1sc(-c2sc(*)c(F)c2F)c(F)c1F,*c1ccc(C2=C3C(=O)N(CCCC(CCCCCCCCCCCCCCCCCC)CCCCCCCCCCCCCCCCCC)C(c4ccc(*)s4)=C3C(=O)N2CCCC(CCCCCCCCCCCCCCCCCC)CCCCCCCCCCCCCCCCCC)s1,P4FTAT-C40,*c1ccc(C2=C3C(=O)N(CCCC(CCCCCCCCCCCCCCCCCC)CCCCCCCCCCCCCCCCCC)C(c4ccc(-c5sc(C#Cc6sc(*)c(F)c6F)c(F)c5F)s4)=C3C(=O)N2CCCC(CCCCCCCCCCCCCCCCCC)CCCCCCCCCCCCCCCCCC)s1,1,0.0,1,0.024,0.013,-3.57,-5.46,*c1sc(C#Cc2sc(*)c(F)c2F)c(F)c1F,*c1ccc(C2=C3C(=O)N(CCCC(CCCCCCCCCCCCCCCCCC)CCCCCCCCCCCCCCCCCC)C(c4ccc(*)s4)=C3C(=O)N2CCCC(CCCCCCCCCCCCCCCCCC)CCCCCCCCCCCCCCCCCC)s1
10.1021/acs.macromol.8b01112,P4F2T-C40,*c1ccc(C2=C3C(=O)N(CCCC(CCCCCCCCCCCCCCCCCC)CCCCCCCCCCCCCCCCCC)C(c4ccc(-c5sc(-c6sc(*)c(F)c6F)c(F)c5F)s4)=C3C(=O)N2CCCC(CCCCCCCCCCCCCCCCCC)CCCCCCCCCCCCCCCCCC)s1,1,0.0,1,1.21,0.69,-3.58,-5.5,*c1sc(-c2sc(*)c(F)c2F)c(F)c1F,*c1ccc(C2=C3C(=O)N(CCCC(CCCCCCCCCCCCCCCCCC)CCCCCCCCCCCCCCCCCC)C(c4ccc(*)s4)=C3C(=O)N2CCCC(CCCCCCCCCCCCCCCCCC)CCCCCCCCCCCCCCCCCC)s1,P4FTVT-C40,*c1ccc(C2=C3C(=O)N(CCCC(CCCCCCCCCCCCCCCCCC)CCCCCCCCCCCCCCCCCC)C(c4ccc(-c5sc(/C=C/c6sc(*)c(F)c6F)c(F)c5F)s4)=C3C(=O)N2CCCC(CCCCCCCCCCCCCCCCCC)CCCCCCCCCCCCCCCCCC)s1,1,0.0,1,3.22,1.54,-3.51,-5.39,*c1sc(/C=C/c2sc(*)c(F)c2F)c(F)c1F,*c1ccc(C2=C3C(=O)N(CCCC(CCCCCCCCCCCCCCCCCC)CCCCCCCCCCCCCCCCCC)C(c4ccc(*)s4)=C3C(=O)N2CCCC(CCCCCCCCCCCCCCCCCC)CCCCCCCCCCCCCCCCCC)s1
10.1021/acs.macromol.8b01112,P4FTAT-C40,*c1ccc(C2=C3C(=O)N(CCCC(CCCCCCCCCCCCCCCCCC)CCCCCCCCCCCCCCCCCC)C(c4ccc(-c5sc(C#Cc6sc(*)c(F)c6F)c(F)c5F)s4)=C3C(=O)N2CCCC(CCCCCCCCCCCCCCCCCC)CCCCCCCCCCCCCCCCCC)s1,1,0.0,1,0.024,0.013,-3.57,-5.46,*c1sc(C#Cc2sc(*)c(F)c2F)c(F)c1F,*c1ccc(C2=C3C(=O)N(CCCC(CCCCCCCCCCCCCCCCCC)CCCCCCCCCCCCCCCCCC)C(c4ccc(*)s4)=C3C(=O)N2CCCC(CCCCCCCCCCCCCCCCCC)CCCCCCCCCCCCCCCCCC)s1,P4FTVT-C40,*c1ccc(C2=C3C(=O)N(CCCC(CCCCCCCCCCCCCCCCCC)CCCCCCCCCCCCCCCCCC)C(c4ccc(-c5sc(/C=C/c6sc(*)c(F)c6F)c(F)c5F)s4)=C3C(=O)N2CCCC(CCCCCCCCCCCCCCCCCC)CCCCCCCCCCCCCCCCCC)s1,1,0.0,1,3.22,1.54,-3.51,-5.39,*c1sc(/C=C/c2sc(*)c(F)c2F)c(F)c1F,*c1ccc(C2=C3C(=O)N(CCCC(CCCCCCCCCCCCCCCCCC)CCCCCCCCCCCCCCCCCC)C(c4ccc(*)s4)=C3C(=O)N2CCCC(CCCCCCCCCCCCCCCCCC)CCCCCCCCCCCCCCCCCC)s1
10.1021/acs.macromol.8b01297,FVTI-BT,*c1ccc2c(c1)N(CC(CCCCCCCCCC)CCCCCCCCCCCC)C(=O)/C2=C\c1cc(F)c(/C=C/c2sc(/C=C3\C(=O)N(CC(CCCCCCCCCC)CCCCCCCCCCCC)c4cc(-c5ccc(-c6ccc(*)s6)s5)ccc43)cc2F)s1,1,0.0,1,0.0,0.33,-3.36,-5.25,*c1ccc2c(c1)N(CC(CCCCCCCCCC)CCCCCCCCCCCC)C(=O)/C2=C\c1cc(F)c(/C=C/c2sc(/C=C3\C(=O)N(CC(CCCCCCCCCC)CCCCCCCCCCCC)c4cc(*)ccc43)cc2F)s1,*c1ccc(-c2ccc(*)s2)s1,FVTI-FBT,*c1ccc2c(c1)N(CC(CCCCCCCCCC)CCCCCCCCCCCC)C(=O)/C2=C\c1cc(F)c(/C=C/c2sc(/C=C3\C(=O)N(CC(CCCCCCCCCC)CCCCCCCCCCCC)c4cc(-c5cc(F)c(-c6sc(*)cc6F)s5)ccc43)cc2F)s1,1,0.0,1,0.0,0.39,-3.39,-5.35,*c1ccc2c(c1)N(CC(CCCCCCCCCC)CCCCCCCCCCCC)C(=O)/C2=C\c1cc(F)c(/C=C/c2sc(/C=C3\C(=O)N(CC(CCCCCCCCCC)CCCCCCCCCCCC)c4cc(*)ccc43)cc2F)s1,*c1cc(F)c(-c2sc(*)cc2F)s1
10.1021/acs.macromol.8b01297,FVTI-BT,*c1ccc2c(c1)N(CC(CCCCCCCCCC)CCCCCCCCCCCC)C(=O)/C2=C\c1cc(F)c(/C=C/c2sc(/C=C3\C(=O)N(CC(CCCCCCCCCC)CCCCCCCCCCCC)c4cc(-c5ccc(-c6ccc(*)s6)s5)ccc43)cc2F)s1,1,0.0,1,0.0,0.33,-3.36,-5.25,*c1ccc2c(c1)N(CC(CCCCCCCCCC)CCCCCCCCCCCC)C(=O)/C2=C\c1cc(F)c(/C=C/c2sc(/C=C3\C(=O)N(CC(CCCCCCCCCC)CCCCCCCCCCCC)c4cc(*)ccc43)cc2F)s1,*c1ccc(-c2ccc(*)s2)s1,FVTI-DTE,*c1ccc2c(c1)N(CC(CCCCCCCCCC)CCCCCCCCCCCC)C(=O)/C2=C\c1cc(F)c(/C=C/c2sc(/C=C3\C(=O)N(CC(CCCCCCCCCC)CCCCCCCCCCCC)c4cc(-c5ccc(/C=C/c6ccc(*)s6)s5)ccc43)cc2F)s1,1,0.0,1,0.0,0.3,-3.36,-5.2,*c1ccc2c(c1)N(CC(CCCCCCCCCC)CCCCCCCCCCCC)C(=O)/C2=C\c1cc(F)c(/C=C/c2sc(/C=C3\C(=O)N(CC(CCCCCCCCCC)CCCCCCCCCCCC)c4cc(*)ccc43)cc2F)s1,*c1ccc(/C=C/c2ccc(*)s2)s1
10.1021/acs.macromol.8b01297,FVTI-BT,*c1ccc2c(c1)N(CC(CCCCCCCCCC)CCCCCCCCCCCC)C(=O)/C2=C\c1cc(F)c(/C=C/c2sc(/C=C3\C(=O)N(CC(CCCCCCCCCC)CCCCCCCCCCCC)c4cc(-c5ccc(-c6ccc(*)s6)s5)ccc43)cc2F)s1,1,0.0,1,0.0,0.33,-3.36,-5.25,*c1ccc2c(c1)N(CC(CCCCCCCCCC)CCCCCCCCCCCC)C(=O)/C2=C\c1cc(F)c(/C=C/c2sc(/C=C3\C(=O)N(CC(CCCCCCCCCC)CCCCCCCCCCCC)c4cc(*)ccc43)cc2F)s1,*c1ccc(-c2ccc(*)s2)s1,FVTI-FDTE,*c1ccc2c(c1)N(CC(CCCCCCCCCC)CCCCCCCCCCCC)C(=O)/C2=C\c1cc(F)c(/C=C/c2sc(/C=C3\C(=O)N(CC(CCCCCCCCCC)CCCCCCCCCCCC)c4cc(-c5cc(F)c(/C=C/c6sc(*)cc6F)s5)ccc43)cc2F)s1,1,0.0,1,0.0,0.48,-3.43,-5.27,*c1ccc2c(c1)N(CC(CCCCCCCCCC)CCCCCCCCCCCC)C(=O)/C2=C\c1cc(F)c(/C=C/c2sc(/C=C3\C(=O)N(CC(CCCCCCCCCC)CCCCCCCCCCCC)c4cc(*)ccc43)cc2F)s1,*c1cc(F)c(/C=C/c2sc(*)cc2F)s1
10.1021/acs.macromol.8b01297,FVTI-BT,*c1ccc2c(c1)N(CC(CCCCCCCCCC)CCCCCCCCCCCC)C(=O)/C2=C\c1cc(F)c(/C=C/c2sc(/C=C3\C(=O)N(CC(CCCCCCCCCC)CCCCCCCCCCCC)c4cc(-c5ccc(-c6ccc(*)s6)s5)ccc43)cc2F)s1,1,0.0,1,0.0,0.33,-3.36,-5.25,*c1ccc2c(c1)N(CC(CCCCCCCCCC)CCCCCCCCCCCC)C(=O)/C2=C\c1cc(F)c(/C=C/c2sc(/C=C3\C(=O)N(CC(CCCCCCCCCC)CCCCCCCCCCCC)c4cc(*)ccc43)cc2F)s1,*c1ccc(-c2ccc(*)s2)s1,FVTAI-DTE,*c1ccc2c(n1)N(CC(CCCCCCCCCC)CCCCCCCCCCCC)C(=O)/C2=C\c1cc(F)c(/C=C/c2sc(/C=C3\C(=O)N(CC(CCCCCCCCCC)CCCCCCCCCCCC)c4nc(-c5ccc(/C=C/c6ccc(*)s6)s5)ccc43)cc2F)s1,1,0.0,1,0.0,0.47,-3.89,-5.82,*c1ccc2c(n1)N(CC(CCCCCCCCCC)CCCCCCCCCCCC)C(=O)/C2=C\c1cc(F)c(/C=C/c2sc(/C=C3\C(=O)N(CC(CCCCCCCCCC)CCCCCCCCCCCC)c4nc(*)ccc43)cc2F)s1,*c1ccc(/C=C/c2ccc(*)s2)s1
10.1021/acs.macromol.8b01297,FVTI-BT,*c1ccc2c(c1)N(CC(CCCCCCCCCC)CCCCCCCCCCCC)C(=O)/C2=C\c1cc(F)c(/C=C/c2sc(/C=C3\C(=O)N(CC(CCCCCCCCCC)CCCCCCCCCCCC)c4cc(-c5ccc(-c6ccc(*)s6)s5)ccc43)cc2F)s1,1,0.0,1,0.0,0.33,-3.36,-5.25,*c1ccc2c(c1)N(CC(CCCCCCCCCC)CCCCCCCCCCCC)C(=O)/C2=C\c1cc(F)c(/C=C/c2sc(/C=C3\C(=O)N(CC(CCCCCCCCCC)CCCCCCCCCCCC)c4cc(*)ccc43)cc2F)s1,*c1ccc(-c2ccc(*)s2)s1,FVTAI-FDTE,*c1ccc2c(n1)N(CC(CCCCCCCCCC)CCCCCCCCCCCC)C(=O)/C2=C\c1cc(F)c(/C=C/c2sc(/C=C3\C(=O)N(CC(CCCCCCCCCC)CCCCCCCCCCCC)c4nc(-c5cc(F)c(/C=C/c6sc(*)cc6F)s5)ccc43)cc2F)s1,1,0.0,1,0.0,0.31,-3.93,-5.99,*c1ccc2c(n1)N(CC(CCCCCCCCCC)CCCCCCCCCCCC)C(=O)/C2=C\c1cc(F)c(/C=C/c2sc(/C=C3\C(=O)N(CC(CCCCCCCCCC)CCCCCCCCCCCC)c4nc(*)ccc43)cc2F)s1,*c1cc(F)c(/C=C/c2sc(*)cc2F)s1
10.1021/acs.macromol.8b01297,FVTI-FBT,*c1ccc2c(c1)N(CC(CCCCCCCCCC)CCCCCCCCCCCC)C(=O)/C2=C\c1cc(F)c(/C=C/c2sc(/C=C3\C(=O)N(CC(CCCCCCCCCC)CCCCCCCCCCCC)c4cc(-c5cc(F)c(-c6sc(*)cc6F)s5)ccc43)cc2F)s1,1,0.0,1,0.0,0.39,-3.39,-5.35,*c1ccc2c(c1)N(CC(CCCCCCCCCC)CCCCCCCCCCCC)C(=O)/C2=C\c1cc(F)c(/C=C/c2sc(/C=C3\C(=O)N(CC(CCCCCCCCCC)CCCCCCCCCCCC)c4cc(*)ccc43)cc2F)s1,*c1cc(F)c(-c2sc(*)cc2F)s1,FVTI-DTE,*c1ccc2c(c1)N(CC(CCCCCCCCCC)CCCCCCCCCCCC)C(=O)/C2=C\c1cc(F)c(/C=C/c2sc(/C=C3\C(=O)N(CC(CCCCCCCCCC)CCCCCCCCCCCC)c4cc(-c5ccc(/C=C/c6ccc(*)s6)s5)ccc43)cc2F)s1,1,0.0,1,0.0,0.3,-3.36,-5.2,*c1ccc2c(c1)N(CC(CCCCCCCCCC)CCCCCCCCCCCC)C(=O)/C2=C\c1cc(F)c(/C=C/c2sc(/C=C3\C(=O)N(CC(CCCCCCCCCC)CCCCCCCCCCCC)c4cc(*)ccc43)cc2F)s1,*c1ccc(/C=C/c2ccc(*)s2)s1
10.1021/acs.macromol.8b01297,FVTI-FBT,*c1ccc2c(c1)N(CC(CCCCCCCCCC)CCCCCCCCCCCC)C(=O)/C2=C\c1cc(F)c(/C=C/c2sc(/C=C3\C(=O)N(CC(CCCCCCCCCC)CCCCCCCCCCCC)c4cc(-c5cc(F)c(-c6sc(*)cc6F)s5)ccc43)cc2F)s1,1,0.0,1,0.0,0.39,-3.39,-5.35,*c1ccc2c(c1)N(CC(CCCCCCCCCC)CCCCCCCCCCCC)C(=O)/C2=C\c1cc(F)c(/C=C/c2sc(/C=C3\C(=O)N(CC(CCCCCCCCCC)CCCCCCCCCCCC)c4cc(*)ccc43)cc2F)s1,*c1cc(F)c(-c2sc(*)cc2F)s1,FVTI-FDTE,*c1ccc2c(c1)N(CC(CCCCCCCCCC)CCCCCCCCCCCC)C(=O)/C2=C\c1cc(F)c(/C=C/c2sc(/C=C3\C(=O)N(CC(CCCCCCCCCC)CCCCCCCCCCCC)c4cc(-c5cc(F)c(/C=C/c6sc(*)cc6F)s5)ccc43)cc2F)s1,1,0.0,1,0.0,0.48,-3.43,-5.27,*c1ccc2c(c1)N(CC(CCCCCCCCCC)CCCCCCCCCCCC)C(=O)/C2=C\c1cc(F)c(/C=C/c2sc(/C=C3\C(=O)N(CC(CCCCCCCCCC)CCCCCCCCCCCC)c4cc(*)ccc43)cc2F)s1,*c1cc(F)c(/C=C/c2sc(*)cc2F)s1
10.1021/acs.macromol.8b01297,FVTI-FBT,*c1ccc2c(c1)N(CC(CCCCCCCCCC)CCCCCCCCCCCC)C(=O)/C2=C\c1cc(F)c(/C=C/c2sc(/C=C3\C(=O)N(CC(CCCCCCCCCC)CCCCCCCCCCCC)c4cc(-c5cc(F)c(-c6sc(*)cc6F)s5)ccc43)cc2F)s1,1,0.0,1,0.0,0.39,-3.39,-5.35,*c1ccc2c(c1)N(CC(CCCCCCCCCC)CCCCCCCCCCCC)C(=O)/C2=C\c1cc(F)c(/C=C/c2sc(/C=C3\C(=O)N(CC(CCCCCCCCCC)CCCCCCCCCCCC)c4cc(*)ccc43)cc2F)s1,*c1cc(F)c(-c2sc(*)cc2F)s1,FVTAI-DTE,*c1ccc2c(n1)N(CC(CCCCCCCCCC)CCCCCCCCCCCC)C(=O)/C2=C\c1cc(F)c(/C=C/c2sc(/C=C3\C(=O)N(CC(CCCCCCCCCC)CCCCCCCCCCCC)c4nc(-c5ccc(/C=C/c6ccc(*)s6)s5)ccc43)cc2F)s1,1,0.0,1,0.0,0.47,-3.89,-5.82,*c1ccc2c(n1)N(CC(CCCCCCCCCC)CCCCCCCCCCCC)C(=O)/C2=C\c1cc(F)c(/C=C/c2sc(/C=C3\C(=O)N(CC(CCCCCCCCCC)CCCCCCCCCCCC)c4nc(*)ccc43)cc2F)s1,*c1ccc(/C=C/c2ccc(*)s2)s1
10.1021/acs.macromol.8b01297,FVTI-FBT,*c1ccc2c(c1)N(CC(CCCCCCCCCC)CCCCCCCCCCCC)C(=O)/C2=C\c1cc(F)c(/C=C/c2sc(/C=C3\C(=O)N(CC(CCCCCCCCCC)CCCCCCCCCCCC)c4cc(-c5cc(F)c(-c6sc(*)cc6F)s5)ccc43)cc2F)s1,1,0.0,1,0.0,0.39,-3.39,-5.35,*c1ccc2c(c1)N(CC(CCCCCCCCCC)CCCCCCCCCCCC)C(=O)/C2=C\c1cc(F)c(/C=C/c2sc(/C=C3\C(=O)N(CC(CCCCCCCCCC)CCCCCCCCCCCC)c4cc(*)ccc43)cc2F)s1,*c1cc(F)c(-c2sc(*)cc2F)s1,FVTAI-FDTE,*c1ccc2c(n1)N(CC(CCCCCCCCCC)CCCCCCCCCCCC)C(=O)/C2=C\c1cc(F)c(/C=C/c2sc(/C=C3\C(=O)N(CC(CCCCCCCCCC)CCCCCCCCCCCC)c4nc(-c5cc(F)c(/C=C/c6sc(*)cc6F)s5)ccc43)cc2F)s1,1,0.0,1,0.0,0.31,-3.93,-5.99,*c1ccc2c(n1)N(CC(CCCCCCCCCC)CCCCCCCCCCCC)C(=O)/C2=C\c1cc(F)c(/C=C/c2sc(/C=C3\C(=O)N(CC(CCCCCCCCCC)CCCCCCCCCCCC)c4nc(*)ccc43)cc2F)s1,*c1cc(F)c(/C=C/c2sc(*)cc2F)s1
10.1021/acs.macromol.8b01297,FVTI-DTE,*c1ccc2c(c1)N(CC(CCCCCCCCCC)CCCCCCCCCCCC)C(=O)/C2=C\c1cc(F)c(/C=C/c2sc(/C=C3\C(=O)N(CC(CCCCCCCCCC)CCCCCCCCCCCC)c4cc(-c5ccc(/C=C/c6ccc(*)s6)s5)ccc43)cc2F)s1,1,0.0,1,0.0,0.3,-3.36,-5.2,*c1ccc2c(c1)N(CC(CCCCCCCCCC)CCCCCCCCCCCC)C(=O)/C2=C\c1cc(F)c(/C=C/c2sc(/C=C3\C(=O)N(CC(CCCCCCCCCC)CCCCCCCCCCCC)c4cc(*)ccc43)cc2F)s1,*c1ccc(/C=C/c2ccc(*)s2)s1,FVTI-FDTE,*c1ccc2c(c1)N(CC(CCCCCCCCCC)CCCCCCCCCCCC)C(=O)/C2=C\c1cc(F)c(/C=C/c2sc(/C=C3\C(=O)N(CC(CCCCCCCCCC)CCCCCCCCCCCC)c4cc(-c5cc(F)c(/C=C/c6sc(*)cc6F)s5)ccc43)cc2F)s1,1,0.0,1,0.0,0.48,-3.43,-5.27,*c1ccc2c(c1)N(CC(CCCCCCCCCC)CCCCCCCCCCCC)C(=O)/C2=C\c1cc(F)c(/C=C/c2sc(/C=C3\C(=O)N(CC(CCCCCCCCCC)CCCCCCCCCCCC)c4cc(*)ccc43)cc2F)s1,*c1cc(F)c(/C=C/c2sc(*)cc2F)s1
10.1021/acs.macromol.8b01297,FVTI-DTE,*c1ccc2c(c1)N(CC(CCCCCCCCCC)CCCCCCCCCCCC)C(=O)/C2=C\c1cc(F)c(/C=C/c2sc(/C=C3\C(=O)N(CC(CCCCCCCCCC)CCCCCCCCCCCC)c4cc(-c5ccc(/C=C/c6ccc(*)s6)s5)ccc43)cc2F)s1,1,0.0,1,0.0,0.3,-3.36,-5.2,*c1ccc2c(c1)N(CC(CCCCCCCCCC)CCCCCCCCCCCC)C(=O)/C2=C\c1cc(F)c(/C=C/c2sc(/C=C3\C(=O)N(CC(CCCCCCCCCC)CCCCCCCCCCCC)c4cc(*)ccc43)cc2F)s1,*c1ccc(/C=C/c2ccc(*)s2)s1,FVTAI-DTE,*c1ccc2c(n1)N(CC(CCCCCCCCCC)CCCCCCCCCCCC)C(=O)/C2=C\c1cc(F)c(/C=C/c2sc(/C=C3\C(=O)N(CC(CCCCCCCCCC)CCCCCCCCCCCC)c4nc(-c5ccc(/C=C/c6ccc(*)s6)s5)ccc43)cc2F)s1,1,0.0,1,0.0,0.47,-3.89,-5.82,*c1ccc2c(n1)N(CC(CCCCCCCCCC)CCCCCCCCCCCC)C(=O)/C2=C\c1cc(F)c(/C=C/c2sc(/C=C3\C(=O)N(CC(CCCCCCCCCC)CCCCCCCCCCCC)c4nc(*)ccc43)cc2F)s1,*c1ccc(/C=C/c2ccc(*)s2)s1
10.1021/acs.macromol.8b01297,FVTI-DTE,*c1ccc2c(c1)N(CC(CCCCCCCCCC)CCCCCCCCCCCC)C(=O)/C2=C\c1cc(F)c(/C=C/c2sc(/C=C3\C(=O)N(CC(CCCCCCCCCC)CCCCCCCCCCCC)c4cc(-c5ccc(/C=C/c6ccc(*)s6)s5)ccc43)cc2F)s1,1,0.0,1,0.0,0.3,-3.36,-5.2,*c1ccc2c(c1)N(CC(CCCCCCCCCC)CCCCCCCCCCCC)C(=O)/C2=C\c1cc(F)c(/C=C/c2sc(/C=C3\C(=O)N(CC(CCCCCCCCCC)CCCCCCCCCCCC)c4cc(*)ccc43)cc2F)s1,*c1ccc(/C=C/c2ccc(*)s2)s1,FVTAI-FDTE,*c1ccc2c(n1)N(CC(CCCCCCCCCC)CCCCCCCCCCCC)C(=O)/C2=C\c1cc(F)c(/C=C/c2sc(/C=C3\C(=O)N(CC(CCCCCCCCCC)CCCCCCCCCCCC)c4nc(-c5cc(F)c(/C=C/c6sc(*)cc6F)s5)ccc43)cc2F)s1,1,0.0,1,0.0,0.31,-3.93,-5.99,*c1ccc2c(n1)N(CC(CCCCCCCCCC)CCCCCCCCCCCC)C(=O)/C2=C\c1cc(F)c(/C=C/c2sc(/C=C3\C(=O)N(CC(CCCCCCCCCC)CCCCCCCCCCCC)c4nc(*)ccc43)cc2F)s1,*c1cc(F)c(/C=C/c2sc(*)cc2F)s1
10.1021/acs.macromol.8b01297,FVTI-FDTE,*c1ccc2c(c1)N(CC(CCCCCCCCCC)CCCCCCCCCCCC)C(=O)/C2=C\c1cc(F)c(/C=C/c2sc(/C=C3\C(=O)N(CC(CCCCCCCCCC)CCCCCCCCCCCC)c4cc(-c5cc(F)c(/C=C/c6sc(*)cc6F)s5)ccc43)cc2F)s1,1,0.0,1,0.0,0.48,-3.43,-5.27,*c1ccc2c(c1)N(CC(CCCCCCCCCC)CCCCCCCCCCCC)C(=O)/C2=C\c1cc(F)c(/C=C/c2sc(/C=C3\C(=O)N(CC(CCCCCCCCCC)CCCCCCCCCCCC)c4cc(*)ccc43)cc2F)s1,*c1cc(F)c(/C=C/c2sc(*)cc2F)s1,FVTAI-DTE,*c1ccc2c(n1)N(CC(CCCCCCCCCC)CCCCCCCCCCCC)C(=O)/C2=C\c1cc(F)c(/C=C/c2sc(/C=C3\C(=O)N(CC(CCCCCCCCCC)CCCCCCCCCCCC)c4nc(-c5ccc(/C=C/c6ccc(*)s6)s5)ccc43)cc2F)s1,1,0.0,1,0.0,0.47,-3.89,-5.82,*c1ccc2c(n1)N(CC(CCCCCCCCCC)CCCCCCCCCCCC)C(=O)/C2=C\c1cc(F)c(/C=C/c2sc(/C=C3\C(=O)N(CC(CCCCCCCCCC)CCCCCCCCCCCC)c4nc(*)ccc43)cc2F)s1,*c1ccc(/C=C/c2ccc(*)s2)s1
10.1021/acs.macromol.8b01297,FVTI-FDTE,*c1ccc2c(c1)N(CC(CCCCCCCCCC)CCCCCCCCCCCC)C(=O)/C2=C\c1cc(F)c(/C=C/c2sc(/C=C3\C(=O)N(CC(CCCCCCCCCC)CCCCCCCCCCCC)c4cc(-c5cc(F)c(/C=C/c6sc(*)cc6F)s5)ccc43)cc2F)s1,1,0.0,1,0.0,0.48,-3.43,-5.27,*c1ccc2c(c1)N(CC(CCCCCCCCCC)CCCCCCCCCCCC)C(=O)/C2=C\c1cc(F)c(/C=C/c2sc(/C=C3\C(=O)N(CC(CCCCCCCCCC)CCCCCCCCCCCC)c4cc(*)ccc43)cc2F)s1,*c1cc(F)c(/C=C/c2sc(*)cc2F)s1,FVTAI-FDTE,*c1ccc2c(n1)N(CC(CCCCCCCCCC)CCCCCCCCCCCC)C(=O)/C2=C\c1cc(F)c(/C=C/c2sc(/C=C3\C(=O)N(CC(CCCCCCCCCC)CCCCCCCCCCCC)c4nc(-c5cc(F)c(/C=C/c6sc(*)cc6F)s5)ccc43)cc2F)s1,1,0.0,1,0.0,0.31,-3.93,-5.99,*c1ccc2c(n1)N(CC(CCCCCCCCCC)CCCCCCCCCCCC)C(=O)/C2=C\c1cc(F)c(/C=C/c2sc(/C=C3\C(=O)N(CC(CCCCCCCCCC)CCCCCCCCCCCC)c4nc(*)ccc43)cc2F)s1,*c1cc(F)c(/C=C/c2sc(*)cc2F)s1
10.1021/acs.macromol.8b01297,FVTAI-DTE,*c1ccc2c(n1)N(CC(CCCCCCCCCC)CCCCCCCCCCCC)C(=O)/C2=C\c1cc(F)c(/C=C/c2sc(/C=C3\C(=O)N(CC(CCCCCCCCCC)CCCCCCCCCCCC)c4nc(-c5ccc(/C=C/c6ccc(*)s6)s5)ccc43)cc2F)s1,1,0.0,1,0.0,0.47,-3.89,-5.82,*c1ccc2c(n1)N(CC(CCCCCCCCCC)CCCCCCCCCCCC)C(=O)/C2=C\c1cc(F)c(/C=C/c2sc(/C=C3\C(=O)N(CC(CCCCCCCCCC)CCCCCCCCCCCC)c4nc(*)ccc43)cc2F)s1,*c1ccc(/C=C/c2ccc(*)s2)s1,FVTAI-FDTE,*c1ccc2c(n1)N(CC(CCCCCCCCCC)CCCCCCCCCCCC)C(=O)/C2=C\c1cc(F)c(/C=C/c2sc(/C=C3\C(=O)N(CC(CCCCCCCCCC)CCCCCCCCCCCC)c4nc(-c5cc(F)c(/C=C/c6sc(*)cc6F)s5)ccc43)cc2F)s1,1,0.0,1,0.0,0.31,-3.93,-5.99,*c1ccc2c(n1)N(CC(CCCCCCCCCC)CCCCCCCCCCCC)C(=O)/C2=C\c1cc(F)c(/C=C/c2sc(/C=C3\C(=O)N(CC(CCCCCCCCCC)CCCCCCCCCCCC)c4nc(*)ccc43)cc2F)s1,*c1cc(F)c(/C=C/c2sc(*)cc2F)s1
10.1021/acs.macromol.8b01885,P0F-BT,*c1ccc2c(c1)N(CCCC(CCCCCC)CCCCCCCC)C(=O)/C2=C1/C(=O)N(CCCC(CCCCCC)CCCCCCCC)c2cc(-c3ccc4c(c3)N(CCCC(CCCCCC)CCCCCCCC)C(=O)/C4=C3/C(=O)N(CCCC(CCCCCC)CCCCCCCC)c4cc(-c5ccc(-c6ccc(*)s6)s5)ccc43)ccc21,1,0.0,1,0.09,0.22,-3.64,-5.51,*c1ccc2c(c1)N(CCCC(CCCCCC)CCCCCCCC)C(=O)/C2=C1/C(=O)N(CCCC(CCCCCC)CCCCCCCC)c2cc(-c3ccc4c(c3)N(CCCC(CCCCCC)CCCCCCCC)C(=O)/C4=C3/C(=O)N(CCCC(CCCCCC)CCCCCCCC)c4cc(*)ccc43)ccc21,*c1ccc(-c2ccc(*)s2)s1,P2F-BT,*c1ccc(-c2ccc(-c3ccc4c(c3F)N(CCCC(CCCCCC)CCCCCCCC)C(=O)/C4=C3/C(=O)N(CCCC(CCCCCC)CCCCCCCC)c4cc(-c5ccc6c(c5)N(CCCC(CCCCCC)CCCCCCCC)C(=O)/C6=C5/C(=O)N(CCCC(CCCCCC)CCCCCCCC)c6c5ccc(*)c6F)ccc43)s2)s1,1,0.0,1,0.27,0.25,-3.76,-5.59,*c1ccc2c(c1F)N(CCCC(CCCCCC)CCCCCCCC)C(=O)/C2=C1/C(=O)N(CCCC(CCCCCC)CCCCCCCC)c2cc(-c3ccc4c(c3)N(CCCC(CCCCCC)CCCCCCCC)C(=O)/C4=C3/C(=O)N(CCCC(CCCCCC)CCCCCCCC)c4c3ccc(*)c4F)ccc21,*c1ccc(-c2ccc(*)s2)s1
10.1021/acs.macromol.8b01885,P0F-BT,*c1ccc2c(c1)N(CCCC(CCCCCC)CCCCCCCC)C(=O)/C2=C1/C(=O)N(CCCC(CCCCCC)CCCCCCCC)c2cc(-c3ccc4c(c3)N(CCCC(CCCCCC)CCCCCCCC)C(=O)/C4=C3/C(=O)N(CCCC(CCCCCC)CCCCCCCC)c4cc(-c5ccc(-c6ccc(*)s6)s5)ccc43)ccc21,1,0.0,1,0.09,0.22,-3.64,-5.51,*c1ccc2c(c1)N(CCCC(CCCCCC)CCCCCCCC)C(=O)/C2=C1/C(=O)N(CCCC(CCCCCC)CCCCCCCC)c2cc(-c3ccc4c(c3)N(CCCC(CCCCCC)CCCCCCCC)C(=O)/C4=C3/C(=O)N(CCCC(CCCCCC)CCCCCCCC)c4cc(*)ccc43)ccc21,*c1ccc(-c2ccc(*)s2)s1,P4F-BT,*c1ccc(-c2ccc(-c3ccc4c(c3F)N(CCCC(CCCCCC)CCCCCCCC)C(=O)/C4=C3/C(=O)N(CCCC(CCCCCC)CCCCCCCC)c4c3ccc(-c3ccc5c(c3F)N(CCCC(CCCCCC)CCCCCCCC)C(=O)/C5=C3/C(=O)N(CCCC(CCCCCC)CCCCCCCC)c5c3ccc(*)c5F)c4F)s2)s1,1,0.0,1,1.05,0.15,-3.87,-5.65,*c1ccc2c(c1F)N(CCCC(CCCCCC)CCCCCCCC)C(=O)/C2=C1/C(=O)N(CCCC(CCCCCC)CCCCCCCC)c2c1ccc(-c1ccc3c(c1F)N(CCCC(CCCCCC)CCCCCCCC)C(=O)/C3=C1/C(=O)N(CCCC(CCCCCC)CCCCCCCC)c3c1ccc(*)c3F)c2F,*c1ccc(-c2ccc(*)s2)s1
10.1021/acs.macromol.8b01885,P0F-BT,*c1ccc2c(c1)N(CCCC(CCCCCC)CCCCCCCC)C(=O)/C2=C1/C(=O)N(CCCC(CCCCCC)CCCCCCCC)c2cc(-c3ccc4c(c3)N(CCCC(CCCCCC)CCCCCCCC)C(=O)/C4=C3/C(=O)N(CCCC(CCCCCC)CCCCCCCC)c4cc(-c5ccc(-c6ccc(*)s6)s5)ccc43)ccc21,1,0.0,1,0.09,0.22,-3.64,-5.51,*c1ccc2c(c1)N(CCCC(CCCCCC)CCCCCCCC)C(=O)/C2=C1/C(=O)N(CCCC(CCCCCC)CCCCCCCC)c2cc(-c3ccc4c(c3)N(CCCC(CCCCCC)CCCCCCCC)C(=O)/C4=C3/C(=O)N(CCCC(CCCCCC)CCCCCCCC)c4cc(*)ccc43)ccc21,*c1ccc(-c2ccc(*)s2)s1,P2N2F-BT,*c1ccc(-c2ccc(-c3ccc4c(c3F)N(CCCC(CCCCCC)CCCCCCCC)C(=O)/C4=C3/C(=O)N(CCCC(CCCCCC)CCCCCCCC)c4nc(-c5ccc6c(n5)N(CCCC(CCCCCC)CCCCCCCC)C(=O)/C6=C5/C(=O)N(CCCC(CCCCCC)CCCCCCCC)c6c5ccc(*)c6F)ccc43)s2)s1,1,0.0,1,1.51,0.3,-3.88,-5.67,*c1ccc2c(c1F)N(CCCC(CCCCCC)CCCCCCCC)C(=O)/C2=C1/C(=O)N(CCCC(CCCCCC)CCCCCCCC)c2nc(-c3ccc4c(n3)N(CCCC(CCCCCC)CCCCCCCC)C(=O)/C4=C3/C(=O)N(CCCC(CCCCCC)CCCCCCCC)c4c3ccc(*)c4F)ccc21,*c1ccc(-c2ccc(*)s2)s1
10.1021/acs.macromol.8b01885,P0F-BT,*c1ccc2c(c1)N(CCCC(CCCCCC)CCCCCCCC)C(=O)/C2=C1/C(=O)N(CCCC(CCCCCC)CCCCCCCC)c2cc(-c3ccc4c(c3)N(CCCC(CCCCCC)CCCCCCCC)C(=O)/C4=C3/C(=O)N(CCCC(CCCCCC)CCCCCCCC)c4cc(-c5ccc(-c6ccc(*)s6)s5)ccc43)ccc21,1,0.0,1,0.09,0.22,-3.64,-5.51,*c1ccc2c(c1)N(CCCC(CCCCCC)CCCCCCCC)C(=O)/C2=C1/C(=O)N(CCCC(CCCCCC)CCCCCCCC)c2cc(-c3ccc4c(c3)N(CCCC(CCCCCC)CCCCCCCC)C(=O)/C4=C3/C(=O)N(CCCC(CCCCCC)CCCCCCCC)c4cc(*)ccc43)ccc21,*c1ccc(-c2ccc(*)s2)s1,P0F-4FBT,*c1ccc2c(c1)N(CCCC(CCCCCC)CCCCCCCC)C(=O)/C2=C1/C(=O)N(CCCC(CCCCCC)CCCCCCCC)c2cc(-c3ccc4c(c3)N(CCCC(CCCCCC)CCCCCCCC)C(=O)/C4=C3/C(=O)N(CCCC(CCCCCC)CCCCCCCC)c4cc(-c5sc(-c6sc(*)c(F)c6F)c(F)c5F)ccc43)ccc21,1,0.0,1,1.38,0.18,-3.74,-5.88,*c1ccc2c(c1)N(CCCC(CCCCCC)CCCCCCCC)C(=O)/C2=C1/C(=O)N(CCCC(CCCCCC)CCCCCCCC)c2cc(-c3ccc4c(c3)N(CCCC(CCCCCC)CCCCCCCC)C(=O)/C4=C3/C(=O)N(CCCC(CCCCCC)CCCCCCCC)c4cc(*)ccc43)ccc21,*c1sc(-c2sc(*)c(F)c2F)c(F)c1F
10.1021/acs.macromol.8b01885,P0F-BT,*c1ccc2c(c1)N(CCCC(CCCCCC)CCCCCCCC)C(=O)/C2=C1/C(=O)N(CCCC(CCCCCC)CCCCCCCC)c2cc(-c3ccc4c(c3)N(CCCC(CCCCCC)CCCCCCCC)C(=O)/C4=C3/C(=O)N(CCCC(CCCCCC)CCCCCCCC)c4cc(-c5ccc(-c6ccc(*)s6)s5)ccc43)ccc21,1,0.0,1,0.09,0.22,-3.64,-5.51,*c1ccc2c(c1)N(CCCC(CCCCCC)CCCCCCCC)C(=O)/C2=C1/C(=O)N(CCCC(CCCCCC)CCCCCCCC)c2cc(-c3ccc4c(c3)N(CCCC(CCCCCC)CCCCCCCC)C(=O)/C4=C3/C(=O)N(CCCC(CCCCCC)CCCCCCCC)c4cc(*)ccc43)ccc21,*c1ccc(-c2ccc(*)s2)s1,P2F-4FBT,*c1ccc2c(c1F)N(CCCC(CCCCCC)CCCCCCCC)C(=O)/C2=C1/C(=O)N(CCCC(CCCCCC)CCCCCCCC)c2cc(-c3ccc4c(c3)N(CCCC(CCCCCC)CCCCCCCC)C(=O)/C4=C3/C(=O)N(CCCC(CCCCCC)CCCCCCCC)c4c3ccc(-c3sc(-c5sc(*)c(F)c5F)c(F)c3F)c4F)ccc21,1,0.0,1,0.93,0.0,-3.89,-5.95,*c1ccc2c(c1F)N(CCCC(CCCCCC)CCCCCCCC)C(=O)/C2=C1/C(=O)N(CCCC(CCCCCC)CCCCCCCC)c2cc(-c3ccc4c(c3)N(CCCC(CCCCCC)CCCCCCCC)C(=O)/C4=C3/C(=O)N(CCCC(CCCCCC)CCCCCCCC)c4c3ccc(*)c4F)ccc21,*c1sc(-c2sc(*)c(F)c2F)c(F)c1F
10.1021/acs.macromol.8b01885,P0F-BT,*c1ccc2c(c1)N(CCCC(CCCCCC)CCCCCCCC)C(=O)/C2=C1/C(=O)N(CCCC(CCCCCC)CCCCCCCC)c2cc(-c3ccc4c(c3)N(CCCC(CCCCCC)CCCCCCCC)C(=O)/C4=C3/C(=O)N(CCCC(CCCCCC)CCCCCCCC)c4cc(-c5ccc(-c6ccc(*)s6)s5)ccc43)ccc21,1,0.0,1,0.09,0.22,-3.64,-5.51,*c1ccc2c(c1)N(CCCC(CCCCCC)CCCCCCCC)C(=O)/C2=C1/C(=O)N(CCCC(CCCCCC)CCCCCCCC)c2cc(-c3ccc4c(c3)N(CCCC(CCCCCC)CCCCCCCC)C(=O)/C4=C3/C(=O)N(CCCC(CCCCCC)CCCCCCCC)c4cc(*)ccc43)ccc21,*c1ccc(-c2ccc(*)s2)s1,P4F-4FBT,*c1ccc2c(c1F)N(CCCC(CCCCCC)CCCCCCCC)C(=O)/C2=C1/C(=O)N(CCCC(CCCCCC)CCCCCCCC)c2c1ccc(-c1ccc3c(c1F)N(CCCC(CCCCCC)CCCCCCCC)C(=O)/C3=C1/C(=O)N(CCCC(CCCCCC)CCCCCCCC)c3c1ccc(-c1sc(-c4sc(*)c(F)c4F)c(F)c1F)c3F)c2F,1,0.0,1,0.71,0.0,-3.99,-6.06,*c1ccc2c(c1F)N(CCCC(CCCCCC)CCCCCCCC)C(=O)/C2=C1/C(=O)N(CCCC(CCCCCC)CCCCCCCC)c2c1ccc(-c1ccc3c(c1F)N(CCCC(CCCCCC)CCCCCCCC)C(=O)/C3=C1/C(=O)N(CCCC(CCCCCC)CCCCCCCC)c3c1ccc(*)c3F)c2F,*c1sc(-c2sc(*)c(F)c2F)c(F)c1F
10.1021/acs.macromol.8b01885,P0F-BT,*c1ccc2c(c1)N(CCCC(CCCCCC)CCCCCCCC)C(=O)/C2=C1/C(=O)N(CCCC(CCCCCC)CCCCCCCC)c2cc(-c3ccc4c(c3)N(CCCC(CCCCCC)CCCCCCCC)C(=O)/C4=C3/C(=O)N(CCCC(CCCCCC)CCCCCCCC)c4cc(-c5ccc(-c6ccc(*)s6)s5)ccc43)ccc21,1,0.0,1,0.09,0.22,-3.64,-5.51,*c1ccc2c(c1)N(CCCC(CCCCCC)CCCCCCCC)C(=O)/C2=C1/C(=O)N(CCCC(CCCCCC)CCCCCCCC)c2cc(-c3ccc4c(c3)N(CCCC(CCCCCC)CCCCCCCC)C(=O)/C4=C3/C(=O)N(CCCC(CCCCCC)CCCCCCCC)c4cc(*)ccc43)ccc21,*c1ccc(-c2ccc(*)s2)s1,P2N2F-4FBT,*c1ccc2c(c1F)N(CCCC(CCCCCC)CCCCCCCC)C(=O)/C2=C1/C(=O)N(CCCC(CCCCCC)CCCCCCCC)c2nc(-c3ccc4c(n3)N(CCCC(CCCCCC)CCCCCCCC)C(=O)/C4=C3/C(=O)N(CCCC(CCCCCC)CCCCCCCC)c4c3ccc(-c3sc(-c5sc(*)c(F)c5F)c(F)c3F)c4F)ccc21,1,0.0,1,1.24,0.0,-4.01,-6.04,*c1ccc2c(c1F)N(CCCC(CCCCCC)CCCCCCCC)C(=O)/C2=C1/C(=O)N(CCCC(CCCCCC)CCCCCCCC)c2nc(-c3ccc4c(n3)N(CCCC(CCCCCC)CCCCCCCC)C(=O)/C4=C3/C(=O)N(CCCC(CCCCCC)CCCCCCCC)c4c3ccc(*)c4F)ccc21,*c1sc(-c2sc(*)c(F)c2F)c(F)c1F
10.1021/acs.macromol.8b01885,P2F-BT,*c1ccc(-c2ccc(-c3ccc4c(c3F)N(CCCC(CCCCCC)CCCCCCCC)C(=O)/C4=C3/C(=O)N(CCCC(CCCCCC)CCCCCCCC)c4cc(-c5ccc6c(c5)N(CCCC(CCCCCC)CCCCCCCC)C(=O)/C6=C5/C(=O)N(CCCC(CCCCCC)CCCCCCCC)c6c5ccc(*)c6F)ccc43)s2)s1,1,0.0,1,0.27,0.25,-3.76,-5.59,*c1ccc2c(c1F)N(CCCC(CCCCCC)CCCCCCCC)C(=O)/C2=C1/C(=O)N(CCCC(CCCCCC)CCCCCCCC)c2cc(-c3ccc4c(c3)N(CCCC(CCCCCC)CCCCCCCC)C(=O)/C4=C3/C(=O)N(CCCC(CCCCCC)CCCCCCCC)c4c3ccc(*)c4F)ccc21,*c1ccc(-c2ccc(*)s2)s1,P4F-BT,*c1ccc(-c2ccc(-c3ccc4c(c3F)N(CCCC(CCCCCC)CCCCCCCC)C(=O)/C4=C3/C(=O)N(CCCC(CCCCCC)CCCCCCCC)c4c3ccc(-c3ccc5c(c3F)N(CCCC(CCCCCC)CCCCCCCC)C(=O)/C5=C3/C(=O)N(CCCC(CCCCCC)CCCCCCCC)c5c3ccc(*)c5F)c4F)s2)s1,1,0.0,1,1.05,0.15,-3.87,-5.65,*c1ccc2c(c1F)N(CCCC(CCCCCC)CCCCCCCC)C(=O)/C2=C1/C(=O)N(CCCC(CCCCCC)CCCCCCCC)c2c1ccc(-c1ccc3c(c1F)N(CCCC(CCCCCC)CCCCCCCC)C(=O)/C3=C1/C(=O)N(CCCC(CCCCCC)CCCCCCCC)c3c1ccc(*)c3F)c2F,*c1ccc(-c2ccc(*)s2)s1
10.1021/acs.macromol.8b01885,P2F-BT,*c1ccc(-c2ccc(-c3ccc4c(c3F)N(CCCC(CCCCCC)CCCCCCCC)C(=O)/C4=C3/C(=O)N(CCCC(CCCCCC)CCCCCCCC)c4cc(-c5ccc6c(c5)N(CCCC(CCCCCC)CCCCCCCC)C(=O)/C6=C5/C(=O)N(CCCC(CCCCCC)CCCCCCCC)c6c5ccc(*)c6F)ccc43)s2)s1,1,0.0,1,0.27,0.25,-3.76,-5.59,*c1ccc2c(c1F)N(CCCC(CCCCCC)CCCCCCCC)C(=O)/C2=C1/C(=O)N(CCCC(CCCCCC)CCCCCCCC)c2cc(-c3ccc4c(c3)N(CCCC(CCCCCC)CCCCCCCC)C(=O)/C4=C3/C(=O)N(CCCC(CCCCCC)CCCCCCCC)c4c3ccc(*)c4F)ccc21,*c1ccc(-c2ccc(*)s2)s1,P2N2F-BT,*c1ccc(-c2ccc(-c3ccc4c(c3F)N(CCCC(CCCCCC)CCCCCCCC)C(=O)/C4=C3/C(=O)N(CCCC(CCCCCC)CCCCCCCC)c4nc(-c5ccc6c(n5)N(CCCC(CCCCCC)CCCCCCCC)C(=O)/C6=C5/C(=O)N(CCCC(CCCCCC)CCCCCCCC)c6c5ccc(*)c6F)ccc43)s2)s1,1,0.0,1,1.51,0.3,-3.88,-5.67,*c1ccc2c(c1F)N(CCCC(CCCCCC)CCCCCCCC)C(=O)/C2=C1/C(=O)N(CCCC(CCCCCC)CCCCCCCC)c2nc(-c3ccc4c(n3)N(CCCC(CCCCCC)CCCCCCCC)C(=O)/C4=C3/C(=O)N(CCCC(CCCCCC)CCCCCCCC)c4c3ccc(*)c4F)ccc21,*c1ccc(-c2ccc(*)s2)s1
10.1021/acs.macromol.8b01885,P2F-BT,*c1ccc(-c2ccc(-c3ccc4c(c3F)N(CCCC(CCCCCC)CCCCCCCC)C(=O)/C4=C3/C(=O)N(CCCC(CCCCCC)CCCCCCCC)c4cc(-c5ccc6c(c5)N(CCCC(CCCCCC)CCCCCCCC)C(=O)/C6=C5/C(=O)N(CCCC(CCCCCC)CCCCCCCC)c6c5ccc(*)c6F)ccc43)s2)s1,1,0.0,1,0.27,0.25,-3.76,-5.59,*c1ccc2c(c1F)N(CCCC(CCCCCC)CCCCCCCC)C(=O)/C2=C1/C(=O)N(CCCC(CCCCCC)CCCCCCCC)c2cc(-c3ccc4c(c3)N(CCCC(CCCCCC)CCCCCCCC)C(=O)/C4=C3/C(=O)N(CCCC(CCCCCC)CCCCCCCC)c4c3ccc(*)c4F)ccc21,*c1ccc(-c2ccc(*)s2)s1,P0F-4FBT,*c1ccc2c(c1)N(CCCC(CCCCCC)CCCCCCCC)C(=O)/C2=C1/C(=O)N(CCCC(CCCCCC)CCCCCCCC)c2cc(-c3ccc4c(c3)N(CCCC(CCCCCC)CCCCCCCC)C(=O)/C4=C3/C(=O)N(CCCC(CCCCCC)CCCCCCCC)c4cc(-c5sc(-c6sc(*)c(F)c6F)c(F)c5F)ccc43)ccc21,1,0.0,1,1.38,0.18,-3.74,-5.88,*c1ccc2c(c1)N(CCCC(CCCCCC)CCCCCCCC)C(=O)/C2=C1/C(=O)N(CCCC(CCCCCC)CCCCCCCC)c2cc(-c3ccc4c(c3)N(CCCC(CCCCCC)CCCCCCCC)C(=O)/C4=C3/C(=O)N(CCCC(CCCCCC)CCCCCCCC)c4cc(*)ccc43)ccc21,*c1sc(-c2sc(*)c(F)c2F)c(F)c1F
10.1021/acs.macromol.8b01885,P2F-BT,*c1ccc(-c2ccc(-c3ccc4c(c3F)N(CCCC(CCCCCC)CCCCCCCC)C(=O)/C4=C3/C(=O)N(CCCC(CCCCCC)CCCCCCCC)c4cc(-c5ccc6c(c5)N(CCCC(CCCCCC)CCCCCCCC)C(=O)/C6=C5/C(=O)N(CCCC(CCCCCC)CCCCCCCC)c6c5ccc(*)c6F)ccc43)s2)s1,1,0.0,1,0.27,0.25,-3.76,-5.59,*c1ccc2c(c1F)N(CCCC(CCCCCC)CCCCCCCC)C(=O)/C2=C1/C(=O)N(CCCC(CCCCCC)CCCCCCCC)c2cc(-c3ccc4c(c3)N(CCCC(CCCCCC)CCCCCCCC)C(=O)/C4=C3/C(=O)N(CCCC(CCCCCC)CCCCCCCC)c4c3ccc(*)c4F)ccc21,*c1ccc(-c2ccc(*)s2)s1,P2F-4FBT,*c1ccc2c(c1F)N(CCCC(CCCCCC)CCCCCCCC)C(=O)/C2=C1/C(=O)N(CCCC(CCCCCC)CCCCCCCC)c2cc(-c3ccc4c(c3)N(CCCC(CCCCCC)CCCCCCCC)C(=O)/C4=C3/C(=O)N(CCCC(CCCCCC)CCCCCCCC)c4c3ccc(-c3sc(-c5sc(*)c(F)c5F)c(F)c3F)c4F)ccc21,1,0.0,1,0.93,0.0,-3.89,-5.95,*c1ccc2c(c1F)N(CCCC(CCCCCC)CCCCCCCC)C(=O)/C2=C1/C(=O)N(CCCC(CCCCCC)CCCCCCCC)c2cc(-c3ccc4c(c3)N(CCCC(CCCCCC)CCCCCCCC)C(=O)/C4=C3/C(=O)N(CCCC(CCCCCC)CCCCCCCC)c4c3ccc(*)c4F)ccc21,*c1sc(-c2sc(*)c(F)c2F)c(F)c1F
10.1021/acs.macromol.8b01885,P2F-BT,*c1ccc(-c2ccc(-c3ccc4c(c3F)N(CCCC(CCCCCC)CCCCCCCC)C(=O)/C4=C3/C(=O)N(CCCC(CCCCCC)CCCCCCCC)c4cc(-c5ccc6c(c5)N(CCCC(CCCCCC)CCCCCCCC)C(=O)/C6=C5/C(=O)N(CCCC(CCCCCC)CCCCCCCC)c6c5ccc(*)c6F)ccc43)s2)s1,1,0.0,1,0.27,0.25,-3.76,-5.59,*c1ccc2c(c1F)N(CCCC(CCCCCC)CCCCCCCC)C(=O)/C2=C1/C(=O)N(CCCC(CCCCCC)CCCCCCCC)c2cc(-c3ccc4c(c3)N(CCCC(CCCCCC)CCCCCCCC)C(=O)/C4=C3/C(=O)N(CCCC(CCCCCC)CCCCCCCC)c4c3ccc(*)c4F)ccc21,*c1ccc(-c2ccc(*)s2)s1,P4F-4FBT,*c1ccc2c(c1F)N(CCCC(CCCCCC)CCCCCCCC)C(=O)/C2=C1/C(=O)N(CCCC(CCCCCC)CCCCCCCC)c2c1ccc(-c1ccc3c(c1F)N(CCCC(CCCCCC)CCCCCCCC)C(=O)/C3=C1/C(=O)N(CCCC(CCCCCC)CCCCCCCC)c3c1ccc(-c1sc(-c4sc(*)c(F)c4F)c(F)c1F)c3F)c2F,1,0.0,1,0.71,0.0,-3.99,-6.06,*c1ccc2c(c1F)N(CCCC(CCCCCC)CCCCCCCC)C(=O)/C2=C1/C(=O)N(CCCC(CCCCCC)CCCCCCCC)c2c1ccc(-c1ccc3c(c1F)N(CCCC(CCCCCC)CCCCCCCC)C(=O)/C3=C1/C(=O)N(CCCC(CCCCCC)CCCCCCCC)c3c1ccc(*)c3F)c2F,*c1sc(-c2sc(*)c(F)c2F)c(F)c1F
10.1021/acs.macromol.8b01885,P2F-BT,*c1ccc(-c2ccc(-c3ccc4c(c3F)N(CCCC(CCCCCC)CCCCCCCC)C(=O)/C4=C3/C(=O)N(CCCC(CCCCCC)CCCCCCCC)c4cc(-c5ccc6c(c5)N(CCCC(CCCCCC)CCCCCCCC)C(=O)/C6=C5/C(=O)N(CCCC(CCCCCC)CCCCCCCC)c6c5ccc(*)c6F)ccc43)s2)s1,1,0.0,1,0.27,0.25,-3.76,-5.59,*c1ccc2c(c1F)N(CCCC(CCCCCC)CCCCCCCC)C(=O)/C2=C1/C(=O)N(CCCC(CCCCCC)CCCCCCCC)c2cc(-c3ccc4c(c3)N(CCCC(CCCCCC)CCCCCCCC)C(=O)/C4=C3/C(=O)N(CCCC(CCCCCC)CCCCCCCC)c4c3ccc(*)c4F)ccc21,*c1ccc(-c2ccc(*)s2)s1,P2N2F-4FBT,*c1ccc2c(c1F)N(CCCC(CCCCCC)CCCCCCCC)C(=O)/C2=C1/C(=O)N(CCCC(CCCCCC)CCCCCCCC)c2nc(-c3ccc4c(n3)N(CCCC(CCCCCC)CCCCCCCC)C(=O)/C4=C3/C(=O)N(CCCC(CCCCCC)CCCCCCCC)c4c3ccc(-c3sc(-c5sc(*)c(F)c5F)c(F)c3F)c4F)ccc21,1,0.0,1,1.24,0.0,-4.01,-6.04,*c1ccc2c(c1F)N(CCCC(CCCCCC)CCCCCCCC)C(=O)/C2=C1/C(=O)N(CCCC(CCCCCC)CCCCCCCC)c2nc(-c3ccc4c(n3)N(CCCC(CCCCCC)CCCCCCCC)C(=O)/C4=C3/C(=O)N(CCCC(CCCCCC)CCCCCCCC)c4c3ccc(*)c4F)ccc21,*c1sc(-c2sc(*)c(F)c2F)c(F)c1F
10.1021/acs.macromol.8b01885,P4F-BT,*c1ccc(-c2ccc(-c3ccc4c(c3F)N(CCCC(CCCCCC)CCCCCCCC)C(=O)/C4=C3/C(=O)N(CCCC(CCCCCC)CCCCCCCC)c4c3ccc(-c3ccc5c(c3F)N(CCCC(CCCCCC)CCCCCCCC)C(=O)/C5=C3/C(=O)N(CCCC(CCCCCC)CCCCCCCC)c5c3ccc(*)c5F)c4F)s2)s1,1,0.0,1,1.05,0.15,-3.87,-5.65,*c1ccc2c(c1F)N(CCCC(CCCCCC)CCCCCCCC)C(=O)/C2=C1/C(=O)N(CCCC(CCCCCC)CCCCCCCC)c2c1ccc(-c1ccc3c(c1F)N(CCCC(CCCCCC)CCCCCCCC)C(=O)/C3=C1/C(=O)N(CCCC(CCCCCC)CCCCCCCC)c3c1ccc(*)c3F)c2F,*c1ccc(-c2ccc(*)s2)s1,P2N2F-BT,*c1ccc(-c2ccc(-c3ccc4c(c3F)N(CCCC(CCCCCC)CCCCCCCC)C(=O)/C4=C3/C(=O)N(CCCC(CCCCCC)CCCCCCCC)c4nc(-c5ccc6c(n5)N(CCCC(CCCCCC)CCCCCCCC)C(=O)/C6=C5/C(=O)N(CCCC(CCCCCC)CCCCCCCC)c6c5ccc(*)c6F)ccc43)s2)s1,1,0.0,1,1.51,0.3,-3.88,-5.67,*c1ccc2c(c1F)N(CCCC(CCCCCC)CCCCCCCC)C(=O)/C2=C1/C(=O)N(CCCC(CCCCCC)CCCCCCCC)c2nc(-c3ccc4c(n3)N(CCCC(CCCCCC)CCCCCCCC)C(=O)/C4=C3/C(=O)N(CCCC(CCCCCC)CCCCCCCC)c4c3ccc(*)c4F)ccc21,*c1ccc(-c2ccc(*)s2)s1
10.1021/acs.macromol.8b01885,P4F-BT,*c1ccc(-c2ccc(-c3ccc4c(c3F)N(CCCC(CCCCCC)CCCCCCCC)C(=O)/C4=C3/C(=O)N(CCCC(CCCCCC)CCCCCCCC)c4c3ccc(-c3ccc5c(c3F)N(CCCC(CCCCCC)CCCCCCCC)C(=O)/C5=C3/C(=O)N(CCCC(CCCCCC)CCCCCCCC)c5c3ccc(*)c5F)c4F)s2)s1,1,0.0,1,1.05,0.15,-3.87,-5.65,*c1ccc2c(c1F)N(CCCC(CCCCCC)CCCCCCCC)C(=O)/C2=C1/C(=O)N(CCCC(CCCCCC)CCCCCCCC)c2c1ccc(-c1ccc3c(c1F)N(CCCC(CCCCCC)CCCCCCCC)C(=O)/C3=C1/C(=O)N(CCCC(CCCCCC)CCCCCCCC)c3c1ccc(*)c3F)c2F,*c1ccc(-c2ccc(*)s2)s1,P0F-4FBT,*c1ccc2c(c1)N(CCCC(CCCCCC)CCCCCCCC)C(=O)/C2=C1/C(=O)N(CCCC(CCCCCC)CCCCCCCC)c2cc(-c3ccc4c(c3)N(CCCC(CCCCCC)CCCCCCCC)C(=O)/C4=C3/C(=O)N(CCCC(CCCCCC)CCCCCCCC)c4cc(-c5sc(-c6sc(*)c(F)c6F)c(F)c5F)ccc43)ccc21,1,0.0,1,1.38,0.18,-3.74,-5.88,*c1ccc2c(c1)N(CCCC(CCCCCC)CCCCCCCC)C(=O)/C2=C1/C(=O)N(CCCC(CCCCCC)CCCCCCCC)c2cc(-c3ccc4c(c3)N(CCCC(CCCCCC)CCCCCCCC)C(=O)/C4=C3/C(=O)N(CCCC(CCCCCC)CCCCCCCC)c4cc(*)ccc43)ccc21,*c1sc(-c2sc(*)c(F)c2F)c(F)c1F
10.1021/acs.macromol.8b01885,P4F-BT,*c1ccc(-c2ccc(-c3ccc4c(c3F)N(CCCC(CCCCCC)CCCCCCCC)C(=O)/C4=C3/C(=O)N(CCCC(CCCCCC)CCCCCCCC)c4c3ccc(-c3ccc5c(c3F)N(CCCC(CCCCCC)CCCCCCCC)C(=O)/C5=C3/C(=O)N(CCCC(CCCCCC)CCCCCCCC)c5c3ccc(*)c5F)c4F)s2)s1,1,0.0,1,1.05,0.15,-3.87,-5.65,*c1ccc2c(c1F)N(CCCC(CCCCCC)CCCCCCCC)C(=O)/C2=C1/C(=O)N(CCCC(CCCCCC)CCCCCCCC)c2c1ccc(-c1ccc3c(c1F)N(CCCC(CCCCCC)CCCCCCCC)C(=O)/C3=C1/C(=O)N(CCCC(CCCCCC)CCCCCCCC)c3c1ccc(*)c3F)c2F,*c1ccc(-c2ccc(*)s2)s1,P2F-4FBT,*c1ccc2c(c1F)N(CCCC(CCCCCC)CCCCCCCC)C(=O)/C2=C1/C(=O)N(CCCC(CCCCCC)CCCCCCCC)c2cc(-c3ccc4c(c3)N(CCCC(CCCCCC)CCCCCCCC)C(=O)/C4=C3/C(=O)N(CCCC(CCCCCC)CCCCCCCC)c4c3ccc(-c3sc(-c5sc(*)c(F)c5F)c(F)c3F)c4F)ccc21,1,0.0,1,0.93,0.0,-3.89,-5.95,*c1ccc2c(c1F)N(CCCC(CCCCCC)CCCCCCCC)C(=O)/C2=C1/C(=O)N(CCCC(CCCCCC)CCCCCCCC)c2cc(-c3ccc4c(c3)N(CCCC(CCCCCC)CCCCCCCC)C(=O)/C4=C3/C(=O)N(CCCC(CCCCCC)CCCCCCCC)c4c3ccc(*)c4F)ccc21,*c1sc(-c2sc(*)c(F)c2F)c(F)c1F
10.1021/acs.macromol.8b01885,P4F-BT,*c1ccc(-c2ccc(-c3ccc4c(c3F)N(CCCC(CCCCCC)CCCCCCCC)C(=O)/C4=C3/C(=O)N(CCCC(CCCCCC)CCCCCCCC)c4c3ccc(-c3ccc5c(c3F)N(CCCC(CCCCCC)CCCCCCCC)C(=O)/C5=C3/C(=O)N(CCCC(CCCCCC)CCCCCCCC)c5c3ccc(*)c5F)c4F)s2)s1,1,0.0,1,1.05,0.15,-3.87,-5.65,*c1ccc2c(c1F)N(CCCC(CCCCCC)CCCCCCCC)C(=O)/C2=C1/C(=O)N(CCCC(CCCCCC)CCCCCCCC)c2c1ccc(-c1ccc3c(c1F)N(CCCC(CCCCCC)CCCCCCCC)C(=O)/C3=C1/C(=O)N(CCCC(CCCCCC)CCCCCCCC)c3c1ccc(*)c3F)c2F,*c1ccc(-c2ccc(*)s2)s1,P4F-4FBT,*c1ccc2c(c1F)N(CCCC(CCCCCC)CCCCCCCC)C(=O)/C2=C1/C(=O)N(CCCC(CCCCCC)CCCCCCCC)c2c1ccc(-c1ccc3c(c1F)N(CCCC(CCCCCC)CCCCCCCC)C(=O)/C3=C1/C(=O)N(CCCC(CCCCCC)CCCCCCCC)c3c1ccc(-c1sc(-c4sc(*)c(F)c4F)c(F)c1F)c3F)c2F,1,0.0,1,0.71,0.0,-3.99,-6.06,*c1ccc2c(c1F)N(CCCC(CCCCCC)CCCCCCCC)C(=O)/C2=C1/C(=O)N(CCCC(CCCCCC)CCCCCCCC)c2c1ccc(-c1ccc3c(c1F)N(CCCC(CCCCCC)CCCCCCCC)C(=O)/C3=C1/C(=O)N(CCCC(CCCCCC)CCCCCCCC)c3c1ccc(*)c3F)c2F,*c1sc(-c2sc(*)c(F)c2F)c(F)c1F
10.1021/acs.macromol.8b01885,P4F-BT,*c1ccc(-c2ccc(-c3ccc4c(c3F)N(CCCC(CCCCCC)CCCCCCCC)C(=O)/C4=C3/C(=O)N(CCCC(CCCCCC)CCCCCCCC)c4c3ccc(-c3ccc5c(c3F)N(CCCC(CCCCCC)CCCCCCCC)C(=O)/C5=C3/C(=O)N(CCCC(CCCCCC)CCCCCCCC)c5c3ccc(*)c5F)c4F)s2)s1,1,0.0,1,1.05,0.15,-3.87,-5.65,*c1ccc2c(c1F)N(CCCC(CCCCCC)CCCCCCCC)C(=O)/C2=C1/C(=O)N(CCCC(CCCCCC)CCCCCCCC)c2c1ccc(-c1ccc3c(c1F)N(CCCC(CCCCCC)CCCCCCCC)C(=O)/C3=C1/C(=O)N(CCCC(CCCCCC)CCCCCCCC)c3c1ccc(*)c3F)c2F,*c1ccc(-c2ccc(*)s2)s1,P2N2F-4FBT,*c1ccc2c(c1F)N(CCCC(CCCCCC)CCCCCCCC)C(=O)/C2=C1/C(=O)N(CCCC(CCCCCC)CCCCCCCC)c2nc(-c3ccc4c(n3)N(CCCC(CCCCCC)CCCCCCCC)C(=O)/C4=C3/C(=O)N(CCCC(CCCCCC)CCCCCCCC)c4c3ccc(-c3sc(-c5sc(*)c(F)c5F)c(F)c3F)c4F)ccc21,1,0.0,1,1.24,0.0,-4.01,-6.04,*c1ccc2c(c1F)N(CCCC(CCCCCC)CCCCCCCC)C(=O)/C2=C1/C(=O)N(CCCC(CCCCCC)CCCCCCCC)c2nc(-c3ccc4c(n3)N(CCCC(CCCCCC)CCCCCCCC)C(=O)/C4=C3/C(=O)N(CCCC(CCCCCC)CCCCCCCC)c4c3ccc(*)c4F)ccc21,*c1sc(-c2sc(*)c(F)c2F)c(F)c1F
10.1021/acs.macromol.8b01885,P2N2F-BT,*c1ccc(-c2ccc(-c3ccc4c(c3F)N(CCCC(CCCCCC)CCCCCCCC)C(=O)/C4=C3/C(=O)N(CCCC(CCCCCC)CCCCCCCC)c4nc(-c5ccc6c(n5)N(CCCC(CCCCCC)CCCCCCCC)C(=O)/C6=C5/C(=O)N(CCCC(CCCCCC)CCCCCCCC)c6c5ccc(*)c6F)ccc43)s2)s1,1,0.0,1,1.51,0.3,-3.88,-5.67,*c1ccc2c(c1F)N(CCCC(CCCCCC)CCCCCCCC)C(=O)/C2=C1/C(=O)N(CCCC(CCCCCC)CCCCCCCC)c2nc(-c3ccc4c(n3)N(CCCC(CCCCCC)CCCCCCCC)C(=O)/C4=C3/C(=O)N(CCCC(CCCCCC)CCCCCCCC)c4c3ccc(*)c4F)ccc21,*c1ccc(-c2ccc(*)s2)s1,P0F-4FBT,*c1ccc2c(c1)N(CCCC(CCCCCC)CCCCCCCC)C(=O)/C2=C1/C(=O)N(CCCC(CCCCCC)CCCCCCCC)c2cc(-c3ccc4c(c3)N(CCCC(CCCCCC)CCCCCCCC)C(=O)/C4=C3/C(=O)N(CCCC(CCCCCC)CCCCCCCC)c4cc(-c5sc(-c6sc(*)c(F)c6F)c(F)c5F)ccc43)ccc21,1,0.0,1,1.38,0.18,-3.74,-5.88,*c1ccc2c(c1)N(CCCC(CCCCCC)CCCCCCCC)C(=O)/C2=C1/C(=O)N(CCCC(CCCCCC)CCCCCCCC)c2cc(-c3ccc4c(c3)N(CCCC(CCCCCC)CCCCCCCC)C(=O)/C4=C3/C(=O)N(CCCC(CCCCCC)CCCCCCCC)c4cc(*)ccc43)ccc21,*c1sc(-c2sc(*)c(F)c2F)c(F)c1F
10.1021/acs.macromol.8b01885,P2N2F-BT,*c1ccc(-c2ccc(-c3ccc4c(c3F)N(CCCC(CCCCCC)CCCCCCCC)C(=O)/C4=C3/C(=O)N(CCCC(CCCCCC)CCCCCCCC)c4nc(-c5ccc6c(n5)N(CCCC(CCCCCC)CCCCCCCC)C(=O)/C6=C5/C(=O)N(CCCC(CCCCCC)CCCCCCCC)c6c5ccc(*)c6F)ccc43)s2)s1,1,0.0,1,1.51,0.3,-3.88,-5.67,*c1ccc2c(c1F)N(CCCC(CCCCCC)CCCCCCCC)C(=O)/C2=C1/C(=O)N(CCCC(CCCCCC)CCCCCCCC)c2nc(-c3ccc4c(n3)N(CCCC(CCCCCC)CCCCCCCC)C(=O)/C4=C3/C(=O)N(CCCC(CCCCCC)CCCCCCCC)c4c3ccc(*)c4F)ccc21,*c1ccc(-c2ccc(*)s2)s1,P2F-4FBT,*c1ccc2c(c1F)N(CCCC(CCCCCC)CCCCCCCC)C(=O)/C2=C1/C(=O)N(CCCC(CCCCCC)CCCCCCCC)c2cc(-c3ccc4c(c3)N(CCCC(CCCCCC)CCCCCCCC)C(=O)/C4=C3/C(=O)N(CCCC(CCCCCC)CCCCCCCC)c4c3ccc(-c3sc(-c5sc(*)c(F)c5F)c(F)c3F)c4F)ccc21,1,0.0,1,0.93,0.0,-3.89,-5.95,*c1ccc2c(c1F)N(CCCC(CCCCCC)CCCCCCCC)C(=O)/C2=C1/C(=O)N(CCCC(CCCCCC)CCCCCCCC)c2cc(-c3ccc4c(c3)N(CCCC(CCCCCC)CCCCCCCC)C(=O)/C4=C3/C(=O)N(CCCC(CCCCCC)CCCCCCCC)c4c3ccc(*)c4F)ccc21,*c1sc(-c2sc(*)c(F)c2F)c(F)c1F
10.1021/acs.macromol.8b01885,P2N2F-BT,*c1ccc(-c2ccc(-c3ccc4c(c3F)N(CCCC(CCCCCC)CCCCCCCC)C(=O)/C4=C3/C(=O)N(CCCC(CCCCCC)CCCCCCCC)c4nc(-c5ccc6c(n5)N(CCCC(CCCCCC)CCCCCCCC)C(=O)/C6=C5/C(=O)N(CCCC(CCCCCC)CCCCCCCC)c6c5ccc(*)c6F)ccc43)s2)s1,1,0.0,1,1.51,0.3,-3.88,-5.67,*c1ccc2c(c1F)N(CCCC(CCCCCC)CCCCCCCC)C(=O)/C2=C1/C(=O)N(CCCC(CCCCCC)CCCCCCCC)c2nc(-c3ccc4c(n3)N(CCCC(CCCCCC)CCCCCCCC)C(=O)/C4=C3/C(=O)N(CCCC(CCCCCC)CCCCCCCC)c4c3ccc(*)c4F)ccc21,*c1ccc(-c2ccc(*)s2)s1,P4F-4FBT,*c1ccc2c(c1F)N(CCCC(CCCCCC)CCCCCCCC)C(=O)/C2=C1/C(=O)N(CCCC(CCCCCC)CCCCCCCC)c2c1ccc(-c1ccc3c(c1F)N(CCCC(CCCCCC)CCCCCCCC)C(=O)/C3=C1/C(=O)N(CCCC(CCCCCC)CCCCCCCC)c3c1ccc(-c1sc(-c4sc(*)c(F)c4F)c(F)c1F)c3F)c2F,1,0.0,1,0.71,0.0,-3.99,-6.06,*c1ccc2c(c1F)N(CCCC(CCCCCC)CCCCCCCC)C(=O)/C2=C1/C(=O)N(CCCC(CCCCCC)CCCCCCCC)c2c1ccc(-c1ccc3c(c1F)N(CCCC(CCCCCC)CCCCCCCC)C(=O)/C3=C1/C(=O)N(CCCC(CCCCCC)CCCCCCCC)c3c1ccc(*)c3F)c2F,*c1sc(-c2sc(*)c(F)c2F)c(F)c1F
10.1021/acs.macromol.8b01885,P2N2F-BT,*c1ccc(-c2ccc(-c3ccc4c(c3F)N(CCCC(CCCCCC)CCCCCCCC)C(=O)/C4=C3/C(=O)N(CCCC(CCCCCC)CCCCCCCC)c4nc(-c5ccc6c(n5)N(CCCC(CCCCCC)CCCCCCCC)C(=O)/C6=C5/C(=O)N(CCCC(CCCCCC)CCCCCCCC)c6c5ccc(*)c6F)ccc43)s2)s1,1,0.0,1,1.51,0.3,-3.88,-5.67,*c1ccc2c(c1F)N(CCCC(CCCCCC)CCCCCCCC)C(=O)/C2=C1/C(=O)N(CCCC(CCCCCC)CCCCCCCC)c2nc(-c3ccc4c(n3)N(CCCC(CCCCCC)CCCCCCCC)C(=O)/C4=C3/C(=O)N(CCCC(CCCCCC)CCCCCCCC)c4c3ccc(*)c4F)ccc21,*c1ccc(-c2ccc(*)s2)s1,P2N2F-4FBT,*c1ccc2c(c1F)N(CCCC(CCCCCC)CCCCCCCC)C(=O)/C2=C1/C(=O)N(CCCC(CCCCCC)CCCCCCCC)c2nc(-c3ccc4c(n3)N(CCCC(CCCCCC)CCCCCCCC)C(=O)/C4=C3/C(=O)N(CCCC(CCCCCC)CCCCCCCC)c4c3ccc(-c3sc(-c5sc(*)c(F)c5F)c(F)c3F)c4F)ccc21,1,0.0,1,1.24,0.0,-4.01,-6.04,*c1ccc2c(c1F)N(CCCC(CCCCCC)CCCCCCCC)C(=O)/C2=C1/C(=O)N(CCCC(CCCCCC)CCCCCCCC)c2nc(-c3ccc4c(n3)N(CCCC(CCCCCC)CCCCCCCC)C(=O)/C4=C3/C(=O)N(CCCC(CCCCCC)CCCCCCCC)c4c3ccc(*)c4F)ccc21,*c1sc(-c2sc(*)c(F)c2F)c(F)c1F
10.1021/acs.macromol.8b01885,P0F-4FBT,*c1ccc2c(c1)N(CCCC(CCCCCC)CCCCCCCC)C(=O)/C2=C1/C(=O)N(CCCC(CCCCCC)CCCCCCCC)c2cc(-c3ccc4c(c3)N(CCCC(CCCCCC)CCCCCCCC)C(=O)/C4=C3/C(=O)N(CCCC(CCCCCC)CCCCCCCC)c4cc(-c5sc(-c6sc(*)c(F)c6F)c(F)c5F)ccc43)ccc21,1,0.0,1,1.38,0.18,-3.74,-5.88,*c1ccc2c(c1)N(CCCC(CCCCCC)CCCCCCCC)C(=O)/C2=C1/C(=O)N(CCCC(CCCCCC)CCCCCCCC)c2cc(-c3ccc4c(c3)N(CCCC(CCCCCC)CCCCCCCC)C(=O)/C4=C3/C(=O)N(CCCC(CCCCCC)CCCCCCCC)c4cc(*)ccc43)ccc21,*c1sc(-c2sc(*)c(F)c2F)c(F)c1F,P2F-4FBT,*c1ccc2c(c1F)N(CCCC(CCCCCC)CCCCCCCC)C(=O)/C2=C1/C(=O)N(CCCC(CCCCCC)CCCCCCCC)c2cc(-c3ccc4c(c3)N(CCCC(CCCCCC)CCCCCCCC)C(=O)/C4=C3/C(=O)N(CCCC(CCCCCC)CCCCCCCC)c4c3ccc(-c3sc(-c5sc(*)c(F)c5F)c(F)c3F)c4F)ccc21,1,0.0,1,0.93,0.0,-3.89,-5.95,*c1ccc2c(c1F)N(CCCC(CCCCCC)CCCCCCCC)C(=O)/C2=C1/C(=O)N(CCCC(CCCCCC)CCCCCCCC)c2cc(-c3ccc4c(c3)N(CCCC(CCCCCC)CCCCCCCC)C(=O)/C4=C3/C(=O)N(CCCC(CCCCCC)CCCCCCCC)c4c3ccc(*)c4F)ccc21,*c1sc(-c2sc(*)c(F)c2F)c(F)c1F
10.1021/acs.macromol.8b01885,P0F-4FBT,*c1ccc2c(c1)N(CCCC(CCCCCC)CCCCCCCC)C(=O)/C2=C1/C(=O)N(CCCC(CCCCCC)CCCCCCCC)c2cc(-c3ccc4c(c3)N(CCCC(CCCCCC)CCCCCCCC)C(=O)/C4=C3/C(=O)N(CCCC(CCCCCC)CCCCCCCC)c4cc(-c5sc(-c6sc(*)c(F)c6F)c(F)c5F)ccc43)ccc21,1,0.0,1,1.38,0.18,-3.74,-5.88,*c1ccc2c(c1)N(CCCC(CCCCCC)CCCCCCCC)C(=O)/C2=C1/C(=O)N(CCCC(CCCCCC)CCCCCCCC)c2cc(-c3ccc4c(c3)N(CCCC(CCCCCC)CCCCCCCC)C(=O)/C4=C3/C(=O)N(CCCC(CCCCCC)CCCCCCCC)c4cc(*)ccc43)ccc21,*c1sc(-c2sc(*)c(F)c2F)c(F)c1F,P4F-4FBT,*c1ccc2c(c1F)N(CCCC(CCCCCC)CCCCCCCC)C(=O)/C2=C1/C(=O)N(CCCC(CCCCCC)CCCCCCCC)c2c1ccc(-c1ccc3c(c1F)N(CCCC(CCCCCC)CCCCCCCC)C(=O)/C3=C1/C(=O)N(CCCC(CCCCCC)CCCCCCCC)c3c1ccc(-c1sc(-c4sc(*)c(F)c4F)c(F)c1F)c3F)c2F,1,0.0,1,0.71,0.0,-3.99,-6.06,*c1ccc2c(c1F)N(CCCC(CCCCCC)CCCCCCCC)C(=O)/C2=C1/C(=O)N(CCCC(CCCCCC)CCCCCCCC)c2c1ccc(-c1ccc3c(c1F)N(CCCC(CCCCCC)CCCCCCCC)C(=O)/C3=C1/C(=O)N(CCCC(CCCCCC)CCCCCCCC)c3c1ccc(*)c3F)c2F,*c1sc(-c2sc(*)c(F)c2F)c(F)c1F
10.1021/acs.macromol.8b01885,P0F-4FBT,*c1ccc2c(c1)N(CCCC(CCCCCC)CCCCCCCC)C(=O)/C2=C1/C(=O)N(CCCC(CCCCCC)CCCCCCCC)c2cc(-c3ccc4c(c3)N(CCCC(CCCCCC)CCCCCCCC)C(=O)/C4=C3/C(=O)N(CCCC(CCCCCC)CCCCCCCC)c4cc(-c5sc(-c6sc(*)c(F)c6F)c(F)c5F)ccc43)ccc21,1,0.0,1,1.38,0.18,-3.74,-5.88,*c1ccc2c(c1)N(CCCC(CCCCCC)CCCCCCCC)C(=O)/C2=C1/C(=O)N(CCCC(CCCCCC)CCCCCCCC)c2cc(-c3ccc4c(c3)N(CCCC(CCCCCC)CCCCCCCC)C(=O)/C4=C3/C(=O)N(CCCC(CCCCCC)CCCCCCCC)c4cc(*)ccc43)ccc21,*c1sc(-c2sc(*)c(F)c2F)c(F)c1F,P2N2F-4FBT,*c1ccc2c(c1F)N(CCCC(CCCCCC)CCCCCCCC)C(=O)/C2=C1/C(=O)N(CCCC(CCCCCC)CCCCCCCC)c2nc(-c3ccc4c(n3)N(CCCC(CCCCCC)CCCCCCCC)C(=O)/C4=C3/C(=O)N(CCCC(CCCCCC)CCCCCCCC)c4c3ccc(-c3sc(-c5sc(*)c(F)c5F)c(F)c3F)c4F)ccc21,1,0.0,1,1.24,0.0,-4.01,-6.04,*c1ccc2c(c1F)N(CCCC(CCCCCC)CCCCCCCC)C(=O)/C2=C1/C(=O)N(CCCC(CCCCCC)CCCCCCCC)c2nc(-c3ccc4c(n3)N(CCCC(CCCCCC)CCCCCCCC)C(=O)/C4=C3/C(=O)N(CCCC(CCCCCC)CCCCCCCC)c4c3ccc(*)c4F)ccc21,*c1sc(-c2sc(*)c(F)c2F)c(F)c1F
10.1021/acs.macromol.8b01885,P2F-4FBT,*c1ccc2c(c1F)N(CCCC(CCCCCC)CCCCCCCC)C(=O)/C2=C1/C(=O)N(CCCC(CCCCCC)CCCCCCCC)c2cc(-c3ccc4c(c3)N(CCCC(CCCCCC)CCCCCCCC)C(=O)/C4=C3/C(=O)N(CCCC(CCCCCC)CCCCCCCC)c4c3ccc(-c3sc(-c5sc(*)c(F)c5F)c(F)c3F)c4F)ccc21,1,0.0,1,0.93,0.0,-3.89,-5.95,*c1ccc2c(c1F)N(CCCC(CCCCCC)CCCCCCCC)C(=O)/C2=C1/C(=O)N(CCCC(CCCCCC)CCCCCCCC)c2cc(-c3ccc4c(c3)N(CCCC(CCCCCC)CCCCCCCC)C(=O)/C4=C3/C(=O)N(CCCC(CCCCCC)CCCCCCCC)c4c3ccc(*)c4F)ccc21,*c1sc(-c2sc(*)c(F)c2F)c(F)c1F,P4F-4FBT,*c1ccc2c(c1F)N(CCCC(CCCCCC)CCCCCCCC)C(=O)/C2=C1/C(=O)N(CCCC(CCCCCC)CCCCCCCC)c2c1ccc(-c1ccc3c(c1F)N(CCCC(CCCCCC)CCCCCCCC)C(=O)/C3=C1/C(=O)N(CCCC(CCCCCC)CCCCCCCC)c3c1ccc(-c1sc(-c4sc(*)c(F)c4F)c(F)c1F)c3F)c2F,1,0.0,1,0.71,0.0,-3.99,-6.06,*c1ccc2c(c1F)N(CCCC(CCCCCC)CCCCCCCC)C(=O)/C2=C1/C(=O)N(CCCC(CCCCCC)CCCCCCCC)c2c1ccc(-c1ccc3c(c1F)N(CCCC(CCCCCC)CCCCCCCC)C(=O)/C3=C1/C(=O)N(CCCC(CCCCCC)CCCCCCCC)c3c1ccc(*)c3F)c2F,*c1sc(-c2sc(*)c(F)c2F)c(F)c1F
10.1021/acs.macromol.8b01885,P2F-4FBT,*c1ccc2c(c1F)N(CCCC(CCCCCC)CCCCCCCC)C(=O)/C2=C1/C(=O)N(CCCC(CCCCCC)CCCCCCCC)c2cc(-c3ccc4c(c3)N(CCCC(CCCCCC)CCCCCCCC)C(=O)/C4=C3/C(=O)N(CCCC(CCCCCC)CCCCCCCC)c4c3ccc(-c3sc(-c5sc(*)c(F)c5F)c(F)c3F)c4F)ccc21,1,0.0,1,0.93,0.0,-3.89,-5.95,*c1ccc2c(c1F)N(CCCC(CCCCCC)CCCCCCCC)C(=O)/C2=C1/C(=O)N(CCCC(CCCCCC)CCCCCCCC)c2cc(-c3ccc4c(c3)N(CCCC(CCCCCC)CCCCCCCC)C(=O)/C4=C3/C(=O)N(CCCC(CCCCCC)CCCCCCCC)c4c3ccc(*)c4F)ccc21,*c1sc(-c2sc(*)c(F)c2F)c(F)c1F,P2N2F-4FBT,*c1ccc2c(c1F)N(CCCC(CCCCCC)CCCCCCCC)C(=O)/C2=C1/C(=O)N(CCCC(CCCCCC)CCCCCCCC)c2nc(-c3ccc4c(n3)N(CCCC(CCCCCC)CCCCCCCC)C(=O)/C4=C3/C(=O)N(CCCC(CCCCCC)CCCCCCCC)c4c3ccc(-c3sc(-c5sc(*)c(F)c5F)c(F)c3F)c4F)ccc21,1,0.0,1,1.24,0.0,-4.01,-6.04,*c1ccc2c(c1F)N(CCCC(CCCCCC)CCCCCCCC)C(=O)/C2=C1/C(=O)N(CCCC(CCCCCC)CCCCCCCC)c2nc(-c3ccc4c(n3)N(CCCC(CCCCCC)CCCCCCCC)C(=O)/C4=C3/C(=O)N(CCCC(CCCCCC)CCCCCCCC)c4c3ccc(*)c4F)ccc21,*c1sc(-c2sc(*)c(F)c2F)c(F)c1F
10.1021/acs.macromol.8b01885,P4F-4FBT,*c1ccc2c(c1F)N(CCCC(CCCCCC)CCCCCCCC)C(=O)/C2=C1/C(=O)N(CCCC(CCCCCC)CCCCCCCC)c2c1ccc(-c1ccc3c(c1F)N(CCCC(CCCCCC)CCCCCCCC)C(=O)/C3=C1/C(=O)N(CCCC(CCCCCC)CCCCCCCC)c3c1ccc(-c1sc(-c4sc(*)c(F)c4F)c(F)c1F)c3F)c2F,1,0.0,1,0.71,0.0,-3.99,-6.06,*c1ccc2c(c1F)N(CCCC(CCCCCC)CCCCCCCC)C(=O)/C2=C1/C(=O)N(CCCC(CCCCCC)CCCCCCCC)c2c1ccc(-c1ccc3c(c1F)N(CCCC(CCCCCC)CCCCCCCC)C(=O)/C3=C1/C(=O)N(CCCC(CCCCCC)CCCCCCCC)c3c1ccc(*)c3F)c2F,*c1sc(-c2sc(*)c(F)c2F)c(F)c1F,P2N2F-4FBT,*c1ccc2c(c1F)N(CCCC(CCCCCC)CCCCCCCC)C(=O)/C2=C1/C(=O)N(CCCC(CCCCCC)CCCCCCCC)c2nc(-c3ccc4c(n3)N(CCCC(CCCCCC)CCCCCCCC)C(=O)/C4=C3/C(=O)N(CCCC(CCCCCC)CCCCCCCC)c4c3ccc(-c3sc(-c5sc(*)c(F)c5F)c(F)c3F)c4F)ccc21,1,0.0,1,1.24,0.0,-4.01,-6.04,*c1ccc2c(c1F)N(CCCC(CCCCCC)CCCCCCCC)C(=O)/C2=C1/C(=O)N(CCCC(CCCCCC)CCCCCCCC)c2nc(-c3ccc4c(n3)N(CCCC(CCCCCC)CCCCCCCC)C(=O)/C4=C3/C(=O)N(CCCC(CCCCCC)CCCCCCCC)c4c3ccc(*)c4F)ccc21,*c1sc(-c2sc(*)c(F)c2F)c(F)c1F
10.1021/acs.macromol.8b01944,PNBDO-TTT,*c1ccc2c(n1)N(CCCC(CCCCCCCCCCCCCCCCCC)CCCCCCCCCCCCCCCCCC)C(=O)/C2=C1/C(=O)Oc2cc3c(cc21)OC(=O)/C3=C1/C(=O)N(CCCC(CCCCCCCCCCCCCCCCCC)CCCCCCCCCCCCCCCCCC)c2nc(-c3ccc(-c4ccc(-c5ccc(*)s5)c5nsnc45)s3)ccc21,1,0.0,0,2.41,0.13,-3.87,-5.9,*c1ccc(-c2ccc(-c3ccc(*)s3)c3nsnc23)s1,*c1ccc2c(n1)N(CCCC(CCCCCCCCCCCCCCCCCC)CCCCCCCCCCCCCCCCCC)C(=O)/C2=C1/C(=O)Oc2cc3c(cc21)OC(=O)/C3=C1/C(=O)N(CCCC(CCCCCCCCCCCCCCCCCC)CCCCCCCCCCCCCCCCCC)c2nc(*)ccc21,PNBDO-STS,*c1ccc2c(n1)N(CCCC(CCCCCCCCCCCCCCCCCC)CCCCCCCCCCCCCCCCCC)C(=O)/C2=C1/C(=O)Oc2cc3c(cc21)OC(=O)/C3=C1/C(=O)N(CCCC(CCCCCCCCCCCCCCCCCC)CCCCCCCCCCCCCCCCCC)c2nc(-c3ccc(-c4ccc(-c5ccc(*)[se]5)c5nsnc45)[se]3)ccc21,1,0.0,0,2.68,0.27,-3.86,-5.81,*c1ccc(-c2ccc(-c3ccc(*)[se]3)c3nsnc23)[se]1,*c1ccc2c(n1)N(CCCC(CCCCCCCCCCCCCCCCCC)CCCCCCCCCCCCCCCCCC)C(=O)/C2=C1/C(=O)Oc2cc3c(cc21)OC(=O)/C3=C1/C(=O)N(CCCC(CCCCCCCCCCCCCCCCCC)CCCCCCCCCCCCCCCCCC)c2nc(*)ccc21
10.1021/acs.macromol.8b01944,PNBDO-TTT,*c1ccc2c(n1)N(CCCC(CCCCCCCCCCCCCCCCCC)CCCCCCCCCCCCCCCCCC)C(=O)/C2=C1/C(=O)Oc2cc3c(cc21)OC(=O)/C3=C1/C(=O)N(CCCC(CCCCCCCCCCCCCCCCCC)CCCCCCCCCCCCCCCCCC)c2nc(-c3ccc(-c4ccc(-c5ccc(*)s5)c5nsnc45)s3)ccc21,1,0.0,0,2.41,0.13,-3.87,-5.9,*c1ccc(-c2ccc(-c3ccc(*)s3)c3nsnc23)s1,*c1ccc2c(n1)N(CCCC(CCCCCCCCCCCCCCCCCC)CCCCCCCCCCCCCCCCCC)C(=O)/C2=C1/C(=O)Oc2cc3c(cc21)OC(=O)/C3=C1/C(=O)N(CCCC(CCCCCCCCCCCCCCCCCC)CCCCCCCCCCCCCCCCCC)c2nc(*)ccc21,PNBDO-SSS,*c1ccc2c(n1)N(CCCC(CCCCCCCCCCCCCCCCCC)CCCCCCCCCCCCCCCCCC)C(=O)/C2=C1/C(=O)Oc2cc3c(cc21)OC(=O)/C3=C1/C(=O)N(CCCC(CCCCCCCCCCCCCCCCCC)CCCCCCCCCCCCCCCCCC)c2nc(-c3ccc(-c4ccc(-c5ccc(*)[se]5)c5n[se]nc45)[se]3)ccc21,1,0.0,0,0.012,0.0084,-3.88,-5.75,*c1ccc(-c2ccc(-c3ccc(*)[se]3)c3n[se]nc23)[se]1,*c1ccc2c(n1)N(CCCC(CCCCCCCCCCCCCCCCCC)CCCCCCCCCCCCCCCCCC)C(=O)/C2=C1/C(=O)Oc2cc3c(cc21)OC(=O)/C3=C1/C(=O)N(CCCC(CCCCCCCCCCCCCCCCCC)CCCCCCCCCCCCCCCCCC)c2nc(*)ccc21
10.1021/acs.macromol.8b01944,PNBDO-STS,*c1ccc2c(n1)N(CCCC(CCCCCCCCCCCCCCCCCC)CCCCCCCCCCCCCCCCCC)C(=O)/C2=C1/C(=O)Oc2cc3c(cc21)OC(=O)/C3=C1/C(=O)N(CCCC(CCCCCCCCCCCCCCCCCC)CCCCCCCCCCCCCCCCCC)c2nc(-c3ccc(-c4ccc(-c5ccc(*)[se]5)c5nsnc45)[se]3)ccc21,1,0.0,0,2.68,0.27,-3.86,-5.81,*c1ccc(-c2ccc(-c3ccc(*)[se]3)c3nsnc23)[se]1,*c1ccc2c(n1)N(CCCC(CCCCCCCCCCCCCCCCCC)CCCCCCCCCCCCCCCCCC)C(=O)/C2=C1/C(=O)Oc2cc3c(cc21)OC(=O)/C3=C1/C(=O)N(CCCC(CCCCCCCCCCCCCCCCCC)CCCCCCCCCCCCCCCCCC)c2nc(*)ccc21,PNBDO-SSS,*c1ccc2c(n1)N(CCCC(CCCCCCCCCCCCCCCCCC)CCCCCCCCCCCCCCCCCC)C(=O)/C2=C1/C(=O)Oc2cc3c(cc21)OC(=O)/C3=C1/C(=O)N(CCCC(CCCCCCCCCCCCCCCCCC)CCCCCCCCCCCCCCCCCC)c2nc(-c3ccc(-c4ccc(-c5ccc(*)[se]5)c5n[se]nc45)[se]3)ccc21,1,0.0,0,0.012,0.0084,-3.88,-5.75,*c1ccc(-c2ccc(-c3ccc(*)[se]3)c3n[se]nc23)[se]1,*c1ccc2c(n1)N(CCCC(CCCCCCCCCCCCCCCCCC)CCCCCCCCCCCCCCCCCC)C(=O)/C2=C1/C(=O)Oc2cc3c(cc21)OC(=O)/C3=C1/C(=O)N(CCCC(CCCCCCCCCCCCCCCCCC)CCCCCCCCCCCCCCCCCC)c2nc(*)ccc21
10.1021/acs.macromol.9b00022,PAIID-TFBVB-C1,*c1ccc(/C=C/c2ccc(-c3ccc4c(n3)N(CC(CCCCCCCCCC)CCCCCCCCCCCC)C(=O)/C4=C3/C(=O)N(CC(CCCCCCCCCC)CCCCCCCCCCCC)c4nc(*)ccc43)cc2C(F)(F)F)c(C(F)(F)F)c1,1,0.0,1,0.11,0.0,-3.69,-6.23,*c1ccc(/C=C/c2ccc(*)cc2C(F)(F)F)c(C(F)(F)F)c1,*c1ccc2c(n1)N(CC(CCCCCCCCCC)CCCCCCCCCCCC)C(=O)/C2=C1/C(=O)N(CC(CCCCCCCCCC)CCCCCCCCCCCC)c2nc(*)ccc21,PAIID-TFBVB-C3,*c1ccc(/C=C/c2ccc(-c3ccc4c(n3)N(CCCC(CCCCCCCCCC)CCCCCCCCCC)C(=O)/C4=C3/C(=O)N(CCCC(CCCCCCCCCC)CCCCCCCCCC)c4nc(*)ccc43)cc2C(F)(F)F)c(C(F)(F)F)c1,1,0.0,1,0.04,0.0,-3.61,-6.18,*c1ccc(/C=C/c2ccc(*)cc2C(F)(F)F)c(C(F)(F)F)c1,*c1ccc2c(n1)N(CCCC(CCCCCCCCCC)CCCCCCCCCC)C(=O)/C2=C1/C(=O)N(CCCC(CCCCCCCCCC)CCCCCCCCCC)c2nc(*)ccc21
10.1021/acs.macromol.9b00022,PAIID-TFBVB-C1,*c1ccc(/C=C/c2ccc(-c3ccc4c(n3)N(CC(CCCCCCCCCC)CCCCCCCCCCCC)C(=O)/C4=C3/C(=O)N(CC(CCCCCCCCCC)CCCCCCCCCCCC)c4nc(*)ccc43)cc2C(F)(F)F)c(C(F)(F)F)c1,1,0.0,1,0.11,0.0,-3.69,-6.23,*c1ccc(/C=C/c2ccc(*)cc2C(F)(F)F)c(C(F)(F)F)c1,*c1ccc2c(n1)N(CC(CCCCCCCCCC)CCCCCCCCCCCC)C(=O)/C2=C1/C(=O)N(CC(CCCCCCCCCC)CCCCCCCCCCCC)c2nc(*)ccc21,PAIID-BVB-C3,*c1ccc(/C=C/c2ccc(-c3ccc4c(n3)N(CCCC(CCCCCCCCCC)CCCCCCCCCC)C(=O)/C4=C3/C(=O)N(CCCC(CCCCCCCCCC)CCCCCCCCCC)c4nc(*)ccc43)cc2)cc1,1,0.0,1,0.0,0.14,-3.47,-5.73,*c1ccc(/C=C/c2ccc(*)cc2)cc1,*c1ccc2c(n1)N(CCCC(CCCCCCCCCC)CCCCCCCCCC)C(=O)/C2=C1/C(=O)N(CCCC(CCCCCCCCCC)CCCCCCCCCC)c2nc(*)ccc21
10.1021/acs.macromol.9b00022,PAIID-TFBVB-C3,*c1ccc(/C=C/c2ccc(-c3ccc4c(n3)N(CCCC(CCCCCCCCCC)CCCCCCCCCC)C(=O)/C4=C3/C(=O)N(CCCC(CCCCCCCCCC)CCCCCCCCCC)c4nc(*)ccc43)cc2C(F)(F)F)c(C(F)(F)F)c1,1,0.0,1,0.04,0.0,-3.61,-6.18,*c1ccc(/C=C/c2ccc(*)cc2C(F)(F)F)c(C(F)(F)F)c1,*c1ccc2c(n1)N(CCCC(CCCCCCCCCC)CCCCCCCCCC)C(=O)/C2=C1/C(=O)N(CCCC(CCCCCCCCCC)CCCCCCCCCC)c2nc(*)ccc21,PAIID-BVB-C3,*c1ccc(/C=C/c2ccc(-c3ccc4c(n3)N(CCCC(CCCCCCCCCC)CCCCCCCCCC)C(=O)/C4=C3/C(=O)N(CCCC(CCCCCCCCCC)CCCCCCCCCC)c4nc(*)ccc43)cc2)cc1,1,0.0,1,0.0,0.14,-3.47,-5.73,*c1ccc(/C=C/c2ccc(*)cc2)cc1,*c1ccc2c(n1)N(CCCC(CCCCCCCCCC)CCCCCCCCCC)C(=O)/C2=C1/C(=O)N(CCCC(CCCCCCCCCC)CCCCCCCCCC)c2nc(*)ccc21
10.1021/acs.macromol.9b00370,PITT,*c1ccc2c(c1)N(CCCC(CCCCCCCCCC)CCCCCCCCCCCC)C(=O)/C2=C1/C(=O)N(CCCC(CCCCCCCCCC)CCCCCCCCCCCC)c2cc(-c3cc4sc(*)cc4s3)ccc21,1,0.0,1,0.0,0.2,-3.36,-5.24,*c1cc2sc(*)cc2s1,*c1ccc2c(c1)N(CCCC(CCCCCCCCCC)CCCCCCCCCCCC)C(=O)/C2=C1/C(=O)N(CCCC(CCCCCCCCCC)CCCCCCCCCCCC)c2cc(*)ccc21,PIQTT,*c1ccc2c(c1)N(CCCC(CCCCCCCCCC)CCCCCCCCCCCC)C(=O)/C2=c1/cc2s/c(=C3\C(=O)N(CCCC(CCCCCCCCCC)CCCCCCCCCCCC)c4cc(-c5cc6sc(*)cc6s5)ccc43)cc2s1,1,0.0,1,0.0,0.13,-3.63,-5.19,*c1cc2sc(*)cc2s1,*c1ccc2c(c1)N(CCCC(CCCCCCCCCC)CCCCCCCCCCCC)C(=O)/C2=c1/cc2s/c(=C3\C(=O)N(CCCC(CCCCCCCCCC)CCCCCCCCCCCC)c4cc(*)ccc43)cc2s1
10.1021/acs.macromol.9b00834,PBTTQ-TT,*c1cc2sc(-c3sc(-c4c5nsnc5c(-c5cc(CC(CCCCCCCCCC)CCCCCCCCCCCC)c(*)s5)c5nc6c(nc45)C(=O)c4ccccc4-6)cc3CC(CCCCCCCCCC)CCCCCCCCCCCC)cc2s1,1,0.0,0,0.0014,0.00047,-3.9,-5.06,*c1cc2sc(*)cc2s1,*c1sc(-c2c3nsnc3c(-c3cc(CC(CCCCCCCCCC)CCCCCCCCCCCC)c(*)s3)c3nc4c(nc23)C(=O)c2ccccc2-4)cc1CC(CCCCCCCCCC)CCCCCCCCCCCC,PBTTQCN-TT,*c1cc2sc(-c3sc(-c4c5nsnc5c(-c5cc(CC(CCCCCCCCCC)CCCCCCCCCCCC)c(*)s5)c5nc6c(nc45)C(=C(C#N)C#N)c4ccccc4-6)cc3CC(CCCCCCCCCC)CCCCCCCCCCCC)cc2s1,1,0.0,0,0.002,0.0013,-4.1,-5.2,*c1cc2sc(*)cc2s1,*c1sc(-c2c3nsnc3c(-c3cc(CC(CCCCCCCCCC)CCCCCCCCCCCC)c(*)s3)c3nc4c(nc23)C(=C(C#N)C#N)c2ccccc2-4)cc1CC(CCCCCCCCCC)CCCCCCCCCCCC
10.1021/acs.macromol.9b01173,PBFI,*c1cc2c(=O)n(CC(CCCCCCCC)CCCCCCCCCC)c(=O)c3cc(*)oc3c2o1,1,0.0,1,0.085,0.0,-3.04,-5.99,*c1cc2c(=O)n(CC(CCCCCCCC)CCCCCCCCCC)c(=O)c3cc(*)oc3c2o1,*c1cc2c(=O)n(CC(CCCCCCCC)CCCCCCCCCC)c(=O)c3cc(*)oc3c2o1,PBSeI,*c1cc2c(=O)n(CC(CCCCCCCC)CCCCCCCCCC)c(=O)c3cc(*)[se]c3c2[se]1,1,0.0,1,0.82,0.0,-3.56,-5.98,*c1cc2c(=O)n(CC(CCCCCCCC)CCCCCCCCCC)c(=O)c3cc(*)[se]c3c2[se]1,*c1cc2c(=O)n(CC(CCCCCCCC)CCCCCCCCCC)c(=O)c3cc(*)[se]c3c2[se]1
10.1021/acs.macromol.9b01360,PEBIQ-FBT,*c1ccc2c(c1)C(=O)N(CC(CCCCCCCCCC)CCCCCCCCCCCC)C(=O)/C2=C\C=C1/C(=O)N(CC(CCCCCCCCCC)CCCCCCCCCCCC)C(=O)c2cc(-c3cc(F)c(-c4sc(*)cc4F)s3)ccc21,1,0.0,1,0.074,0.138,-3.75,-5.85,*c1cc(F)c(-c2sc(*)cc2F)s1,*c1ccc2c(c1)C(=O)N(CC(CCCCCCCCCC)CCCCCCCCCCCC)C(=O)/C2=C\C=C1/C(=O)N(CC(CCCCCCCCCC)CCCCCCCCCCCC)C(=O)c2cc(*)ccc21,PEBIQ-DTE,*c1ccc2c(c1)C(=O)N(CC(CCCCCCCCCC)CCCCCCCCCCCC)C(=O)/C2=C\C=C1/C(=O)N(CC(CCCCCCCCCC)CCCCCCCCCCCC)C(=O)c2cc(-c3ccc(/C=C/c4ccc(*)s4)s3)ccc21,1,0.0,1,0.00278,0.0117,-3.66,-5.59,*c1ccc(/C=C/c2ccc(*)s2)s1,*c1ccc2c(c1)C(=O)N(CC(CCCCCCCCCC)CCCCCCCCCCCC)C(=O)/C2=C\C=C1/C(=O)N(CC(CCCCCCCCCC)CCCCCCCCCCCC)C(=O)c2cc(*)ccc21
10.1021/acs.macromol.9b01360,PEBIQ-FBT,*c1ccc2c(c1)C(=O)N(CC(CCCCCCCCCC)CCCCCCCCCCCC)C(=O)/C2=C\C=C1/C(=O)N(CC(CCCCCCCCCC)CCCCCCCCCCCC)C(=O)c2cc(-c3cc(F)c(-c4sc(*)cc4F)s3)ccc21,1,0.0,1,0.074,0.138,-3.75,-5.85,*c1cc(F)c(-c2sc(*)cc2F)s1,*c1ccc2c(c1)C(=O)N(CC(CCCCCCCCCC)CCCCCCCCCCCC)C(=O)/C2=C\C=C1/C(=O)N(CC(CCCCCCCCCC)CCCCCCCCCCCC)C(=O)c2cc(*)ccc21,PEBIQ-DTBT,*c1ccc2c(c1)C(=O)N(CC(CCCCCCCCCC)CCCCCCCCCCCC)C(=O)/C2=C\C=C1/C(=O)N(CC(CCCCCCCCCC)CCCCCCCCCCCC)C(=O)c2cc(-c3sc(-c4ccc(-c5cc(CCCCCC)c(*)s5)c5nsnc45)cc3CCCCCC)ccc21,1,0.0,1,0.000804,0.00742,-3.68,-5.7,*c1sc(-c2ccc(-c3cc(CCCCCC)c(*)s3)c3nsnc23)cc1CCCCCC,*c1ccc2c(c1)C(=O)N(CC(CCCCCCCCCC)CCCCCCCCCCCC)C(=O)/C2=C\C=C1/C(=O)N(CC(CCCCCCCCCC)CCCCCCCCCCCC)C(=O)c2cc(*)ccc21
10.1021/acs.macromol.9b01360,PEBIQ-DTE,*c1ccc2c(c1)C(=O)N(CC(CCCCCCCCCC)CCCCCCCCCCCC)C(=O)/C2=C\C=C1/C(=O)N(CC(CCCCCCCCCC)CCCCCCCCCCCC)C(=O)c2cc(-c3ccc(/C=C/c4ccc(*)s4)s3)ccc21,1,0.0,1,0.00278,0.0117,-3.66,-5.59,*c1ccc(/C=C/c2ccc(*)s2)s1,*c1ccc2c(c1)C(=O)N(CC(CCCCCCCCCC)CCCCCCCCCCCC)C(=O)/C2=C\C=C1/C(=O)N(CC(CCCCCCCCCC)CCCCCCCCCCCC)C(=O)c2cc(*)ccc21,PEBIQ-DTBT,*c1ccc2c(c1)C(=O)N(CC(CCCCCCCCCC)CCCCCCCCCCCC)C(=O)/C2=C\C=C1/C(=O)N(CC(CCCCCCCCCC)CCCCCCCCCCCC)C(=O)c2cc(-c3sc(-c4ccc(-c5cc(CCCCCC)c(*)s5)c5nsnc45)cc3CCCCCC)ccc21,1,0.0,1,0.000804,0.00742,-3.68,-5.7,*c1sc(-c2ccc(-c3cc(CCCCCC)c(*)s3)c3nsnc23)cc1CCCCCC,*c1ccc2c(c1)C(=O)N(CC(CCCCCCCCCC)CCCCCCCCCCCC)C(=O)/C2=C\C=C1/C(=O)N(CC(CCCCCCCCCC)CCCCCCCCCCCC)C(=O)c2cc(*)ccc21
10.1021/acs.macromol.9b02237,PQEDOT-T,*c1ccc2c(c1)N(CC(CCCCCCCCCC)CCCCCCCCCCCC)C(=O)/C2=c1\s/c(=c2/s/c(=C3\C(=O)N(CC(CCCCCCCCCC)CCCCCCCCCCCC)c4cc(-c5ccc(*)s5)ccc43)c3c2OCCO3)c2c1OCCO2,1,0.0,0,0.0,0.043,-3.43,-4.58,*c1ccc(*)s1,*c1ccc2c(c1)N(CC(CCCCCCCCCC)CCCCCCCCCCCC)C(=O)/C2=c1\s/c(=c2/s/c(=C3\C(=O)N(CC(CCCCCCCCCC)CCCCCCCCCCCC)c4cc(*)ccc43)c3c2OCCO3)c2c1OCCO2,PQEDOT-2T,*c1ccc2c(c1)N(CC(CCCCCCCCCC)CCCCCCCCCCCC)C(=O)/C2=c1\s/c(=c2/s/c(=C3\C(=O)N(CC(CCCCCCCCCC)CCCCCCCCCCCC)c4cc(-c5ccc(-c6ccc(*)s6)s5)ccc43)c3c2OCCO3)c2c1OCCO2,1,0.0,1,0.0,0.018,-3.36,-4.52,*c1ccc(-c2ccc(*)s2)s1,*c1ccc2c(c1)N(CC(CCCCCCCCCC)CCCCCCCCCCCC)C(=O)/C2=c1\s/c(=c2/s/c(=C3\C(=O)N(CC(CCCCCCCCCC)CCCCCCCCCCCC)c4cc(*)ccc43)c3c2OCCO3)c2c1OCCO2
10.1021/acs.macromol.9b02237,PQEDOT-T,*c1ccc2c(c1)N(CC(CCCCCCCCCC)CCCCCCCCCCCC)C(=O)/C2=c1\s/c(=c2/s/c(=C3\C(=O)N(CC(CCCCCCCCCC)CCCCCCCCCCCC)c4cc(-c5ccc(*)s5)ccc43)c3c2OCCO3)c2c1OCCO2,1,0.0,0,0.0,0.043,-3.43,-4.58,*c1ccc(*)s1,*c1ccc2c(c1)N(CC(CCCCCCCCCC)CCCCCCCCCCCC)C(=O)/C2=c1\s/c(=c2/s/c(=C3\C(=O)N(CC(CCCCCCCCCC)CCCCCCCCCCCC)c4cc(*)ccc43)c3c2OCCO3)c2c1OCCO2,PQEDOTTV,*c1ccc2c(c1)N(CC(CCCCCCCCCC)CCCCCCCCCCCC)C(=O)/C2=c1\s/c(=c2/s/c(=C3\C(=O)N(CC(CCCCCCCCCC)CCCCCCCCCCCC)c4cc(-c5ccc(/C=C/c6ccc(*)s6)s5)ccc43)c3c2OCCO3)c2c1OCCO2,1,0.0,1,0.0,0.0078,-3.32,-4.5,*c1ccc(/C=C/c2ccc(*)s2)s1,*c1ccc2c(c1)N(CC(CCCCCCCCCC)CCCCCCCCCCCC)C(=O)/C2=c1\s/c(=c2/s/c(=C3\C(=O)N(CC(CCCCCCCCCC)CCCCCCCCCCCC)c4cc(*)ccc43)c3c2OCCO3)c2c1OCCO2
10.1021/acs.macromol.9b02237,PQEDOT-2T,*c1ccc2c(c1)N(CC(CCCCCCCCCC)CCCCCCCCCCCC)C(=O)/C2=c1\s/c(=c2/s/c(=C3\C(=O)N(CC(CCCCCCCCCC)CCCCCCCCCCCC)c4cc(-c5ccc(-c6ccc(*)s6)s5)ccc43)c3c2OCCO3)c2c1OCCO2,1,0.0,1,0.0,0.018,-3.36,-4.52,*c1ccc(-c2ccc(*)s2)s1,*c1ccc2c(c1)N(CC(CCCCCCCCCC)CCCCCCCCCCCC)C(=O)/C2=c1\s/c(=c2/s/c(=C3\C(=O)N(CC(CCCCCCCCCC)CCCCCCCCCCCC)c4cc(*)ccc43)c3c2OCCO3)c2c1OCCO2,PQEDOTTV,*c1ccc2c(c1)N(CC(CCCCCCCCCC)CCCCCCCCCCCC)C(=O)/C2=c1\s/c(=c2/s/c(=C3\C(=O)N(CC(CCCCCCCCCC)CCCCCCCCCCCC)c4cc(-c5ccc(/C=C/c6ccc(*)s6)s5)ccc43)c3c2OCCO3)c2c1OCCO2,1,0.0,1,0.0,0.0078,-3.32,-4.5,*c1ccc(/C=C/c2ccc(*)s2)s1,*c1ccc2c(c1)N(CC(CCCCCCCCCC)CCCCCCCCCCCC)C(=O)/C2=c1\s/c(=c2/s/c(=C3\C(=O)N(CC(CCCCCCCCCC)CCCCCCCCCCCC)c4cc(*)ccc43)c3c2OCCO3)c2c1OCCO2
10.1021/acsaelm.9b00396,P2TIF,*c1ccc2c(c1)N(CC(CCCCCCCCCC)CCCCCCCCCCCC)C(=O)/C2=C1/C(=O)N(CC(CCCCCCCCCC)CCCCCCCCCCCC)c2cc(-c3cc(F)c(-c4sc(*)cc4F)s3)ccc21,1,0.0,1,0.0,0.12,-3.82,-5.69,*c1ccc2c(c1)N(CC(CCCCCCCCCC)CCCCCCCCCCCC)C(=O)/C2=C1/C(=O)N(CC(CCCCCCCCCC)CCCCCCCCCCCC)c2cc(*)ccc21,*c1cc(F)c(-c2sc(*)cc2F)s1,P4TIF,*c1cc(F)c(-c2sc(-c3sc(-c4ccc5c(c4)N(CC(CCCCCCCCCC)CCCCCCCCCCCC)C(=O)/C5=C4/C(=O)N(CC(CCCCCCCCCC)CCCCCCCCCCCC)c5cc(-c6cc(CCCCCCCCCCCC)c(*)s6)ccc54)cc3CCCCCCCCCCCC)cc2F)s1,1,0.0,1,0.0,0.41,-3.82,-5.41,*c1sc(-c2ccc3c(c2)N(CC(CCCCCCCCCC)CCCCCCCCCCCC)C(=O)/C3=C2/C(=O)N(CC(CCCCCCCCCC)CCCCCCCCCCCC)c3cc(-c4cc(CCCCCCCCCCCC)c(*)s4)ccc32)cc1CCCCCCCCCCCC,*c1cc(F)c(-c2sc(*)cc2F)s1
10.1021/acsaelm.9b00396,P2TIF,*c1ccc2c(c1)N(CC(CCCCCCCCCC)CCCCCCCCCCCC)C(=O)/C2=C1/C(=O)N(CC(CCCCCCCCCC)CCCCCCCCCCCC)c2cc(-c3cc(F)c(-c4sc(*)cc4F)s3)ccc21,1,0.0,1,0.0,0.12,-3.82,-5.69,*c1ccc2c(c1)N(CC(CCCCCCCCCC)CCCCCCCCCCCC)C(=O)/C2=C1/C(=O)N(CC(CCCCCCCCCC)CCCCCCCCCCCC)c2cc(*)ccc21,*c1cc(F)c(-c2sc(*)cc2F)s1,P6TIF,*c1cc(F)c(-c2sc(-c3sc(-c4sc(-c5ccc6c(c5)N(CC(CCCCCCCCCC)CCCCCCCCCCCC)C(=O)/C6=C5/C(=O)N(CC(CCCCCCCCCC)CCCCCCCCCCCC)c6cc(-c7cc(CCCCCCCCCCCC)c(-c8cc(CCCCCCCCCCCC)c(*)s8)s7)ccc65)cc4CCCCCCCCCCCC)cc3CCCCCCCCCCCC)cc2F)s1,1,0.0,1,0.0,0.065,-3.83,-5.26,*c1sc(-c2sc(-c3ccc4c(c3)N(CC(CCCCCCCCCC)CCCCCCCCCCCC)C(=O)/C4=C3/C(=O)N(CC(CCCCCCCCCC)CCCCCCCCCCCC)c4cc(-c5cc(CCCCCCCCCCCC)c(-c6cc(CCCCCCCCCCCC)c(*)s6)s5)ccc43)cc2CCCCCCCCCCCC)cc1CCCCCCCCCCCC,*c1cc(F)c(-c2sc(*)cc2F)s1
10.1021/acsaelm.9b00396,P4TIF,*c1cc(F)c(-c2sc(-c3sc(-c4ccc5c(c4)N(CC(CCCCCCCCCC)CCCCCCCCCCCC)C(=O)/C5=C4/C(=O)N(CC(CCCCCCCCCC)CCCCCCCCCCCC)c5cc(-c6cc(CCCCCCCCCCCC)c(*)s6)ccc54)cc3CCCCCCCCCCCC)cc2F)s1,1,0.0,1,0.0,0.41,-3.82,-5.41,*c1sc(-c2ccc3c(c2)N(CC(CCCCCCCCCC)CCCCCCCCCCCC)C(=O)/C3=C2/C(=O)N(CC(CCCCCCCCCC)CCCCCCCCCCCC)c3cc(-c4cc(CCCCCCCCCCCC)c(*)s4)ccc32)cc1CCCCCCCCCCCC,*c1cc(F)c(-c2sc(*)cc2F)s1,P6TIF,*c1cc(F)c(-c2sc(-c3sc(-c4sc(-c5ccc6c(c5)N(CC(CCCCCCCCCC)CCCCCCCCCCCC)C(=O)/C6=C5/C(=O)N(CC(CCCCCCCCCC)CCCCCCCCCCCC)c6cc(-c7cc(CCCCCCCCCCCC)c(-c8cc(CCCCCCCCCCCC)c(*)s8)s7)ccc65)cc4CCCCCCCCCCCC)cc3CCCCCCCCCCCC)cc2F)s1,1,0.0,1,0.0,0.065,-3.83,-5.26,*c1sc(-c2sc(-c3ccc4c(c3)N(CC(CCCCCCCCCC)CCCCCCCCCCCC)C(=O)/C4=C3/C(=O)N(CC(CCCCCCCCCC)CCCCCCCCCCCC)c4cc(-c5cc(CCCCCCCCCCCC)c(-c6cc(CCCCCCCCCCCC)c(*)s6)s5)ccc43)cc2CCCCCCCCCCCC)cc1CCCCCCCCCCCC,*c1cc(F)c(-c2sc(*)cc2F)s1
10.1021/acsami.0c02322,PNVB,*/C=C/c1cc2c3c(c(/C=C/c4ccc5c(n4)N(CCCC(CCCCCCCCCC)CCCCCCCCCC)C(=O)/C5=C4/C(=O)Oc5cc6c(cc54)OC(=O)/C6=C4/C(=O)N(CCCC(CCCCCCCCCC)CCCCCCCCCC)c5nc(*)ccc54)cc4c3c1C(=O)N(CC(CCCCCCCCCC)CCCCCCCCCCCC)C4=O)C(=O)N(CC(CCCCCCCCCC)CCCCCCCCCCCC)C2=O,1,0.0,1,0.0085,0.0,-4.28,-6.01,*c1ccc2c(n1)N(CCCC(CCCCCCCCCC)CCCCCCCCCC)C(=O)/C2=C1/C(=O)Oc2cc3c(cc21)OC(=O)/C3=C1/C(=O)N(CCCC(CCCCCCCCCC)CCCCCCCCCC)c2nc(*)ccc21,*/C=C/c1cc2c3c(c(/C=C/*)cc4c3c1C(=O)N(CC(CCCCCCCCCC)CCCCCCCCCCCC)C4=O)C(=O)N(CC(CCCCCCCCCC)CCCCCCCCCCCC)C2=O,PBABDFV,*/C=C/c1ccc2c(n1)N(CCCC(CCCCCCCCCC)CCCCCCCCCC)C(=O)/C2=C1/C(=O)Oc2cc3c(cc21)OC(=O)/C3=C1/C(=O)N(CCCC(CCCCCCCCCC)CCCCCCCCCC)c2nc(*)ccc21,1,0.0,1,0.79,0.0,-4.29,-5.9,*c1ccc2c(n1)N(CCCC(CCCCCCCCCC)CCCCCCCCCC)C(=O)/C2=C1/C(=O)Oc2cc3c(cc21)OC(=O)/C3=C1/C(=O)N(CCCC(CCCCCCCCCC)CCCCCCCCCC)c2nc(*)ccc21,*/C=C/*
10.1021/acsami.0c02322,PNVB,*/C=C/c1cc2c3c(c(/C=C/c4ccc5c(n4)N(CCCC(CCCCCCCCCC)CCCCCCCCCC)C(=O)/C5=C4/C(=O)Oc5cc6c(cc54)OC(=O)/C6=C4/C(=O)N(CCCC(CCCCCCCCCC)CCCCCCCCCC)c5nc(*)ccc54)cc4c3c1C(=O)N(CC(CCCCCCCCCC)CCCCCCCCCCCC)C4=O)C(=O)N(CC(CCCCCCCCCC)CCCCCCCCCCCC)C2=O,1,0.0,1,0.0085,0.0,-4.28,-6.01,*c1ccc2c(n1)N(CCCC(CCCCCCCCCC)CCCCCCCCCC)C(=O)/C2=C1/C(=O)Oc2cc3c(cc21)OC(=O)/C3=C1/C(=O)N(CCCC(CCCCCCCCCC)CCCCCCCCCC)c2nc(*)ccc21,*/C=C/c1cc2c3c(c(/C=C/*)cc4c3c1C(=O)N(CC(CCCCCCCCCC)CCCCCCCCCCCC)C4=O)C(=O)N(CC(CCCCCCCCCC)CCCCCCCCCCCC)C2=O,PBAIDV,*/C=C/c1ccc2c(n1)N(CCCC(CCCCCCCCCC)CCCCCCCCCC)C(=O)/C2=C1/C(=O)N(CCCCCCCCCCCC)c2cc3c(cc21)N(CCCCCCCCCCCC)C(=O)/C3=C1/C(=O)N(CCCC(CCCCCCCCCC)CCCCCCCCCC)c2nc(*)ccc21,1,0.0,1,0.0027,0.00038,-3.68,-5.71,*c1ccc2c(n1)N(CCCC(CCCCCCCCCC)CCCCCCCCCC)C(=O)/C2=C1/C(=O)N(CCCCCCCCCCCC)c2cc3c(cc21)N(CCCCCCCCCCCC)C(=O)/C3=C1/C(=O)N(CCCC(CCCCCCCCCC)CCCCCCCCCC)c2nc(*)ccc21,*/C=C/*
10.1021/acsami.0c02322,PBABDFV,*/C=C/c1ccc2c(n1)N(CCCC(CCCCCCCCCC)CCCCCCCCCC)C(=O)/C2=C1/C(=O)Oc2cc3c(cc21)OC(=O)/C3=C1/C(=O)N(CCCC(CCCCCCCCCC)CCCCCCCCCC)c2nc(*)ccc21,1,0.0,1,0.79,0.0,-4.29,-5.9,*c1ccc2c(n1)N(CCCC(CCCCCCCCCC)CCCCCCCCCC)C(=O)/C2=C1/C(=O)Oc2cc3c(cc21)OC(=O)/C3=C1/C(=O)N(CCCC(CCCCCCCCCC)CCCCCCCCCC)c2nc(*)ccc21,*/C=C/*,PBAIDV,*/C=C/c1ccc2c(n1)N(CCCC(CCCCCCCCCC)CCCCCCCCCC)C(=O)/C2=C1/C(=O)N(CCCCCCCCCCCC)c2cc3c(cc21)N(CCCCCCCCCCCC)C(=O)/C3=C1/C(=O)N(CCCC(CCCCCCCCCC)CCCCCCCCCC)c2nc(*)ccc21,1,0.0,1,0.0027,0.00038,-3.68,-5.71,*c1ccc2c(n1)N(CCCC(CCCCCCCCCC)CCCCCCCCCC)C(=O)/C2=C1/C(=O)N(CCCCCCCCCCCC)c2cc3c(cc21)N(CCCCCCCCCCCC)C(=O)/C3=C1/C(=O)N(CCCC(CCCCCCCCCC)CCCCCCCCCC)c2nc(*)ccc21,*/C=C/*
10.1021/acsami.0c15893,PQuT-TV,*c1ccc2c(c1)N(CC(CCCCCCCCCC)CCCCCCCCCCCC)C(=O)/C2=c1/cc/c(=C2\C(=O)N(CC(CCCCCCCCCC)CCCCCCCCCCCC)c3cc(-c4ccc(/C=C/c5ccc(*)s5)s4)ccc32)s1,1,0.0,0,0.056,2.4,-3.43,-5.22,*c1ccc(/C=C/c2ccc(*)s2)s1,*c1ccc2c(c1)N(CC(CCCCCCCCCC)CCCCCCCCCCCC)C(=O)/C2=c1/cc/c(=C2\C(=O)N(CC(CCCCCCCCCC)CCCCCCCCCCCC)c3cc(*)ccc32)s1,PQuBT-TV,*c1ccc2c(c1)N(CC(CCCCCCCCCC)CCCCCCCCCCCC)C(=O)/C2=c1/cc/c(=c2/cc/c(=C3/C(=O)N(CC(CCCCCCCCCC)CCCCCCCCCCCC)c4cc(-c5ccc(/C=C/c6ccc(*)s6)s5)ccc43)s2)s1,1,1.0,1,0.0015,0.055,-3.65,-5.04,*c1ccc(/C=C/c2ccc(*)s2)s1,*c1ccc2c(c1)N(CC(CCCCCCCCCC)CCCCCCCCCCCC)C(=O)/C2=c1/cc/c(=c2/cc/c(=C3/C(=O)N(CC(CCCCCCCCCC)CCCCCCCCCCCC)c4cc(*)ccc43)s2)s1
10.1021/acsami.2c17969,TPDI-T,*c1ccc(-c2cc3c(=O)n(CC(CCCCCCCC)CCCCCCCCCC)c(=O)c4nc5c(nc4c3s2)c(=O)n(CC(CCCCCCCC)CCCCCCCCCC)c(=O)c2cc(*)sc25)s1,1,0.0,0,0.33,0.0,-3.68,-5.92,*c1ccc(*)s1,*c1cc2c(=O)n(CC(CCCCCCCC)CCCCCCCCCC)c(=O)c3nc4c(nc3c2s1)c(=O)n(CC(CCCCCCCC)CCCCCCCCCC)c(=O)c1cc(*)sc14,TPDI-Se,*c1cc2c(=O)n(CC(CCCCCCCC)CCCCCCCCCC)c(=O)c3nc4c(nc3c2s1)c(=O)n(CC(CCCCCCCC)CCCCCCCCCC)c(=O)c1cc(-c2ccc(*)[se]2)sc14,1,0.0,0,0.44,0.0,-3.7,-5.81,*c1ccc(*)[se]1,*c1cc2c(=O)n(CC(CCCCCCCC)CCCCCCCCCC)c(=O)c3nc4c(nc3c2s1)c(=O)n(CC(CCCCCCCC)CCCCCCCCCC)c(=O)c1cc(*)sc14
10.1021/acsami.2c17969,TPDI-T,*c1ccc(-c2cc3c(=O)n(CC(CCCCCCCC)CCCCCCCCCC)c(=O)c4nc5c(nc4c3s2)c(=O)n(CC(CCCCCCCC)CCCCCCCCCC)c(=O)c2cc(*)sc25)s1,1,0.0,0,0.33,0.0,-3.68,-5.92,*c1ccc(*)s1,*c1cc2c(=O)n(CC(CCCCCCCC)CCCCCCCCCC)c(=O)c3nc4c(nc3c2s1)c(=O)n(CC(CCCCCCCC)CCCCCCCCCC)c(=O)c1cc(*)sc14,TPDI-BTI,*c1cc2c(=O)n(CC(CCCCCCCC)CCCCCCCCCC)c(=O)c3nc4c(nc3c2s1)c(=O)n(CC(CCCCCCCC)CCCCCCCCCC)c(=O)c1cc(-c2cc3c(=O)n(CC(CCCCCCCC)CCCCCCCCCC)c(=O)c5cc(*)sc5c3s2)sc14,1,0.0,0,0.1,0.0,-3.78,-6.06,*c1cc2c(=O)n(CC(CCCCCCCC)CCCCCCCCCC)c(=O)c3cc(*)sc3c2s1,*c1cc2c(=O)n(CC(CCCCCCCC)CCCCCCCCCC)c(=O)c3nc4c(nc3c2s1)c(=O)n(CC(CCCCCCCC)CCCCCCCCCC)c(=O)c1cc(*)sc14
10.1021/acsami.2c17969,TPDI-Se,*c1cc2c(=O)n(CC(CCCCCCCC)CCCCCCCCCC)c(=O)c3nc4c(nc3c2s1)c(=O)n(CC(CCCCCCCC)CCCCCCCCCC)c(=O)c1cc(-c2ccc(*)[se]2)sc14,1,0.0,0,0.44,0.0,-3.7,-5.81,*c1ccc(*)[se]1,*c1cc2c(=O)n(CC(CCCCCCCC)CCCCCCCCCC)c(=O)c3nc4c(nc3c2s1)c(=O)n(CC(CCCCCCCC)CCCCCCCCCC)c(=O)c1cc(*)sc14,TPDI-BTI,*c1cc2c(=O)n(CC(CCCCCCCC)CCCCCCCCCC)c(=O)c3nc4c(nc3c2s1)c(=O)n(CC(CCCCCCCC)CCCCCCCCCC)c(=O)c1cc(-c2cc3c(=O)n(CC(CCCCCCCC)CCCCCCCCCC)c(=O)c5cc(*)sc5c3s2)sc14,1,0.0,0,0.1,0.0,-3.78,-6.06,*c1cc2c(=O)n(CC(CCCCCCCC)CCCCCCCCCC)c(=O)c3cc(*)sc3c2s1,*c1cc2c(=O)n(CC(CCCCCCCC)CCCCCCCCCC)c(=O)c3nc4c(nc3c2s1)c(=O)n(CC(CCCCCCCC)CCCCCCCCCC)c(=O)c1cc(*)sc14
10.1021/acsami.3c18136,P1CIID-2T,*c1ccc(-c2ccc(-c3ccc4c(c3)N(CC(CCCCCCCCCC)CCCCCCCCCCCC)C(=O)/C4=C3/C(=O)N(CC(CCCCCCCCCC)CCCCCCCCCCCC)c4cc(*)c(Cl)cc43)s2)s1,1,0.0,0,1.73,0.216,-3.6,-5.52,*c1ccc(-c2ccc(*)s2)s1,*c1ccc2c(c1)N(CC(CCCCCCCCCC)CCCCCCCCCCCC)C(=O)/C2=C1/C(=O)N(CC(CCCCCCCCCC)CCCCCCCCCCCC)c2cc(*)c(Cl)cc21,P1CIID-DTBT,*c1ccc(-c2ccc(-c3ccc(-c4ccc5c(c4)N(CC(CCCCCCCCCC)CCCCCCCCCCCC)C(=O)/C5=C4/C(=O)N(CC(CCCCCCCCCC)CCCCCCCCCCCC)c5cc(*)c(Cl)cc54)s3)c3nsnc23)s1,1,0.0,0,0.0734,0.0238,-3.67,-5.55,*c1ccc(-c2ccc(-c3ccc(*)s3)c3nsnc23)s1,*c1ccc2c(c1)N(CC(CCCCCCCCCC)CCCCCCCCCCCC)C(=O)/C2=C1/C(=O)N(CC(CCCCCCCCCC)CCCCCCCCCCCC)c2cc(*)c(Cl)cc21
10.1021/acsami.5b00073,PTIID-TVT,*c1ccc(/C=C/c2ccc(-c3cc4c(s3)/C(=C3\C(=O)N(CCCCCCC(CCCCCCCCCC)CCCCCCCCCCCC)c5cc(*)sc53)C(=O)N4CCCCCCC(CCCCCCCCCC)CCCCCCCCCCCC)s2)s1,1,0.0,1,0.0015,0.12,-3.76,-5.38,*c1cc2c(s1)/C(=C1\C(=O)N(CCCCCCC(CCCCCCCCCC)CCCCCCCCCCCC)c3cc(*)sc31)C(=O)N2CCCCCCC(CCCCCCCCCC)CCCCCCCCCCCC,*c1ccc(/C=C/c2ccc(*)s2)s1,PTIID-TAT,*c1ccc(C#Cc2ccc(-c3cc4c(s3)/C(=C3\C(=O)N(CCCCCCC(CCCCCCCCCC)CCCCCCCCCCCC)c5cc(*)sc53)C(=O)N4CCCCCCC(CCCCCCCCCC)CCCCCCCCCCCC)s2)s1,1,0.0,1,0.03,0.38,-3.78,-5.65,*c1cc2c(s1)/C(=C1\C(=O)N(CCCCCCC(CCCCCCCCCC)CCCCCCCCCCCC)c3cc(*)sc31)C(=O)N2CCCCCCC(CCCCCCCCCC)CCCCCCCCCCCC,*c1ccc(C#Cc2ccc(*)s2)s1
10.1021/acsami.5b00073,PTIID-TVT,*c1ccc(/C=C/c2ccc(-c3cc4c(s3)/C(=C3\C(=O)N(CCCCCCC(CCCCCCCCCC)CCCCCCCCCCCC)c5cc(*)sc53)C(=O)N4CCCCCCC(CCCCCCCCCC)CCCCCCCCCCCC)s2)s1,1,0.0,1,0.0015,0.12,-3.76,-5.38,*c1cc2c(s1)/C(=C1\C(=O)N(CCCCCCC(CCCCCCCCCC)CCCCCCCCCCCC)c3cc(*)sc31)C(=O)N2CCCCCCC(CCCCCCCCCC)CCCCCCCCCCCC,*c1ccc(/C=C/c2ccc(*)s2)s1,PTIID-TCNT,*c1ccc(/C=C(\C#N)c2ccc(-c3cc4c(s3)/C(=C3\C(=O)N(CCCCCCC(CCCCCCCCCC)CCCCCCCCCCCC)c5cc(*)sc53)C(=O)N4CCCCCCC(CCCCCCCCCC)CCCCCCCCCCCC)s2)s1,1,0.0,0,0.19,0.07,-3.82,-5.62,*c1cc2c(s1)/C(=C1\C(=O)N(CCCCCCC(CCCCCCCCCC)CCCCCCCCCCCC)c3cc(*)sc31)C(=O)N2CCCCCCC(CCCCCCCCCC)CCCCCCCCCCCC,*c1ccc(/C=C(\C#N)c2ccc(*)s2)s1
10.1021/acsami.5b00073,PTIID-TAT,*c1ccc(C#Cc2ccc(-c3cc4c(s3)/C(=C3\C(=O)N(CCCCCCC(CCCCCCCCCC)CCCCCCCCCCCC)c5cc(*)sc53)C(=O)N4CCCCCCC(CCCCCCCCCC)CCCCCCCCCCCC)s2)s1,1,0.0,1,0.03,0.38,-3.78,-5.65,*c1cc2c(s1)/C(=C1\C(=O)N(CCCCCCC(CCCCCCCCCC)CCCCCCCCCCCC)c3cc(*)sc31)C(=O)N2CCCCCCC(CCCCCCCCCC)CCCCCCCCCCCC,*c1ccc(C#Cc2ccc(*)s2)s1,PTIID-TCNT,*c1ccc(/C=C(\C#N)c2ccc(-c3cc4c(s3)/C(=C3\C(=O)N(CCCCCCC(CCCCCCCCCC)CCCCCCCCCCCC)c5cc(*)sc53)C(=O)N4CCCCCCC(CCCCCCCCCC)CCCCCCCCCCCC)s2)s1,1,0.0,0,0.19,0.07,-3.82,-5.62,*c1cc2c(s1)/C(=C1\C(=O)N(CCCCCCC(CCCCCCCCCC)CCCCCCCCCCCC)c3cc(*)sc31)C(=O)N2CCCCCCC(CCCCCCCCCC)CCCCCCCCCCCC,*c1ccc(/C=C(\C#N)c2ccc(*)s2)s1
10.1021/acsami.6b12540,PNOZ,*c1ccc(-c2nnc(-c3ccc(-c4cc5c6c(c(*)cc7c6c4C(=O)N(CC(CCCCCCCC)CCCCCCCCCC)C7=O)C(=O)N(CC(CCCCCCCC)CCCCCCCCCC)C5=O)s3)o2)s1,1,0.0,0,0.026,0.0,-4.05,-5.82,*c1ccc(-c2nnc(-c3ccc(*)s3)o2)s1,*c1cc2c3c(c(*)cc4c3c1C(=O)N(CC(CCCCCCCC)CCCCCCCCCC)C4=O)C(=O)N(CC(CCCCCCCC)CCCCCCCCCC)C2=O,PNTZ,*c1ccc(-c2nnc(-c3ccc(-c4cc5c6c(c(*)cc7c6c4C(=O)N(CC(CCCCCCCC)CCCCCCCCCC)C7=O)C(=O)N(CC(CCCCCCCC)CCCCCCCCCC)C5=O)s3)s2)s1,1,0.0,0,0.36,0.0,-4.02,-5.7,*c1ccc(-c2nnc(-c3ccc(*)s3)s2)s1,*c1cc2c3c(c(*)cc4c3c1C(=O)N(CC(CCCCCCCC)CCCCCCCCCC)C4=O)C(=O)N(CC(CCCCCCCC)CCCCCCCCCC)C2=O
10.1021/acsami.7b11863,BTZI-T,*c1cc(CCCCCCCC)c(-c2sc(-c3c4c(c(*)c5nsnc35)C(=O)N(CC(CC)CCCC)C4=O)cc2OCCCCCCC)s1,1,0.0,0,0.86,0.51,-3.64,-5.2,*c1cc(CCCCCCCC)c(-c2sc(*)cc2OCCCCCCC)s1,*c1c2c(c(*)c3nsnc13)C(=O)N(CC(CC)CCCC)C2=O,BTZI-TO,*c1cc(OCCCCCCCC)c(-c2sc(-c3c4c(c(*)c5nsnc35)C(=O)N(CC(CC)CCCC)C4=O)cc2OCCCCCCCC)s1,1,0.0,1,0.0,0.7,-3.49,-5.01,*c1cc(OCCCCCCCC)c(-c2sc(*)cc2OCCCCCCCC)s1,*c1c2c(c(*)c3nsnc13)C(=O)N(CC(CC)CCCC)C2=O
10.1021/acsami.7b11863,BTZI-T,*c1cc(CCCCCCCC)c(-c2sc(-c3c4c(c(*)c5nsnc35)C(=O)N(CC(CC)CCCC)C4=O)cc2OCCCCCCC)s1,1,0.0,0,0.86,0.51,-3.64,-5.2,*c1cc(CCCCCCCC)c(-c2sc(*)cc2OCCCCCCC)s1,*c1c2c(c(*)c3nsnc13)C(=O)N(CC(CC)CCCC)C2=O,BTZI-TzO,*c1nc(OCCCCCCCC)c(-c2sc(-c3c4c(c(*)c5nsnc35)C(=O)N(CC(CC)CCCC)C4=O)nc2OCCCCCCCC)s1,1,0.0,1,0.95,0.5,-3.68,-5.2,*c1nc(OCCCCCCCC)c(-c2sc(*)nc2OCCCCCCCC)s1,*c1c2c(c(*)c3nsnc13)C(=O)N(CC(CC)CCCC)C2=O
10.1021/acsami.7b11863,BTZI-TO,*c1cc(OCCCCCCCC)c(-c2sc(-c3c4c(c(*)c5nsnc35)C(=O)N(CC(CC)CCCC)C4=O)cc2OCCCCCCCC)s1,1,0.0,1,0.0,0.7,-3.49,-5.01,*c1cc(OCCCCCCCC)c(-c2sc(*)cc2OCCCCCCCC)s1,*c1c2c(c(*)c3nsnc13)C(=O)N(CC(CC)CCCC)C2=O,BTZI-TzO,*c1nc(OCCCCCCCC)c(-c2sc(-c3c4c(c(*)c5nsnc35)C(=O)N(CC(CC)CCCC)C4=O)nc2OCCCCCCCC)s1,1,0.0,1,0.95,0.5,-3.68,-5.2,*c1nc(OCCCCCCCC)c(-c2sc(*)nc2OCCCCCCCC)s1,*c1c2c(c(*)c3nsnc13)C(=O)N(CC(CC)CCCC)C2=O
10.1021/acsami.7b13570,EFIIDBT (PF4IVI2T),*c1ccc(-c2ccc(-c3ccc4c(c3F)N(CCCC(CCCCCCCCCC)CCCCCCCCCC)C(=O)/C4=C3/C(=O)N(CCCC(CCCCCCCCCC)CCCCCCCCCC)c4c3ccc(/C=C/c3ccc5c(c3F)N(CCCC(CCCCCCCCCC)CCCCCCCCCC)C(=O)/C5=C3/C(=O)N(CCCC(CCCCCCCCCC)CCCCCCCCCC)c5c3ccc(*)c5F)c4F)s2)s1,1,0.0,1,1.82,1.03,-4.17,-5.74,*c1ccc(-c2ccc(*)s2)s1,*c1ccc2c(c1F)N(CCCC(CCCCCCCCCC)CCCCCCCCCC)C(=O)/C2=C1/C(=O)N(CCCC(CCCCCCCCCC)CCCCCCCCCC)c2c1ccc(/C=C/c1ccc3c(c1F)N(CCCC(CCCCCCCCCC)CCCCCCCCCC)C(=O)/C3=C1/C(=O)N(CCCC(CCCCCCCCCC)CCCCCCCCCC)c3c1ccc(*)c3F)c2F,EIIDBT (PIVI2T),*c1ccc2c(c1)N(CCCC(CCCCCCCCCC)CCCCCCCCCC)C(=O)/C2=C1/C(=O)N(CCCC(CCCCCCCCCC)CCCCCCCCCC)c2cc(/C=C/c3ccc4c(c3)N(CCCC(CCCCCCCCCC)CCCCCCCCCC)C(=O)/C4=C3/C(=O)N(CCCC(CCCCCCCCCC)CCCCCCCCCC)c4cc(-c5ccc(-c6ccc(*)s6)s5)ccc43)ccc21,1,0.0,1,0.0,0.32,-3.99,-5.6,*c1ccc(-c2ccc(*)s2)s1,*c1ccc2c(c1)N(CCCC(CCCCCCCCCC)CCCCCCCCCC)C(=O)/C2=C1/C(=O)N(CCCC(CCCCCCCCCC)CCCCCCCCCC)c2cc(/C=C/c3ccc4c(c3)N(CCCC(CCCCCCCCCC)CCCCCCCCCC)C(=O)/C4=C3/C(=O)N(CCCC(CCCCCCCCCC)CCCCCCCCCC)c4cc(*)ccc43)ccc21
10.1021/acsami.8b10831,NDI-BTBT,*c1ccc2c(c1)sc1c3ccc(-c4cc5c6c(c(*)cc7c6c4C(=O)N(CC(CCCCCCCCCC)CCCCCCCCCCCC)C7=O)C(=O)N(CC(CCCCCCCCCC)CCCCCCCCCCCC)C5=O)cc3sc21,1,0.0,1,0.05,0.0054,-3.6,-5.37,*c1ccc2c(c1)sc1c3ccc(*)cc3sc21,*c1cc2c3c(c(*)cc4c3c1C(=O)N(CC(CCCCCCCCCC)CCCCCCCCCCCC)C4=O)C(=O)N(CC(CCCCCCCCCC)CCCCCCCCCCCC)C2=O,PDI-BTBT,*c1ccc2c(c1)sc1c3ccc(-c4cc5c6c(ccc7c8c(*)cc9c%10c(ccc(c4c67)c%108)C(=O)N(CC(CCCCCCCCCC)CCCCCCCCCCCC)C9=O)C(=O)N(CC(CCCCCCCCCC)CCCCCCCCCCCC)C5=O)cc3sc21,1,0.0,1,0.11,0.0,-3.85,-5.71,*c1ccc2c(c1)sc1c3ccc(*)cc3sc21,*c1cc2c3c(ccc4c5c(*)cc6c7c(ccc(c1c34)c75)C(=O)N(CC(CCCCCCCCCC)CCCCCCCCCCCC)C6=O)C(=O)N(CC(CCCCCCCCCC)CCCCCCCCCCCC)C2=O
10.1021/acsami.8b20297,PDPP-B,*c1ccc(-c2ccc(C3=C4C(=O)N(CC(CCCCCCCC)CCCCCCCCCC)C(c5ccc(*)s5)=C4C(=O)N3CC(CCCCCCCC)CCCCCCCCCC)s2)cc1,1,0.0,1,0.0,0.41,-3.85,-5.4,*c1ccc(*)cc1,*c1ccc(C2=C3C(=O)N(CC(CCCCCCCC)CCCCCCCCCC)C(c4ccc(*)s4)=C3C(=O)N2CC(CCCCCCCC)CCCCCCCCCC)s1,PDPP-C8,*c1ccc(C2=C3C(=O)N(CC(CCCCCCCC)CCCCCCCCCC)C(c4ccc(-c5cc(OCCCCCCCC)c(*)cc5OCCCCCCCC)s4)=C3C(=O)N2CC(CCCCCCCC)CCCCCCCCCC)s1,1,0.0,1,0.0,0.011,-3.82,-5.25,*c1cc(OCCCCCCCC)c(*)cc1OCCCCCCCC,*c1ccc(C2=C3C(=O)N(CC(CCCCCCCC)CCCCCCCCCC)C(c4ccc(*)s4)=C3C(=O)N2CC(CCCCCCCC)CCCCCCCCCC)s1
10.1021/acsami.9b00083,PNT2Th2Se-OD,*c1ccc(-c2ccc(-c3sc(-c4cc5c(cc(-c6cc(CC(CCCCCCCC)CCCCCCCCCC)c(*)s6)c6nsnc65)c5nsnc45)cc3CC(CCCCCCCC)CCCCCCCCCC)[se]2)[se]1,1,0.0,1,0.0,0.36,-3.81,-5.44,*c1ccc(-c2ccc(*)[se]2)[se]1,*c1sc(-c2cc3c(cc(-c4cc(CC(CCCCCCCC)CCCCCCCCCC)c(*)s4)c4nsnc43)c3nsnc23)cc1CC(CCCCCCCC)CCCCCCCCCC,PNT2Se2Th-OD,*c1ccc(-c2ccc(-c3[se]c(-c4cc5c(cc(-c6cc(CC(CCCCCCCC)CCCCCCCCCC)c(*)[se]6)c6nsnc65)c5nsnc45)cc3CC(CCCCCCCC)CCCCCCCCCC)s2)s1,1,0.0,1,0.0,0.1,-3.82,-5.28,*c1ccc(-c2ccc(*)s2)s1,*c1[se]c(-c2cc3c(cc(-c4cc(CC(CCCCCCCC)CCCCCCCCCC)c(*)[se]4)c4nsnc43)c3nsnc23)cc1CC(CCCCCCCC)CCCCCCCCCC
10.1021/acsami.9b00083,PNT2Th2Se-OD,*c1ccc(-c2ccc(-c3sc(-c4cc5c(cc(-c6cc(CC(CCCCCCCC)CCCCCCCCCC)c(*)s6)c6nsnc65)c5nsnc45)cc3CC(CCCCCCCC)CCCCCCCCCC)[se]2)[se]1,1,0.0,1,0.0,0.36,-3.81,-5.44,*c1ccc(-c2ccc(*)[se]2)[se]1,*c1sc(-c2cc3c(cc(-c4cc(CC(CCCCCCCC)CCCCCCCCCC)c(*)s4)c4nsnc43)c3nsnc23)cc1CC(CCCCCCCC)CCCCCCCCCC,PNT4Se-OD,*c1ccc(-c2ccc(-c3[se]c(-c4cc5c(cc(-c6cc(CC(CCCCCCCC)CCCCCCCCCC)c(*)[se]6)c6nsnc65)c5nsnc45)cc3CC(CCCCCCCC)CCCCCCCCCC)[se]2)[se]1,1,0.0,1,0.0,0.11,-3.79,-5.18,*c1ccc(-c2ccc(*)[se]2)[se]1,*c1[se]c(-c2cc3c(cc(-c4cc(CC(CCCCCCCC)CCCCCCCCCC)c(*)[se]4)c4nsnc43)c3nsnc23)cc1CC(CCCCCCCC)CCCCCCCCCC
10.1021/acsami.9b00083,PNT2Th2Se-OD,*c1ccc(-c2ccc(-c3sc(-c4cc5c(cc(-c6cc(CC(CCCCCCCC)CCCCCCCCCC)c(*)s6)c6nsnc65)c5nsnc45)cc3CC(CCCCCCCC)CCCCCCCCCC)[se]2)[se]1,1,0.0,1,0.0,0.36,-3.81,-5.44,*c1ccc(-c2ccc(*)[se]2)[se]1,*c1sc(-c2cc3c(cc(-c4cc(CC(CCCCCCCC)CCCCCCCCCC)c(*)s4)c4nsnc43)c3nsnc23)cc1CC(CCCCCCCC)CCCCCCCCCC,PNT2Th2Se-DT,*c1ccc(-c2ccc(-c3sc(-c4cc5c(cc(-c6cc(CC(CCCCCCCCCC)CCCCCCCCCCCC)c(*)s6)c6nsnc65)c5nsnc45)cc3CC(CCCCCCCCCC)CCCCCCCCCCCC)[se]2)[se]1,1,0.0,1,0.0,0.21,-3.83,-5.39,*c1ccc(-c2ccc(*)[se]2)[se]1,*c1sc(-c2cc3c(cc(-c4cc(CC(CCCCCCCCCC)CCCCCCCCCCCC)c(*)s4)c4nsnc43)c3nsnc23)cc1CC(CCCCCCCCCC)CCCCCCCCCCCC
10.1021/acsami.9b00083,PNT2Th2Se-OD,*c1ccc(-c2ccc(-c3sc(-c4cc5c(cc(-c6cc(CC(CCCCCCCC)CCCCCCCCCC)c(*)s6)c6nsnc65)c5nsnc45)cc3CC(CCCCCCCC)CCCCCCCCCC)[se]2)[se]1,1,0.0,1,0.0,0.36,-3.81,-5.44,*c1ccc(-c2ccc(*)[se]2)[se]1,*c1sc(-c2cc3c(cc(-c4cc(CC(CCCCCCCC)CCCCCCCCCC)c(*)s4)c4nsnc43)c3nsnc23)cc1CC(CCCCCCCC)CCCCCCCCCC,PNT2Se2Th-DT,*c1ccc(-c2ccc(-c3[se]c(-c4cc5c(cc(-c6cc(CC(CCCCCCCCCC)CCCCCCCCCCCC)c(*)[se]6)c6nsnc65)c5nsnc45)cc3CC(CCCCCCCCCC)CCCCCCCCCCCC)s2)s1,1,0.0,1,0.0,0.03,-3.84,-5.33,*c1ccc(-c2ccc(*)s2)s1,*c1[se]c(-c2cc3c(cc(-c4cc(CC(CCCCCCCCCC)CCCCCCCCCCCC)c(*)[se]4)c4nsnc43)c3nsnc23)cc1CC(CCCCCCCCCC)CCCCCCCCCCCC
10.1021/acsami.9b00083,PNT2Th2Se-OD,*c1ccc(-c2ccc(-c3sc(-c4cc5c(cc(-c6cc(CC(CCCCCCCC)CCCCCCCCCC)c(*)s6)c6nsnc65)c5nsnc45)cc3CC(CCCCCCCC)CCCCCCCCCC)[se]2)[se]1,1,0.0,1,0.0,0.36,-3.81,-5.44,*c1ccc(-c2ccc(*)[se]2)[se]1,*c1sc(-c2cc3c(cc(-c4cc(CC(CCCCCCCC)CCCCCCCCCC)c(*)s4)c4nsnc43)c3nsnc23)cc1CC(CCCCCCCC)CCCCCCCCCC,PNT4Se-DT,*c1ccc(-c2ccc(-c3[se]c(-c4cc5c(cc(-c6cc(CC(CCCCCCCCCC)CCCCCCCCCCCC)c(*)[se]6)c6nsnc65)c5nsnc45)cc3CC(CCCCCCCCCC)CCCCCCCCCCCC)[se]2)[se]1,1,0.0,1,0.0,0.03,-3.83,-5.24,*c1ccc(-c2ccc(*)[se]2)[se]1,*c1[se]c(-c2cc3c(cc(-c4cc(CC(CCCCCCCCCC)CCCCCCCCCCCC)c(*)[se]4)c4nsnc43)c3nsnc23)cc1CC(CCCCCCCCCC)CCCCCCCCCCCC
10.1021/acsami.9b00083,PNT2Se2Th-OD,*c1ccc(-c2ccc(-c3[se]c(-c4cc5c(cc(-c6cc(CC(CCCCCCCC)CCCCCCCCCC)c(*)[se]6)c6nsnc65)c5nsnc45)cc3CC(CCCCCCCC)CCCCCCCCCC)s2)s1,1,0.0,1,0.0,0.1,-3.82,-5.28,*c1ccc(-c2ccc(*)s2)s1,*c1[se]c(-c2cc3c(cc(-c4cc(CC(CCCCCCCC)CCCCCCCCCC)c(*)[se]4)c4nsnc43)c3nsnc23)cc1CC(CCCCCCCC)CCCCCCCCCC,PNT4Se-OD,*c1ccc(-c2ccc(-c3[se]c(-c4cc5c(cc(-c6cc(CC(CCCCCCCC)CCCCCCCCCC)c(*)[se]6)c6nsnc65)c5nsnc45)cc3CC(CCCCCCCC)CCCCCCCCCC)[se]2)[se]1,1,0.0,1,0.0,0.11,-3.79,-5.18,*c1ccc(-c2ccc(*)[se]2)[se]1,*c1[se]c(-c2cc3c(cc(-c4cc(CC(CCCCCCCC)CCCCCCCCCC)c(*)[se]4)c4nsnc43)c3nsnc23)cc1CC(CCCCCCCC)CCCCCCCCCC
10.1021/acsami.9b00083,PNT2Se2Th-OD,*c1ccc(-c2ccc(-c3[se]c(-c4cc5c(cc(-c6cc(CC(CCCCCCCC)CCCCCCCCCC)c(*)[se]6)c6nsnc65)c5nsnc45)cc3CC(CCCCCCCC)CCCCCCCCCC)s2)s1,1,0.0,1,0.0,0.1,-3.82,-5.28,*c1ccc(-c2ccc(*)s2)s1,*c1[se]c(-c2cc3c(cc(-c4cc(CC(CCCCCCCC)CCCCCCCCCC)c(*)[se]4)c4nsnc43)c3nsnc23)cc1CC(CCCCCCCC)CCCCCCCCCC,PNT2Th2Se-DT,*c1ccc(-c2ccc(-c3sc(-c4cc5c(cc(-c6cc(CC(CCCCCCCCCC)CCCCCCCCCCCC)c(*)s6)c6nsnc65)c5nsnc45)cc3CC(CCCCCCCCCC)CCCCCCCCCCCC)[se]2)[se]1,1,0.0,1,0.0,0.21,-3.83,-5.39,*c1ccc(-c2ccc(*)[se]2)[se]1,*c1sc(-c2cc3c(cc(-c4cc(CC(CCCCCCCCCC)CCCCCCCCCCCC)c(*)s4)c4nsnc43)c3nsnc23)cc1CC(CCCCCCCCCC)CCCCCCCCCCCC
10.1021/acsami.9b00083,PNT2Se2Th-OD,*c1ccc(-c2ccc(-c3[se]c(-c4cc5c(cc(-c6cc(CC(CCCCCCCC)CCCCCCCCCC)c(*)[se]6)c6nsnc65)c5nsnc45)cc3CC(CCCCCCCC)CCCCCCCCCC)s2)s1,1,0.0,1,0.0,0.1,-3.82,-5.28,*c1ccc(-c2ccc(*)s2)s1,*c1[se]c(-c2cc3c(cc(-c4cc(CC(CCCCCCCC)CCCCCCCCCC)c(*)[se]4)c4nsnc43)c3nsnc23)cc1CC(CCCCCCCC)CCCCCCCCCC,PNT2Se2Th-DT,*c1ccc(-c2ccc(-c3[se]c(-c4cc5c(cc(-c6cc(CC(CCCCCCCCCC)CCCCCCCCCCCC)c(*)[se]6)c6nsnc65)c5nsnc45)cc3CC(CCCCCCCCCC)CCCCCCCCCCCC)s2)s1,1,0.0,1,0.0,0.03,-3.84,-5.33,*c1ccc(-c2ccc(*)s2)s1,*c1[se]c(-c2cc3c(cc(-c4cc(CC(CCCCCCCCCC)CCCCCCCCCCCC)c(*)[se]4)c4nsnc43)c3nsnc23)cc1CC(CCCCCCCCCC)CCCCCCCCCCCC
10.1021/acsami.9b00083,PNT2Se2Th-OD,*c1ccc(-c2ccc(-c3[se]c(-c4cc5c(cc(-c6cc(CC(CCCCCCCC)CCCCCCCCCC)c(*)[se]6)c6nsnc65)c5nsnc45)cc3CC(CCCCCCCC)CCCCCCCCCC)s2)s1,1,0.0,1,0.0,0.1,-3.82,-5.28,*c1ccc(-c2ccc(*)s2)s1,*c1[se]c(-c2cc3c(cc(-c4cc(CC(CCCCCCCC)CCCCCCCCCC)c(*)[se]4)c4nsnc43)c3nsnc23)cc1CC(CCCCCCCC)CCCCCCCCCC,PNT4Se-DT,*c1ccc(-c2ccc(-c3[se]c(-c4cc5c(cc(-c6cc(CC(CCCCCCCCCC)CCCCCCCCCCCC)c(*)[se]6)c6nsnc65)c5nsnc45)cc3CC(CCCCCCCCCC)CCCCCCCCCCCC)[se]2)[se]1,1,0.0,1,0.0,0.03,-3.83,-5.24,*c1ccc(-c2ccc(*)[se]2)[se]1,*c1[se]c(-c2cc3c(cc(-c4cc(CC(CCCCCCCCCC)CCCCCCCCCCCC)c(*)[se]4)c4nsnc43)c3nsnc23)cc1CC(CCCCCCCCCC)CCCCCCCCCCCC
10.1021/acsami.9b00083,PNT4Se-OD,*c1ccc(-c2ccc(-c3[se]c(-c4cc5c(cc(-c6cc(CC(CCCCCCCC)CCCCCCCCCC)c(*)[se]6)c6nsnc65)c5nsnc45)cc3CC(CCCCCCCC)CCCCCCCCCC)[se]2)[se]1,1,0.0,1,0.0,0.11,-3.79,-5.18,*c1ccc(-c2ccc(*)[se]2)[se]1,*c1[se]c(-c2cc3c(cc(-c4cc(CC(CCCCCCCC)CCCCCCCCCC)c(*)[se]4)c4nsnc43)c3nsnc23)cc1CC(CCCCCCCC)CCCCCCCCCC,PNT2Th2Se-DT,*c1ccc(-c2ccc(-c3sc(-c4cc5c(cc(-c6cc(CC(CCCCCCCCCC)CCCCCCCCCCCC)c(*)s6)c6nsnc65)c5nsnc45)cc3CC(CCCCCCCCCC)CCCCCCCCCCCC)[se]2)[se]1,1,0.0,1,0.0,0.21,-3.83,-5.39,*c1ccc(-c2ccc(*)[se]2)[se]1,*c1sc(-c2cc3c(cc(-c4cc(CC(CCCCCCCCCC)CCCCCCCCCCCC)c(*)s4)c4nsnc43)c3nsnc23)cc1CC(CCCCCCCCCC)CCCCCCCCCCCC
10.1021/acsami.9b00083,PNT4Se-OD,*c1ccc(-c2ccc(-c3[se]c(-c4cc5c(cc(-c6cc(CC(CCCCCCCC)CCCCCCCCCC)c(*)[se]6)c6nsnc65)c5nsnc45)cc3CC(CCCCCCCC)CCCCCCCCCC)[se]2)[se]1,1,0.0,1,0.0,0.11,-3.79,-5.18,*c1ccc(-c2ccc(*)[se]2)[se]1,*c1[se]c(-c2cc3c(cc(-c4cc(CC(CCCCCCCC)CCCCCCCCCC)c(*)[se]4)c4nsnc43)c3nsnc23)cc1CC(CCCCCCCC)CCCCCCCCCC,PNT2Se2Th-DT,*c1ccc(-c2ccc(-c3[se]c(-c4cc5c(cc(-c6cc(CC(CCCCCCCCCC)CCCCCCCCCCCC)c(*)[se]6)c6nsnc65)c5nsnc45)cc3CC(CCCCCCCCCC)CCCCCCCCCCCC)s2)s1,1,0.0,1,0.0,0.03,-3.84,-5.33,*c1ccc(-c2ccc(*)s2)s1,*c1[se]c(-c2cc3c(cc(-c4cc(CC(CCCCCCCCCC)CCCCCCCCCCCC)c(*)[se]4)c4nsnc43)c3nsnc23)cc1CC(CCCCCCCCCC)CCCCCCCCCCCC
10.1021/acsami.9b00083,PNT4Se-OD,*c1ccc(-c2ccc(-c3[se]c(-c4cc5c(cc(-c6cc(CC(CCCCCCCC)CCCCCCCCCC)c(*)[se]6)c6nsnc65)c5nsnc45)cc3CC(CCCCCCCC)CCCCCCCCCC)[se]2)[se]1,1,0.0,1,0.0,0.11,-3.79,-5.18,*c1ccc(-c2ccc(*)[se]2)[se]1,*c1[se]c(-c2cc3c(cc(-c4cc(CC(CCCCCCCC)CCCCCCCCCC)c(*)[se]4)c4nsnc43)c3nsnc23)cc1CC(CCCCCCCC)CCCCCCCCCC,PNT4Se-DT,*c1ccc(-c2ccc(-c3[se]c(-c4cc5c(cc(-c6cc(CC(CCCCCCCCCC)CCCCCCCCCCCC)c(*)[se]6)c6nsnc65)c5nsnc45)cc3CC(CCCCCCCCCC)CCCCCCCCCCCC)[se]2)[se]1,1,0.0,1,0.0,0.03,-3.83,-5.24,*c1ccc(-c2ccc(*)[se]2)[se]1,*c1[se]c(-c2cc3c(cc(-c4cc(CC(CCCCCCCCCC)CCCCCCCCCCCC)c(*)[se]4)c4nsnc43)c3nsnc23)cc1CC(CCCCCCCCCC)CCCCCCCCCCCC
10.1021/acsami.9b00083,PNT2Th2Se-DT,*c1ccc(-c2ccc(-c3sc(-c4cc5c(cc(-c6cc(CC(CCCCCCCCCC)CCCCCCCCCCCC)c(*)s6)c6nsnc65)c5nsnc45)cc3CC(CCCCCCCCCC)CCCCCCCCCCCC)[se]2)[se]1,1,0.0,1,0.0,0.21,-3.83,-5.39,*c1ccc(-c2ccc(*)[se]2)[se]1,*c1sc(-c2cc3c(cc(-c4cc(CC(CCCCCCCCCC)CCCCCCCCCCCC)c(*)s4)c4nsnc43)c3nsnc23)cc1CC(CCCCCCCCCC)CCCCCCCCCCCC,PNT2Se2Th-DT,*c1ccc(-c2ccc(-c3[se]c(-c4cc5c(cc(-c6cc(CC(CCCCCCCCCC)CCCCCCCCCCCC)c(*)[se]6)c6nsnc65)c5nsnc45)cc3CC(CCCCCCCCCC)CCCCCCCCCCCC)s2)s1,1,0.0,1,0.0,0.03,-3.84,-5.33,*c1ccc(-c2ccc(*)s2)s1,*c1[se]c(-c2cc3c(cc(-c4cc(CC(CCCCCCCCCC)CCCCCCCCCCCC)c(*)[se]4)c4nsnc43)c3nsnc23)cc1CC(CCCCCCCCCC)CCCCCCCCCCCC
10.1021/acsami.9b00083,PNT2Th2Se-DT,*c1ccc(-c2ccc(-c3sc(-c4cc5c(cc(-c6cc(CC(CCCCCCCCCC)CCCCCCCCCCCC)c(*)s6)c6nsnc65)c5nsnc45)cc3CC(CCCCCCCCCC)CCCCCCCCCCCC)[se]2)[se]1,1,0.0,1,0.0,0.21,-3.83,-5.39,*c1ccc(-c2ccc(*)[se]2)[se]1,*c1sc(-c2cc3c(cc(-c4cc(CC(CCCCCCCCCC)CCCCCCCCCCCC)c(*)s4)c4nsnc43)c3nsnc23)cc1CC(CCCCCCCCCC)CCCCCCCCCCCC,PNT4Se-DT,*c1ccc(-c2ccc(-c3[se]c(-c4cc5c(cc(-c6cc(CC(CCCCCCCCCC)CCCCCCCCCCCC)c(*)[se]6)c6nsnc65)c5nsnc45)cc3CC(CCCCCCCCCC)CCCCCCCCCCCC)[se]2)[se]1,1,0.0,1,0.0,0.03,-3.83,-5.24,*c1ccc(-c2ccc(*)[se]2)[se]1,*c1[se]c(-c2cc3c(cc(-c4cc(CC(CCCCCCCCCC)CCCCCCCCCCCC)c(*)[se]4)c4nsnc43)c3nsnc23)cc1CC(CCCCCCCCCC)CCCCCCCCCCCC
10.1021/acsami.9b00083,PNT2Se2Th-DT,*c1ccc(-c2ccc(-c3[se]c(-c4cc5c(cc(-c6cc(CC(CCCCCCCCCC)CCCCCCCCCCCC)c(*)[se]6)c6nsnc65)c5nsnc45)cc3CC(CCCCCCCCCC)CCCCCCCCCCCC)s2)s1,1,0.0,1,0.0,0.03,-3.84,-5.33,*c1ccc(-c2ccc(*)s2)s1,*c1[se]c(-c2cc3c(cc(-c4cc(CC(CCCCCCCCCC)CCCCCCCCCCCC)c(*)[se]4)c4nsnc43)c3nsnc23)cc1CC(CCCCCCCCCC)CCCCCCCCCCCC,PNT4Se-DT,*c1ccc(-c2ccc(-c3[se]c(-c4cc5c(cc(-c6cc(CC(CCCCCCCCCC)CCCCCCCCCCCC)c(*)[se]6)c6nsnc65)c5nsnc45)cc3CC(CCCCCCCCCC)CCCCCCCCCCCC)[se]2)[se]1,1,0.0,1,0.0,0.03,-3.83,-5.24,*c1ccc(-c2ccc(*)[se]2)[se]1,*c1[se]c(-c2cc3c(cc(-c4cc(CC(CCCCCCCCCC)CCCCCCCCCCCC)c(*)[se]4)c4nsnc43)c3nsnc23)cc1CC(CCCCCCCCCC)CCCCCCCCCCCC
10.1021/acsami.9b05361,PTzBIT,*c1ccc(-c2nc3c(=O)n(CC(CCCCCCCCCC)CCCCCCCCCCCC)c(=O)c4c(sc5c4sc4c6sc(*)nc6c(=O)n(CC(CCCCCCCCCC)CCCCCCCCCCCC)c(=O)c45)c3s2)s1,1,0.0,0,0.0011,0.0,-3.51,-6.26,*c1ccc(*)s1,*c1nc2c(=O)n(CC(CCCCCCCCCC)CCCCCCCCCCCC)c(=O)c3c(sc4c3sc3c5sc(*)nc5c(=O)n(CC(CCCCCCCCCC)CCCCCCCCCCCC)c(=O)c34)c2s1,PTzBITT,*c1cc2sc(-c3nc4c(=O)n(CC(CCCCCCCCCC)CCCCCCCCCCCC)c(=O)c5c(sc6c5sc5c7sc(*)nc7c(=O)n(CC(CCCCCCCCCC)CCCCCCCCCCCC)c(=O)c56)c4s3)cc2s1,1,0.0,1,0.038,0.0,-3.55,-6.14,*c1cc2sc(*)cc2s1,*c1nc2c(=O)n(CC(CCCCCCCCCC)CCCCCCCCCCCC)c(=O)c3c(sc4c3sc3c5sc(*)nc5c(=O)n(CC(CCCCCCCCCC)CCCCCCCCCCCC)c(=O)c34)c2s1
10.1021/acsami.9b07863,PIID-CNTVT-C1,*c1ccc2c(c1)N(CC(CCCCCCCCCC)CCCCCCCCCCCC)C(=O)/C2=C1/C(=O)N(CC(CCCCCCCCCC)CCCCCCCCCCCC)c2cc(-c3ccc(/C=C(\C#N)c4ccc(*)s4)s3)ccc21,1,0.0,1,0.63,1.22,-3.56,-5.54,*c1ccc(/C=C(\C#N)c2ccc(*)s2)s1,*c1ccc2c(c1)N(CC(CCCCCCCCCC)CCCCCCCCCCCC)C(=O)/C2=C1/C(=O)N(CC(CCCCCCCCCC)CCCCCCCCCCCC)c2cc(*)ccc21,PIID-CNTVT-C3,*c1ccc2c(c1)N(CCCC(CCCCCCCCCC)CCCCCCCCCC)C(=O)/C2=C1/C(=O)N(CCCC(CCCCCCCCCC)CCCCCCCCCC)c2cc(-c3ccc(/C=C(\C#N)c4ccc(*)s4)s3)ccc21,1,0.0,1,0.36,0.67,-3.58,-5.62,*c1ccc(/C=C(\C#N)c2ccc(*)s2)s1,*c1ccc2c(c1)N(CCCC(CCCCCCCCCC)CCCCCCCCCC)C(=O)/C2=C1/C(=O)N(CCCC(CCCCCCCCCC)CCCCCCCCCC)c2cc(*)ccc21
10.1021/acsami.9b07863,PIID-CNTVT-C1,*c1ccc2c(c1)N(CC(CCCCCCCCCC)CCCCCCCCCCCC)C(=O)/C2=C1/C(=O)N(CC(CCCCCCCCCC)CCCCCCCCCCCC)c2cc(-c3ccc(/C=C(\C#N)c4ccc(*)s4)s3)ccc21,1,0.0,1,0.63,1.22,-3.56,-5.54,*c1ccc(/C=C(\C#N)c2ccc(*)s2)s1,*c1ccc2c(c1)N(CC(CCCCCCCCCC)CCCCCCCCCCCC)C(=O)/C2=C1/C(=O)N(CC(CCCCCCCCCC)CCCCCCCCCCCC)c2cc(*)ccc21,PAIID-CNTVT-C1,*c1ccc2c(n1)N(CC(CCCCCCCCCC)CCCCCCCCCCCC)C(=O)/C2=C1/C(=O)N(CC(CCCCCCCCCC)CCCCCCCCCCCC)c2nc(-c3ccc(/C=C(\C#N)c4ccc(*)s4)s3)ccc21,1,0.0,1,3.01,0.3,-3.66,-5.75,*c1ccc(/C=C(\C#N)c2ccc(*)s2)s1,*c1ccc2c(n1)N(CC(CCCCCCCCCC)CCCCCCCCCCCC)C(=O)/C2=C1/C(=O)N(CC(CCCCCCCCCC)CCCCCCCCCCCC)c2nc(*)ccc21
10.1021/acsami.9b07863,PIID-CNTVT-C1,*c1ccc2c(c1)N(CC(CCCCCCCCCC)CCCCCCCCCCCC)C(=O)/C2=C1/C(=O)N(CC(CCCCCCCCCC)CCCCCCCCCCCC)c2cc(-c3ccc(/C=C(\C#N)c4ccc(*)s4)s3)ccc21,1,0.0,1,0.63,1.22,-3.56,-5.54,*c1ccc(/C=C(\C#N)c2ccc(*)s2)s1,*c1ccc2c(c1)N(CC(CCCCCCCCCC)CCCCCCCCCCCC)C(=O)/C2=C1/C(=O)N(CC(CCCCCCCCCC)CCCCCCCCCCCC)c2cc(*)ccc21,PAIID-CNTVT-C3,*c1ccc2c(n1)N(CCCC(CCCCCCCCCC)CCCCCCCCCC)C(=O)/C2=C1/C(=O)N(CCCC(CCCCCCCCCC)CCCCCCCCCC)c2nc(-c3ccc(/C=C(\C#N)c4ccc(*)s4)s3)ccc21,1,0.0,1,1.01,0.4,-3.72,-5.77,*c1ccc(/C=C(\C#N)c2ccc(*)s2)s1,*c1ccc2c(n1)N(CCCC(CCCCCCCCCC)CCCCCCCCCC)C(=O)/C2=C1/C(=O)N(CCCC(CCCCCCCCCC)CCCCCCCCCC)c2nc(*)ccc21
10.1021/acsami.9b07863,PIID-CNTVT-C3,*c1ccc2c(c1)N(CCCC(CCCCCCCCCC)CCCCCCCCCC)C(=O)/C2=C1/C(=O)N(CCCC(CCCCCCCCCC)CCCCCCCCCC)c2cc(-c3ccc(/C=C(\C#N)c4ccc(*)s4)s3)ccc21,1,0.0,1,0.36,0.67,-3.58,-5.62,*c1ccc(/C=C(\C#N)c2ccc(*)s2)s1,*c1ccc2c(c1)N(CCCC(CCCCCCCCCC)CCCCCCCCCC)C(=O)/C2=C1/C(=O)N(CCCC(CCCCCCCCCC)CCCCCCCCCC)c2cc(*)ccc21,PAIID-CNTVT-C1,*c1ccc2c(n1)N(CC(CCCCCCCCCC)CCCCCCCCCCCC)C(=O)/C2=C1/C(=O)N(CC(CCCCCCCCCC)CCCCCCCCCCCC)c2nc(-c3ccc(/C=C(\C#N)c4ccc(*)s4)s3)ccc21,1,0.0,1,3.01,0.3,-3.66,-5.75,*c1ccc(/C=C(\C#N)c2ccc(*)s2)s1,*c1ccc2c(n1)N(CC(CCCCCCCCCC)CCCCCCCCCCCC)C(=O)/C2=C1/C(=O)N(CC(CCCCCCCCCC)CCCCCCCCCCCC)c2nc(*)ccc21
10.1021/acsami.9b07863,PIID-CNTVT-C3,*c1ccc2c(c1)N(CCCC(CCCCCCCCCC)CCCCCCCCCC)C(=O)/C2=C1/C(=O)N(CCCC(CCCCCCCCCC)CCCCCCCCCC)c2cc(-c3ccc(/C=C(\C#N)c4ccc(*)s4)s3)ccc21,1,0.0,1,0.36,0.67,-3.58,-5.62,*c1ccc(/C=C(\C#N)c2ccc(*)s2)s1,*c1ccc2c(c1)N(CCCC(CCCCCCCCCC)CCCCCCCCCC)C(=O)/C2=C1/C(=O)N(CCCC(CCCCCCCCCC)CCCCCCCCCC)c2cc(*)ccc21,PAIID-CNTVT-C3,*c1ccc2c(n1)N(CCCC(CCCCCCCCCC)CCCCCCCCCC)C(=O)/C2=C1/C(=O)N(CCCC(CCCCCCCCCC)CCCCCCCCCC)c2nc(-c3ccc(/C=C(\C#N)c4ccc(*)s4)s3)ccc21,1,0.0,1,1.01,0.4,-3.72,-5.77,*c1ccc(/C=C(\C#N)c2ccc(*)s2)s1,*c1ccc2c(n1)N(CCCC(CCCCCCCCCC)CCCCCCCCCC)C(=O)/C2=C1/C(=O)N(CCCC(CCCCCCCCCC)CCCCCCCCCC)c2nc(*)ccc21
10.1021/acsami.9b07863,PAIID-CNTVT-C1,*c1ccc2c(n1)N(CC(CCCCCCCCCC)CCCCCCCCCCCC)C(=O)/C2=C1/C(=O)N(CC(CCCCCCCCCC)CCCCCCCCCCCC)c2nc(-c3ccc(/C=C(\C#N)c4ccc(*)s4)s3)ccc21,1,0.0,1,3.01,0.3,-3.66,-5.75,*c1ccc(/C=C(\C#N)c2ccc(*)s2)s1,*c1ccc2c(n1)N(CC(CCCCCCCCCC)CCCCCCCCCCCC)C(=O)/C2=C1/C(=O)N(CC(CCCCCCCCCC)CCCCCCCCCCCC)c2nc(*)ccc21,PAIID-CNTVT-C3,*c1ccc2c(n1)N(CCCC(CCCCCCCCCC)CCCCCCCCCC)C(=O)/C2=C1/C(=O)N(CCCC(CCCCCCCCCC)CCCCCCCCCC)c2nc(-c3ccc(/C=C(\C#N)c4ccc(*)s4)s3)ccc21,1,0.0,1,1.01,0.4,-3.72,-5.77,*c1ccc(/C=C(\C#N)c2ccc(*)s2)s1,*c1ccc2c(n1)N(CCCC(CCCCCCCCCC)CCCCCCCCCC)C(=O)/C2=C1/C(=O)N(CCCC(CCCCCCCCCC)CCCCCCCCCC)c2nc(*)ccc21
10.1021/acsami.9b09607,PNDI-VTV,*/C=C/c1ccc(/C=C/c2cc3c4c(c(*)cc5c4c2C(=O)N(CC(CCCCCCCCCC)CCCCCCCCCCCC)C5=O)C(=O)N(CC(CCCCCCCCCC)CCCCCCCCCCCC)C3=O)s1,1,0.0,0,0.043,0.0,-4.06,-5.47,*/C=C/c1ccc(/C=C/*)s1,*c1cc2c3c(c(*)cc4c3c1C(=O)N(CC(CCCCCCCCCC)CCCCCCCCCCCC)C4=O)C(=O)N(CC(CCCCCCCCCC)CCCCCCCCCCCC)C2=O,PNDI-VSV,*/C=C/c1ccc(/C=C/c2cc3c4c(c(*)cc5c4c2C(=O)N(CC(CCCCCCCCCC)CCCCCCCCCCCC)C5=O)C(=O)N(CC(CCCCCCCCCC)CCCCCCCCCCCC)C3=O)[se]1,1,0.0,0,0.7,0.0,-4.06,-5.46,*/C=C/c1ccc(/C=C/*)[se]1,*c1cc2c3c(c(*)cc4c3c1C(=O)N(CC(CCCCCCCCCC)CCCCCCCCCCCC)C4=O)C(=O)N(CC(CCCCCCCCCC)CCCCCCCCCCCC)C2=O
10.1021/acsami.9b09692,DOTFP-PhI,*c1cc(OCCCCCCCCCCCC)c(-c2cc(F)c(-c3sc(-c4ccc(*)c5c4C(=O)N(CC(CCCCCC)CCCCCCCC)C5=O)cc3OCCCCCCCCCCCC)cc2F)s1,1,0.0,0,0.0,1.2,-3.44,-5.44,*c1cc(OCCCCCCCCCCCC)c(-c2cc(F)c(-c3sc(*)cc3OCCCCCCCCCCCC)cc2F)s1,*c1ccc(*)c2c1C(=O)N(CC(CCCCCC)CCCCCCCC)C2=O,DOTFP-TPD,*c1cc(OCCCCCCCCCCCC)c(-c2cc(F)c(-c3sc(-c4sc(*)c5c4C(=O)N(CC(CCCCCC)CCCCCCCC)C5=O)cc3OCCCCCCCCCCCC)cc2F)s1,1,0.0,0,0.0,0.11,-3.68,-5.51,*c1cc(OCCCCCCCCCCCC)c(-c2cc(F)c(-c3sc(*)cc3OCCCCCCCCCCCC)cc2F)s1,*c1sc(*)c2c1C(=O)N(CC(CCCCCC)CCCCCCCC)C2=O
10.1021/acsami.9b11608,PAIID-FBT,*c1ccc2c(n1)N(CCCC(CCCCCCCCCC)CCCCCCCCCC)C(=O)/C2=C1/C(=O)N(CCCC(CCCCCCCCCC)CCCCCCCCCC)c2nc(-c3cc(F)c(-c4sc(*)cc4F)s3)ccc21,1,0.0,1,1.84,0.26,-3.64,-5.76,*c1cc(F)c(-c2sc(*)cc2F)s1,*c1ccc2c(n1)N(CCCC(CCCCCCCCCC)CCCCCCCCCC)C(=O)/C2=C1/C(=O)N(CCCC(CCCCCCCCCC)CCCCCCCCCC)c2nc(*)ccc21,PAIID-FDTE,*c1ccc2c(n1)N(CCCC(CCCCCCCCCC)CCCCCCCCCC)C(=O)/C2=C1/C(=O)N(CCCC(CCCCCCCCCC)CCCCCCCCCC)c2nc(-c3cc(F)c(/C=C/c4sc(*)cc4F)s3)ccc21,1,0.0,1,3.27,2.94,-3.64,-5.7,*c1cc(F)c(/C=C/c2sc(*)cc2F)s1,*c1ccc2c(n1)N(CCCC(CCCCCCCCCC)CCCCCCCCCC)C(=O)/C2=C1/C(=O)N(CCCC(CCCCCCCCCC)CCCCCCCCCC)c2nc(*)ccc21
10.1021/acsami.9b13138,TFBDI-DSe,*c1cc2c(=O)n(CC(CCCCCCCCCC)CCCCCCCCCCCC)c(=O)c3c(F)c4c(c(F)c3c2s1)c(=O)n(CC(CCCCCCCCCC)CCCCCCCCCCCC)c(=O)c1cc(-c2ccc(-c3ccc(*)[se]3)[se]2)sc14,1,0.0,1,0.11,0.0,-3.25,-5.78,*c1ccc(-c2ccc(*)[se]2)[se]1,*c1cc2c(=O)n(CC(CCCCCCCCCC)CCCCCCCCCCCC)c(=O)c3c(F)c4c(c(F)c3c2s1)c(=O)n(CC(CCCCCCCCCC)CCCCCCCCCCCC)c(=O)c1cc(*)sc14,TFBDI-T,*c1ccc(-c2cc3c(=O)n(CC(CCCCCCCCCC)CCCCCCCCCCCC)c(=O)c4c(F)c5c(c(F)c4c3s2)c(=O)n(CC(CCCCCCCCCC)CCCCCCCCCCCC)c(=O)c2cc(*)sc25)s1,1,0.0,0,0.12,0.0,-3.29,-6.01,*c1ccc(*)s1,*c1cc2c(=O)n(CC(CCCCCCCCCC)CCCCCCCCCCCC)c(=O)c3c(F)c4c(c(F)c3c2s1)c(=O)n(CC(CCCCCCCCCC)CCCCCCCCCCCC)c(=O)c1cc(*)sc14
10.1021/acsami.9b13138,TFBDI-DSe,*c1cc2c(=O)n(CC(CCCCCCCCCC)CCCCCCCCCCCC)c(=O)c3c(F)c4c(c(F)c3c2s1)c(=O)n(CC(CCCCCCCCCC)CCCCCCCCCCCC)c(=O)c1cc(-c2ccc(-c3ccc(*)[se]3)[se]2)sc14,1,0.0,1,0.11,0.0,-3.25,-5.78,*c1ccc(-c2ccc(*)[se]2)[se]1,*c1cc2c(=O)n(CC(CCCCCCCCCC)CCCCCCCCCCCC)c(=O)c3c(F)c4c(c(F)c3c2s1)c(=O)n(CC(CCCCCCCCCC)CCCCCCCCCCCC)c(=O)c1cc(*)sc14,TFBDI-Se,*c1cc2c(=O)n(CC(CCCCCCCCCC)CCCCCCCCCCCC)c(=O)c3c(F)c4c(c(F)c3c2s1)c(=O)n(CC(CCCCCCCCCC)CCCCCCCCCCCC)c(=O)c1cc(-c2ccc(*)[se]2)sc14,1,0.0,0,0.3,0.0,-3.39,-5.99,*c1ccc(*)[se]1,*c1cc2c(=O)n(CC(CCCCCCCCCC)CCCCCCCCCCCC)c(=O)c3c(F)c4c(c(F)c3c2s1)c(=O)n(CC(CCCCCCCCCC)CCCCCCCCCCCC)c(=O)c1cc(*)sc14
10.1021/acsami.9b13138,TFBDI-T,*c1ccc(-c2cc3c(=O)n(CC(CCCCCCCCCC)CCCCCCCCCCCC)c(=O)c4c(F)c5c(c(F)c4c3s2)c(=O)n(CC(CCCCCCCCCC)CCCCCCCCCCCC)c(=O)c2cc(*)sc25)s1,1,0.0,0,0.12,0.0,-3.29,-6.01,*c1ccc(*)s1,*c1cc2c(=O)n(CC(CCCCCCCCCC)CCCCCCCCCCCC)c(=O)c3c(F)c4c(c(F)c3c2s1)c(=O)n(CC(CCCCCCCCCC)CCCCCCCCCCCC)c(=O)c1cc(*)sc14,TFBDI-Se,*c1cc2c(=O)n(CC(CCCCCCCCCC)CCCCCCCCCCCC)c(=O)c3c(F)c4c(c(F)c3c2s1)c(=O)n(CC(CCCCCCCCCC)CCCCCCCCCCCC)c(=O)c1cc(-c2ccc(*)[se]2)sc14,1,0.0,0,0.3,0.0,-3.39,-5.99,*c1ccc(*)[se]1,*c1cc2c(=O)n(CC(CCCCCCCCCC)CCCCCCCCCCCC)c(=O)c3c(F)c4c(c(F)c3c2s1)c(=O)n(CC(CCCCCCCCCC)CCCCCCCCCCCC)c(=O)c1cc(*)sc14
10.1021/acsapm.3c01532,ri-PTPyI2T,*c1ccc(-c2ccc(-c3cc4c(s3)/C(=C3\C(=O)N(CC(CCCCCCCC)CCCCCCCCCC)C(=O)c5cc(*)sc53)C(=O)N4CC(CCCCCCCC)CCCCCCCCCC)s2)s1,1,0.0,0,0.0,0.14,-3.69,-5.12,*c1ccc(-c2ccc(*)s2)s1,*c1cc2c(s1)/C(=C1\C(=O)N(CC(CCCCCCCC)CCCCCCCCCC)c3cc(*)sc31)C(=O)N(CC(CCCCCCCC)CCCCCCCCCC)C2=O,rr-PTPyI2T,*c1ccc(-c2ccc(-c3cc4c(s3)/C(=C3\C(=O)N(CC(CCCCCCCC)CCCCCCCCCC)c5cc(-c6ccc(-c7ccc(-c8cc9c(s8)/C(=C8\C(=O)N(CC(CCCCCCCC)CCCCCCCCCC)C(=O)c%10cc(*)sc%108)C(=O)N9CC(CCCCCCCC)CCCCCCCCCC)s7)s6)sc53)C(=O)N(CC(CCCCCCCC)CCCCCCCCCC)C4=O)s2)s1,1,0.0,1,0.0,0.32,-3.73,-5.14,*c1ccc(-c2ccc(*)s2)s1,*c1cc2c(s1)/C(=C1\C(=O)N(CC(CCCCCCCC)CCCCCCCCCC)c3cc(-c4ccc(-c5ccc(-c6cc7c(s6)/C(=C6\C(=O)N(CC(CCCCCCCC)CCCCCCCCCC)C(=O)c8cc(*)sc86)C(=O)N7CC(CCCCCCCC)CCCCCCCCCC)s5)s4)sc31)C(=O)N(CC(CCCCCCCC)CCCCCCCCCC)C2=O
10.1021/acsapm.5c04162,PNTz4T,*c1ccc(-c2ccc(-c3sc(-c4cc5c(cc(-c6cc(CC(CCCCCCCCCC)CCCCCCCCCCCC)c(*)s6)c6nsnc65)c5nsnc45)cc3CC(CCCCCCCCCC)CCCCCCCCCCCC)s2)s1,1,0.0,1,0.0,0.34,-3.28,-5.18,*c1ccc(-c2ccc(*)s2)s1,*c1sc(-c2cc3c(cc(-c4cc(CC(CCCCCCCCCC)CCCCCCCCCCCC)c(*)s4)c4nsnc43)c3nsnc23)cc1CC(CCCCCCCCCC)CCCCCCCCCCCC,PCNT4T,*c1ccc(-c2ccc(-c3sc(-c4c(C#N)c5c6nsnc6c(-c6cc(CC(CCCCCCCCCC)CCCCCCCCCCCC)c(*)s6)c(C#N)c5c5nsnc45)cc3CC(CCCCCCCCCC)CCCCCCCCCCCC)s2)s1,1,0.0,1,0.37,0.18,-3.66,-5.48,*c1sc(-c2c(C#N)c3c4nsnc4c(-c4cc(CC(CCCCCCCCCC)CCCCCCCCCCCC)c(*)s4)c(C#N)c3c3nsnc23)cc1CC(CCCCCCCCCC)CCCCCCCCCCCC,*c1ccc(-c2ccc(*)s2)s1
10.1021/acsapm.5c04162,PNTz4T,*c1ccc(-c2ccc(-c3sc(-c4cc5c(cc(-c6cc(CC(CCCCCCCCCC)CCCCCCCCCCCC)c(*)s6)c6nsnc65)c5nsnc45)cc3CC(CCCCCCCCCC)CCCCCCCCCCCC)s2)s1,1,0.0,1,0.0,0.34,-3.28,-5.18,*c1ccc(-c2ccc(*)s2)s1,*c1sc(-c2cc3c(cc(-c4cc(CC(CCCCCCCCCC)CCCCCCCCCCCC)c(*)s4)c4nsnc43)c3nsnc23)cc1CC(CCCCCCCCCC)CCCCCCCCCCCC,PNNT4T,*c1ccc(-c2ccc(-c3sc(-c4c([N+](=O)[O-])c5c6nsnc6c(-c6cc(CC(CCCCCCCCCC)CCCCCCCCCCCC)c(*)s6)c([N+](=O)[O-])c5c5nsnc45)cc3CC(CCCCCCCCCC)CCCCCCCCCCCC)s2)s1,1,0.0,1,0.17,0.04,-3.78,-5.4,*c1sc(-c2c([N+](=O)[O-])c3c4nsnc4c(-c4cc(CC(CCCCCCCCCC)CCCCCCCCCCCC)c(*)s4)c([N+](=O)[O-])c3c3nsnc23)cc1CC(CCCCCCCCCC)CCCCCCCCCCCC,*c1ccc(-c2ccc(*)s2)s1
10.1021/acsapm.5c04162,PCNT4T,*c1ccc(-c2ccc(-c3sc(-c4c(C#N)c5c6nsnc6c(-c6cc(CC(CCCCCCCCCC)CCCCCCCCCCCC)c(*)s6)c(C#N)c5c5nsnc45)cc3CC(CCCCCCCCCC)CCCCCCCCCCCC)s2)s1,1,0.0,1,0.37,0.18,-3.66,-5.48,*c1sc(-c2c(C#N)c3c4nsnc4c(-c4cc(CC(CCCCCCCCCC)CCCCCCCCCCCC)c(*)s4)c(C#N)c3c3nsnc23)cc1CC(CCCCCCCCCC)CCCCCCCCCCCC,*c1ccc(-c2ccc(*)s2)s1,PNNT4T,*c1ccc(-c2ccc(-c3sc(-c4c([N+](=O)[O-])c5c6nsnc6c(-c6cc(CC(CCCCCCCCCC)CCCCCCCCCCCC)c(*)s6)c([N+](=O)[O-])c5c5nsnc45)cc3CC(CCCCCCCCCC)CCCCCCCCCCCC)s2)s1,1,0.0,1,0.17,0.04,-3.78,-5.4,*c1sc(-c2c([N+](=O)[O-])c3c4nsnc4c(-c4cc(CC(CCCCCCCCCC)CCCCCCCCCCCC)c(*)s4)c([N+](=O)[O-])c3c3nsnc23)cc1CC(CCCCCCCCCC)CCCCCCCCCCCC,*c1ccc(-c2ccc(*)s2)s1
10.1021/acsapm.8b00019,PCIBT,*c1ccc(-c2ccc(-c3cc4c(cc3Cl)/C(=C3\C(=O)N(CC(CCCCCCCCCC)CCCCCCCCCCCC)c5cc(*)c(Cl)cc53)C(=O)N4CC(CCCCCCCCCC)CCCCCCCCCCCC)s2)s1,1,0.0,1,1.7,0.38,-3.63,-5.54,*c1cc2c(cc1Cl)/C(=C1\C(=O)N(CC(CCCCCCCCCC)CCCCCCCCCCCC)c3cc(*)c(Cl)cc31)C(=O)N2CC(CCCCCCCCCC)CCCCCCCCCCCC,*c1ccc(-c2ccc(*)s2)s1,PCITV,*c1ccc(/C=C/c2ccc(-c3cc4c(cc3Cl)/C(=C3\C(=O)N(CC(CCCCCCCCCC)CCCCCCCCCCCC)c5cc(*)c(Cl)cc53)C(=O)N4CC(CCCCCCCCCC)CCCCCCCCCCCC)s2)s1,1,0.0,1,0.39,0.1,-3.63,-5.35,*c1cc2c(cc1Cl)/C(=C1\C(=O)N(CC(CCCCCCCCCC)CCCCCCCCCCCC)c3cc(*)c(Cl)cc31)C(=O)N2CC(CCCCCCCCCC)CCCCCCCCCCCC,*c1ccc(/C=C/c2ccc(*)s2)s1
10.1021/acsmaterialslett.1c00767,P(AzIDT-C6),*c1cc2ccc(-c3cc4c(s3)-c3cc5c(cc3C4(CCCCCC)CCCCCC)-c3sc(*)cc3C5(CCCCCC)CCCCCC)ccc-2c1,1,0.0,0,0.0,0.026,-3.21,-5.12,*c1cc2c(s1)-c1cc3c(cc1C2(CCCCCC)CCCCCC)-c1sc(*)cc1C3(CCCCCC)CCCCCC,*c1ccc2cc(*)cc-2cc1,P(AzIDT-PhC6),*c1cc2ccc(-c3cc4c(s3)-c3cc5c(cc3C4(c3ccc(CCCCCC)cc3)c3ccc(CCCCCC)cc3)-c3sc(*)cc3C5(c3ccc(CCCCCC)cc3)c3ccc(CCCCCC)cc3)ccc-2c1,1,0.0,0,0.0,0.14,-3.23,-5.17,*c1cc2c(s1)-c1cc3c(cc1C2(c1ccc(CCCCCC)cc1)c1ccc(CCCCCC)cc1)-c1sc(*)cc1C3(c1ccc(CCCCCC)cc1)c1ccc(CCCCCC)cc1,*c1ccc2cc(*)cc-2cc1
10.1021/acsmaterialslett.1c00767,P(AzIDT-C6),*c1cc2ccc(-c3cc4c(s3)-c3cc5c(cc3C4(CCCCCC)CCCCCC)-c3sc(*)cc3C5(CCCCCC)CCCCCC)ccc-2c1,1,0.0,0,0.0,0.026,-3.21,-5.12,*c1cc2c(s1)-c1cc3c(cc1C2(CCCCCC)CCCCCC)-c1sc(*)cc1C3(CCCCCC)CCCCCC,*c1ccc2cc(*)cc-2cc1,P(AzIDTT-PhC6),*c1cc2ccc(-c3cc4sc5c(c4s3)C(c3ccc(CCCCCC)cc3)(c3ccc(CCCCCC)cc3)c3cc4c(cc3-5)C(c3ccc(CCCCCC)cc3)(c3ccc(CCCCCC)cc3)c3c-4sc4cc(*)sc34)ccc-2c1,1,0.0,0,0.0,0.46,-3.27,-5.14,*c1cc2sc3c(c2s1)C(c1ccc(CCCCCC)cc1)(c1ccc(CCCCCC)cc1)c1cc2c(cc1-3)C(c1ccc(CCCCCC)cc1)(c1ccc(CCCCCC)cc1)c1c-2sc2cc(*)sc12,*c1ccc2cc(*)cc-2cc1
10.1021/acsmaterialslett.1c00767,P(AzIDT-PhC6),*c1cc2ccc(-c3cc4c(s3)-c3cc5c(cc3C4(c3ccc(CCCCCC)cc3)c3ccc(CCCCCC)cc3)-c3sc(*)cc3C5(c3ccc(CCCCCC)cc3)c3ccc(CCCCCC)cc3)ccc-2c1,1,0.0,0,0.0,0.14,-3.23,-5.17,*c1cc2c(s1)-c1cc3c(cc1C2(c1ccc(CCCCCC)cc1)c1ccc(CCCCCC)cc1)-c1sc(*)cc1C3(c1ccc(CCCCCC)cc1)c1ccc(CCCCCC)cc1,*c1ccc2cc(*)cc-2cc1,P(AzIDTT-PhC6),*c1cc2ccc(-c3cc4sc5c(c4s3)C(c3ccc(CCCCCC)cc3)(c3ccc(CCCCCC)cc3)c3cc4c(cc3-5)C(c3ccc(CCCCCC)cc3)(c3ccc(CCCCCC)cc3)c3c-4sc4cc(*)sc34)ccc-2c1,1,0.0,0,0.0,0.46,-3.27,-5.14,*c1cc2sc3c(c2s1)C(c1ccc(CCCCCC)cc1)(c1ccc(CCCCCC)cc1)c1cc2c(cc1-3)C(c1ccc(CCCCCC)cc1)(c1ccc(CCCCCC)cc1)c1c-2sc2cc(*)sc12,*c1ccc2cc(*)cc-2cc1
10.1021/am405917a,PBDP-Fu,*c1ccc(C2=c3cc4c(cc3N(CC(CCCCCCCCCC)CCCCCCCCCCCC)C2=O)=C(c2ccc(-c3ccc(*)o3)cc2)C(=O)N4CC(CCCCCCCCCC)CCCCCCCCCCCC)cc1,1,0.0,0,0.00043,0.0048,-3.6,-5.37,*c1ccc(*)o1,*c1ccc(C2=c3cc4c(cc3N(CC(CCCCCCCCCC)CCCCCCCCCCCC)C2=O)=C(c2ccc(*)cc2)C(=O)N4CC(CCCCCCCCCC)CCCCCCCCCCCC)cc1,PBDP-Th,*c1ccc(C2=c3cc4c(cc3N(CC(CCCCCCCCCC)CCCCCCCCCCCC)C2=O)=C(c2ccc(-c3ccc(*)s3)cc2)C(=O)N4CC(CCCCCCCCCC)CCCCCCCCCCCC)cc1,1,0.0,0,0.011,0.012,-3.58,-5.34,*c1ccc(*)s1,*c1ccc(C2=c3cc4c(cc3N(CC(CCCCCCCCCC)CCCCCCCCCCCC)C2=O)=C(c2ccc(*)cc2)C(=O)N4CC(CCCCCCCCCC)CCCCCCCCCCCC)cc1
10.1021/am405917a,PBDP-Fu,*c1ccc(C2=c3cc4c(cc3N(CC(CCCCCCCCCC)CCCCCCCCCCCC)C2=O)=C(c2ccc(-c3ccc(*)o3)cc2)C(=O)N4CC(CCCCCCCCCC)CCCCCCCCCCCC)cc1,1,0.0,0,0.00043,0.0048,-3.6,-5.37,*c1ccc(*)o1,*c1ccc(C2=c3cc4c(cc3N(CC(CCCCCCCCCC)CCCCCCCCCCCC)C2=O)=C(c2ccc(*)cc2)C(=O)N4CC(CCCCCCCCCC)CCCCCCCCCCCC)cc1,PBDP-Se,*c1ccc(C2=c3cc4c(cc3N(CC(CCCCCCCCCC)CCCCCCCCCCCC)C2=O)=C(c2ccc(-c3ccc(*)[se]3)cc2)C(=O)N4CC(CCCCCCCCCC)CCCCCCCCCCCC)cc1,1,0.0,0,0.019,0.017,-3.59,-5.32,*c1ccc(*)[se]1,*c1ccc(C2=c3cc4c(cc3N(CC(CCCCCCCCCC)CCCCCCCCCCCC)C2=O)=C(c2ccc(*)cc2)C(=O)N4CC(CCCCCCCCCC)CCCCCCCCCCCC)cc1
10.1021/am405917a,PBDP-Th,*c1ccc(C2=c3cc4c(cc3N(CC(CCCCCCCCCC)CCCCCCCCCCCC)C2=O)=C(c2ccc(-c3ccc(*)s3)cc2)C(=O)N4CC(CCCCCCCCCC)CCCCCCCCCCCC)cc1,1,0.0,0,0.011,0.012,-3.58,-5.34,*c1ccc(*)s1,*c1ccc(C2=c3cc4c(cc3N(CC(CCCCCCCCCC)CCCCCCCCCCCC)C2=O)=C(c2ccc(*)cc2)C(=O)N4CC(CCCCCCCCCC)CCCCCCCCCCCC)cc1,PBDP-Se,*c1ccc(C2=c3cc4c(cc3N(CC(CCCCCCCCCC)CCCCCCCCCCCC)C2=O)=C(c2ccc(-c3ccc(*)[se]3)cc2)C(=O)N4CC(CCCCCCCCCC)CCCCCCCCCCCC)cc1,1,0.0,0,0.019,0.017,-3.59,-5.32,*c1ccc(*)[se]1,*c1ccc(C2=c3cc4c(cc3N(CC(CCCCCCCCCC)CCCCCCCCCCCC)C2=O)=C(c2ccc(*)cc2)C(=O)N4CC(CCCCCCCCCC)CCCCCCCCCCCC)cc1
10.1021/cm1029744,SiIDT-BT,*c1cc2c(s1)-c1cc3c(cc1[Si]2(CCCCCCCC)CCCCCCCC)-c1sc(-c2ccc(*)c4nsnc24)cc1[Si]3(CCCCCCCC)CCCCCCCC,1,0.0,0,0.0,0.008,-3.6,-5.5,*c1cc2c(s1)-c1cc3c(cc1[Si]2(CCCCCCCC)CCCCCCCC)-c1sc(*)cc1[Si]3(CCCCCCCC)CCCCCCCC,*c1ccc(*)c2nsnc12,SiIDT-DPP,*c1ccc(C2=C3C(=O)N(CCCCCCCCCCCC)C(c4ccc(-c5cc6c(s5)-c5cc7c(cc5[Si]6(CCCCCCCC)CCCCCCCC)-c5sc(*)cc5[Si]7(CCCCCCCC)CCCCCCCC)s4)=C3C(=O)N2CCCCCCCCCCCC)s1,1,0.0,1,0.1,0.65,-3.7,-5.1,*c1cc2c(s1)-c1cc3c(cc1[Si]2(CCCCCCCC)CCCCCCCC)-c1sc(*)cc1[Si]3(CCCCCCCC)CCCCCCCC,*c1ccc(C2=C3C(=O)N(CCCCCCCCCCCC)C(c4ccc(*)s4)=C3C(=O)N2CCCCCCCCCCCC)s1
10.1021/cm202247a,HD-PPPV,*/C=C/c1ccc(C2=C3C(=O)N(CC(CCCCCC)CCCCCCCC)C(c4ccc(*)cc4)=C3C(=O)N2CC(CCCCCC)CCCCCCCC)cc1,1,0.0,1,0.0,4.9e-07,-3.13,-5.48,*/C=C/*,*c1ccc(C2=C3C(=O)N(CC(CCCCCC)CCCCCCCC)C(c4ccc(*)cc4)=C3C(=O)N2CC(CCCCCC)CCCCCCCC)cc1,HD-PPTV,*/C=C/c1ccc(C2=C3C(=O)N(CC(CCCCCC)CCCCCCCC)C(c4ccc(*)s4)=C3C(=O)N2CC(CCCCCC)CCCCCCCC)s1,1,0.0,1,0.019,0.17,-3.34,-5.14,*/C=C/*,*c1ccc(C2=C3C(=O)N(CC(CCCCCC)CCCCCCCC)C(c4ccc(*)s4)=C3C(=O)N2CC(CCCCCC)CCCCCCCC)s1
10.1021/cm2037487,pDPPT3-HD,*c1ccc(C2=C3C(=O)N(CC(CCCCCC)CCCCCCCC)C(c4ccc(-c5ccc(*)s5)s4)=C3C(=O)N2CC(CCCCCC)CCCCCCCC)s1,1,0.0,0,0.12,0.3,-4.0,-5.3,*c1ccc(*)s1,*c1ccc(C2=C3C(=O)N(CC(CCCCCC)CCCCCCCC)C(c4ccc(*)s4)=C3C(=O)N2CC(CCCCCC)CCCCCCCC)s1,pDPPT3-OD,*c1ccc(C2=C3C(=O)N(CC(CCCCCCCC)CCCCCCCCCC)C(c4ccc(-c5ccc(*)s5)s4)=C3C(=O)N2CC(CCCCCCCC)CCCCCCCCCC)s1,1,0.0,0,0.18,1.57,-4.0,-5.3,*c1ccc(*)s1,*c1ccc(C2=C3C(=O)N(CC(CCCCCCCC)CCCCCCCCCC)C(c4ccc(*)s4)=C3C(=O)N2CC(CCCCCCCC)CCCCCCCCCC)s1
10.1021/cm2037487,pDPPT3-HD,*c1ccc(C2=C3C(=O)N(CC(CCCCCC)CCCCCCCC)C(c4ccc(-c5ccc(*)s5)s4)=C3C(=O)N2CC(CCCCCC)CCCCCCCC)s1,1,0.0,0,0.12,0.3,-4.0,-5.3,*c1ccc(*)s1,*c1ccc(C2=C3C(=O)N(CC(CCCCCC)CCCCCCCC)C(c4ccc(*)s4)=C3C(=O)N2CC(CCCCCC)CCCCCCCC)s1,pDPPT2TT-HD,*c1ccc(C2=C3C(=O)N(CC(CCCCCC)CCCCCCCC)C(c4ccc(-c5cc6sc(*)cc6s5)s4)=C3C(=O)N2CC(CCCCCC)CCCCCCCC)s1,1,0.0,1,0.04,0.79,-4.0,-5.3,*c1cc2sc(*)cc2s1,*c1ccc(C2=C3C(=O)N(CC(CCCCCC)CCCCCCCC)C(c4ccc(*)s4)=C3C(=O)N2CC(CCCCCC)CCCCCCCC)s1
10.1021/cm2037487,pDPPT3-HD,*c1ccc(C2=C3C(=O)N(CC(CCCCCC)CCCCCCCC)C(c4ccc(-c5ccc(*)s5)s4)=C3C(=O)N2CC(CCCCCC)CCCCCCCC)s1,1,0.0,0,0.12,0.3,-4.0,-5.3,*c1ccc(*)s1,*c1ccc(C2=C3C(=O)N(CC(CCCCCC)CCCCCCCC)C(c4ccc(*)s4)=C3C(=O)N2CC(CCCCCC)CCCCCCCC)s1,pDPPT2TT-OD,*c1ccc(C2=C3C(=O)N(CC(CCCCCCCC)CCCCCCCCCC)C(c4ccc(-c5cc6sc(*)cc6s5)s4)=C3C(=O)N2CC(CCCCCCCC)CCCCCCCCCC)s1,1,0.0,1,0.06,1.93,-4.3,-5.5,*c1cc2sc(*)cc2s1,*c1ccc(C2=C3C(=O)N(CC(CCCCCCCC)CCCCCCCCCC)C(c4ccc(*)s4)=C3C(=O)N2CC(CCCCCCCC)CCCCCCCCCC)s1
10.1021/cm2037487,pDPPT3-OD,*c1ccc(C2=C3C(=O)N(CC(CCCCCCCC)CCCCCCCCCC)C(c4ccc(-c5ccc(*)s5)s4)=C3C(=O)N2CC(CCCCCCCC)CCCCCCCCCC)s1,1,0.0,0,0.18,1.57,-4.0,-5.3,*c1ccc(*)s1,*c1ccc(C2=C3C(=O)N(CC(CCCCCCCC)CCCCCCCCCC)C(c4ccc(*)s4)=C3C(=O)N2CC(CCCCCCCC)CCCCCCCCCC)s1,pDPPT2TT-HD,*c1ccc(C2=C3C(=O)N(CC(CCCCCC)CCCCCCCC)C(c4ccc(-c5cc6sc(*)cc6s5)s4)=C3C(=O)N2CC(CCCCCC)CCCCCCCC)s1,1,0.0,1,0.04,0.79,-4.0,-5.3,*c1cc2sc(*)cc2s1,*c1ccc(C2=C3C(=O)N(CC(CCCCCC)CCCCCCCC)C(c4ccc(*)s4)=C3C(=O)N2CC(CCCCCC)CCCCCCCC)s1
10.1021/cm2037487,pDPPT3-OD,*c1ccc(C2=C3C(=O)N(CC(CCCCCCCC)CCCCCCCCCC)C(c4ccc(-c5ccc(*)s5)s4)=C3C(=O)N2CC(CCCCCCCC)CCCCCCCCCC)s1,1,0.0,0,0.18,1.57,-4.0,-5.3,*c1ccc(*)s1,*c1ccc(C2=C3C(=O)N(CC(CCCCCCCC)CCCCCCCCCC)C(c4ccc(*)s4)=C3C(=O)N2CC(CCCCCCCC)CCCCCCCCCC)s1,pDPPT2TT-OD,*c1ccc(C2=C3C(=O)N(CC(CCCCCCCC)CCCCCCCCCC)C(c4ccc(-c5cc6sc(*)cc6s5)s4)=C3C(=O)N2CC(CCCCCCCC)CCCCCCCCCC)s1,1,0.0,1,0.06,1.93,-4.3,-5.5,*c1cc2sc(*)cc2s1,*c1ccc(C2=C3C(=O)N(CC(CCCCCCCC)CCCCCCCCCC)C(c4ccc(*)s4)=C3C(=O)N2CC(CCCCCCCC)CCCCCCCCCC)s1
10.1021/cm2037487,pDPPT2TT-HD,*c1ccc(C2=C3C(=O)N(CC(CCCCCC)CCCCCCCC)C(c4ccc(-c5cc6sc(*)cc6s5)s4)=C3C(=O)N2CC(CCCCCC)CCCCCCCC)s1,1,0.0,1,0.04,0.79,-4.0,-5.3,*c1cc2sc(*)cc2s1,*c1ccc(C2=C3C(=O)N(CC(CCCCCC)CCCCCCCC)C(c4ccc(*)s4)=C3C(=O)N2CC(CCCCCC)CCCCCCCC)s1,pDPPT2TT-OD,*c1ccc(C2=C3C(=O)N(CC(CCCCCCCC)CCCCCCCCCC)C(c4ccc(-c5cc6sc(*)cc6s5)s4)=C3C(=O)N2CC(CCCCCCCC)CCCCCCCCCC)s1,1,0.0,1,0.06,1.93,-4.3,-5.5,*c1cc2sc(*)cc2s1,*c1ccc(C2=C3C(=O)N(CC(CCCCCCCC)CCCCCCCCCC)C(c4ccc(*)s4)=C3C(=O)N2CC(CCCCCCCC)CCCCCCCCCC)s1
10.1021/cm300117x,IIDDT,*c1ccc2c(c1)N(CC(CCCCCCCC)CCCCCCCCCC)C(=O)/C2=C1/C(=O)N(CC(CCCCCCCC)CCCCCCCCCC)c2cc(-c3ccc(-c4ccc(*)s4)s3)ccc21,1,0.0,1,0.0,1.06,-3.78,-5.65,*c1ccc2c(c1)N(CC(CCCCCCCC)CCCCCCCCCC)C(=O)/C2=C1/C(=O)N(CC(CCCCCCCC)CCCCCCCCCC)c2cc(*)ccc21,*c1ccc(-c2ccc(*)s2)s1,IID-Se,*c1ccc2c(c1)N(CC(CCCCCCCC)CCCCCCCCCC)C(=O)/C2=C1/C(=O)N(CC(CCCCCCCC)CCCCCCCCCC)c2cc(-c3ccc(-c4ccc(*)[se]4)[se]3)ccc21,1,0.0,1,0.0,0.66,-3.79,-5.56,*c1ccc2c(c1)N(CC(CCCCCCCC)CCCCCCCCCC)C(=O)/C2=C1/C(=O)N(CC(CCCCCCCC)CCCCCCCCCC)c2cc(*)ccc21,*c1ccc(-c2ccc(*)[se]2)[se]1
10.1021/cm300117x,IIDDT,*c1ccc2c(c1)N(CC(CCCCCCCC)CCCCCCCCCC)C(=O)/C2=C1/C(=O)N(CC(CCCCCCCC)CCCCCCCCCC)c2cc(-c3ccc(-c4ccc(*)s4)s3)ccc21,1,0.0,1,0.0,1.06,-3.78,-5.65,*c1ccc2c(c1)N(CC(CCCCCCCC)CCCCCCCCCC)C(=O)/C2=C1/C(=O)N(CC(CCCCCCCC)CCCCCCCCCC)c2cc(*)ccc21,*c1ccc(-c2ccc(*)s2)s1,IID-BDT,*c1ccc2c(c1)N(CC(CCCCCCCC)CCCCCCCCCC)C(=O)/C2=C1/C(=O)N(CC(CCCCCCCC)CCCCCCCCCC)c2cc(-c3cc4cc5sc(*)cc5cc4s3)ccc21,1,0.0,1,0.0,0.48,-3.77,-5.84,*c1ccc2c(c1)N(CC(CCCCCCCC)CCCCCCCCCC)C(=O)/C2=C1/C(=O)N(CC(CCCCCCCC)CCCCCCCCCC)c2cc(*)ccc21,*c1cc2cc3sc(*)cc3cc2s1
10.1021/cm300117x,IIDDT,*c1ccc2c(c1)N(CC(CCCCCCCC)CCCCCCCCCC)C(=O)/C2=C1/C(=O)N(CC(CCCCCCCC)CCCCCCCCCC)c2cc(-c3ccc(-c4ccc(*)s4)s3)ccc21,1,0.0,1,0.0,1.06,-3.78,-5.65,*c1ccc2c(c1)N(CC(CCCCCCCC)CCCCCCCCCC)C(=O)/C2=C1/C(=O)N(CC(CCCCCCCC)CCCCCCCCCC)c2cc(*)ccc21,*c1ccc(-c2ccc(*)s2)s1,IID-NDT,*c1ccc2c(c1)N(CC(CCCCCCCC)CCCCCCCCCC)C(=O)/C2=C1/C(=O)N(CC(CCCCCCCC)CCCCCCCCCC)c2cc(-c3cc4ccc5c(ccc6cc(*)sc65)c4s3)ccc21,1,0.0,1,0.0,0.32,-3.75,-5.9,*c1ccc2c(c1)N(CC(CCCCCCCC)CCCCCCCCCC)C(=O)/C2=C1/C(=O)N(CC(CCCCCCCC)CCCCCCCCCC)c2cc(*)ccc21,*c1cc2ccc3c(ccc4cc(*)sc43)c2s1
10.1021/cm300117x,IIDDT,*c1ccc2c(c1)N(CC(CCCCCCCC)CCCCCCCCCC)C(=O)/C2=C1/C(=O)N(CC(CCCCCCCC)CCCCCCCCCC)c2cc(-c3ccc(-c4ccc(*)s4)s3)ccc21,1,0.0,1,0.0,1.06,-3.78,-5.65,*c1ccc2c(c1)N(CC(CCCCCCCC)CCCCCCCCCC)C(=O)/C2=C1/C(=O)N(CC(CCCCCCCC)CCCCCCCCCC)c2cc(*)ccc21,*c1ccc(-c2ccc(*)s2)s1,IID-TT,*c1ccc2c(c1)N(CC(CCCCCCCC)CCCCCCCCCC)C(=O)/C2=C1/C(=O)N(CC(CCCCCCCC)CCCCCCCCCC)c2cc(-c3cc4sc(*)cc4s3)ccc21,1,0.0,1,0.0,0.34,-3.73,-5.7,*c1ccc2c(c1)N(CC(CCCCCCCC)CCCCCCCCCC)C(=O)/C2=C1/C(=O)N(CC(CCCCCCCC)CCCCCCCCCC)c2cc(*)ccc21,*c1cc2sc(*)cc2s1
10.1021/cm300117x,IIDDT,*c1ccc2c(c1)N(CC(CCCCCCCC)CCCCCCCCCC)C(=O)/C2=C1/C(=O)N(CC(CCCCCCCC)CCCCCCCCCC)c2cc(-c3ccc(-c4ccc(*)s4)s3)ccc21,1,0.0,1,0.0,1.06,-3.78,-5.65,*c1ccc2c(c1)N(CC(CCCCCCCC)CCCCCCCCCC)C(=O)/C2=C1/C(=O)N(CC(CCCCCCCC)CCCCCCCCCC)c2cc(*)ccc21,*c1ccc(-c2ccc(*)s2)s1,IIDDT-Me,*c1ccc2c(c1)N(CC(CCCCCCCC)CCCCCCCCCC)C(=O)/C2=C1/C(=O)N(CC(CCCCCCCC)CCCCCCCCCC)c2cc(-c3cc(C)c(-c4sc(*)cc4C)s3)ccc21,1,0.0,1,0.0,0.11,-3.78,-5.54,*c1ccc2c(c1)N(CC(CCCCCCCC)CCCCCCCCCC)C(=O)/C2=C1/C(=O)N(CC(CCCCCCCC)CCCCCCCCCC)c2cc(*)ccc21,*c1cc(C)c(-c2sc(*)cc2C)s1
10.1021/cm300117x,IIDDT,*c1ccc2c(c1)N(CC(CCCCCCCC)CCCCCCCCCC)C(=O)/C2=C1/C(=O)N(CC(CCCCCCCC)CCCCCCCCCC)c2cc(-c3ccc(-c4ccc(*)s4)s3)ccc21,1,0.0,1,0.0,1.06,-3.78,-5.65,*c1ccc2c(c1)N(CC(CCCCCCCC)CCCCCCCCCC)C(=O)/C2=C1/C(=O)N(CC(CCCCCCCC)CCCCCCCCCC)c2cc(*)ccc21,*c1ccc(-c2ccc(*)s2)s1,IIDT,*c1ccc2c(c1)N(CC(CCCCCCCC)CCCCCCCCCC)C(=O)/C2=C1/C(=O)N(CC(CCCCCCCC)CCCCCCCCCC)c2cc(-c3ccc(*)s3)ccc21,1,0.0,0,0.0,0.019,-3.81,-5.8,*c1ccc2c(c1)N(CC(CCCCCCCC)CCCCCCCCCC)C(=O)/C2=C1/C(=O)N(CC(CCCCCCCC)CCCCCCCCCC)c2cc(*)ccc21,*c1ccc(*)s1
10.1021/cm300117x,IIDDT,*c1ccc2c(c1)N(CC(CCCCCCCC)CCCCCCCCCC)C(=O)/C2=C1/C(=O)N(CC(CCCCCCCC)CCCCCCCCCC)c2cc(-c3ccc(-c4ccc(*)s4)s3)ccc21,1,0.0,1,0.0,1.06,-3.78,-5.65,*c1ccc2c(c1)N(CC(CCCCCCCC)CCCCCCCCCC)C(=O)/C2=C1/C(=O)N(CC(CCCCCCCC)CCCCCCCCCC)c2cc(*)ccc21,*c1ccc(-c2ccc(*)s2)s1,IID-T3,*c1ccc2c(c1)N(CC(CCCCCCCC)CCCCCCCCCC)C(=O)/C2=C1/C(=O)N(CC(CCCCCCCC)CCCCCCCCCC)c2cc(-c3ccc(-c4ccc(-c5ccc(*)s5)s4)s3)ccc21,1,0.0,0,0.0,0.061,-3.7,-5.48,*c1ccc2c(c1)N(CC(CCCCCCCC)CCCCCCCCCC)C(=O)/C2=C1/C(=O)N(CC(CCCCCCCC)CCCCCCCCCC)c2cc(*)ccc21,*c1ccc(-c2ccc(-c3ccc(*)s3)s2)s1
10.1021/cm300117x,IIDDT,*c1ccc2c(c1)N(CC(CCCCCCCC)CCCCCCCCCC)C(=O)/C2=C1/C(=O)N(CC(CCCCCCCC)CCCCCCCCCC)c2cc(-c3ccc(-c4ccc(*)s4)s3)ccc21,1,0.0,1,0.0,1.06,-3.78,-5.65,*c1ccc2c(c1)N(CC(CCCCCCCC)CCCCCCCCCC)C(=O)/C2=C1/C(=O)N(CC(CCCCCCCC)CCCCCCCCCC)c2cc(*)ccc21,*c1ccc(-c2ccc(*)s2)s1,IID-TTT,*c1ccc2c(c1)N(CC(CCCCCCCC)CCCCCCCCCC)C(=O)/C2=C1/C(=O)N(CC(CCCCCCCC)CCCCCCCCCC)c2cc(-c3cc4sc5cc(*)sc5c4s3)ccc21,1,0.0,0,0.0,0.00103,-3.72,-5.44,*c1ccc2c(c1)N(CC(CCCCCCCC)CCCCCCCCCC)C(=O)/C2=C1/C(=O)N(CC(CCCCCCCC)CCCCCCCCCC)c2cc(*)ccc21,*c1cc2sc3cc(*)sc3c2s1
10.1021/cm300117x,IIDDT,*c1ccc2c(c1)N(CC(CCCCCCCC)CCCCCCCCCC)C(=O)/C2=C1/C(=O)N(CC(CCCCCCCC)CCCCCCCCCC)c2cc(-c3ccc(-c4ccc(*)s4)s3)ccc21,1,0.0,1,0.0,1.06,-3.78,-5.65,*c1ccc2c(c1)N(CC(CCCCCCCC)CCCCCCCCCC)C(=O)/C2=C1/C(=O)N(CC(CCCCCCCC)CCCCCCCCCC)c2cc(*)ccc21,*c1ccc(-c2ccc(*)s2)s1,IID-TBT,*c1ccc2c(c1)N(CC(CCCCCCCC)CCCCCCCCCC)C(=O)/C2=C1/C(=O)N(CC(CCCCCCCC)CCCCCCCCCC)c2cc(-c3cc4ccc5cc(*)sc5c4s3)ccc21,1,0.0,0,0.0,0.000135,-3.7,-5.55,*c1ccc2c(c1)N(CC(CCCCCCCC)CCCCCCCCCC)C(=O)/C2=C1/C(=O)N(CC(CCCCCCCC)CCCCCCCCCC)c2cc(*)ccc21,*c1cc2ccc3cc(*)sc3c2s1
10.1021/cm300117x,IID-Se,*c1ccc2c(c1)N(CC(CCCCCCCC)CCCCCCCCCC)C(=O)/C2=C1/C(=O)N(CC(CCCCCCCC)CCCCCCCCCC)c2cc(-c3ccc(-c4ccc(*)[se]4)[se]3)ccc21,1,0.0,1,0.0,0.66,-3.79,-5.56,*c1ccc2c(c1)N(CC(CCCCCCCC)CCCCCCCCCC)C(=O)/C2=C1/C(=O)N(CC(CCCCCCCC)CCCCCCCCCC)c2cc(*)ccc21,*c1ccc(-c2ccc(*)[se]2)[se]1,IID-BDT,*c1ccc2c(c1)N(CC(CCCCCCCC)CCCCCCCCCC)C(=O)/C2=C1/C(=O)N(CC(CCCCCCCC)CCCCCCCCCC)c2cc(-c3cc4cc5sc(*)cc5cc4s3)ccc21,1,0.0,1,0.0,0.48,-3.77,-5.84,*c1ccc2c(c1)N(CC(CCCCCCCC)CCCCCCCCCC)C(=O)/C2=C1/C(=O)N(CC(CCCCCCCC)CCCCCCCCCC)c2cc(*)ccc21,*c1cc2cc3sc(*)cc3cc2s1
10.1021/cm300117x,IID-Se,*c1ccc2c(c1)N(CC(CCCCCCCC)CCCCCCCCCC)C(=O)/C2=C1/C(=O)N(CC(CCCCCCCC)CCCCCCCCCC)c2cc(-c3ccc(-c4ccc(*)[se]4)[se]3)ccc21,1,0.0,1,0.0,0.66,-3.79,-5.56,*c1ccc2c(c1)N(CC(CCCCCCCC)CCCCCCCCCC)C(=O)/C2=C1/C(=O)N(CC(CCCCCCCC)CCCCCCCCCC)c2cc(*)ccc21,*c1ccc(-c2ccc(*)[se]2)[se]1,IID-NDT,*c1ccc2c(c1)N(CC(CCCCCCCC)CCCCCCCCCC)C(=O)/C2=C1/C(=O)N(CC(CCCCCCCC)CCCCCCCCCC)c2cc(-c3cc4ccc5c(ccc6cc(*)sc65)c4s3)ccc21,1,0.0,1,0.0,0.32,-3.75,-5.9,*c1ccc2c(c1)N(CC(CCCCCCCC)CCCCCCCCCC)C(=O)/C2=C1/C(=O)N(CC(CCCCCCCC)CCCCCCCCCC)c2cc(*)ccc21,*c1cc2ccc3c(ccc4cc(*)sc43)c2s1
10.1021/cm300117x,IID-Se,*c1ccc2c(c1)N(CC(CCCCCCCC)CCCCCCCCCC)C(=O)/C2=C1/C(=O)N(CC(CCCCCCCC)CCCCCCCCCC)c2cc(-c3ccc(-c4ccc(*)[se]4)[se]3)ccc21,1,0.0,1,0.0,0.66,-3.79,-5.56,*c1ccc2c(c1)N(CC(CCCCCCCC)CCCCCCCCCC)C(=O)/C2=C1/C(=O)N(CC(CCCCCCCC)CCCCCCCCCC)c2cc(*)ccc21,*c1ccc(-c2ccc(*)[se]2)[se]1,IID-TT,*c1ccc2c(c1)N(CC(CCCCCCCC)CCCCCCCCCC)C(=O)/C2=C1/C(=O)N(CC(CCCCCCCC)CCCCCCCCCC)c2cc(-c3cc4sc(*)cc4s3)ccc21,1,0.0,1,0.0,0.34,-3.73,-5.7,*c1ccc2c(c1)N(CC(CCCCCCCC)CCCCCCCCCC)C(=O)/C2=C1/C(=O)N(CC(CCCCCCCC)CCCCCCCCCC)c2cc(*)ccc21,*c1cc2sc(*)cc2s1
10.1021/cm300117x,IID-Se,*c1ccc2c(c1)N(CC(CCCCCCCC)CCCCCCCCCC)C(=O)/C2=C1/C(=O)N(CC(CCCCCCCC)CCCCCCCCCC)c2cc(-c3ccc(-c4ccc(*)[se]4)[se]3)ccc21,1,0.0,1,0.0,0.66,-3.79,-5.56,*c1ccc2c(c1)N(CC(CCCCCCCC)CCCCCCCCCC)C(=O)/C2=C1/C(=O)N(CC(CCCCCCCC)CCCCCCCCCC)c2cc(*)ccc21,*c1ccc(-c2ccc(*)[se]2)[se]1,IIDDT-Me,*c1ccc2c(c1)N(CC(CCCCCCCC)CCCCCCCCCC)C(=O)/C2=C1/C(=O)N(CC(CCCCCCCC)CCCCCCCCCC)c2cc(-c3cc(C)c(-c4sc(*)cc4C)s3)ccc21,1,0.0,1,0.0,0.11,-3.78,-5.54,*c1ccc2c(c1)N(CC(CCCCCCCC)CCCCCCCCCC)C(=O)/C2=C1/C(=O)N(CC(CCCCCCCC)CCCCCCCCCC)c2cc(*)ccc21,*c1cc(C)c(-c2sc(*)cc2C)s1
10.1021/cm300117x,IID-Se,*c1ccc2c(c1)N(CC(CCCCCCCC)CCCCCCCCCC)C(=O)/C2=C1/C(=O)N(CC(CCCCCCCC)CCCCCCCCCC)c2cc(-c3ccc(-c4ccc(*)[se]4)[se]3)ccc21,1,0.0,1,0.0,0.66,-3.79,-5.56,*c1ccc2c(c1)N(CC(CCCCCCCC)CCCCCCCCCC)C(=O)/C2=C1/C(=O)N(CC(CCCCCCCC)CCCCCCCCCC)c2cc(*)ccc21,*c1ccc(-c2ccc(*)[se]2)[se]1,IIDT,*c1ccc2c(c1)N(CC(CCCCCCCC)CCCCCCCCCC)C(=O)/C2=C1/C(=O)N(CC(CCCCCCCC)CCCCCCCCCC)c2cc(-c3ccc(*)s3)ccc21,1,0.0,0,0.0,0.019,-3.81,-5.8,*c1ccc2c(c1)N(CC(CCCCCCCC)CCCCCCCCCC)C(=O)/C2=C1/C(=O)N(CC(CCCCCCCC)CCCCCCCCCC)c2cc(*)ccc21,*c1ccc(*)s1
10.1021/cm300117x,IID-Se,*c1ccc2c(c1)N(CC(CCCCCCCC)CCCCCCCCCC)C(=O)/C2=C1/C(=O)N(CC(CCCCCCCC)CCCCCCCCCC)c2cc(-c3ccc(-c4ccc(*)[se]4)[se]3)ccc21,1,0.0,1,0.0,0.66,-3.79,-5.56,*c1ccc2c(c1)N(CC(CCCCCCCC)CCCCCCCCCC)C(=O)/C2=C1/C(=O)N(CC(CCCCCCCC)CCCCCCCCCC)c2cc(*)ccc21,*c1ccc(-c2ccc(*)[se]2)[se]1,IID-T3,*c1ccc2c(c1)N(CC(CCCCCCCC)CCCCCCCCCC)C(=O)/C2=C1/C(=O)N(CC(CCCCCCCC)CCCCCCCCCC)c2cc(-c3ccc(-c4ccc(-c5ccc(*)s5)s4)s3)ccc21,1,0.0,0,0.0,0.061,-3.7,-5.48,*c1ccc2c(c1)N(CC(CCCCCCCC)CCCCCCCCCC)C(=O)/C2=C1/C(=O)N(CC(CCCCCCCC)CCCCCCCCCC)c2cc(*)ccc21,*c1ccc(-c2ccc(-c3ccc(*)s3)s2)s1
10.1021/cm300117x,IID-Se,*c1ccc2c(c1)N(CC(CCCCCCCC)CCCCCCCCCC)C(=O)/C2=C1/C(=O)N(CC(CCCCCCCC)CCCCCCCCCC)c2cc(-c3ccc(-c4ccc(*)[se]4)[se]3)ccc21,1,0.0,1,0.0,0.66,-3.79,-5.56,*c1ccc2c(c1)N(CC(CCCCCCCC)CCCCCCCCCC)C(=O)/C2=C1/C(=O)N(CC(CCCCCCCC)CCCCCCCCCC)c2cc(*)ccc21,*c1ccc(-c2ccc(*)[se]2)[se]1,IID-TTT,*c1ccc2c(c1)N(CC(CCCCCCCC)CCCCCCCCCC)C(=O)/C2=C1/C(=O)N(CC(CCCCCCCC)CCCCCCCCCC)c2cc(-c3cc4sc5cc(*)sc5c4s3)ccc21,1,0.0,0,0.0,0.00103,-3.72,-5.44,*c1ccc2c(c1)N(CC(CCCCCCCC)CCCCCCCCCC)C(=O)/C2=C1/C(=O)N(CC(CCCCCCCC)CCCCCCCCCC)c2cc(*)ccc21,*c1cc2sc3cc(*)sc3c2s1
10.1021/cm300117x,IID-Se,*c1ccc2c(c1)N(CC(CCCCCCCC)CCCCCCCCCC)C(=O)/C2=C1/C(=O)N(CC(CCCCCCCC)CCCCCCCCCC)c2cc(-c3ccc(-c4ccc(*)[se]4)[se]3)ccc21,1,0.0,1,0.0,0.66,-3.79,-5.56,*c1ccc2c(c1)N(CC(CCCCCCCC)CCCCCCCCCC)C(=O)/C2=C1/C(=O)N(CC(CCCCCCCC)CCCCCCCCCC)c2cc(*)ccc21,*c1ccc(-c2ccc(*)[se]2)[se]1,IID-TBT,*c1ccc2c(c1)N(CC(CCCCCCCC)CCCCCCCCCC)C(=O)/C2=C1/C(=O)N(CC(CCCCCCCC)CCCCCCCCCC)c2cc(-c3cc4ccc5cc(*)sc5c4s3)ccc21,1,0.0,0,0.0,0.000135,-3.7,-5.55,*c1ccc2c(c1)N(CC(CCCCCCCC)CCCCCCCCCC)C(=O)/C2=C1/C(=O)N(CC(CCCCCCCC)CCCCCCCCCC)c2cc(*)ccc21,*c1cc2ccc3cc(*)sc3c2s1
10.1021/cm300117x,IID-BDT,*c1ccc2c(c1)N(CC(CCCCCCCC)CCCCCCCCCC)C(=O)/C2=C1/C(=O)N(CC(CCCCCCCC)CCCCCCCCCC)c2cc(-c3cc4cc5sc(*)cc5cc4s3)ccc21,1,0.0,1,0.0,0.48,-3.77,-5.84,*c1ccc2c(c1)N(CC(CCCCCCCC)CCCCCCCCCC)C(=O)/C2=C1/C(=O)N(CC(CCCCCCCC)CCCCCCCCCC)c2cc(*)ccc21,*c1cc2cc3sc(*)cc3cc2s1,IID-NDT,*c1ccc2c(c1)N(CC(CCCCCCCC)CCCCCCCCCC)C(=O)/C2=C1/C(=O)N(CC(CCCCCCCC)CCCCCCCCCC)c2cc(-c3cc4ccc5c(ccc6cc(*)sc65)c4s3)ccc21,1,0.0,1,0.0,0.32,-3.75,-5.9,*c1ccc2c(c1)N(CC(CCCCCCCC)CCCCCCCCCC)C(=O)/C2=C1/C(=O)N(CC(CCCCCCCC)CCCCCCCCCC)c2cc(*)ccc21,*c1cc2ccc3c(ccc4cc(*)sc43)c2s1
10.1021/cm300117x,IID-BDT,*c1ccc2c(c1)N(CC(CCCCCCCC)CCCCCCCCCC)C(=O)/C2=C1/C(=O)N(CC(CCCCCCCC)CCCCCCCCCC)c2cc(-c3cc4cc5sc(*)cc5cc4s3)ccc21,1,0.0,1,0.0,0.48,-3.77,-5.84,*c1ccc2c(c1)N(CC(CCCCCCCC)CCCCCCCCCC)C(=O)/C2=C1/C(=O)N(CC(CCCCCCCC)CCCCCCCCCC)c2cc(*)ccc21,*c1cc2cc3sc(*)cc3cc2s1,IID-TT,*c1ccc2c(c1)N(CC(CCCCCCCC)CCCCCCCCCC)C(=O)/C2=C1/C(=O)N(CC(CCCCCCCC)CCCCCCCCCC)c2cc(-c3cc4sc(*)cc4s3)ccc21,1,0.0,1,0.0,0.34,-3.73,-5.7,*c1ccc2c(c1)N(CC(CCCCCCCC)CCCCCCCCCC)C(=O)/C2=C1/C(=O)N(CC(CCCCCCCC)CCCCCCCCCC)c2cc(*)ccc21,*c1cc2sc(*)cc2s1
10.1021/cm300117x,IID-BDT,*c1ccc2c(c1)N(CC(CCCCCCCC)CCCCCCCCCC)C(=O)/C2=C1/C(=O)N(CC(CCCCCCCC)CCCCCCCCCC)c2cc(-c3cc4cc5sc(*)cc5cc4s3)ccc21,1,0.0,1,0.0,0.48,-3.77,-5.84,*c1ccc2c(c1)N(CC(CCCCCCCC)CCCCCCCCCC)C(=O)/C2=C1/C(=O)N(CC(CCCCCCCC)CCCCCCCCCC)c2cc(*)ccc21,*c1cc2cc3sc(*)cc3cc2s1,IIDDT-Me,*c1ccc2c(c1)N(CC(CCCCCCCC)CCCCCCCCCC)C(=O)/C2=C1/C(=O)N(CC(CCCCCCCC)CCCCCCCCCC)c2cc(-c3cc(C)c(-c4sc(*)cc4C)s3)ccc21,1,0.0,1,0.0,0.11,-3.78,-5.54,*c1ccc2c(c1)N(CC(CCCCCCCC)CCCCCCCCCC)C(=O)/C2=C1/C(=O)N(CC(CCCCCCCC)CCCCCCCCCC)c2cc(*)ccc21,*c1cc(C)c(-c2sc(*)cc2C)s1
10.1021/cm300117x,IID-BDT,*c1ccc2c(c1)N(CC(CCCCCCCC)CCCCCCCCCC)C(=O)/C2=C1/C(=O)N(CC(CCCCCCCC)CCCCCCCCCC)c2cc(-c3cc4cc5sc(*)cc5cc4s3)ccc21,1,0.0,1,0.0,0.48,-3.77,-5.84,*c1ccc2c(c1)N(CC(CCCCCCCC)CCCCCCCCCC)C(=O)/C2=C1/C(=O)N(CC(CCCCCCCC)CCCCCCCCCC)c2cc(*)ccc21,*c1cc2cc3sc(*)cc3cc2s1,IIDT,*c1ccc2c(c1)N(CC(CCCCCCCC)CCCCCCCCCC)C(=O)/C2=C1/C(=O)N(CC(CCCCCCCC)CCCCCCCCCC)c2cc(-c3ccc(*)s3)ccc21,1,0.0,0,0.0,0.019,-3.81,-5.8,*c1ccc2c(c1)N(CC(CCCCCCCC)CCCCCCCCCC)C(=O)/C2=C1/C(=O)N(CC(CCCCCCCC)CCCCCCCCCC)c2cc(*)ccc21,*c1ccc(*)s1
10.1021/cm300117x,IID-BDT,*c1ccc2c(c1)N(CC(CCCCCCCC)CCCCCCCCCC)C(=O)/C2=C1/C(=O)N(CC(CCCCCCCC)CCCCCCCCCC)c2cc(-c3cc4cc5sc(*)cc5cc4s3)ccc21,1,0.0,1,0.0,0.48,-3.77,-5.84,*c1ccc2c(c1)N(CC(CCCCCCCC)CCCCCCCCCC)C(=O)/C2=C1/C(=O)N(CC(CCCCCCCC)CCCCCCCCCC)c2cc(*)ccc21,*c1cc2cc3sc(*)cc3cc2s1,IID-T3,*c1ccc2c(c1)N(CC(CCCCCCCC)CCCCCCCCCC)C(=O)/C2=C1/C(=O)N(CC(CCCCCCCC)CCCCCCCCCC)c2cc(-c3ccc(-c4ccc(-c5ccc(*)s5)s4)s3)ccc21,1,0.0,0,0.0,0.061,-3.7,-5.48,*c1ccc2c(c1)N(CC(CCCCCCCC)CCCCCCCCCC)C(=O)/C2=C1/C(=O)N(CC(CCCCCCCC)CCCCCCCCCC)c2cc(*)ccc21,*c1ccc(-c2ccc(-c3ccc(*)s3)s2)s1
10.1021/cm300117x,IID-BDT,*c1ccc2c(c1)N(CC(CCCCCCCC)CCCCCCCCCC)C(=O)/C2=C1/C(=O)N(CC(CCCCCCCC)CCCCCCCCCC)c2cc(-c3cc4cc5sc(*)cc5cc4s3)ccc21,1,0.0,1,0.0,0.48,-3.77,-5.84,*c1ccc2c(c1)N(CC(CCCCCCCC)CCCCCCCCCC)C(=O)/C2=C1/C(=O)N(CC(CCCCCCCC)CCCCCCCCCC)c2cc(*)ccc21,*c1cc2cc3sc(*)cc3cc2s1,IID-TTT,*c1ccc2c(c1)N(CC(CCCCCCCC)CCCCCCCCCC)C(=O)/C2=C1/C(=O)N(CC(CCCCCCCC)CCCCCCCCCC)c2cc(-c3cc4sc5cc(*)sc5c4s3)ccc21,1,0.0,0,0.0,0.00103,-3.72,-5.44,*c1ccc2c(c1)N(CC(CCCCCCCC)CCCCCCCCCC)C(=O)/C2=C1/C(=O)N(CC(CCCCCCCC)CCCCCCCCCC)c2cc(*)ccc21,*c1cc2sc3cc(*)sc3c2s1
10.1021/cm300117x,IID-BDT,*c1ccc2c(c1)N(CC(CCCCCCCC)CCCCCCCCCC)C(=O)/C2=C1/C(=O)N(CC(CCCCCCCC)CCCCCCCCCC)c2cc(-c3cc4cc5sc(*)cc5cc4s3)ccc21,1,0.0,1,0.0,0.48,-3.77,-5.84,*c1ccc2c(c1)N(CC(CCCCCCCC)CCCCCCCCCC)C(=O)/C2=C1/C(=O)N(CC(CCCCCCCC)CCCCCCCCCC)c2cc(*)ccc21,*c1cc2cc3sc(*)cc3cc2s1,IID-TBT,*c1ccc2c(c1)N(CC(CCCCCCCC)CCCCCCCCCC)C(=O)/C2=C1/C(=O)N(CC(CCCCCCCC)CCCCCCCCCC)c2cc(-c3cc4ccc5cc(*)sc5c4s3)ccc21,1,0.0,0,0.0,0.000135,-3.7,-5.55,*c1ccc2c(c1)N(CC(CCCCCCCC)CCCCCCCCCC)C(=O)/C2=C1/C(=O)N(CC(CCCCCCCC)CCCCCCCCCC)c2cc(*)ccc21,*c1cc2ccc3cc(*)sc3c2s1
10.1021/cm300117x,IID-NDT,*c1ccc2c(c1)N(CC(CCCCCCCC)CCCCCCCCCC)C(=O)/C2=C1/C(=O)N(CC(CCCCCCCC)CCCCCCCCCC)c2cc(-c3cc4ccc5c(ccc6cc(*)sc65)c4s3)ccc21,1,0.0,1,0.0,0.32,-3.75,-5.9,*c1ccc2c(c1)N(CC(CCCCCCCC)CCCCCCCCCC)C(=O)/C2=C1/C(=O)N(CC(CCCCCCCC)CCCCCCCCCC)c2cc(*)ccc21,*c1cc2ccc3c(ccc4cc(*)sc43)c2s1,IID-TT,*c1ccc2c(c1)N(CC(CCCCCCCC)CCCCCCCCCC)C(=O)/C2=C1/C(=O)N(CC(CCCCCCCC)CCCCCCCCCC)c2cc(-c3cc4sc(*)cc4s3)ccc21,1,0.0,1,0.0,0.34,-3.73,-5.7,*c1ccc2c(c1)N(CC(CCCCCCCC)CCCCCCCCCC)C(=O)/C2=C1/C(=O)N(CC(CCCCCCCC)CCCCCCCCCC)c2cc(*)ccc21,*c1cc2sc(*)cc2s1
10.1021/cm300117x,IID-NDT,*c1ccc2c(c1)N(CC(CCCCCCCC)CCCCCCCCCC)C(=O)/C2=C1/C(=O)N(CC(CCCCCCCC)CCCCCCCCCC)c2cc(-c3cc4ccc5c(ccc6cc(*)sc65)c4s3)ccc21,1,0.0,1,0.0,0.32,-3.75,-5.9,*c1ccc2c(c1)N(CC(CCCCCCCC)CCCCCCCCCC)C(=O)/C2=C1/C(=O)N(CC(CCCCCCCC)CCCCCCCCCC)c2cc(*)ccc21,*c1cc2ccc3c(ccc4cc(*)sc43)c2s1,IIDDT-Me,*c1ccc2c(c1)N(CC(CCCCCCCC)CCCCCCCCCC)C(=O)/C2=C1/C(=O)N(CC(CCCCCCCC)CCCCCCCCCC)c2cc(-c3cc(C)c(-c4sc(*)cc4C)s3)ccc21,1,0.0,1,0.0,0.11,-3.78,-5.54,*c1ccc2c(c1)N(CC(CCCCCCCC)CCCCCCCCCC)C(=O)/C2=C1/C(=O)N(CC(CCCCCCCC)CCCCCCCCCC)c2cc(*)ccc21,*c1cc(C)c(-c2sc(*)cc2C)s1
10.1021/cm300117x,IID-NDT,*c1ccc2c(c1)N(CC(CCCCCCCC)CCCCCCCCCC)C(=O)/C2=C1/C(=O)N(CC(CCCCCCCC)CCCCCCCCCC)c2cc(-c3cc4ccc5c(ccc6cc(*)sc65)c4s3)ccc21,1,0.0,1,0.0,0.32,-3.75,-5.9,*c1ccc2c(c1)N(CC(CCCCCCCC)CCCCCCCCCC)C(=O)/C2=C1/C(=O)N(CC(CCCCCCCC)CCCCCCCCCC)c2cc(*)ccc21,*c1cc2ccc3c(ccc4cc(*)sc43)c2s1,IIDT,*c1ccc2c(c1)N(CC(CCCCCCCC)CCCCCCCCCC)C(=O)/C2=C1/C(=O)N(CC(CCCCCCCC)CCCCCCCCCC)c2cc(-c3ccc(*)s3)ccc21,1,0.0,0,0.0,0.019,-3.81,-5.8,*c1ccc2c(c1)N(CC(CCCCCCCC)CCCCCCCCCC)C(=O)/C2=C1/C(=O)N(CC(CCCCCCCC)CCCCCCCCCC)c2cc(*)ccc21,*c1ccc(*)s1
10.1021/cm300117x,IID-NDT,*c1ccc2c(c1)N(CC(CCCCCCCC)CCCCCCCCCC)C(=O)/C2=C1/C(=O)N(CC(CCCCCCCC)CCCCCCCCCC)c2cc(-c3cc4ccc5c(ccc6cc(*)sc65)c4s3)ccc21,1,0.0,1,0.0,0.32,-3.75,-5.9,*c1ccc2c(c1)N(CC(CCCCCCCC)CCCCCCCCCC)C(=O)/C2=C1/C(=O)N(CC(CCCCCCCC)CCCCCCCCCC)c2cc(*)ccc21,*c1cc2ccc3c(ccc4cc(*)sc43)c2s1,IID-T3,*c1ccc2c(c1)N(CC(CCCCCCCC)CCCCCCCCCC)C(=O)/C2=C1/C(=O)N(CC(CCCCCCCC)CCCCCCCCCC)c2cc(-c3ccc(-c4ccc(-c5ccc(*)s5)s4)s3)ccc21,1,0.0,0,0.0,0.061,-3.7,-5.48,*c1ccc2c(c1)N(CC(CCCCCCCC)CCCCCCCCCC)C(=O)/C2=C1/C(=O)N(CC(CCCCCCCC)CCCCCCCCCC)c2cc(*)ccc21,*c1ccc(-c2ccc(-c3ccc(*)s3)s2)s1
10.1021/cm300117x,IID-NDT,*c1ccc2c(c1)N(CC(CCCCCCCC)CCCCCCCCCC)C(=O)/C2=C1/C(=O)N(CC(CCCCCCCC)CCCCCCCCCC)c2cc(-c3cc4ccc5c(ccc6cc(*)sc65)c4s3)ccc21,1,0.0,1,0.0,0.32,-3.75,-5.9,*c1ccc2c(c1)N(CC(CCCCCCCC)CCCCCCCCCC)C(=O)/C2=C1/C(=O)N(CC(CCCCCCCC)CCCCCCCCCC)c2cc(*)ccc21,*c1cc2ccc3c(ccc4cc(*)sc43)c2s1,IID-TTT,*c1ccc2c(c1)N(CC(CCCCCCCC)CCCCCCCCCC)C(=O)/C2=C1/C(=O)N(CC(CCCCCCCC)CCCCCCCCCC)c2cc(-c3cc4sc5cc(*)sc5c4s3)ccc21,1,0.0,0,0.0,0.00103,-3.72,-5.44,*c1ccc2c(c1)N(CC(CCCCCCCC)CCCCCCCCCC)C(=O)/C2=C1/C(=O)N(CC(CCCCCCCC)CCCCCCCCCC)c2cc(*)ccc21,*c1cc2sc3cc(*)sc3c2s1
10.1021/cm300117x,IID-NDT,*c1ccc2c(c1)N(CC(CCCCCCCC)CCCCCCCCCC)C(=O)/C2=C1/C(=O)N(CC(CCCCCCCC)CCCCCCCCCC)c2cc(-c3cc4ccc5c(ccc6cc(*)sc65)c4s3)ccc21,1,0.0,1,0.0,0.32,-3.75,-5.9,*c1ccc2c(c1)N(CC(CCCCCCCC)CCCCCCCCCC)C(=O)/C2=C1/C(=O)N(CC(CCCCCCCC)CCCCCCCCCC)c2cc(*)ccc21,*c1cc2ccc3c(ccc4cc(*)sc43)c2s1,IID-TBT,*c1ccc2c(c1)N(CC(CCCCCCCC)CCCCCCCCCC)C(=O)/C2=C1/C(=O)N(CC(CCCCCCCC)CCCCCCCCCC)c2cc(-c3cc4ccc5cc(*)sc5c4s3)ccc21,1,0.0,0,0.0,0.000135,-3.7,-5.55,*c1ccc2c(c1)N(CC(CCCCCCCC)CCCCCCCCCC)C(=O)/C2=C1/C(=O)N(CC(CCCCCCCC)CCCCCCCCCC)c2cc(*)ccc21,*c1cc2ccc3cc(*)sc3c2s1
10.1021/cm300117x,IID-TT,*c1ccc2c(c1)N(CC(CCCCCCCC)CCCCCCCCCC)C(=O)/C2=C1/C(=O)N(CC(CCCCCCCC)CCCCCCCCCC)c2cc(-c3cc4sc(*)cc4s3)ccc21,1,0.0,1,0.0,0.34,-3.73,-5.7,*c1ccc2c(c1)N(CC(CCCCCCCC)CCCCCCCCCC)C(=O)/C2=C1/C(=O)N(CC(CCCCCCCC)CCCCCCCCCC)c2cc(*)ccc21,*c1cc2sc(*)cc2s1,IIDDT-Me,*c1ccc2c(c1)N(CC(CCCCCCCC)CCCCCCCCCC)C(=O)/C2=C1/C(=O)N(CC(CCCCCCCC)CCCCCCCCCC)c2cc(-c3cc(C)c(-c4sc(*)cc4C)s3)ccc21,1,0.0,1,0.0,0.11,-3.78,-5.54,*c1ccc2c(c1)N(CC(CCCCCCCC)CCCCCCCCCC)C(=O)/C2=C1/C(=O)N(CC(CCCCCCCC)CCCCCCCCCC)c2cc(*)ccc21,*c1cc(C)c(-c2sc(*)cc2C)s1
10.1021/cm300117x,IID-TT,*c1ccc2c(c1)N(CC(CCCCCCCC)CCCCCCCCCC)C(=O)/C2=C1/C(=O)N(CC(CCCCCCCC)CCCCCCCCCC)c2cc(-c3cc4sc(*)cc4s3)ccc21,1,0.0,1,0.0,0.34,-3.73,-5.7,*c1ccc2c(c1)N(CC(CCCCCCCC)CCCCCCCCCC)C(=O)/C2=C1/C(=O)N(CC(CCCCCCCC)CCCCCCCCCC)c2cc(*)ccc21,*c1cc2sc(*)cc2s1,IIDT,*c1ccc2c(c1)N(CC(CCCCCCCC)CCCCCCCCCC)C(=O)/C2=C1/C(=O)N(CC(CCCCCCCC)CCCCCCCCCC)c2cc(-c3ccc(*)s3)ccc21,1,0.0,0,0.0,0.019,-3.81,-5.8,*c1ccc2c(c1)N(CC(CCCCCCCC)CCCCCCCCCC)C(=O)/C2=C1/C(=O)N(CC(CCCCCCCC)CCCCCCCCCC)c2cc(*)ccc21,*c1ccc(*)s1
10.1021/cm300117x,IID-TT,*c1ccc2c(c1)N(CC(CCCCCCCC)CCCCCCCCCC)C(=O)/C2=C1/C(=O)N(CC(CCCCCCCC)CCCCCCCCCC)c2cc(-c3cc4sc(*)cc4s3)ccc21,1,0.0,1,0.0,0.34,-3.73,-5.7,*c1ccc2c(c1)N(CC(CCCCCCCC)CCCCCCCCCC)C(=O)/C2=C1/C(=O)N(CC(CCCCCCCC)CCCCCCCCCC)c2cc(*)ccc21,*c1cc2sc(*)cc2s1,IID-T3,*c1ccc2c(c1)N(CC(CCCCCCCC)CCCCCCCCCC)C(=O)/C2=C1/C(=O)N(CC(CCCCCCCC)CCCCCCCCCC)c2cc(-c3ccc(-c4ccc(-c5ccc(*)s5)s4)s3)ccc21,1,0.0,0,0.0,0.061,-3.7,-5.48,*c1ccc2c(c1)N(CC(CCCCCCCC)CCCCCCCCCC)C(=O)/C2=C1/C(=O)N(CC(CCCCCCCC)CCCCCCCCCC)c2cc(*)ccc21,*c1ccc(-c2ccc(-c3ccc(*)s3)s2)s1
10.1021/cm300117x,IID-TT,*c1ccc2c(c1)N(CC(CCCCCCCC)CCCCCCCCCC)C(=O)/C2=C1/C(=O)N(CC(CCCCCCCC)CCCCCCCCCC)c2cc(-c3cc4sc(*)cc4s3)ccc21,1,0.0,1,0.0,0.34,-3.73,-5.7,*c1ccc2c(c1)N(CC(CCCCCCCC)CCCCCCCCCC)C(=O)/C2=C1/C(=O)N(CC(CCCCCCCC)CCCCCCCCCC)c2cc(*)ccc21,*c1cc2sc(*)cc2s1,IID-TTT,*c1ccc2c(c1)N(CC(CCCCCCCC)CCCCCCCCCC)C(=O)/C2=C1/C(=O)N(CC(CCCCCCCC)CCCCCCCCCC)c2cc(-c3cc4sc5cc(*)sc5c4s3)ccc21,1,0.0,0,0.0,0.00103,-3.72,-5.44,*c1ccc2c(c1)N(CC(CCCCCCCC)CCCCCCCCCC)C(=O)/C2=C1/C(=O)N(CC(CCCCCCCC)CCCCCCCCCC)c2cc(*)ccc21,*c1cc2sc3cc(*)sc3c2s1
10.1021/cm300117x,IID-TT,*c1ccc2c(c1)N(CC(CCCCCCCC)CCCCCCCCCC)C(=O)/C2=C1/C(=O)N(CC(CCCCCCCC)CCCCCCCCCC)c2cc(-c3cc4sc(*)cc4s3)ccc21,1,0.0,1,0.0,0.34,-3.73,-5.7,*c1ccc2c(c1)N(CC(CCCCCCCC)CCCCCCCCCC)C(=O)/C2=C1/C(=O)N(CC(CCCCCCCC)CCCCCCCCCC)c2cc(*)ccc21,*c1cc2sc(*)cc2s1,IID-TBT,*c1ccc2c(c1)N(CC(CCCCCCCC)CCCCCCCCCC)C(=O)/C2=C1/C(=O)N(CC(CCCCCCCC)CCCCCCCCCC)c2cc(-c3cc4ccc5cc(*)sc5c4s3)ccc21,1,0.0,0,0.0,0.000135,-3.7,-5.55,*c1ccc2c(c1)N(CC(CCCCCCCC)CCCCCCCCCC)C(=O)/C2=C1/C(=O)N(CC(CCCCCCCC)CCCCCCCCCC)c2cc(*)ccc21,*c1cc2ccc3cc(*)sc3c2s1
10.1021/cm300117x,IIDDT-Me,*c1ccc2c(c1)N(CC(CCCCCCCC)CCCCCCCCCC)C(=O)/C2=C1/C(=O)N(CC(CCCCCCCC)CCCCCCCCCC)c2cc(-c3cc(C)c(-c4sc(*)cc4C)s3)ccc21,1,0.0,1,0.0,0.11,-3.78,-5.54,*c1ccc2c(c1)N(CC(CCCCCCCC)CCCCCCCCCC)C(=O)/C2=C1/C(=O)N(CC(CCCCCCCC)CCCCCCCCCC)c2cc(*)ccc21,*c1cc(C)c(-c2sc(*)cc2C)s1,IIDT,*c1ccc2c(c1)N(CC(CCCCCCCC)CCCCCCCCCC)C(=O)/C2=C1/C(=O)N(CC(CCCCCCCC)CCCCCCCCCC)c2cc(-c3ccc(*)s3)ccc21,1,0.0,0,0.0,0.019,-3.81,-5.8,*c1ccc2c(c1)N(CC(CCCCCCCC)CCCCCCCCCC)C(=O)/C2=C1/C(=O)N(CC(CCCCCCCC)CCCCCCCCCC)c2cc(*)ccc21,*c1ccc(*)s1
10.1021/cm300117x,IIDDT-Me,*c1ccc2c(c1)N(CC(CCCCCCCC)CCCCCCCCCC)C(=O)/C2=C1/C(=O)N(CC(CCCCCCCC)CCCCCCCCCC)c2cc(-c3cc(C)c(-c4sc(*)cc4C)s3)ccc21,1,0.0,1,0.0,0.11,-3.78,-5.54,*c1ccc2c(c1)N(CC(CCCCCCCC)CCCCCCCCCC)C(=O)/C2=C1/C(=O)N(CC(CCCCCCCC)CCCCCCCCCC)c2cc(*)ccc21,*c1cc(C)c(-c2sc(*)cc2C)s1,IID-T3,*c1ccc2c(c1)N(CC(CCCCCCCC)CCCCCCCCCC)C(=O)/C2=C1/C(=O)N(CC(CCCCCCCC)CCCCCCCCCC)c2cc(-c3ccc(-c4ccc(-c5ccc(*)s5)s4)s3)ccc21,1,0.0,0,0.0,0.061,-3.7,-5.48,*c1ccc2c(c1)N(CC(CCCCCCCC)CCCCCCCCCC)C(=O)/C2=C1/C(=O)N(CC(CCCCCCCC)CCCCCCCCCC)c2cc(*)ccc21,*c1ccc(-c2ccc(-c3ccc(*)s3)s2)s1
10.1021/cm300117x,IIDDT-Me,*c1ccc2c(c1)N(CC(CCCCCCCC)CCCCCCCCCC)C(=O)/C2=C1/C(=O)N(CC(CCCCCCCC)CCCCCCCCCC)c2cc(-c3cc(C)c(-c4sc(*)cc4C)s3)ccc21,1,0.0,1,0.0,0.11,-3.78,-5.54,*c1ccc2c(c1)N(CC(CCCCCCCC)CCCCCCCCCC)C(=O)/C2=C1/C(=O)N(CC(CCCCCCCC)CCCCCCCCCC)c2cc(*)ccc21,*c1cc(C)c(-c2sc(*)cc2C)s1,IID-TTT,*c1ccc2c(c1)N(CC(CCCCCCCC)CCCCCCCCCC)C(=O)/C2=C1/C(=O)N(CC(CCCCCCCC)CCCCCCCCCC)c2cc(-c3cc4sc5cc(*)sc5c4s3)ccc21,1,0.0,0,0.0,0.00103,-3.72,-5.44,*c1ccc2c(c1)N(CC(CCCCCCCC)CCCCCCCCCC)C(=O)/C2=C1/C(=O)N(CC(CCCCCCCC)CCCCCCCCCC)c2cc(*)ccc21,*c1cc2sc3cc(*)sc3c2s1
10.1021/cm300117x,IIDDT-Me,*c1ccc2c(c1)N(CC(CCCCCCCC)CCCCCCCCCC)C(=O)/C2=C1/C(=O)N(CC(CCCCCCCC)CCCCCCCCCC)c2cc(-c3cc(C)c(-c4sc(*)cc4C)s3)ccc21,1,0.0,1,0.0,0.11,-3.78,-5.54,*c1ccc2c(c1)N(CC(CCCCCCCC)CCCCCCCCCC)C(=O)/C2=C1/C(=O)N(CC(CCCCCCCC)CCCCCCCCCC)c2cc(*)ccc21,*c1cc(C)c(-c2sc(*)cc2C)s1,IID-TBT,*c1ccc2c(c1)N(CC(CCCCCCCC)CCCCCCCCCC)C(=O)/C2=C1/C(=O)N(CC(CCCCCCCC)CCCCCCCCCC)c2cc(-c3cc4ccc5cc(*)sc5c4s3)ccc21,1,0.0,0,0.0,0.000135,-3.7,-5.55,*c1ccc2c(c1)N(CC(CCCCCCCC)CCCCCCCCCC)C(=O)/C2=C1/C(=O)N(CC(CCCCCCCC)CCCCCCCCCC)c2cc(*)ccc21,*c1cc2ccc3cc(*)sc3c2s1
10.1021/cm300117x,IIDT,*c1ccc2c(c1)N(CC(CCCCCCCC)CCCCCCCCCC)C(=O)/C2=C1/C(=O)N(CC(CCCCCCCC)CCCCCCCCCC)c2cc(-c3ccc(*)s3)ccc21,1,0.0,0,0.0,0.019,-3.81,-5.8,*c1ccc2c(c1)N(CC(CCCCCCCC)CCCCCCCCCC)C(=O)/C2=C1/C(=O)N(CC(CCCCCCCC)CCCCCCCCCC)c2cc(*)ccc21,*c1ccc(*)s1,IID-T3,*c1ccc2c(c1)N(CC(CCCCCCCC)CCCCCCCCCC)C(=O)/C2=C1/C(=O)N(CC(CCCCCCCC)CCCCCCCCCC)c2cc(-c3ccc(-c4ccc(-c5ccc(*)s5)s4)s3)ccc21,1,0.0,0,0.0,0.061,-3.7,-5.48,*c1ccc2c(c1)N(CC(CCCCCCCC)CCCCCCCCCC)C(=O)/C2=C1/C(=O)N(CC(CCCCCCCC)CCCCCCCCCC)c2cc(*)ccc21,*c1ccc(-c2ccc(-c3ccc(*)s3)s2)s1
10.1021/cm300117x,IIDT,*c1ccc2c(c1)N(CC(CCCCCCCC)CCCCCCCCCC)C(=O)/C2=C1/C(=O)N(CC(CCCCCCCC)CCCCCCCCCC)c2cc(-c3ccc(*)s3)ccc21,1,0.0,0,0.0,0.019,-3.81,-5.8,*c1ccc2c(c1)N(CC(CCCCCCCC)CCCCCCCCCC)C(=O)/C2=C1/C(=O)N(CC(CCCCCCCC)CCCCCCCCCC)c2cc(*)ccc21,*c1ccc(*)s1,IID-TTT,*c1ccc2c(c1)N(CC(CCCCCCCC)CCCCCCCCCC)C(=O)/C2=C1/C(=O)N(CC(CCCCCCCC)CCCCCCCCCC)c2cc(-c3cc4sc5cc(*)sc5c4s3)ccc21,1,0.0,0,0.0,0.00103,-3.72,-5.44,*c1ccc2c(c1)N(CC(CCCCCCCC)CCCCCCCCCC)C(=O)/C2=C1/C(=O)N(CC(CCCCCCCC)CCCCCCCCCC)c2cc(*)ccc21,*c1cc2sc3cc(*)sc3c2s1
10.1021/cm300117x,IIDT,*c1ccc2c(c1)N(CC(CCCCCCCC)CCCCCCCCCC)C(=O)/C2=C1/C(=O)N(CC(CCCCCCCC)CCCCCCCCCC)c2cc(-c3ccc(*)s3)ccc21,1,0.0,0,0.0,0.019,-3.81,-5.8,*c1ccc2c(c1)N(CC(CCCCCCCC)CCCCCCCCCC)C(=O)/C2=C1/C(=O)N(CC(CCCCCCCC)CCCCCCCCCC)c2cc(*)ccc21,*c1ccc(*)s1,IID-TBT,*c1ccc2c(c1)N(CC(CCCCCCCC)CCCCCCCCCC)C(=O)/C2=C1/C(=O)N(CC(CCCCCCCC)CCCCCCCCCC)c2cc(-c3cc4ccc5cc(*)sc5c4s3)ccc21,1,0.0,0,0.0,0.000135,-3.7,-5.55,*c1ccc2c(c1)N(CC(CCCCCCCC)CCCCCCCCCC)C(=O)/C2=C1/C(=O)N(CC(CCCCCCCC)CCCCCCCCCC)c2cc(*)ccc21,*c1cc2ccc3cc(*)sc3c2s1
10.1021/cm300117x,IID-T3,*c1ccc2c(c1)N(CC(CCCCCCCC)CCCCCCCCCC)C(=O)/C2=C1/C(=O)N(CC(CCCCCCCC)CCCCCCCCCC)c2cc(-c3ccc(-c4ccc(-c5ccc(*)s5)s4)s3)ccc21,1,0.0,0,0.0,0.061,-3.7,-5.48,*c1ccc2c(c1)N(CC(CCCCCCCC)CCCCCCCCCC)C(=O)/C2=C1/C(=O)N(CC(CCCCCCCC)CCCCCCCCCC)c2cc(*)ccc21,*c1ccc(-c2ccc(-c3ccc(*)s3)s2)s1,IID-TTT,*c1ccc2c(c1)N(CC(CCCCCCCC)CCCCCCCCCC)C(=O)/C2=C1/C(=O)N(CC(CCCCCCCC)CCCCCCCCCC)c2cc(-c3cc4sc5cc(*)sc5c4s3)ccc21,1,0.0,0,0.0,0.00103,-3.72,-5.44,*c1ccc2c(c1)N(CC(CCCCCCCC)CCCCCCCCCC)C(=O)/C2=C1/C(=O)N(CC(CCCCCCCC)CCCCCCCCCC)c2cc(*)ccc21,*c1cc2sc3cc(*)sc3c2s1
10.1021/cm300117x,IID-T3,*c1ccc2c(c1)N(CC(CCCCCCCC)CCCCCCCCCC)C(=O)/C2=C1/C(=O)N(CC(CCCCCCCC)CCCCCCCCCC)c2cc(-c3ccc(-c4ccc(-c5ccc(*)s5)s4)s3)ccc21,1,0.0,0,0.0,0.061,-3.7,-5.48,*c1ccc2c(c1)N(CC(CCCCCCCC)CCCCCCCCCC)C(=O)/C2=C1/C(=O)N(CC(CCCCCCCC)CCCCCCCCCC)c2cc(*)ccc21,*c1ccc(-c2ccc(-c3ccc(*)s3)s2)s1,IID-TBT,*c1ccc2c(c1)N(CC(CCCCCCCC)CCCCCCCCCC)C(=O)/C2=C1/C(=O)N(CC(CCCCCCCC)CCCCCCCCCC)c2cc(-c3cc4ccc5cc(*)sc5c4s3)ccc21,1,0.0,0,0.0,0.000135,-3.7,-5.55,*c1ccc2c(c1)N(CC(CCCCCCCC)CCCCCCCCCC)C(=O)/C2=C1/C(=O)N(CC(CCCCCCCC)CCCCCCCCCC)c2cc(*)ccc21,*c1cc2ccc3cc(*)sc3c2s1
10.1021/cm300117x,IID-TTT,*c1ccc2c(c1)N(CC(CCCCCCCC)CCCCCCCCCC)C(=O)/C2=C1/C(=O)N(CC(CCCCCCCC)CCCCCCCCCC)c2cc(-c3cc4sc5cc(*)sc5c4s3)ccc21,1,0.0,0,0.0,0.00103,-3.72,-5.44,*c1ccc2c(c1)N(CC(CCCCCCCC)CCCCCCCCCC)C(=O)/C2=C1/C(=O)N(CC(CCCCCCCC)CCCCCCCCCC)c2cc(*)ccc21,*c1cc2sc3cc(*)sc3c2s1,IID-TBT,*c1ccc2c(c1)N(CC(CCCCCCCC)CCCCCCCCCC)C(=O)/C2=C1/C(=O)N(CC(CCCCCCCC)CCCCCCCCCC)c2cc(-c3cc4ccc5cc(*)sc5c4s3)ccc21,1,0.0,0,0.0,0.000135,-3.7,-5.55,*c1ccc2c(c1)N(CC(CCCCCCCC)CCCCCCCCCC)C(=O)/C2=C1/C(=O)N(CC(CCCCCCCC)CCCCCCCCCC)c2cc(*)ccc21,*c1cc2ccc3cc(*)sc3c2s1
10.1021/cm300514z,PQA2T,*c1ccc2c(c1)c(=O)c1cc3c(cc1n2CC(CCCCCCCCCC)CCCCCCCCCCCC)c(=O)c1cc(-c2ccc(-c4ccc(*)s4)s2)ccc1n3CC(CCCCCCCCCC)CCCCCCCCCCCC,1,0.0,1,0.0,0.27,-3.15,-5.2,*c1ccc(-c2ccc(*)s2)s1,*c1ccc2c(c1)c(=O)c1cc3c(cc1n2CC(CCCCCCCCCC)CCCCCCCCCCCC)c(=O)c1cc(*)ccc1n3CC(CCCCCCCCCC)CCCCCCCCCCCC,PQA3T,*c1ccc2c(c1)c(=O)c1cc3c(cc1n2CC(CCCCCCCCCC)CCCCCCCCCCCC)c(=O)c1cc(-c2ccc(-c4ccc(-c5ccc(*)s5)s4)s2)ccc1n3CC(CCCCCCCCCC)CCCCCCCCCCCC,1,0.0,0,0.0,0.24,-3.15,-5.2,*c1ccc(-c2ccc(-c3ccc(*)s3)s2)s1,*c1ccc2c(c1)c(=O)c1cc3c(cc1n2CC(CCCCCCCCCC)CCCCCCCCCCCC)c(=O)c1cc(*)ccc1n3CC(CCCCCCCCCC)CCCCCCCCCCCC
10.1021/cm301910t,IDT-DTBT,*c1ccc(-c2ccc(-c3ccc(-c4cc5c(s4)-c4cc6c(cc4C5(CC(CC)CCCC)CC(CC)CCCC)-c4sc(*)cc4C6(CC(CC)CCCC)CC(CC)CCCC)s3)c3nsnc23)s1,1,0.0,0,0.0,0.22,-3.61,-5.36,*c1cc2c(s1)-c1cc3c(cc1C2(CC(CC)CCCC)CC(CC)CCCC)-c1sc(*)cc1C3(CC(CC)CCCC)CC(CC)CCCC,*c1ccc(-c2ccc(-c3ccc(*)s3)c3nsnc23)s1,IDT-2FDTBT,*c1ccc(-c2c(F)c(F)c(-c3ccc(-c4cc5c(s4)-c4cc6c(cc4C5(CC(CC)CCCC)CC(CC)CCCC)-c4sc(*)cc4C6(CC(CC)CCCC)CC(CC)CCCC)s3)c3nsnc23)s1,1,0.0,0,0.0,0.065,-3.68,-5.46,*c1cc2c(s1)-c1cc3c(cc1C2(CC(CC)CCCC)CC(CC)CCCC)-c1sc(*)cc1C3(CC(CC)CCCC)CC(CC)CCCC,*c1ccc(-c2c(F)c(F)c(-c3ccc(*)s3)c3nsnc23)s1
10.1021/cm401130n,P(NDI2OD-T2),*c1ccc(-c2ccc(-c3cc4c5c(c(*)cc6c5c3C(=O)N(CC(CCCCCCCC)CCCCCCCCCC)C6=O)C(=O)N(CC(CCCCCCCC)CCCCCCCCCC)C4=O)s2)s1,1,0.0,1,0.4,0.0,-3.96,-5.82,*c1ccc(-c2ccc(*)s2)s1,*c1cc2c3c(c(*)cc4c3c1C(=O)N(CC(CCCCCCCC)CCCCCCCCCC)C4=O)C(=O)N(CC(CCCCCCCC)CCCCCCCCCC)C2=O,PNDI-TVT (PNVT-8),*c1ccc(/C=C/c2ccc(-c3cc4c5c(c(*)cc6c5c3C(=O)N(CC(CCCCCCCC)CCCCCCCCCC)C6=O)C(=O)N(CC(CCCCCCCC)CCCCCCCCCC)C4=O)s2)s1,1,0.0,1,1.57,0.3,-3.93,-5.61,*c1ccc(/C=C/c2ccc(*)s2)s1,*c1cc2c3c(c(*)cc4c3c1C(=O)N(CC(CCCCCCCC)CCCCCCCCCC)C4=O)C(=O)N(CC(CCCCCCCC)CCCCCCCCCC)C2=O
10.1021/cm401130n,P(NDI2OD-T2),*c1ccc(-c2ccc(-c3cc4c5c(c(*)cc6c5c3C(=O)N(CC(CCCCCCCC)CCCCCCCCCC)C6=O)C(=O)N(CC(CCCCCCCC)CCCCCCCCCC)C4=O)s2)s1,1,0.0,1,0.4,0.0,-3.96,-5.82,*c1ccc(-c2ccc(*)s2)s1,*c1cc2c3c(c(*)cc4c3c1C(=O)N(CC(CCCCCCCC)CCCCCCCCCC)C4=O)C(=O)N(CC(CCCCCCCC)CCCCCCCCCC)C2=O,PNDI-TVT (PNVT-10),*c1ccc(/C=C/c2ccc(-c3cc4c5c(c(*)cc6c5c3C(=O)N(CC(CCCCCCCCCC)CCCCCCCCCCCC)C6=O)C(=O)N(CC(CCCCCCCCCC)CCCCCCCCCCCC)C4=O)s2)s1,1,0.0,1,1.57,0.3,-3.9,-5.62,*c1ccc(/C=C/c2ccc(*)s2)s1,*c1cc2c3c(c(*)cc4c3c1C(=O)N(CC(CCCCCCCCCC)CCCCCCCCCCCC)C4=O)C(=O)N(CC(CCCCCCCCCC)CCCCCCCCCCCC)C2=O
10.1021/cm401130n,PNDI-TVT (PNVT-8),*c1ccc(/C=C/c2ccc(-c3cc4c5c(c(*)cc6c5c3C(=O)N(CC(CCCCCCCC)CCCCCCCCCC)C6=O)C(=O)N(CC(CCCCCCCC)CCCCCCCCCC)C4=O)s2)s1,1,0.0,1,1.57,0.3,-3.93,-5.61,*c1ccc(/C=C/c2ccc(*)s2)s1,*c1cc2c3c(c(*)cc4c3c1C(=O)N(CC(CCCCCCCC)CCCCCCCCCC)C4=O)C(=O)N(CC(CCCCCCCC)CCCCCCCCCC)C2=O,PNDI-TVT (PNVT-10),*c1ccc(/C=C/c2ccc(-c3cc4c5c(c(*)cc6c5c3C(=O)N(CC(CCCCCCCCCC)CCCCCCCCCCCC)C6=O)C(=O)N(CC(CCCCCCCCCC)CCCCCCCCCCCC)C4=O)s2)s1,1,0.0,1,1.57,0.3,-3.9,-5.62,*c1ccc(/C=C/c2ccc(*)s2)s1,*c1cc2c3c(c(*)cc4c3c1C(=O)N(CC(CCCCCCCCCC)CCCCCCCCCCCC)C4=O)C(=O)N(CC(CCCCCCCCCC)CCCCCCCCCCCC)C2=O
10.1021/cm401829x,PNDI-Bz,*c1ccc(-c2cc3c4c(c(*)cc5c4c2C(=O)N(CC(CCCCCCCC)CCCCCCCCCC)C5=O)C(=O)N(CC(CCCCCCCC)CCCCCCCCCC)C3=O)cc1,1,0.0,1,0.008,0.0,-3.74,-6.1,*c1ccc(*)cc1,*c1cc2c3c(c(*)cc4c3c1C(=O)N(CC(CCCCCCCC)CCCCCCCCCC)C4=O)C(=O)N(CC(CCCCCCCC)CCCCCCCCCC)C2=O,PNDI-Np,*c1ccc2cc(-c3cc4c5c(c(*)cc6c5c3C(=O)N(CC(CCCCCCCC)CCCCCCCCCC)C6=O)C(=O)N(CC(CCCCCCCC)CCCCCCCCCC)C4=O)ccc2c1,1,0.0,1,0.056,0.0,-3.78,-5.89,*c1ccc2cc(*)ccc2c1,*c1cc2c3c(c(*)cc4c3c1C(=O)N(CC(CCCCCCCC)CCCCCCCCCC)C4=O)C(=O)N(CC(CCCCCCCC)CCCCCCCCCC)C2=O
10.1021/cm401829x,PNDI-Bz,*c1ccc(-c2cc3c4c(c(*)cc5c4c2C(=O)N(CC(CCCCCCCC)CCCCCCCCCC)C5=O)C(=O)N(CC(CCCCCCCC)CCCCCCCCCC)C3=O)cc1,1,0.0,1,0.008,0.0,-3.74,-6.1,*c1ccc(*)cc1,*c1cc2c3c(c(*)cc4c3c1C(=O)N(CC(CCCCCCCC)CCCCCCCCCC)C4=O)C(=O)N(CC(CCCCCCCC)CCCCCCCCCC)C2=O,PNDI-Py,*c1cc2ccc3cc(-c4cc5c6c(c(*)cc7c6c4C(=O)N(CC(CCCCCCCC)CCCCCCCCCC)C7=O)C(=O)N(CC(CCCCCCCC)CCCCCCCCCC)C5=O)cc4ccc(c1)c2c34,1,0.0,1,0.0075,0.00015,-3.78,-5.73,*c1cc2ccc3cc(*)cc4ccc(c1)c2c34,*c1cc2c3c(c(*)cc4c3c1C(=O)N(CC(CCCCCCCC)CCCCCCCCCC)C4=O)C(=O)N(CC(CCCCCCCC)CCCCCCCCCC)C2=O
10.1021/cm401829x,PNDI-Bz,*c1ccc(-c2cc3c4c(c(*)cc5c4c2C(=O)N(CC(CCCCCCCC)CCCCCCCCCC)C5=O)C(=O)N(CC(CCCCCCCC)CCCCCCCCCC)C3=O)cc1,1,0.0,1,0.008,0.0,-3.74,-6.1,*c1ccc(*)cc1,*c1cc2c3c(c(*)cc4c3c1C(=O)N(CC(CCCCCCCC)CCCCCCCCCC)C4=O)C(=O)N(CC(CCCCCCCC)CCCCCCCCCC)C2=O,PNDI-Se,*c1ccc(-c2cc3c4c(c(*)cc5c4c2C(=O)N(CC(CCCCCCCC)CCCCCCCCCC)C5=O)C(=O)N(CC(CCCCCCCC)CCCCCCCCCC)C3=O)[se]1,1,0.0,0,0.013,6.5e-06,-3.73,-5.52,*c1ccc(*)[se]1,*c1cc2c3c(c(*)cc4c3c1C(=O)N(CC(CCCCCCCC)CCCCCCCCCC)C4=O)C(=O)N(CC(CCCCCCCC)CCCCCCCCCC)C2=O
10.1021/cm401829x,PNDI-Bz,*c1ccc(-c2cc3c4c(c(*)cc5c4c2C(=O)N(CC(CCCCCCCC)CCCCCCCCCC)C5=O)C(=O)N(CC(CCCCCCCC)CCCCCCCCCC)C3=O)cc1,1,0.0,1,0.008,0.0,-3.74,-6.1,*c1ccc(*)cc1,*c1cc2c3c(c(*)cc4c3c1C(=O)N(CC(CCCCCCCC)CCCCCCCCCC)C4=O)C(=O)N(CC(CCCCCCCC)CCCCCCCCCC)C2=O,PNDI-Th ,*c1ccc(-c2cc3c4c(c(*)cc5c4c2C(=O)N(CC(CCCCCCCC)CCCCCCCCCC)C5=O)C(=O)N(CC(CCCCCCCC)CCCCCCCCCC)C3=O)s1,1,0.0,0,0.032,0.00012,-3.82,-5.65,*c1ccc(*)s1,*c1cc2c3c(c(*)cc4c3c1C(=O)N(CC(CCCCCCCC)CCCCCCCCCC)C4=O)C(=O)N(CC(CCCCCCCC)CCCCCCCCCC)C2=O
10.1021/cm401829x,PNDI-Np,*c1ccc2cc(-c3cc4c5c(c(*)cc6c5c3C(=O)N(CC(CCCCCCCC)CCCCCCCCCC)C6=O)C(=O)N(CC(CCCCCCCC)CCCCCCCCCC)C4=O)ccc2c1,1,0.0,1,0.056,0.0,-3.78,-5.89,*c1ccc2cc(*)ccc2c1,*c1cc2c3c(c(*)cc4c3c1C(=O)N(CC(CCCCCCCC)CCCCCCCCCC)C4=O)C(=O)N(CC(CCCCCCCC)CCCCCCCCCC)C2=O,PNDI-Py,*c1cc2ccc3cc(-c4cc5c6c(c(*)cc7c6c4C(=O)N(CC(CCCCCCCC)CCCCCCCCCC)C7=O)C(=O)N(CC(CCCCCCCC)CCCCCCCCCC)C5=O)cc4ccc(c1)c2c34,1,0.0,1,0.0075,0.00015,-3.78,-5.73,*c1cc2ccc3cc(*)cc4ccc(c1)c2c34,*c1cc2c3c(c(*)cc4c3c1C(=O)N(CC(CCCCCCCC)CCCCCCCCCC)C4=O)C(=O)N(CC(CCCCCCCC)CCCCCCCCCC)C2=O
10.1021/cm401829x,PNDI-Np,*c1ccc2cc(-c3cc4c5c(c(*)cc6c5c3C(=O)N(CC(CCCCCCCC)CCCCCCCCCC)C6=O)C(=O)N(CC(CCCCCCCC)CCCCCCCCCC)C4=O)ccc2c1,1,0.0,1,0.056,0.0,-3.78,-5.89,*c1ccc2cc(*)ccc2c1,*c1cc2c3c(c(*)cc4c3c1C(=O)N(CC(CCCCCCCC)CCCCCCCCCC)C4=O)C(=O)N(CC(CCCCCCCC)CCCCCCCCCC)C2=O,PNDI-Se,*c1ccc(-c2cc3c4c(c(*)cc5c4c2C(=O)N(CC(CCCCCCCC)CCCCCCCCCC)C5=O)C(=O)N(CC(CCCCCCCC)CCCCCCCCCC)C3=O)[se]1,1,0.0,0,0.013,6.5e-06,-3.73,-5.52,*c1ccc(*)[se]1,*c1cc2c3c(c(*)cc4c3c1C(=O)N(CC(CCCCCCCC)CCCCCCCCCC)C4=O)C(=O)N(CC(CCCCCCCC)CCCCCCCCCC)C2=O
10.1021/cm401829x,PNDI-Np,*c1ccc2cc(-c3cc4c5c(c(*)cc6c5c3C(=O)N(CC(CCCCCCCC)CCCCCCCCCC)C6=O)C(=O)N(CC(CCCCCCCC)CCCCCCCCCC)C4=O)ccc2c1,1,0.0,1,0.056,0.0,-3.78,-5.89,*c1ccc2cc(*)ccc2c1,*c1cc2c3c(c(*)cc4c3c1C(=O)N(CC(CCCCCCCC)CCCCCCCCCC)C4=O)C(=O)N(CC(CCCCCCCC)CCCCCCCCCC)C2=O,PNDI-Th ,*c1ccc(-c2cc3c4c(c(*)cc5c4c2C(=O)N(CC(CCCCCCCC)CCCCCCCCCC)C5=O)C(=O)N(CC(CCCCCCCC)CCCCCCCCCC)C3=O)s1,1,0.0,0,0.032,0.00012,-3.82,-5.65,*c1ccc(*)s1,*c1cc2c3c(c(*)cc4c3c1C(=O)N(CC(CCCCCCCC)CCCCCCCCCC)C4=O)C(=O)N(CC(CCCCCCCC)CCCCCCCCCC)C2=O
10.1021/cm401829x,PNDI-Py,*c1cc2ccc3cc(-c4cc5c6c(c(*)cc7c6c4C(=O)N(CC(CCCCCCCC)CCCCCCCCCC)C7=O)C(=O)N(CC(CCCCCCCC)CCCCCCCCCC)C5=O)cc4ccc(c1)c2c34,1,0.0,1,0.0075,0.00015,-3.78,-5.73,*c1cc2ccc3cc(*)cc4ccc(c1)c2c34,*c1cc2c3c(c(*)cc4c3c1C(=O)N(CC(CCCCCCCC)CCCCCCCCCC)C4=O)C(=O)N(CC(CCCCCCCC)CCCCCCCCCC)C2=O,PNDI-Se,*c1ccc(-c2cc3c4c(c(*)cc5c4c2C(=O)N(CC(CCCCCCCC)CCCCCCCCCC)C5=O)C(=O)N(CC(CCCCCCCC)CCCCCCCCCC)C3=O)[se]1,1,0.0,0,0.013,6.5e-06,-3.73,-5.52,*c1ccc(*)[se]1,*c1cc2c3c(c(*)cc4c3c1C(=O)N(CC(CCCCCCCC)CCCCCCCCCC)C4=O)C(=O)N(CC(CCCCCCCC)CCCCCCCCCC)C2=O
10.1021/cm401829x,PNDI-Py,*c1cc2ccc3cc(-c4cc5c6c(c(*)cc7c6c4C(=O)N(CC(CCCCCCCC)CCCCCCCCCC)C7=O)C(=O)N(CC(CCCCCCCC)CCCCCCCCCC)C5=O)cc4ccc(c1)c2c34,1,0.0,1,0.0075,0.00015,-3.78,-5.73,*c1cc2ccc3cc(*)cc4ccc(c1)c2c34,*c1cc2c3c(c(*)cc4c3c1C(=O)N(CC(CCCCCCCC)CCCCCCCCCC)C4=O)C(=O)N(CC(CCCCCCCC)CCCCCCCCCC)C2=O,PNDI-Th ,*c1ccc(-c2cc3c4c(c(*)cc5c4c2C(=O)N(CC(CCCCCCCC)CCCCCCCCCC)C5=O)C(=O)N(CC(CCCCCCCC)CCCCCCCCCC)C3=O)s1,1,0.0,0,0.032,0.00012,-3.82,-5.65,*c1ccc(*)s1,*c1cc2c3c(c(*)cc4c3c1C(=O)N(CC(CCCCCCCC)CCCCCCCCCC)C4=O)C(=O)N(CC(CCCCCCCC)CCCCCCCCCC)C2=O
10.1021/cm401829x,PNDI-Se,*c1ccc(-c2cc3c4c(c(*)cc5c4c2C(=O)N(CC(CCCCCCCC)CCCCCCCCCC)C5=O)C(=O)N(CC(CCCCCCCC)CCCCCCCCCC)C3=O)[se]1,1,0.0,0,0.013,6.5e-06,-3.73,-5.52,*c1ccc(*)[se]1,*c1cc2c3c(c(*)cc4c3c1C(=O)N(CC(CCCCCCCC)CCCCCCCCCC)C4=O)C(=O)N(CC(CCCCCCCC)CCCCCCCCCC)C2=O,PNDI-Th ,*c1ccc(-c2cc3c4c(c(*)cc5c4c2C(=O)N(CC(CCCCCCCC)CCCCCCCCCC)C5=O)C(=O)N(CC(CCCCCCCC)CCCCCCCCCC)C3=O)s1,1,0.0,0,0.032,0.00012,-3.82,-5.65,*c1ccc(*)s1,*c1cc2c3c(c(*)cc4c3c1C(=O)N(CC(CCCCCCCC)CCCCCCCCCC)C4=O)C(=O)N(CC(CCCCCCCC)CCCCCCCCCC)C2=O
10.1021/cm402489a,PII2T-OD,*c1ccc2c(c1)N(CC(CCCCCCCC)CCCCCCCCCC)C(=O)/C2=C1/C(=O)N(CC(CCCCCCCC)CCCCCCCCCC)c2cc(-c3ccc(-c4ccc(*)s4)s3)ccc21,1,0.0,1,0.0,0.93,-3.98,-5.89,*c1ccc2c(c1)N(CC(CCCCCCCC)CCCCCCCCCC)C(=O)/C2=C1/C(=O)N(CC(CCCCCCCC)CCCCCCCCCC)c2cc(*)ccc21,*c1ccc(-c2ccc(*)s2)s1,PTBII2T-OD,*c1ccc2c(c1)N(CC(CCCCCCCC)CCCCCCCCCC)C(=O)/C2=C1/C(=O)N(CC(CCCCCCCC)CCCCCCCCCC)c2cc(-c3ccc(-c4ccc(*)s4)s3)sc21,1,0.0,0,0.0,0.088,-3.84,-5.54,*c1ccc2c(c1)N(CC(CCCCCCCC)CCCCCCCCCC)C(=O)/C2=C1/C(=O)N(CC(CCCCCCCC)CCCCCCCCCC)c2cc(*)sc21,*c1ccc(-c2ccc(*)s2)s1
10.1021/cm402489a,PII2T-OD,*c1ccc2c(c1)N(CC(CCCCCCCC)CCCCCCCCCC)C(=O)/C2=C1/C(=O)N(CC(CCCCCCCC)CCCCCCCCCC)c2cc(-c3ccc(-c4ccc(*)s4)s3)ccc21,1,0.0,1,0.0,0.93,-3.98,-5.89,*c1ccc2c(c1)N(CC(CCCCCCCC)CCCCCCCCCC)C(=O)/C2=C1/C(=O)N(CC(CCCCCCCC)CCCCCCCCCC)c2cc(*)ccc21,*c1ccc(-c2ccc(*)s2)s1,PTII2T-OD,*c1ccc(-c2ccc(-c3cc4c(s3)/C(=C3\C(=O)N(CC(CCCCCCCC)CCCCCCCCCC)c5cc(*)sc53)C(=O)N4CC(CCCCCCCC)CCCCCCCCCC)s2)s1,1,0.0,1,0.0,0.43,-3.78,-5.22,*c1cc2c(s1)/C(=C1\C(=O)N(CC(CCCCCCCC)CCCCCCCCCC)c3cc(*)sc31)C(=O)N2CC(CCCCCCCC)CCCCCCCCCC,*c1ccc(-c2ccc(*)s2)s1
10.1021/cm402489a,PII2T-OD,*c1ccc2c(c1)N(CC(CCCCCCCC)CCCCCCCCCC)C(=O)/C2=C1/C(=O)N(CC(CCCCCCCC)CCCCCCCCCC)c2cc(-c3ccc(-c4ccc(*)s4)s3)ccc21,1,0.0,1,0.0,0.93,-3.98,-5.89,*c1ccc2c(c1)N(CC(CCCCCCCC)CCCCCCCCCC)C(=O)/C2=C1/C(=O)N(CC(CCCCCCCC)CCCCCCCCCC)c2cc(*)ccc21,*c1ccc(-c2ccc(*)s2)s1,PII3T-OD,*c1ccc2c(c1)N(CC(CCCCCCCC)CCCCCCCCCC)C(=O)/C2=C1/C(=O)N(CC(CCCCCCCC)CCCCCCCCCC)c2cc(-c3ccc(-c4ccc(-c5ccc(*)s5)s4)s3)ccc21,1,0.0,1,0.0,0.038,-3.82,-5.65,*c1ccc2c(c1)N(CC(CCCCCCCC)CCCCCCCCCC)C(=O)/C2=C1/C(=O)N(CC(CCCCCCCC)CCCCCCCCCC)c2cc(*)ccc21,*c1ccc(-c2ccc(-c3ccc(*)s3)s2)s1
10.1021/cm402489a,PII2T-OD,*c1ccc2c(c1)N(CC(CCCCCCCC)CCCCCCCCCC)C(=O)/C2=C1/C(=O)N(CC(CCCCCCCC)CCCCCCCCCC)c2cc(-c3ccc(-c4ccc(*)s4)s3)ccc21,1,0.0,1,0.0,0.93,-3.98,-5.89,*c1ccc2c(c1)N(CC(CCCCCCCC)CCCCCCCCCC)C(=O)/C2=C1/C(=O)N(CC(CCCCCCCC)CCCCCCCCCC)c2cc(*)ccc21,*c1ccc(-c2ccc(*)s2)s1,PTBII3T-OD,*c1ccc2c(c1)N(CC(CCCCCCCC)CCCCCCCCCC)C(=O)/C2=C1/C(=O)N(CC(CCCCCCCC)CCCCCCCCCC)c2cc(-c3ccc(-c4ccc(-c5ccc(*)s5)s4)s3)sc21,1,0.0,0,0.0,0.18,-3.72,-5.3,*c1ccc2c(c1)N(CC(CCCCCCCC)CCCCCCCCCC)C(=O)/C2=C1/C(=O)N(CC(CCCCCCCC)CCCCCCCCCC)c2cc(*)sc21,*c1ccc(-c2ccc(-c3ccc(*)s3)s2)s1
10.1021/cm402489a,PII2T-OD,*c1ccc2c(c1)N(CC(CCCCCCCC)CCCCCCCCCC)C(=O)/C2=C1/C(=O)N(CC(CCCCCCCC)CCCCCCCCCC)c2cc(-c3ccc(-c4ccc(*)s4)s3)ccc21,1,0.0,1,0.0,0.93,-3.98,-5.89,*c1ccc2c(c1)N(CC(CCCCCCCC)CCCCCCCCCC)C(=O)/C2=C1/C(=O)N(CC(CCCCCCCC)CCCCCCCCCC)c2cc(*)ccc21,*c1ccc(-c2ccc(*)s2)s1,PTII3T-OD ,*c1ccc(-c2ccc(-c3ccc(-c4cc5c(s4)/C(=C4\C(=O)N(CC(CCCCCCCC)CCCCCCCCCC)c6cc(*)sc64)C(=O)N5CC(CCCCCCCC)CCCCCCCCCC)s3)s2)s1,1,0.0,1,0.0,0.13,-3.77,-5.06,*c1cc2c(s1)/C(=C1\C(=O)N(CC(CCCCCCCC)CCCCCCCCCC)c3cc(*)sc31)C(=O)N2CC(CCCCCCCC)CCCCCCCCCC,*c1ccc(-c2ccc(-c3ccc(*)s3)s2)s1
10.1021/cm402489a,PTBII2T-OD,*c1ccc2c(c1)N(CC(CCCCCCCC)CCCCCCCCCC)C(=O)/C2=C1/C(=O)N(CC(CCCCCCCC)CCCCCCCCCC)c2cc(-c3ccc(-c4ccc(*)s4)s3)sc21,1,0.0,0,0.0,0.088,-3.84,-5.54,*c1ccc2c(c1)N(CC(CCCCCCCC)CCCCCCCCCC)C(=O)/C2=C1/C(=O)N(CC(CCCCCCCC)CCCCCCCCCC)c2cc(*)sc21,*c1ccc(-c2ccc(*)s2)s1,PTII2T-OD,*c1ccc(-c2ccc(-c3cc4c(s3)/C(=C3\C(=O)N(CC(CCCCCCCC)CCCCCCCCCC)c5cc(*)sc53)C(=O)N4CC(CCCCCCCC)CCCCCCCCCC)s2)s1,1,0.0,1,0.0,0.43,-3.78,-5.22,*c1cc2c(s1)/C(=C1\C(=O)N(CC(CCCCCCCC)CCCCCCCCCC)c3cc(*)sc31)C(=O)N2CC(CCCCCCCC)CCCCCCCCCC,*c1ccc(-c2ccc(*)s2)s1
10.1021/cm402489a,PTBII2T-OD,*c1ccc2c(c1)N(CC(CCCCCCCC)CCCCCCCCCC)C(=O)/C2=C1/C(=O)N(CC(CCCCCCCC)CCCCCCCCCC)c2cc(-c3ccc(-c4ccc(*)s4)s3)sc21,1,0.0,0,0.0,0.088,-3.84,-5.54,*c1ccc2c(c1)N(CC(CCCCCCCC)CCCCCCCCCC)C(=O)/C2=C1/C(=O)N(CC(CCCCCCCC)CCCCCCCCCC)c2cc(*)sc21,*c1ccc(-c2ccc(*)s2)s1,PII3T-OD,*c1ccc2c(c1)N(CC(CCCCCCCC)CCCCCCCCCC)C(=O)/C2=C1/C(=O)N(CC(CCCCCCCC)CCCCCCCCCC)c2cc(-c3ccc(-c4ccc(-c5ccc(*)s5)s4)s3)ccc21,1,0.0,1,0.0,0.038,-3.82,-5.65,*c1ccc2c(c1)N(CC(CCCCCCCC)CCCCCCCCCC)C(=O)/C2=C1/C(=O)N(CC(CCCCCCCC)CCCCCCCCCC)c2cc(*)ccc21,*c1ccc(-c2ccc(-c3ccc(*)s3)s2)s1
10.1021/cm402489a,PTBII2T-OD,*c1ccc2c(c1)N(CC(CCCCCCCC)CCCCCCCCCC)C(=O)/C2=C1/C(=O)N(CC(CCCCCCCC)CCCCCCCCCC)c2cc(-c3ccc(-c4ccc(*)s4)s3)sc21,1,0.0,0,0.0,0.088,-3.84,-5.54,*c1ccc2c(c1)N(CC(CCCCCCCC)CCCCCCCCCC)C(=O)/C2=C1/C(=O)N(CC(CCCCCCCC)CCCCCCCCCC)c2cc(*)sc21,*c1ccc(-c2ccc(*)s2)s1,PTBII3T-OD,*c1ccc2c(c1)N(CC(CCCCCCCC)CCCCCCCCCC)C(=O)/C2=C1/C(=O)N(CC(CCCCCCCC)CCCCCCCCCC)c2cc(-c3ccc(-c4ccc(-c5ccc(*)s5)s4)s3)sc21,1,0.0,0,0.0,0.18,-3.72,-5.3,*c1ccc2c(c1)N(CC(CCCCCCCC)CCCCCCCCCC)C(=O)/C2=C1/C(=O)N(CC(CCCCCCCC)CCCCCCCCCC)c2cc(*)sc21,*c1ccc(-c2ccc(-c3ccc(*)s3)s2)s1
10.1021/cm402489a,PTBII2T-OD,*c1ccc2c(c1)N(CC(CCCCCCCC)CCCCCCCCCC)C(=O)/C2=C1/C(=O)N(CC(CCCCCCCC)CCCCCCCCCC)c2cc(-c3ccc(-c4ccc(*)s4)s3)sc21,1,0.0,0,0.0,0.088,-3.84,-5.54,*c1ccc2c(c1)N(CC(CCCCCCCC)CCCCCCCCCC)C(=O)/C2=C1/C(=O)N(CC(CCCCCCCC)CCCCCCCCCC)c2cc(*)sc21,*c1ccc(-c2ccc(*)s2)s1,PTII3T-OD ,*c1ccc(-c2ccc(-c3ccc(-c4cc5c(s4)/C(=C4\C(=O)N(CC(CCCCCCCC)CCCCCCCCCC)c6cc(*)sc64)C(=O)N5CC(CCCCCCCC)CCCCCCCCCC)s3)s2)s1,1,0.0,1,0.0,0.13,-3.77,-5.06,*c1cc2c(s1)/C(=C1\C(=O)N(CC(CCCCCCCC)CCCCCCCCCC)c3cc(*)sc31)C(=O)N2CC(CCCCCCCC)CCCCCCCCCC,*c1ccc(-c2ccc(-c3ccc(*)s3)s2)s1
10.1021/cm402489a,PTII2T-OD,*c1ccc(-c2ccc(-c3cc4c(s3)/C(=C3\C(=O)N(CC(CCCCCCCC)CCCCCCCCCC)c5cc(*)sc53)C(=O)N4CC(CCCCCCCC)CCCCCCCCCC)s2)s1,1,0.0,1,0.0,0.43,-3.78,-5.22,*c1cc2c(s1)/C(=C1\C(=O)N(CC(CCCCCCCC)CCCCCCCCCC)c3cc(*)sc31)C(=O)N2CC(CCCCCCCC)CCCCCCCCCC,*c1ccc(-c2ccc(*)s2)s1,PII3T-OD,*c1ccc2c(c1)N(CC(CCCCCCCC)CCCCCCCCCC)C(=O)/C2=C1/C(=O)N(CC(CCCCCCCC)CCCCCCCCCC)c2cc(-c3ccc(-c4ccc(-c5ccc(*)s5)s4)s3)ccc21,1,0.0,1,0.0,0.038,-3.82,-5.65,*c1ccc2c(c1)N(CC(CCCCCCCC)CCCCCCCCCC)C(=O)/C2=C1/C(=O)N(CC(CCCCCCCC)CCCCCCCCCC)c2cc(*)ccc21,*c1ccc(-c2ccc(-c3ccc(*)s3)s2)s1
10.1021/cm402489a,PTII2T-OD,*c1ccc(-c2ccc(-c3cc4c(s3)/C(=C3\C(=O)N(CC(CCCCCCCC)CCCCCCCCCC)c5cc(*)sc53)C(=O)N4CC(CCCCCCCC)CCCCCCCCCC)s2)s1,1,0.0,1,0.0,0.43,-3.78,-5.22,*c1cc2c(s1)/C(=C1\C(=O)N(CC(CCCCCCCC)CCCCCCCCCC)c3cc(*)sc31)C(=O)N2CC(CCCCCCCC)CCCCCCCCCC,*c1ccc(-c2ccc(*)s2)s1,PTBII3T-OD,*c1ccc2c(c1)N(CC(CCCCCCCC)CCCCCCCCCC)C(=O)/C2=C1/C(=O)N(CC(CCCCCCCC)CCCCCCCCCC)c2cc(-c3ccc(-c4ccc(-c5ccc(*)s5)s4)s3)sc21,1,0.0,0,0.0,0.18,-3.72,-5.3,*c1ccc2c(c1)N(CC(CCCCCCCC)CCCCCCCCCC)C(=O)/C2=C1/C(=O)N(CC(CCCCCCCC)CCCCCCCCCC)c2cc(*)sc21,*c1ccc(-c2ccc(-c3ccc(*)s3)s2)s1
10.1021/cm402489a,PTII2T-OD,*c1ccc(-c2ccc(-c3cc4c(s3)/C(=C3\C(=O)N(CC(CCCCCCCC)CCCCCCCCCC)c5cc(*)sc53)C(=O)N4CC(CCCCCCCC)CCCCCCCCCC)s2)s1,1,0.0,1,0.0,0.43,-3.78,-5.22,*c1cc2c(s1)/C(=C1\C(=O)N(CC(CCCCCCCC)CCCCCCCCCC)c3cc(*)sc31)C(=O)N2CC(CCCCCCCC)CCCCCCCCCC,*c1ccc(-c2ccc(*)s2)s1,PTII3T-OD ,*c1ccc(-c2ccc(-c3ccc(-c4cc5c(s4)/C(=C4\C(=O)N(CC(CCCCCCCC)CCCCCCCCCC)c6cc(*)sc64)C(=O)N5CC(CCCCCCCC)CCCCCCCCCC)s3)s2)s1,1,0.0,1,0.0,0.13,-3.77,-5.06,*c1cc2c(s1)/C(=C1\C(=O)N(CC(CCCCCCCC)CCCCCCCCCC)c3cc(*)sc31)C(=O)N2CC(CCCCCCCC)CCCCCCCCCC,*c1ccc(-c2ccc(-c3ccc(*)s3)s2)s1
10.1021/cm402489a,PII3T-OD,*c1ccc2c(c1)N(CC(CCCCCCCC)CCCCCCCCCC)C(=O)/C2=C1/C(=O)N(CC(CCCCCCCC)CCCCCCCCCC)c2cc(-c3ccc(-c4ccc(-c5ccc(*)s5)s4)s3)ccc21,1,0.0,1,0.0,0.038,-3.82,-5.65,*c1ccc2c(c1)N(CC(CCCCCCCC)CCCCCCCCCC)C(=O)/C2=C1/C(=O)N(CC(CCCCCCCC)CCCCCCCCCC)c2cc(*)ccc21,*c1ccc(-c2ccc(-c3ccc(*)s3)s2)s1,PTBII3T-OD,*c1ccc2c(c1)N(CC(CCCCCCCC)CCCCCCCCCC)C(=O)/C2=C1/C(=O)N(CC(CCCCCCCC)CCCCCCCCCC)c2cc(-c3ccc(-c4ccc(-c5ccc(*)s5)s4)s3)sc21,1,0.0,0,0.0,0.18,-3.72,-5.3,*c1ccc2c(c1)N(CC(CCCCCCCC)CCCCCCCCCC)C(=O)/C2=C1/C(=O)N(CC(CCCCCCCC)CCCCCCCCCC)c2cc(*)sc21,*c1ccc(-c2ccc(-c3ccc(*)s3)s2)s1
10.1021/cm402489a,PII3T-OD,*c1ccc2c(c1)N(CC(CCCCCCCC)CCCCCCCCCC)C(=O)/C2=C1/C(=O)N(CC(CCCCCCCC)CCCCCCCCCC)c2cc(-c3ccc(-c4ccc(-c5ccc(*)s5)s4)s3)ccc21,1,0.0,1,0.0,0.038,-3.82,-5.65,*c1ccc2c(c1)N(CC(CCCCCCCC)CCCCCCCCCC)C(=O)/C2=C1/C(=O)N(CC(CCCCCCCC)CCCCCCCCCC)c2cc(*)ccc21,*c1ccc(-c2ccc(-c3ccc(*)s3)s2)s1,PTII3T-OD ,*c1ccc(-c2ccc(-c3ccc(-c4cc5c(s4)/C(=C4\C(=O)N(CC(CCCCCCCC)CCCCCCCCCC)c6cc(*)sc64)C(=O)N5CC(CCCCCCCC)CCCCCCCCCC)s3)s2)s1,1,0.0,1,0.0,0.13,-3.77,-5.06,*c1cc2c(s1)/C(=C1\C(=O)N(CC(CCCCCCCC)CCCCCCCCCC)c3cc(*)sc31)C(=O)N2CC(CCCCCCCC)CCCCCCCCCC,*c1ccc(-c2ccc(-c3ccc(*)s3)s2)s1
10.1021/cm402489a,PTBII3T-OD,*c1ccc2c(c1)N(CC(CCCCCCCC)CCCCCCCCCC)C(=O)/C2=C1/C(=O)N(CC(CCCCCCCC)CCCCCCCCCC)c2cc(-c3ccc(-c4ccc(-c5ccc(*)s5)s4)s3)sc21,1,0.0,0,0.0,0.18,-3.72,-5.3,*c1ccc2c(c1)N(CC(CCCCCCCC)CCCCCCCCCC)C(=O)/C2=C1/C(=O)N(CC(CCCCCCCC)CCCCCCCCCC)c2cc(*)sc21,*c1ccc(-c2ccc(-c3ccc(*)s3)s2)s1,PTII3T-OD ,*c1ccc(-c2ccc(-c3ccc(-c4cc5c(s4)/C(=C4\C(=O)N(CC(CCCCCCCC)CCCCCCCCCC)c6cc(*)sc64)C(=O)N5CC(CCCCCCCC)CCCCCCCCCC)s3)s2)s1,1,0.0,1,0.0,0.13,-3.77,-5.06,*c1cc2c(s1)/C(=C1\C(=O)N(CC(CCCCCCCC)CCCCCCCCCC)c3cc(*)sc31)C(=O)N2CC(CCCCCCCC)CCCCCCCCCC,*c1ccc(-c2ccc(-c3ccc(*)s3)s2)s1
10.1021/cm4042346,PTBTz,*c1ccc(-c2ccc(*)c3nn(CC(CCCCCC)CCCCCCCC)nc23)s1,1,0.0,1,0.0,0.007,-3.37,-5.24,*c1ccc(*)s1,*c1ccc(*)c2nn(CC(CCCCCC)CCCCCCCC)nc12,PTBTz-OR,*c1ccc(-c2c(OCCCCCCCC)c(OCCCCCCCC)c(*)c3nn(CCCCCCCC)nc23)s1,1,0.0,1,0.0,0.019,-3.23,-5.2,*c1ccc(*)s1,*c1c(OCCCCCCCC)c(OCCCCCCCC)c(*)c2nn(CCCCCCCC)nc12
10.1021/cm4042346,PTBTz,*c1ccc(-c2ccc(*)c3nn(CC(CCCCCC)CCCCCCCC)nc23)s1,1,0.0,1,0.0,0.007,-3.37,-5.24,*c1ccc(*)s1,*c1ccc(*)c2nn(CC(CCCCCC)CCCCCCCC)nc12,PTBTz-F,*c1ccc(-c2c(F)c(F)c(*)c3nn(CC(CCCCCC)CCCCCCCC)nc23)s1,1,0.0,1,0.0,1.9,-3.44,-5.36,*c1ccc(*)s1,*c1c(F)c(F)c(*)c2nn(CC(CCCCCC)CCCCCCCC)nc12
10.1021/cm4042346,PTBTz-OR,*c1ccc(-c2c(OCCCCCCCC)c(OCCCCCCCC)c(*)c3nn(CCCCCCCC)nc23)s1,1,0.0,1,0.0,0.019,-3.23,-5.2,*c1ccc(*)s1,*c1c(OCCCCCCCC)c(OCCCCCCCC)c(*)c2nn(CCCCCCCC)nc12,PTBTz-F,*c1ccc(-c2c(F)c(F)c(*)c3nn(CC(CCCCCC)CCCCCCCC)nc23)s1,1,0.0,1,0.0,1.9,-3.44,-5.36,*c1ccc(*)s1,*c1c(F)c(F)c(*)c2nn(CC(CCCCCC)CCCCCCCC)nc12
10.1021/cm500800u,PDPP-VBBT,*c1ccc(C2=C3C(=O)N(CC(CCCCCCCC)CCCCCCCCCC)C(c4ccc(-c5ccc(/C=C/c6ccc(*)c7nsnc67)c6nsnc56)s4)=C3C(=O)N2CC(CCCCCCCC)CCCCCCCCCC)s1,1,0.0,1,0.13,0.32,-3.43,-5.34,*c1ccc(C2=C3C(=O)N(CC(CCCCCCCC)CCCCCCCCCC)C(c4ccc(*)s4)=C3C(=O)N2CC(CCCCCCCC)CCCCCCCCCC)s1,*c1ccc(/C=C/c2ccc(*)c3nsnc23)c2nsnc12,PDPP-ABBT,*c1ccc(C2=C3C(=O)N(CC(CCCCCCCC)CCCCCCCCCC)C(c4ccc(-c5ccc(C#Cc6ccc(*)c7nsnc67)c6nsnc56)s4)=C3C(=O)N2CC(CCCCCCCC)CCCCCCCCCC)s1,1,0.0,1,0.15,0.24,-3.53,-5.31,*c1ccc(C2=C3C(=O)N(CC(CCCCCCCC)CCCCCCCCCC)C(c4ccc(*)s4)=C3C(=O)N2CC(CCCCCCCC)CCCCCCCCCC)s1,*c1ccc(C#Cc2ccc(*)c3nsnc23)c2nsnc12
10.1021/cm500800u,PDPP-VBBT,*c1ccc(C2=C3C(=O)N(CC(CCCCCCCC)CCCCCCCCCC)C(c4ccc(-c5ccc(/C=C/c6ccc(*)c7nsnc67)c6nsnc56)s4)=C3C(=O)N2CC(CCCCCCCC)CCCCCCCCCC)s1,1,0.0,1,0.13,0.32,-3.43,-5.34,*c1ccc(C2=C3C(=O)N(CC(CCCCCCCC)CCCCCCCCCC)C(c4ccc(*)s4)=C3C(=O)N2CC(CCCCCCCC)CCCCCCCCCC)s1,*c1ccc(/C=C/c2ccc(*)c3nsnc23)c2nsnc12,PIID-VBBT,*c1ccc2c(c1)N(CC(CCCCCCCC)CCCCCCCCCC)C(=O)/C2=C1/C(=O)N(CC(CCCCCCCC)CCCCCCCCCC)c2cc(-c3ccc(/C=C/c4ccc(*)c5nsnc45)c4nsnc34)ccc21,1,0.0,1,0.04,0.076,-3.51,-5.72,*c1ccc2c(c1)N(CC(CCCCCCCC)CCCCCCCCCC)C(=O)/C2=C1/C(=O)N(CC(CCCCCCCC)CCCCCCCCCC)c2cc(*)ccc21,*c1ccc(/C=C/c2ccc(*)c3nsnc23)c2nsnc12
10.1021/cm500800u,PDPP-VBBT,*c1ccc(C2=C3C(=O)N(CC(CCCCCCCC)CCCCCCCCCC)C(c4ccc(-c5ccc(/C=C/c6ccc(*)c7nsnc67)c6nsnc56)s4)=C3C(=O)N2CC(CCCCCCCC)CCCCCCCCCC)s1,1,0.0,1,0.13,0.32,-3.43,-5.34,*c1ccc(C2=C3C(=O)N(CC(CCCCCCCC)CCCCCCCCCC)C(c4ccc(*)s4)=C3C(=O)N2CC(CCCCCCCC)CCCCCCCCCC)s1,*c1ccc(/C=C/c2ccc(*)c3nsnc23)c2nsnc12,PIID-ABBT,*c1ccc2c(c1)N(CC(CCCCCCCC)CCCCCCCCCC)C(=O)/C2=C1/C(=O)N(CC(CCCCCCCC)CCCCCCCCCC)c2cc(-c3ccc(C#Cc4ccc(*)c5nsnc45)c4nsnc34)ccc21,1,0.0,1,0.086,0.03,-3.49,-5.68,*c1ccc2c(c1)N(CC(CCCCCCCC)CCCCCCCCCC)C(=O)/C2=C1/C(=O)N(CC(CCCCCCCC)CCCCCCCCCC)c2cc(*)ccc21,*c1ccc(C#Cc2ccc(*)c3nsnc23)c2nsnc12
10.1021/cm500800u,PDPP-ABBT,*c1ccc(C2=C3C(=O)N(CC(CCCCCCCC)CCCCCCCCCC)C(c4ccc(-c5ccc(C#Cc6ccc(*)c7nsnc67)c6nsnc56)s4)=C3C(=O)N2CC(CCCCCCCC)CCCCCCCCCC)s1,1,0.0,1,0.15,0.24,-3.53,-5.31,*c1ccc(C2=C3C(=O)N(CC(CCCCCCCC)CCCCCCCCCC)C(c4ccc(*)s4)=C3C(=O)N2CC(CCCCCCCC)CCCCCCCCCC)s1,*c1ccc(C#Cc2ccc(*)c3nsnc23)c2nsnc12,PIID-VBBT,*c1ccc2c(c1)N(CC(CCCCCCCC)CCCCCCCCCC)C(=O)/C2=C1/C(=O)N(CC(CCCCCCCC)CCCCCCCCCC)c2cc(-c3ccc(/C=C/c4ccc(*)c5nsnc45)c4nsnc34)ccc21,1,0.0,1,0.04,0.076,-3.51,-5.72,*c1ccc2c(c1)N(CC(CCCCCCCC)CCCCCCCCCC)C(=O)/C2=C1/C(=O)N(CC(CCCCCCCC)CCCCCCCCCC)c2cc(*)ccc21,*c1ccc(/C=C/c2ccc(*)c3nsnc23)c2nsnc12
10.1021/cm500800u,PDPP-ABBT,*c1ccc(C2=C3C(=O)N(CC(CCCCCCCC)CCCCCCCCCC)C(c4ccc(-c5ccc(C#Cc6ccc(*)c7nsnc67)c6nsnc56)s4)=C3C(=O)N2CC(CCCCCCCC)CCCCCCCCCC)s1,1,0.0,1,0.15,0.24,-3.53,-5.31,*c1ccc(C2=C3C(=O)N(CC(CCCCCCCC)CCCCCCCCCC)C(c4ccc(*)s4)=C3C(=O)N2CC(CCCCCCCC)CCCCCCCCCC)s1,*c1ccc(C#Cc2ccc(*)c3nsnc23)c2nsnc12,PIID-ABBT,*c1ccc2c(c1)N(CC(CCCCCCCC)CCCCCCCCCC)C(=O)/C2=C1/C(=O)N(CC(CCCCCCCC)CCCCCCCCCC)c2cc(-c3ccc(C#Cc4ccc(*)c5nsnc45)c4nsnc34)ccc21,1,0.0,1,0.086,0.03,-3.49,-5.68,*c1ccc2c(c1)N(CC(CCCCCCCC)CCCCCCCCCC)C(=O)/C2=C1/C(=O)N(CC(CCCCCCCC)CCCCCCCCCC)c2cc(*)ccc21,*c1ccc(C#Cc2ccc(*)c3nsnc23)c2nsnc12
10.1021/cm500800u,PIID-VBBT,*c1ccc2c(c1)N(CC(CCCCCCCC)CCCCCCCCCC)C(=O)/C2=C1/C(=O)N(CC(CCCCCCCC)CCCCCCCCCC)c2cc(-c3ccc(/C=C/c4ccc(*)c5nsnc45)c4nsnc34)ccc21,1,0.0,1,0.04,0.076,-3.51,-5.72,*c1ccc2c(c1)N(CC(CCCCCCCC)CCCCCCCCCC)C(=O)/C2=C1/C(=O)N(CC(CCCCCCCC)CCCCCCCCCC)c2cc(*)ccc21,*c1ccc(/C=C/c2ccc(*)c3nsnc23)c2nsnc12,PIID-ABBT,*c1ccc2c(c1)N(CC(CCCCCCCC)CCCCCCCCCC)C(=O)/C2=C1/C(=O)N(CC(CCCCCCCC)CCCCCCCCCC)c2cc(-c3ccc(C#Cc4ccc(*)c5nsnc45)c4nsnc34)ccc21,1,0.0,1,0.086,0.03,-3.49,-5.68,*c1ccc2c(c1)N(CC(CCCCCCCC)CCCCCCCCCC)C(=O)/C2=C1/C(=O)N(CC(CCCCCCCC)CCCCCCCCCC)c2cc(*)ccc21,*c1ccc(C#Cc2ccc(*)c3nsnc23)c2nsnc12
10.1021/cm5014703,PDPP-TVT,*c1ccc(/C=C/c2ccc(-c3ccc(C4=C5C(=O)N(CC(CCCCCCCCCC)CCCCCCCCCCCC)C(c6ccc(*)s6)=C5C(=O)N4CC(CCCCCCCCCC)CCCCCCCCCCCC)s3)s2)s1,1,0.0,1,0.025,4.64,-4.15,-5.37,*c1ccc(/C=C/c2ccc(*)s2)s1,*c1ccc(C2=C3C(=O)N(CC(CCCCCCCCCC)CCCCCCCCCCCC)C(c4ccc(*)s4)=C3C(=O)N2CC(CCCCCCCCCC)CCCCCCCCCCCC)s1,PDPP-TAT,*c1ccc(C#Cc2ccc(-c3ccc(C4=C5C(=O)N(CC(CCCCCCCCCCCCCC)CCCCCCCCCCCCCCCC)C(c6ccc(*)s6)=C5C(=O)N4CC(CCCCCCCCCCCCCC)CCCCCCCCCCCCCCCC)s3)s2)s1,1,0.0,1,0.38,2.19,-3.89,-5.39,*c1ccc(C#Cc2ccc(*)s2)s1,*c1ccc(C2=C3C(=O)N(CC(CCCCCCCCCCCCCC)CCCCCCCCCCCCCCCC)C(c4ccc(*)s4)=C3C(=O)N2CC(CCCCCCCCCCCCCC)CCCCCCCCCCCCCCCC)s1
10.1021/cm501780p,NDI-Ph,*c1ccc(-c2cc3c4c(c(*)cc5c4c2C(=O)N(CCCCCCCCCCCCCCCCCC)C5=O)C(=O)N(CCCCCCCCCCCCCCCCCC)C3=O)cc1,1,0.0,1,0.8,0.0,-3.15,-5.173,*c1ccc(*)cc1,*c1cc2c3c(c(*)cc4c3c1C(=O)N(CCCCCCCCCCCCCCCCCC)C4=O)C(=O)N(CCCCCCCCCCCCCCCCCC)C2=O,NDI-BT,*c1cc2c3c(c(-c4ccc(*)c5nsnc45)cc4c3c1C(=O)N(CCCCCCCCCCCCCCCCCC)C4=O)C(=O)N(CCCCCCCCCCCCCCCCCC)C2=O,1,0.0,0,0.2,0.0,-3.03,-5.14,*c1ccc(*)c2nsnc12,*c1cc2c3c(c(*)cc4c3c1C(=O)N(CCCCCCCCCCCCCCCCCC)C4=O)C(=O)N(CCCCCCCCCCCCCCCCCC)C2=O
10.1021/cm501780p,NDI-Ph,*c1ccc(-c2cc3c4c(c(*)cc5c4c2C(=O)N(CCCCCCCCCCCCCCCCCC)C5=O)C(=O)N(CCCCCCCCCCCCCCCCCC)C3=O)cc1,1,0.0,1,0.8,0.0,-3.15,-5.173,*c1ccc(*)cc1,*c1cc2c3c(c(*)cc4c3c1C(=O)N(CCCCCCCCCCCCCCCCCC)C4=O)C(=O)N(CCCCCCCCCCCCCCCCCC)C2=O,PDI-Ph,*c1ccc(-c2cc3c4c(ccc5c6c(*)cc7c8c(ccc(c2c45)c86)C(=O)N(CCCCCCCCCCCCCCCCCC)C7=O)C(=O)N(CCCCCCCCCCCCCCCCCC)C3=O)cc1,1,0.0,1,0.04,0.0,-3.49,-5.89,*c1ccc(*)cc1,*c1cc2c3c(ccc4c5c(*)cc6c7c(ccc(c1c34)c75)C(=O)N(CCCCCCCCCCCCCCCCCC)C6=O)C(=O)N(CCCCCCCCCCCCCCCCCC)C2=O
10.1021/cm501780p,NDI-Ph,*c1ccc(-c2cc3c4c(c(*)cc5c4c2C(=O)N(CCCCCCCCCCCCCCCCCC)C5=O)C(=O)N(CCCCCCCCCCCCCCCCCC)C3=O)cc1,1,0.0,1,0.8,0.0,-3.15,-5.173,*c1ccc(*)cc1,*c1cc2c3c(c(*)cc4c3c1C(=O)N(CCCCCCCCCCCCCCCCCC)C4=O)C(=O)N(CCCCCCCCCCCCCCCCCC)C2=O,PDI-BT,*c1ccc(-c2cc3c4c(ccc5c6c(*)cc7c8c(ccc(c2c45)c86)C(=O)N(CCCCCCCCCCCCCCCCCC)C7=O)C(=O)N(CCCCCCCCCCCCCCCCCC)C3=O)c2nsnc12,1,0.0,0,0.032,0.0,-3.08,-5.49,*c1ccc(*)c2nsnc12,*c1cc2c3c(ccc4c5c(*)cc6c7c(ccc(c1c34)c75)C(=O)N(CCCCCCCCCCCCCCCCCC)C6=O)C(=O)N(CCCCCCCCCCCCCCCCCC)C2=O
10.1021/cm501780p,NDI-BT,*c1cc2c3c(c(-c4ccc(*)c5nsnc45)cc4c3c1C(=O)N(CCCCCCCCCCCCCCCCCC)C4=O)C(=O)N(CCCCCCCCCCCCCCCCCC)C2=O,1,0.0,0,0.2,0.0,-3.03,-5.14,*c1ccc(*)c2nsnc12,*c1cc2c3c(c(*)cc4c3c1C(=O)N(CCCCCCCCCCCCCCCCCC)C4=O)C(=O)N(CCCCCCCCCCCCCCCCCC)C2=O,PDI-Ph,*c1ccc(-c2cc3c4c(ccc5c6c(*)cc7c8c(ccc(c2c45)c86)C(=O)N(CCCCCCCCCCCCCCCCCC)C7=O)C(=O)N(CCCCCCCCCCCCCCCCCC)C3=O)cc1,1,0.0,1,0.04,0.0,-3.49,-5.89,*c1ccc(*)cc1,*c1cc2c3c(ccc4c5c(*)cc6c7c(ccc(c1c34)c75)C(=O)N(CCCCCCCCCCCCCCCCCC)C6=O)C(=O)N(CCCCCCCCCCCCCCCCCC)C2=O
10.1021/cm501780p,NDI-BT,*c1cc2c3c(c(-c4ccc(*)c5nsnc45)cc4c3c1C(=O)N(CCCCCCCCCCCCCCCCCC)C4=O)C(=O)N(CCCCCCCCCCCCCCCCCC)C2=O,1,0.0,0,0.2,0.0,-3.03,-5.14,*c1ccc(*)c2nsnc12,*c1cc2c3c(c(*)cc4c3c1C(=O)N(CCCCCCCCCCCCCCCCCC)C4=O)C(=O)N(CCCCCCCCCCCCCCCCCC)C2=O,PDI-BT,*c1ccc(-c2cc3c4c(ccc5c6c(*)cc7c8c(ccc(c2c45)c86)C(=O)N(CCCCCCCCCCCCCCCCCC)C7=O)C(=O)N(CCCCCCCCCCCCCCCCCC)C3=O)c2nsnc12,1,0.0,0,0.032,0.0,-3.08,-5.49,*c1ccc(*)c2nsnc12,*c1cc2c3c(ccc4c5c(*)cc6c7c(ccc(c1c34)c75)C(=O)N(CCCCCCCCCCCCCCCCCC)C6=O)C(=O)N(CCCCCCCCCCCCCCCCCC)C2=O
10.1021/cm501780p,PDI-Ph,*c1ccc(-c2cc3c4c(ccc5c6c(*)cc7c8c(ccc(c2c45)c86)C(=O)N(CCCCCCCCCCCCCCCCCC)C7=O)C(=O)N(CCCCCCCCCCCCCCCCCC)C3=O)cc1,1,0.0,1,0.04,0.0,-3.49,-5.89,*c1ccc(*)cc1,*c1cc2c3c(ccc4c5c(*)cc6c7c(ccc(c1c34)c75)C(=O)N(CCCCCCCCCCCCCCCCCC)C6=O)C(=O)N(CCCCCCCCCCCCCCCCCC)C2=O,PDI-BT,*c1ccc(-c2cc3c4c(ccc5c6c(*)cc7c8c(ccc(c2c45)c86)C(=O)N(CCCCCCCCCCCCCCCCCC)C7=O)C(=O)N(CCCCCCCCCCCCCCCCCC)C3=O)c2nsnc12,1,0.0,0,0.032,0.0,-3.08,-5.49,*c1ccc(*)c2nsnc12,*c1cc2c3c(ccc4c5c(*)cc6c7c(ccc(c1c34)c75)C(=O)N(CCCCCCCCCCCCCCCCCC)C6=O)C(=O)N(CCCCCCCCCCCCCCCCCC)C2=O
10.1021/cm503033j,P(FuNDIFuF4) ,*c1ccc(-c2c(F)c(F)c(-c3ccc(-c4cc5c6c(c(*)cc7c6c4C(=O)N(CC(CCCCCCCC)CCCCCCCCCC)C7=O)C(=O)N(CC(CCCCCCCC)CCCCCCCCCC)C5=O)o3)c(F)c2F)o1,1,0.0,1,0.4,0.0,-3.75,-5.75,*c1ccc(-c2c(F)c(F)c(-c3ccc(*)o3)c(F)c2F)o1,*c1cc2c3c(c(*)cc4c3c1C(=O)N(CC(CCCCCCCC)CCCCCCCCCC)C4=O)C(=O)N(CC(CCCCCCCC)CCCCCCCCCC)C2=O,P(ThNDIThF4),*c1ccc(-c2c(F)c(F)c(-c3ccc(-c4cc5c6c(c(*)cc7c6c4C(=O)N(CC(CCCCCCCC)CCCCCCCCCC)C7=O)C(=O)N(CC(CCCCCCCC)CCCCCCCCCC)C5=O)s3)c(F)c2F)s1,1,0.0,1,1.3,0.0,-3.85,-5.5,*c1ccc(-c2c(F)c(F)c(-c3ccc(*)s3)c(F)c2F)s1,*c1cc2c3c(c(*)cc4c3c1C(=O)N(CC(CCCCCCCC)CCCCCCCCCC)C4=O)C(=O)N(CC(CCCCCCCC)CCCCCCCCCC)C2=O
10.1021/cm5033578,NDI-T,*c1ccc(-c2cc3c4c(c(*)cc5c4c2C(=O)N(CC(CCCCCCCC)CCCCCCCCCC)C5=O)C(=O)N(CC(CCCCCCCC)CCCCCCCCCC)C3=O)s1,1,0.0,0,0.0013,0.0,-4.1,-5.9,*c1ccc(*)s1,*c1cc2c3c(c(*)cc4c3c1C(=O)N(CC(CCCCCCCC)CCCCCCCCCC)C4=O)C(=O)N(CC(CCCCCCCC)CCCCCCCCCC)C2=O,NDI-T2,*c1ccc(-c2ccc(-c3cc4c5c(c(*)cc6c5c3C(=O)N(CC(CCCCCCCC)CCCCCCCCCC)C6=O)C(=O)N(CC(CCCCCCCC)CCCCCCCCCC)C4=O)s2)s1,1,0.0,1,0.45,0.022,-4.2,-5.7,*c1ccc(-c2ccc(*)s2)s1,*c1cc2c3c(c(*)cc4c3c1C(=O)N(CC(CCCCCCCC)CCCCCCCCCC)C4=O)C(=O)N(CC(CCCCCCCC)CCCCCCCCCC)C2=O
10.1021/cm5033578,NDI-T,*c1ccc(-c2cc3c4c(c(*)cc5c4c2C(=O)N(CC(CCCCCCCC)CCCCCCCCCC)C5=O)C(=O)N(CC(CCCCCCCC)CCCCCCCCCC)C3=O)s1,1,0.0,0,0.0013,0.0,-4.1,-5.9,*c1ccc(*)s1,*c1cc2c3c(c(*)cc4c3c1C(=O)N(CC(CCCCCCCC)CCCCCCCCCC)C4=O)C(=O)N(CC(CCCCCCCC)CCCCCCCCCC)C2=O,NDI-T3,*c1ccc(-c2ccc(-c3ccc(-c4cc5c6c(c(*)cc7c6c4C(=O)N(CC(CCCCCCCC)CCCCCCCCCC)C7=O)C(=O)N(CC(CCCCCCCC)CCCCCCCCCC)C5=O)s3)s2)s1,1,0.0,0,0.054,0.0039,-4.0,-5.45,*c1ccc(-c2ccc(-c3ccc(*)s3)s2)s1,*c1cc2c3c(c(*)cc4c3c1C(=O)N(CC(CCCCCCCC)CCCCCCCCCC)C4=O)C(=O)N(CC(CCCCCCCC)CCCCCCCCCC)C2=O
10.1021/cm5033578,NDI-T,*c1ccc(-c2cc3c4c(c(*)cc5c4c2C(=O)N(CC(CCCCCCCC)CCCCCCCCCC)C5=O)C(=O)N(CC(CCCCCCCC)CCCCCCCCCC)C3=O)s1,1,0.0,0,0.0013,0.0,-4.1,-5.9,*c1ccc(*)s1,*c1cc2c3c(c(*)cc4c3c1C(=O)N(CC(CCCCCCCC)CCCCCCCCCC)C4=O)C(=O)N(CC(CCCCCCCC)CCCCCCCCCC)C2=O,NDI-T4,*c1ccc(-c2ccc(-c3ccc(-c4cc5c6c(c(-c7ccc(*)s7)cc7c6c4C(=O)N(CC(CCCCCCCC)CCCCCCCCCC)C7=O)C(=O)N(CC(CCCCCCCC)CCCCCCCCCC)C5=O)s3)s2)s1,1,0.0,1,0.028,0.028,-4.1,-5.45,*c1ccc(-c2ccc(*)s2)s1,*c1ccc(-c2cc3c4c(c(-c5ccc(*)s5)cc5c4c2C(=O)N(CC(CCCCCCCC)CCCCCCCCCC)C5=O)C(=O)N(CC(CCCCCCCC)CCCCCCCCCC)C3=O)s1
10.1021/cm5033578,NDI-T,*c1ccc(-c2cc3c4c(c(*)cc5c4c2C(=O)N(CC(CCCCCCCC)CCCCCCCCCC)C5=O)C(=O)N(CC(CCCCCCCC)CCCCCCCCCC)C3=O)s1,1,0.0,0,0.0013,0.0,-4.1,-5.9,*c1ccc(*)s1,*c1cc2c3c(c(*)cc4c3c1C(=O)N(CC(CCCCCCCC)CCCCCCCCCC)C4=O)C(=O)N(CC(CCCCCCCC)CCCCCCCCCC)C2=O,NDI-nOT2,*c1cc(CCCCCCCC)c(-c2sc(-c3cc4c5c(c(*)cc6c5c3C(=O)N(CC(CCCCCCCC)CCCCCCCCCC)C6=O)C(=O)N(CC(CCCCCCCC)CCCCCCCCCC)C4=O)cc2CCCCCCCC)s1,1,0.0,1,0.00025,0.0,-4.05,-5.5,*c1cc(CCCCCCCC)c(-c2sc(*)cc2CCCCCCCC)s1,*c1cc2c3c(c(*)cc4c3c1C(=O)N(CC(CCCCCCCC)CCCCCCCCCC)C4=O)C(=O)N(CC(CCCCCCCC)CCCCCCCCCC)C2=O
10.1021/cm5033578,NDI-T,*c1ccc(-c2cc3c4c(c(*)cc5c4c2C(=O)N(CC(CCCCCCCC)CCCCCCCCCC)C5=O)C(=O)N(CC(CCCCCCCC)CCCCCCCCCC)C3=O)s1,1,0.0,0,0.0013,0.0,-4.1,-5.9,*c1ccc(*)s1,*c1cc2c3c(c(*)cc4c3c1C(=O)N(CC(CCCCCCCC)CCCCCCCCCC)C4=O)C(=O)N(CC(CCCCCCCC)CCCCCCCCCC)C2=O,NDI-T-nOT2-T,*c1ccc(-c2cc3c4c(c(-c5ccc(-c6cc(CCCCCCCC)c(-c7sc(*)cc7CCCCCCCC)s6)s5)cc5c4c2C(=O)N(CC(CCCCCCCC)CCCCCCCCCC)C5=O)C(=O)N(CC(CCCCCCCC)CCCCCCCCCC)C3=O)s1,1,0.0,1,0.005,0.00012,-3.8,-5.3,*c1cc(CCCCCCCC)c(-c2sc(*)cc2CCCCCCCC)s1,*c1ccc(-c2cc3c4c(c(-c5ccc(*)s5)cc5c4c2C(=O)N(CC(CCCCCCCC)CCCCCCCCCC)C5=O)C(=O)N(CC(CCCCCCCC)CCCCCCCCCC)C3=O)s1
10.1021/cm5033578,NDI-T2,*c1ccc(-c2ccc(-c3cc4c5c(c(*)cc6c5c3C(=O)N(CC(CCCCCCCC)CCCCCCCCCC)C6=O)C(=O)N(CC(CCCCCCCC)CCCCCCCCCC)C4=O)s2)s1,1,0.0,1,0.45,0.022,-4.2,-5.7,*c1ccc(-c2ccc(*)s2)s1,*c1cc2c3c(c(*)cc4c3c1C(=O)N(CC(CCCCCCCC)CCCCCCCCCC)C4=O)C(=O)N(CC(CCCCCCCC)CCCCCCCCCC)C2=O,NDI-T3,*c1ccc(-c2ccc(-c3ccc(-c4cc5c6c(c(*)cc7c6c4C(=O)N(CC(CCCCCCCC)CCCCCCCCCC)C7=O)C(=O)N(CC(CCCCCCCC)CCCCCCCCCC)C5=O)s3)s2)s1,1,0.0,0,0.054,0.0039,-4.0,-5.45,*c1ccc(-c2ccc(-c3ccc(*)s3)s2)s1,*c1cc2c3c(c(*)cc4c3c1C(=O)N(CC(CCCCCCCC)CCCCCCCCCC)C4=O)C(=O)N(CC(CCCCCCCC)CCCCCCCCCC)C2=O
10.1021/cm5033578,NDI-T2,*c1ccc(-c2ccc(-c3cc4c5c(c(*)cc6c5c3C(=O)N(CC(CCCCCCCC)CCCCCCCCCC)C6=O)C(=O)N(CC(CCCCCCCC)CCCCCCCCCC)C4=O)s2)s1,1,0.0,1,0.45,0.022,-4.2,-5.7,*c1ccc(-c2ccc(*)s2)s1,*c1cc2c3c(c(*)cc4c3c1C(=O)N(CC(CCCCCCCC)CCCCCCCCCC)C4=O)C(=O)N(CC(CCCCCCCC)CCCCCCCCCC)C2=O,NDI-T4,*c1ccc(-c2ccc(-c3ccc(-c4cc5c6c(c(-c7ccc(*)s7)cc7c6c4C(=O)N(CC(CCCCCCCC)CCCCCCCCCC)C7=O)C(=O)N(CC(CCCCCCCC)CCCCCCCCCC)C5=O)s3)s2)s1,1,0.0,1,0.028,0.028,-4.1,-5.45,*c1ccc(-c2ccc(*)s2)s1,*c1ccc(-c2cc3c4c(c(-c5ccc(*)s5)cc5c4c2C(=O)N(CC(CCCCCCCC)CCCCCCCCCC)C5=O)C(=O)N(CC(CCCCCCCC)CCCCCCCCCC)C3=O)s1
10.1021/cm5033578,NDI-T2,*c1ccc(-c2ccc(-c3cc4c5c(c(*)cc6c5c3C(=O)N(CC(CCCCCCCC)CCCCCCCCCC)C6=O)C(=O)N(CC(CCCCCCCC)CCCCCCCCCC)C4=O)s2)s1,1,0.0,1,0.45,0.022,-4.2,-5.7,*c1ccc(-c2ccc(*)s2)s1,*c1cc2c3c(c(*)cc4c3c1C(=O)N(CC(CCCCCCCC)CCCCCCCCCC)C4=O)C(=O)N(CC(CCCCCCCC)CCCCCCCCCC)C2=O,NDI-nOT2,*c1cc(CCCCCCCC)c(-c2sc(-c3cc4c5c(c(*)cc6c5c3C(=O)N(CC(CCCCCCCC)CCCCCCCCCC)C6=O)C(=O)N(CC(CCCCCCCC)CCCCCCCCCC)C4=O)cc2CCCCCCCC)s1,1,0.0,1,0.00025,0.0,-4.05,-5.5,*c1cc(CCCCCCCC)c(-c2sc(*)cc2CCCCCCCC)s1,*c1cc2c3c(c(*)cc4c3c1C(=O)N(CC(CCCCCCCC)CCCCCCCCCC)C4=O)C(=O)N(CC(CCCCCCCC)CCCCCCCCCC)C2=O
10.1021/cm5033578,NDI-T2,*c1ccc(-c2ccc(-c3cc4c5c(c(*)cc6c5c3C(=O)N(CC(CCCCCCCC)CCCCCCCCCC)C6=O)C(=O)N(CC(CCCCCCCC)CCCCCCCCCC)C4=O)s2)s1,1,0.0,1,0.45,0.022,-4.2,-5.7,*c1ccc(-c2ccc(*)s2)s1,*c1cc2c3c(c(*)cc4c3c1C(=O)N(CC(CCCCCCCC)CCCCCCCCCC)C4=O)C(=O)N(CC(CCCCCCCC)CCCCCCCCCC)C2=O,NDI-T-nOT2-T,*c1ccc(-c2cc3c4c(c(-c5ccc(-c6cc(CCCCCCCC)c(-c7sc(*)cc7CCCCCCCC)s6)s5)cc5c4c2C(=O)N(CC(CCCCCCCC)CCCCCCCCCC)C5=O)C(=O)N(CC(CCCCCCCC)CCCCCCCCCC)C3=O)s1,1,0.0,1,0.005,0.00012,-3.8,-5.3,*c1cc(CCCCCCCC)c(-c2sc(*)cc2CCCCCCCC)s1,*c1ccc(-c2cc3c4c(c(-c5ccc(*)s5)cc5c4c2C(=O)N(CC(CCCCCCCC)CCCCCCCCCC)C5=O)C(=O)N(CC(CCCCCCCC)CCCCCCCCCC)C3=O)s1
10.1021/cm5033578,NDI-T3,*c1ccc(-c2ccc(-c3ccc(-c4cc5c6c(c(*)cc7c6c4C(=O)N(CC(CCCCCCCC)CCCCCCCCCC)C7=O)C(=O)N(CC(CCCCCCCC)CCCCCCCCCC)C5=O)s3)s2)s1,1,0.0,0,0.054,0.0039,-4.0,-5.45,*c1ccc(-c2ccc(-c3ccc(*)s3)s2)s1,*c1cc2c3c(c(*)cc4c3c1C(=O)N(CC(CCCCCCCC)CCCCCCCCCC)C4=O)C(=O)N(CC(CCCCCCCC)CCCCCCCCCC)C2=O,NDI-T4,*c1ccc(-c2ccc(-c3ccc(-c4cc5c6c(c(-c7ccc(*)s7)cc7c6c4C(=O)N(CC(CCCCCCCC)CCCCCCCCCC)C7=O)C(=O)N(CC(CCCCCCCC)CCCCCCCCCC)C5=O)s3)s2)s1,1,0.0,1,0.028,0.028,-4.1,-5.45,*c1ccc(-c2ccc(*)s2)s1,*c1ccc(-c2cc3c4c(c(-c5ccc(*)s5)cc5c4c2C(=O)N(CC(CCCCCCCC)CCCCCCCCCC)C5=O)C(=O)N(CC(CCCCCCCC)CCCCCCCCCC)C3=O)s1
10.1021/cm5033578,NDI-T3,*c1ccc(-c2ccc(-c3ccc(-c4cc5c6c(c(*)cc7c6c4C(=O)N(CC(CCCCCCCC)CCCCCCCCCC)C7=O)C(=O)N(CC(CCCCCCCC)CCCCCCCCCC)C5=O)s3)s2)s1,1,0.0,0,0.054,0.0039,-4.0,-5.45,*c1ccc(-c2ccc(-c3ccc(*)s3)s2)s1,*c1cc2c3c(c(*)cc4c3c1C(=O)N(CC(CCCCCCCC)CCCCCCCCCC)C4=O)C(=O)N(CC(CCCCCCCC)CCCCCCCCCC)C2=O,NDI-nOT2,*c1cc(CCCCCCCC)c(-c2sc(-c3cc4c5c(c(*)cc6c5c3C(=O)N(CC(CCCCCCCC)CCCCCCCCCC)C6=O)C(=O)N(CC(CCCCCCCC)CCCCCCCCCC)C4=O)cc2CCCCCCCC)s1,1,0.0,1,0.00025,0.0,-4.05,-5.5,*c1cc(CCCCCCCC)c(-c2sc(*)cc2CCCCCCCC)s1,*c1cc2c3c(c(*)cc4c3c1C(=O)N(CC(CCCCCCCC)CCCCCCCCCC)C4=O)C(=O)N(CC(CCCCCCCC)CCCCCCCCCC)C2=O
10.1021/cm5033578,NDI-T3,*c1ccc(-c2ccc(-c3ccc(-c4cc5c6c(c(*)cc7c6c4C(=O)N(CC(CCCCCCCC)CCCCCCCCCC)C7=O)C(=O)N(CC(CCCCCCCC)CCCCCCCCCC)C5=O)s3)s2)s1,1,0.0,0,0.054,0.0039,-4.0,-5.45,*c1ccc(-c2ccc(-c3ccc(*)s3)s2)s1,*c1cc2c3c(c(*)cc4c3c1C(=O)N(CC(CCCCCCCC)CCCCCCCCCC)C4=O)C(=O)N(CC(CCCCCCCC)CCCCCCCCCC)C2=O,NDI-T-nOT2-T,*c1ccc(-c2cc3c4c(c(-c5ccc(-c6cc(CCCCCCCC)c(-c7sc(*)cc7CCCCCCCC)s6)s5)cc5c4c2C(=O)N(CC(CCCCCCCC)CCCCCCCCCC)C5=O)C(=O)N(CC(CCCCCCCC)CCCCCCCCCC)C3=O)s1,1,0.0,1,0.005,0.00012,-3.8,-5.3,*c1cc(CCCCCCCC)c(-c2sc(*)cc2CCCCCCCC)s1,*c1ccc(-c2cc3c4c(c(-c5ccc(*)s5)cc5c4c2C(=O)N(CC(CCCCCCCC)CCCCCCCCCC)C5=O)C(=O)N(CC(CCCCCCCC)CCCCCCCCCC)C3=O)s1
10.1021/cm5033578,NDI-T4,*c1ccc(-c2ccc(-c3ccc(-c4cc5c6c(c(-c7ccc(*)s7)cc7c6c4C(=O)N(CC(CCCCCCCC)CCCCCCCCCC)C7=O)C(=O)N(CC(CCCCCCCC)CCCCCCCCCC)C5=O)s3)s2)s1,1,0.0,1,0.028,0.028,-4.1,-5.45,*c1ccc(-c2ccc(*)s2)s1,*c1ccc(-c2cc3c4c(c(-c5ccc(*)s5)cc5c4c2C(=O)N(CC(CCCCCCCC)CCCCCCCCCC)C5=O)C(=O)N(CC(CCCCCCCC)CCCCCCCCCC)C3=O)s1,NDI-nOT2,*c1cc(CCCCCCCC)c(-c2sc(-c3cc4c5c(c(*)cc6c5c3C(=O)N(CC(CCCCCCCC)CCCCCCCCCC)C6=O)C(=O)N(CC(CCCCCCCC)CCCCCCCCCC)C4=O)cc2CCCCCCCC)s1,1,0.0,1,0.00025,0.0,-4.05,-5.5,*c1cc(CCCCCCCC)c(-c2sc(*)cc2CCCCCCCC)s1,*c1cc2c3c(c(*)cc4c3c1C(=O)N(CC(CCCCCCCC)CCCCCCCCCC)C4=O)C(=O)N(CC(CCCCCCCC)CCCCCCCCCC)C2=O
10.1021/cm5033578,NDI-T4,*c1ccc(-c2ccc(-c3ccc(-c4cc5c6c(c(-c7ccc(*)s7)cc7c6c4C(=O)N(CC(CCCCCCCC)CCCCCCCCCC)C7=O)C(=O)N(CC(CCCCCCCC)CCCCCCCCCC)C5=O)s3)s2)s1,1,0.0,1,0.028,0.028,-4.1,-5.45,*c1ccc(-c2ccc(*)s2)s1,*c1ccc(-c2cc3c4c(c(-c5ccc(*)s5)cc5c4c2C(=O)N(CC(CCCCCCCC)CCCCCCCCCC)C5=O)C(=O)N(CC(CCCCCCCC)CCCCCCCCCC)C3=O)s1,NDI-T-nOT2-T,*c1ccc(-c2cc3c4c(c(-c5ccc(-c6cc(CCCCCCCC)c(-c7sc(*)cc7CCCCCCCC)s6)s5)cc5c4c2C(=O)N(CC(CCCCCCCC)CCCCCCCCCC)C5=O)C(=O)N(CC(CCCCCCCC)CCCCCCCCCC)C3=O)s1,1,0.0,1,0.005,0.00012,-3.8,-5.3,*c1cc(CCCCCCCC)c(-c2sc(*)cc2CCCCCCCC)s1,*c1ccc(-c2cc3c4c(c(-c5ccc(*)s5)cc5c4c2C(=O)N(CC(CCCCCCCC)CCCCCCCCCC)C5=O)C(=O)N(CC(CCCCCCCC)CCCCCCCCCC)C3=O)s1
10.1021/cm5033578,NDI-nOT2,*c1cc(CCCCCCCC)c(-c2sc(-c3cc4c5c(c(*)cc6c5c3C(=O)N(CC(CCCCCCCC)CCCCCCCCCC)C6=O)C(=O)N(CC(CCCCCCCC)CCCCCCCCCC)C4=O)cc2CCCCCCCC)s1,1,0.0,1,0.00025,0.0,-4.05,-5.5,*c1cc(CCCCCCCC)c(-c2sc(*)cc2CCCCCCCC)s1,*c1cc2c3c(c(*)cc4c3c1C(=O)N(CC(CCCCCCCC)CCCCCCCCCC)C4=O)C(=O)N(CC(CCCCCCCC)CCCCCCCCCC)C2=O,NDI-T-nOT2-T,*c1ccc(-c2cc3c4c(c(-c5ccc(-c6cc(CCCCCCCC)c(-c7sc(*)cc7CCCCCCCC)s6)s5)cc5c4c2C(=O)N(CC(CCCCCCCC)CCCCCCCCCC)C5=O)C(=O)N(CC(CCCCCCCC)CCCCCCCCCC)C3=O)s1,1,0.0,1,0.005,0.00012,-3.8,-5.3,*c1cc(CCCCCCCC)c(-c2sc(*)cc2CCCCCCCC)s1,*c1ccc(-c2cc3c4c(c(-c5ccc(*)s5)cc5c4c2C(=O)N(CC(CCCCCCCC)CCCCCCCCCC)C5=O)C(=O)N(CC(CCCCCCCC)CCCCCCCCCC)C3=O)s1
10.1021/ja1049324,IDTBT,*c1cc2c(s1)-c1cc3c(cc1C2(CCCCCCCCCCCCCCCC)CCCCCCCCCCCCCCCC)-c1sc(-c2ccc(*)c4nsnc24)cc1C3(CCCCCCCCCCCCCCCC)CCCCCCCCCCCCCCCC,1,0.0,0,0.0,2.0,-3.68,-5.4,*c1cc2c(s1)-c1cc3c(cc1C2(CCCCCCCCCCCCCCCC)CCCCCCCCCCCCCCCC)-c1sc(*)cc1C3(CCCCCCCCCCCCCCCC)CCCCCCCCCCCCCCCC,*c1ccc(*)c2nsnc12,IDTTT,*c1cc2c(s1)-c1cc3c(cc1C2(CCCCCCCCCCCCCCCC)CCCCCCCCCCCCCCCC)-c1sc(-c2cc4sc(*)cc4s2)cc1C3(CCCCCCCCCCCCCCCC)CCCCCCCCCCCCCCCC,1,0.0,1,0.0,0.15,-3.3,-5.4,*c1cc2c(s1)-c1cc3c(cc1C2(CCCCCCCCCCCCCCCC)CCCCCCCCCCCCCCCC)-c1sc(*)cc1C3(CCCCCCCCCCCCCCCC)CCCCCCCCCCCCCCCC,*c1cc2sc(*)cc2s1
10.1021/ja110619k,TTDPP-T,*c1ccc(-c2cc3sc(C4=C5C(=O)N(CC(CCCCCCCC)CCCCCCCCCC)C(c6cc7sc(*)cc7s6)=C5C(=O)N4CC(CCCCCCCC)CCCCCCCCCC)cc3s2)s1,1,0.0,0,0.063,1.42,-3.68,-5.06,*c1ccc(*)s1,*c1cc2sc(C3=C4C(=O)N(CC(CCCCCCCC)CCCCCCCCCC)C(c5cc6sc(*)cc6s5)=C4C(=O)N3CC(CCCCCCCC)CCCCCCCCCC)cc2s1,TTDPP,*c1cc2sc(C3=C4C(=O)N(CC(CCCCCCCC)CCCCCCCCCC)C(c5cc6sc(*)cc6s5)=C4C(=O)N3CC(CCCCCCCC)CCCCCCCCCC)cc2s1,1,0.0,1,0.03,0.037,-3.76,-5.04,*c1cc2sc(C3=C4C(=O)N(CC(CCCCCCCC)CCCCCCCCCC)C(c5cc6sc(*)cc6s5)=C4C(=O)N3CC(CCCCCCCC)CCCCCCCCCC)cc2s1,*c1cc2sc(C3=C4C(=O)N(CC(CCCCCCCC)CCCCCCCCCC)C(c5cc6sc(*)cc6s5)=C4C(=O)N3CC(CCCCCCCC)CCCCCCCCCC)cc2s1
10.1021/ja111066r,IIDT,*c1ccc2c(c1)N(CC(CCCCCCCC)CCCCCCCCCC)C(=O)/C2=C1/C(=O)N(CC(CCCCCCCC)CCCCCCCCCC)c2cc(-c3ccc(*)s3)ccc21,1,0.0,0,0.0,0.019,-3.8,-5.8,*c1ccc(*)s1,*c1ccc2c(c1)N(CC(CCCCCCCC)CCCCCCCCCC)C(=O)/C2=C1/C(=O)N(CC(CCCCCCCC)CCCCCCCCCC)c2cc(*)ccc21,IIDDT,*c1ccc2c(c1)N(CC(CCCCCCCC)CCCCCCCCCC)C(=O)/C2=C1/C(=O)N(CC(CCCCCCCC)CCCCCCCCCC)c2cc(-c3ccc(-c4ccc(*)s4)s3)ccc21,1,0.0,1,0.0,0.79,-3.7,-5.7,*c1ccc(-c2ccc(*)s2)s1,*c1ccc2c(c1)N(CC(CCCCCCCC)CCCCCCCCCC)C(=O)/C2=C1/C(=O)N(CC(CCCCCCCC)CCCCCCCCCC)c2cc(*)ccc21
10.1021/ja201591a,PNDT1BT,*c1cc(CCCCCCCCCCCCCCCC)c(-c2sc(-c3cc4cc5cc6sc(*)cc6cc5cc4s3)cc2CCCCCCCCCCCCCCCC)s1,1,0.0,1,0.0,0.055,-3.07,-5.1,*c1cc2cc3cc4sc(*)cc4cc3cc2s1,*c1cc(CCCCCCCCCCCCCCCC)c(-c2sc(*)cc2CCCCCCCCCCCCCCCC)s1,PNDT2BT*,*c1cc(CCCCCCCCCCCCCCCC)c(-c2sc(-c3cc4cc5cc6cc(*)sc6cc5cc4s3)cc2CCCCCCCCCCCCCCCC)s1,0,0.0,1,0.0,0.026,-3.05,-5.2,*c1cc2cc3cc4cc(*)sc4cc3cc2s1,*c1cc(CCCCCCCCCCCCCCCC)c(-c2sc(*)cc2CCCCCCCCCCCCCCCC)s1
10.1021/ja201591a,PNDT1BT,*c1cc(CCCCCCCCCCCCCCCC)c(-c2sc(-c3cc4cc5cc6sc(*)cc6cc5cc4s3)cc2CCCCCCCCCCCCCCCC)s1,1,0.0,1,0.0,0.055,-3.07,-5.1,*c1cc2cc3cc4sc(*)cc4cc3cc2s1,*c1cc(CCCCCCCCCCCCCCCC)c(-c2sc(*)cc2CCCCCCCCCCCCCCCC)s1,PNDT3BT,*c1cc(CCCCCCCCCCCCCCCC)c(-c2sc(-c3cc4ccc5c(ccc6cc(*)sc65)c4s3)cc2CCCCCCCCCCCCCCCC)s1,1,0.0,1,0.0,0.77,-2.83,-5.0,*c1cc2ccc3c(ccc4cc(*)sc43)c2s1,*c1cc(CCCCCCCCCCCCCCCC)c(-c2sc(*)cc2CCCCCCCCCCCCCCCC)s1
10.1021/ja201591a,PNDT1BT,*c1cc(CCCCCCCCCCCCCCCC)c(-c2sc(-c3cc4cc5cc6sc(*)cc6cc5cc4s3)cc2CCCCCCCCCCCCCCCC)s1,1,0.0,1,0.0,0.055,-3.07,-5.1,*c1cc2cc3cc4sc(*)cc4cc3cc2s1,*c1cc(CCCCCCCCCCCCCCCC)c(-c2sc(*)cc2CCCCCCCCCCCCCCCC)s1,PNDT4BT,*c1cc(CCCCCCCCCCCCCCCC)c(-c2sc(-c3cc4c(ccc5c6cc(*)sc6ccc45)s3)cc2CCCCCCCCCCCCCCCC)s1,0,0.0,1,0.0,0.19,-2.91,-5.1,*c1cc2c(ccc3c4cc(*)sc4ccc23)s1,*c1cc(CCCCCCCCCCCCCCCC)c(-c2sc(*)cc2CCCCCCCCCCCCCCCC)s1
10.1021/ja201591a,PNDT2BT*,*c1cc(CCCCCCCCCCCCCCCC)c(-c2sc(-c3cc4cc5cc6cc(*)sc6cc5cc4s3)cc2CCCCCCCCCCCCCCCC)s1,0,0.0,1,0.0,0.026,-3.05,-5.2,*c1cc2cc3cc4cc(*)sc4cc3cc2s1,*c1cc(CCCCCCCCCCCCCCCC)c(-c2sc(*)cc2CCCCCCCCCCCCCCCC)s1,PNDT3BT,*c1cc(CCCCCCCCCCCCCCCC)c(-c2sc(-c3cc4ccc5c(ccc6cc(*)sc65)c4s3)cc2CCCCCCCCCCCCCCCC)s1,1,0.0,1,0.0,0.77,-2.83,-5.0,*c1cc2ccc3c(ccc4cc(*)sc43)c2s1,*c1cc(CCCCCCCCCCCCCCCC)c(-c2sc(*)cc2CCCCCCCCCCCCCCCC)s1
10.1021/ja201591a,PNDT2BT*,*c1cc(CCCCCCCCCCCCCCCC)c(-c2sc(-c3cc4cc5cc6cc(*)sc6cc5cc4s3)cc2CCCCCCCCCCCCCCCC)s1,0,0.0,1,0.0,0.026,-3.05,-5.2,*c1cc2cc3cc4cc(*)sc4cc3cc2s1,*c1cc(CCCCCCCCCCCCCCCC)c(-c2sc(*)cc2CCCCCCCCCCCCCCCC)s1,PNDT4BT,*c1cc(CCCCCCCCCCCCCCCC)c(-c2sc(-c3cc4c(ccc5c6cc(*)sc6ccc45)s3)cc2CCCCCCCCCCCCCCCC)s1,0,0.0,1,0.0,0.19,-2.91,-5.1,*c1cc2c(ccc3c4cc(*)sc4ccc23)s1,*c1cc(CCCCCCCCCCCCCCCC)c(-c2sc(*)cc2CCCCCCCCCCCCCCCC)s1
10.1021/ja201591a,PNDT3BT,*c1cc(CCCCCCCCCCCCCCCC)c(-c2sc(-c3cc4ccc5c(ccc6cc(*)sc65)c4s3)cc2CCCCCCCCCCCCCCCC)s1,1,0.0,1,0.0,0.77,-2.83,-5.0,*c1cc2ccc3c(ccc4cc(*)sc43)c2s1,*c1cc(CCCCCCCCCCCCCCCC)c(-c2sc(*)cc2CCCCCCCCCCCCCCCC)s1,PNDT4BT,*c1cc(CCCCCCCCCCCCCCCC)c(-c2sc(-c3cc4c(ccc5c6cc(*)sc6ccc45)s3)cc2CCCCCCCCCCCCCCCC)s1,0,0.0,1,0.0,0.19,-2.91,-5.1,*c1cc2c(ccc3c4cc(*)sc4ccc23)s1,*c1cc(CCCCCCCCCCCCCCCC)c(-c2sc(*)cc2CCCCCCCCCCCCCCCC)s1
10.1021/ja205566w,PBDPP,*c1ccc(C2=C3C(=O)N(CC(CCCCCCCC)CCCCCCCCCC)C(c4ccc(-c5sc(-c6ccc(-c7cc(CCCCCCCCCCCC)c(*)s7)cc6)cc5CCCCCCCCCCCC)s4)=C3C(=O)N2CC(CCCCCCCC)CCCCCCCCCC)s1,1,0.0,1,0.0,0.27,-3.2,-4.7,*c1sc(-c2ccc(-c3cc(CCCCCCCCCCCC)c(*)s3)cc2)cc1CCCCCCCCCCCC,*c1ccc(C2=C3C(=O)N(CC(CCCCCCCC)CCCCCCCCCC)C(c4ccc(*)s4)=C3C(=O)N2CC(CCCCCCCC)CCCCCCCCCC)s1,PBTDPP,*c1ccc(C2=C3C(=O)N(CC(CCCCCCCC)CCCCCCCCCC)C(c4ccc(-c5sc(-c6ccc(-c7cc(CCCCCCCCCCCC)c(*)s7)c7nsnc67)cc5CCCCCCCCCCCC)s4)=C3C(=O)N2CC(CCCCCCCC)CCCCCCCCCC)s1,1,0.0,0,0.0,0.23,-3.4,-4.75,*c1sc(-c2ccc(-c3cc(CCCCCCCCCCCC)c(*)s3)c3nsnc23)cc1CCCCCCCCCCCC,*c1ccc(C2=C3C(=O)N(CC(CCCCCCCC)CCCCCCCCCC)C(c4ccc(*)s4)=C3C(=O)N2CC(CCCCCCCC)CCCCCCCCCC)s1
10.1021/ja205566w,PBDPP,*c1ccc(C2=C3C(=O)N(CC(CCCCCCCC)CCCCCCCCCC)C(c4ccc(-c5sc(-c6ccc(-c7cc(CCCCCCCCCCCC)c(*)s7)cc6)cc5CCCCCCCCCCCC)s4)=C3C(=O)N2CC(CCCCCCCC)CCCCCCCCCC)s1,1,0.0,1,0.0,0.27,-3.2,-4.7,*c1sc(-c2ccc(-c3cc(CCCCCCCCCCCC)c(*)s3)cc2)cc1CCCCCCCCCCCC,*c1ccc(C2=C3C(=O)N(CC(CCCCCCCC)CCCCCCCCCC)C(c4ccc(*)s4)=C3C(=O)N2CC(CCCCCCCC)CCCCCCCCCC)s1,PBBT6DPP,*c1ccc(C2=C3C(=O)N(CC(CCCCCCCC)CCCCCCCCCC)C(c4ccc(-c5sc(-c6c7c(c(-c8cc(CCCCCC)c(*)s8)c8nsnc68)N=S=N7)cc5CCCCCC)s4)=C3C(=O)N2CC(CCCCCCCC)CCCCCCCCCC)s1,1,0.0,1,1.36,0.83,-3.9,-4.55,*c1sc(-c2c3c(c(-c4cc(CCCCCC)c(*)s4)c4nsnc24)N=S=N3)cc1CCCCCC,*c1ccc(C2=C3C(=O)N(CC(CCCCCCCC)CCCCCCCCCC)C(c4ccc(*)s4)=C3C(=O)N2CC(CCCCCCCC)CCCCCCCCCC)s1
10.1021/ja205566w,PBDPP,*c1ccc(C2=C3C(=O)N(CC(CCCCCCCC)CCCCCCCCCC)C(c4ccc(-c5sc(-c6ccc(-c7cc(CCCCCCCCCCCC)c(*)s7)cc6)cc5CCCCCCCCCCCC)s4)=C3C(=O)N2CC(CCCCCCCC)CCCCCCCCCC)s1,1,0.0,1,0.0,0.27,-3.2,-4.7,*c1sc(-c2ccc(-c3cc(CCCCCCCCCCCC)c(*)s3)cc2)cc1CCCCCCCCCCCC,*c1ccc(C2=C3C(=O)N(CC(CCCCCCCC)CCCCCCCCCC)C(c4ccc(*)s4)=C3C(=O)N2CC(CCCCCCCC)CCCCCCCCCC)s1,PBBT12DPP,*c1ccc(C2=C3C(=O)N(CC(CCCCCCCC)CCCCCCCCCC)C(c4ccc(-c5sc(-c6c7c(c(-c8cc(CCCCCCCCCCCC)c(*)s8)c8nsnc68)N=S=N7)cc5CCCCCCCCCCCC)s4)=C3C(=O)N2CC(CCCCCCCC)CCCCCCCCCC)s1,1,0.0,1,1.32,1.17,-3.9,-4.55,*c1sc(-c2c3c(c(-c4cc(CCCCCCCCCCCC)c(*)s4)c4nsnc24)N=S=N3)cc1CCCCCCCCCCCC,*c1ccc(C2=C3C(=O)N(CC(CCCCCCCC)CCCCCCCCCC)C(c4ccc(*)s4)=C3C(=O)N2CC(CCCCCCCC)CCCCCCCCCC)s1
10.1021/ja205566w,PBTDPP,*c1ccc(C2=C3C(=O)N(CC(CCCCCCCC)CCCCCCCCCC)C(c4ccc(-c5sc(-c6ccc(-c7cc(CCCCCCCCCCCC)c(*)s7)c7nsnc67)cc5CCCCCCCCCCCC)s4)=C3C(=O)N2CC(CCCCCCCC)CCCCCCCCCC)s1,1,0.0,0,0.0,0.23,-3.4,-4.75,*c1sc(-c2ccc(-c3cc(CCCCCCCCCCCC)c(*)s3)c3nsnc23)cc1CCCCCCCCCCCC,*c1ccc(C2=C3C(=O)N(CC(CCCCCCCC)CCCCCCCCCC)C(c4ccc(*)s4)=C3C(=O)N2CC(CCCCCCCC)CCCCCCCCCC)s1,PBBT6DPP,*c1ccc(C2=C3C(=O)N(CC(CCCCCCCC)CCCCCCCCCC)C(c4ccc(-c5sc(-c6c7c(c(-c8cc(CCCCCC)c(*)s8)c8nsnc68)N=S=N7)cc5CCCCCC)s4)=C3C(=O)N2CC(CCCCCCCC)CCCCCCCCCC)s1,1,0.0,1,1.36,0.83,-3.9,-4.55,*c1sc(-c2c3c(c(-c4cc(CCCCCC)c(*)s4)c4nsnc24)N=S=N3)cc1CCCCCC,*c1ccc(C2=C3C(=O)N(CC(CCCCCCCC)CCCCCCCCCC)C(c4ccc(*)s4)=C3C(=O)N2CC(CCCCCCCC)CCCCCCCCCC)s1
10.1021/ja205566w,PBTDPP,*c1ccc(C2=C3C(=O)N(CC(CCCCCCCC)CCCCCCCCCC)C(c4ccc(-c5sc(-c6ccc(-c7cc(CCCCCCCCCCCC)c(*)s7)c7nsnc67)cc5CCCCCCCCCCCC)s4)=C3C(=O)N2CC(CCCCCCCC)CCCCCCCCCC)s1,1,0.0,0,0.0,0.23,-3.4,-4.75,*c1sc(-c2ccc(-c3cc(CCCCCCCCCCCC)c(*)s3)c3nsnc23)cc1CCCCCCCCCCCC,*c1ccc(C2=C3C(=O)N(CC(CCCCCCCC)CCCCCCCCCC)C(c4ccc(*)s4)=C3C(=O)N2CC(CCCCCCCC)CCCCCCCCCC)s1,PBBT12DPP,*c1ccc(C2=C3C(=O)N(CC(CCCCCCCC)CCCCCCCCCC)C(c4ccc(-c5sc(-c6c7c(c(-c8cc(CCCCCCCCCCCC)c(*)s8)c8nsnc68)N=S=N7)cc5CCCCCCCCCCCC)s4)=C3C(=O)N2CC(CCCCCCCC)CCCCCCCCCC)s1,1,0.0,1,1.32,1.17,-3.9,-4.55,*c1sc(-c2c3c(c(-c4cc(CCCCCCCCCCCC)c(*)s4)c4nsnc24)N=S=N3)cc1CCCCCCCCCCCC,*c1ccc(C2=C3C(=O)N(CC(CCCCCCCC)CCCCCCCCCC)C(c4ccc(*)s4)=C3C(=O)N2CC(CCCCCCCC)CCCCCCCCCC)s1
10.1021/ja205566w,PBBT6DPP,*c1ccc(C2=C3C(=O)N(CC(CCCCCCCC)CCCCCCCCCC)C(c4ccc(-c5sc(-c6c7c(c(-c8cc(CCCCCC)c(*)s8)c8nsnc68)N=S=N7)cc5CCCCCC)s4)=C3C(=O)N2CC(CCCCCCCC)CCCCCCCCCC)s1,1,0.0,1,1.36,0.83,-3.9,-4.55,*c1sc(-c2c3c(c(-c4cc(CCCCCC)c(*)s4)c4nsnc24)N=S=N3)cc1CCCCCC,*c1ccc(C2=C3C(=O)N(CC(CCCCCCCC)CCCCCCCCCC)C(c4ccc(*)s4)=C3C(=O)N2CC(CCCCCCCC)CCCCCCCCCC)s1,PBBT12DPP,*c1ccc(C2=C3C(=O)N(CC(CCCCCCCC)CCCCCCCCCC)C(c4ccc(-c5sc(-c6c7c(c(-c8cc(CCCCCCCCCCCC)c(*)s8)c8nsnc68)N=S=N7)cc5CCCCCCCCCCCC)s4)=C3C(=O)N2CC(CCCCCCCC)CCCCCCCCCC)s1,1,0.0,1,1.32,1.17,-3.9,-4.55,*c1sc(-c2c3c(c(-c4cc(CCCCCCCCCCCC)c(*)s4)c4nsnc24)N=S=N3)cc1CCCCCCCCCCCC,*c1ccc(C2=C3C(=O)N(CC(CCCCCCCC)CCCCCCCCCC)C(c4ccc(*)s4)=C3C(=O)N2CC(CCCCCCCC)CCCCCCCCCC)s1
10.1021/ja2057709,PPTQT,*C#Cc1sc(C#Cc2c3nsnc3c(*)c3nc(-c4ccc(CCCCCCCCCCCC)cc4)c(-c4ccc(CCCCCCCCCCCC)cc4)nc23)c(CCCCCCCCCCCC)c1CCCCCCCCCCCC,1,0.0,0,0.016,0.0087,-3.96,-5.5,*c1c2nsnc2c(*)c2nc(-c3ccc(CCCCCCCCCCCC)cc3)c(-c3ccc(CCCCCCCCCCCC)cc3)nc12,*C#Cc1sc(C#C*)c(CCCCCCCCCCCC)c1CCCCCCCCCCCC,PTTQT,*C#Cc1sc(C#Cc2c3nsnc3c(*)c3nc(-c4ccc(CCCCCCCC)s4)c(-c4ccc(CCCCCCCC)s4)nc23)c(CCCCCCCCCCCC)c1CCCCCCCCCCCC,1,0.0,0,0.0011,0.0013,-3.91,-5.4,*c1c2nsnc2c(*)c2nc(-c3ccc(CCCCCCCC)s3)c(-c3ccc(CCCCCCCC)s3)nc12,*C#Cc1sc(C#C*)c(CCCCCCCCCCCC)c1CCCCCCCCCCCC
10.1021/ja207543g,CDT-PT1,*c1cc2c(s1)-c1sc(-c3ncc(*)c4nsnc34)cc1C2(CCCCCCCCCCCCCCCC)CCCCCCCCCCCCCCCC,1,0.0,0,0.0,0.4,-3.7,-5.07,*c1cc2c(s1)-c1sc(*)cc1C2(CCCCCCCCCCCCCCCC)CCCCCCCCCCCCCCCC,*c1cnc(*)c2nsnc12,CDT-PT2,*c1cc2c(s1)-c1sc(-c3cnc(-c4cc5c(s4)-c4sc(-c6ncc(*)c7nsnc67)cc4C5(CCCCCCCCCCCCCCCC)CCCCCCCCCCCCCCCC)c4nsnc34)cc1C2(CCCCCCCCCCCCCCCC)CCCCCCCCCCCCCCCC,1,0.0,0,0.0,0.6,-3.7,-5.16,*c1cc2c(s1)-c1sc(*)cc1C2(CCCCCCCCCCCCCCCC)CCCCCCCCCCCCCCCC,*c1cnc(-c2cc3c(s2)-c2sc(-c4ncc(*)c5nsnc45)cc2C3(CCCCCCCCCCCCCCCC)CCCCCCCCCCCCCCCC)c2nsnc12
10.1021/ja302957s,B3T-BTz,*c1cc2c(s1)c1sc(-c3ccc(*)c4nsnc34)cc1c1c(CCCCCCCCCCCC)sc(CCCCCCCCCCCC)c21,1,0.0,0,0.0,0.0,-3.6,-5.42,*c1cc2c(s1)c1sc(*)cc1c1c(CCCCCCCCCCCC)sc(CCCCCCCCCCCC)c21,*c1ccc(*)c2nsnc12,B3T-2TBTz,*c1ccc(-c2ccc(-c3ccc(-c4cc5c(s4)c4sc(*)cc4c4c(CCCCCCCCCCCC)sc(CCCCCCCCCCCC)c54)s3)c3nsnc23)s1,1,0.0,0,0.0,0.04,-3.45,-5.36,*c1cc2c(s1)c1sc(*)cc1c1c(CCCCCCCCCCCC)sc(CCCCCCCCCCCC)c21,*c1ccc(-c2ccc(-c3ccc(*)s3)c3nsnc23)s1
10.1021/ja310283f,PFII2T,*c1ccc(-c2ccc(-c3ccc4c(c3F)N(CCCC(CCCCCCCCCCCCCC)CCCCCCCCCCCCCC)C(=O)/C4=C3/C(=O)N(CCCC(CCCCCCCCCCCCCC)CCCCCCCCCCCCCC)c4c3ccc(*)c4F)s2)s1,1,0.0,1,0.43,1.85,-3.88,-5.46,*c1ccc(-c2ccc(*)s2)s1,*c1ccc2c(c1F)N(CCCC(CCCCCCCCCCCCCC)CCCCCCCCCCCCCC)C(=O)/C2=C1/C(=O)N(CCCC(CCCCCCCCCCCCCC)CCCCCCCCCCCCCC)c2c1ccc(*)c2F,PII2T,*c1ccc2c(c1)N(CCCC(CCCCCCCCCCCCCC)CCCCCCCCCCCCCC)C(=O)/C2=C1/C(=O)N(CCCC(CCCCCCCCCCCCCC)CCCCCCCCCCCCCC)c2cc(-c3ccc(-c4ccc(*)s4)s3)ccc21,1,0.0,1,0.01,1.44,-3.7,-5.31,*c1ccc(-c2ccc(*)s2)s1,*c1ccc2c(c1)N(CCCC(CCCCCCCCCCCCCC)CCCCCCCCCCCCCC)C(=O)/C2=C1/C(=O)N(CCCC(CCCCCCCCCCCCCC)CCCCCCCCCCCCCC)c2cc(*)ccc21
10.1021/ja404753r,PNDTI-BT-C8-C12,*c1cc2c3c4c(c5sc(-c6sc(-c7cc(CCCCCCCCCCCC)c(*)s7)cc6CCCCCCCCCCCC)cc5c5c4c(c2s1)C(=O)N(CCCCCCCC)C5=O)C(=O)N(CCCCCCCC)C3=O,1,0.0,1,0.0,0.004,-4.2,-5.4,*c1sc(-c2cc(CCCCCCCCCCCC)c(*)s2)cc1CCCCCCCCCCCC,*c1cc2c3c4c(c5sc(*)cc5c5c4c(c2s1)C(=O)N(CCCCCCCC)C5=O)C(=O)N(CCCCCCCC)C3=O,PNDTI-BT-DT,*c1ccc(-c2ccc(-c3cc4c5c6c(c7sc(*)cc7c7c6c(c4s3)C(=O)N(CC(CCCCCCCCCC)CCCCCCCCCCCC)C7=O)C(=O)N(CC(CCCCCCCCCC)CCCCCCCCCCCC)C5=O)s2)s1,1,0.0,1,0.27,0.1,-4.4,-5.6,*c1ccc(-c2ccc(*)s2)s1,*c1cc2c3c4c(c5sc(*)cc5c5c4c(c2s1)C(=O)N(CC(CCCCCCCCCC)CCCCCCCCCCCC)C5=O)C(=O)N(CC(CCCCCCCCCC)CCCCCCCCCCCC)C3=O
10.1021/ja405112s,P-29-DPPDBTE,*c1ccc(/C=C/c2ccc(-c3ccc(C4=C5C(=O)N(CCCCCCC(CCCCCCCCCC)CCCCCCCCCCCC)C(c6ccc(*)s6)=C5C(=O)N4CCCCCCC(CCCCCCCCCC)CCCCCCCCCCCC)s3)s2)s1,1,0.0,1,0.0,10.54,-3.95,-5.25,*c1ccc(/C=C/c2ccc(*)s2)s1,*c1ccc(C2=C3C(=O)N(CCCCCCC(CCCCCCCCCC)CCCCCCCCCCCC)C(c4ccc(*)s4)=C3C(=O)N2CCCCCCC(CCCCCCCCCC)CCCCCCCCCCCC)s1,P-29-DPPDTSE,*c1ccc(C2=C3C(=O)N(CCCCCCC(CCCCCCCCCC)CCCCCCCCCCCC)C(c4ccc(-c5ccc(/C=C/c6ccc(*)[se]6)[se]5)s4)=C3C(=O)N2CCCCCCC(CCCCCCCCCC)CCCCCCCCCCCC)s1,1,0.0,1,0.0,12.0,-3.97,-5.27,*c1ccc(/C=C/c2ccc(*)[se]2)[se]1,*c1ccc(C2=C3C(=O)N(CCCCCCC(CCCCCCCCCC)CCCCCCCCCCCC)C(c4ccc(*)s4)=C3C(=O)N2CCCCCCC(CCCCCCCCCC)CCCCCCCCCCCC)s1
10.1021/ja4088665,PDPP2FT-BO,*c1ccc(C2=C3C(=O)N(CC(CCCC)CCCCCC)C(c4ccc(-c5ccc(*)s5)o4)=C3C(=O)N2CC(CCCC)CCCCCC)o1,1,0.0,0,0.0,0.31,-3.54,-5.29,*c1ccc(*)s1,*c1ccc(C2=C3C(=O)N(CC(CCCC)CCCCCC)C(c4ccc(*)o4)=C3C(=O)N2CC(CCCC)CCCCCC)o1,PDPP2FT-C16,*c1ccc(C2=C3C(=O)N(CCCCCCCCCCCCCCCC)C(c4ccc(-c5ccc(*)s5)o4)=C3C(=O)N2CCCCCCCCCCCCCCCC)o1,1,0.0,0,0.0,0.35,-3.54,-5.43,*c1ccc(*)s1,*c1ccc(C2=C3C(=O)N(CCCCCCCCCCCCCCCC)C(c4ccc(*)o4)=C3C(=O)N2CCCCCCCCCCCCCCCC)o1
10.1021/ja4088665,PDPP2FT-BO,*c1ccc(C2=C3C(=O)N(CC(CCCC)CCCCCC)C(c4ccc(-c5ccc(*)s5)o4)=C3C(=O)N2CC(CCCC)CCCCCC)o1,1,0.0,0,0.0,0.31,-3.54,-5.29,*c1ccc(*)s1,*c1ccc(C2=C3C(=O)N(CC(CCCC)CCCCCC)C(c4ccc(*)o4)=C3C(=O)N2CC(CCCC)CCCCCC)o1,PDPP3F-BO,*c1ccc(C2=C3C(=O)N(CC(CCCC)CCCCCC)C(c4ccc(-c5ccc(*)o5)o4)=C3C(=O)N2CC(CCCC)CCCCCC)o1,1,0.0,0,0.0,0.56,-3.59,-5.45,*c1ccc(*)o1,*c1ccc(C2=C3C(=O)N(CC(CCCC)CCCCCC)C(c4ccc(*)o4)=C3C(=O)N2CC(CCCC)CCCCCC)o1
10.1021/ja4088665,PDPP2FT-BO,*c1ccc(C2=C3C(=O)N(CC(CCCC)CCCCCC)C(c4ccc(-c5ccc(*)s5)o4)=C3C(=O)N2CC(CCCC)CCCCCC)o1,1,0.0,0,0.0,0.31,-3.54,-5.29,*c1ccc(*)s1,*c1ccc(C2=C3C(=O)N(CC(CCCC)CCCCCC)C(c4ccc(*)o4)=C3C(=O)N2CC(CCCC)CCCCCC)o1,PDPP3F-C16,*c1ccc(C2=C3C(=O)N(CCCCCCCCCCCCCCCC)C(c4ccc(-c5ccc(*)o5)o4)=C3C(=O)N2CCCCCCCCCCCCCCCC)o1,1,0.0,0,0.0,2.25,-3.61,-5.42,*c1ccc(*)o1,*c1ccc(C2=C3C(=O)N(CCCCCCCCCCCCCCCC)C(c4ccc(*)o4)=C3C(=O)N2CCCCCCCCCCCCCCCC)o1
10.1021/ja4088665,PDPP2FT-C16,*c1ccc(C2=C3C(=O)N(CCCCCCCCCCCCCCCC)C(c4ccc(-c5ccc(*)s5)o4)=C3C(=O)N2CCCCCCCCCCCCCCCC)o1,1,0.0,0,0.0,0.35,-3.54,-5.43,*c1ccc(*)s1,*c1ccc(C2=C3C(=O)N(CCCCCCCCCCCCCCCC)C(c4ccc(*)o4)=C3C(=O)N2CCCCCCCCCCCCCCCC)o1,PDPP3F-BO,*c1ccc(C2=C3C(=O)N(CC(CCCC)CCCCCC)C(c4ccc(-c5ccc(*)o5)o4)=C3C(=O)N2CC(CCCC)CCCCCC)o1,1,0.0,0,0.0,0.56,-3.59,-5.45,*c1ccc(*)o1,*c1ccc(C2=C3C(=O)N(CC(CCCC)CCCCCC)C(c4ccc(*)o4)=C3C(=O)N2CC(CCCC)CCCCCC)o1
10.1021/ja4088665,PDPP2FT-C16,*c1ccc(C2=C3C(=O)N(CCCCCCCCCCCCCCCC)C(c4ccc(-c5ccc(*)s5)o4)=C3C(=O)N2CCCCCCCCCCCCCCCC)o1,1,0.0,0,0.0,0.35,-3.54,-5.43,*c1ccc(*)s1,*c1ccc(C2=C3C(=O)N(CCCCCCCCCCCCCCCC)C(c4ccc(*)o4)=C3C(=O)N2CCCCCCCCCCCCCCCC)o1,PDPP3F-C16,*c1ccc(C2=C3C(=O)N(CCCCCCCCCCCCCCCC)C(c4ccc(-c5ccc(*)o5)o4)=C3C(=O)N2CCCCCCCCCCCCCCCC)o1,1,0.0,0,0.0,2.25,-3.61,-5.42,*c1ccc(*)o1,*c1ccc(C2=C3C(=O)N(CCCCCCCCCCCCCCCC)C(c4ccc(*)o4)=C3C(=O)N2CCCCCCCCCCCCCCCC)o1
10.1021/ja4088665,PDPP3F-BO,*c1ccc(C2=C3C(=O)N(CC(CCCC)CCCCCC)C(c4ccc(-c5ccc(*)o5)o4)=C3C(=O)N2CC(CCCC)CCCCCC)o1,1,0.0,0,0.0,0.56,-3.59,-5.45,*c1ccc(*)o1,*c1ccc(C2=C3C(=O)N(CC(CCCC)CCCCCC)C(c4ccc(*)o4)=C3C(=O)N2CC(CCCC)CCCCCC)o1,PDPP3F-C16,*c1ccc(C2=C3C(=O)N(CCCCCCCCCCCCCCCC)C(c4ccc(-c5ccc(*)o5)o4)=C3C(=O)N2CCCCCCCCCCCCCCCC)o1,1,0.0,0,0.0,2.25,-3.61,-5.42,*c1ccc(*)o1,*c1ccc(C2=C3C(=O)N(CCCCCCCCCCCCCCCC)C(c4ccc(*)o4)=C3C(=O)N2CCCCCCCCCCCCCCCC)o1
10.1021/ja412533d,BDPPV,*/C=C/c1ccc2c(c1)N(CCCC(CCCCCCCCCCCCCCCCCC)CCCCCCCCCCCCCCCCCC)C(=O)/C2=C1/C(=O)Oc2cc3c(cc21)OC(=O)/C3=C1/C(=O)N(CCCC(CCCCCCCCCCCCCCCCCC)CCCCCCCCCCCCCCCCCC)c2cc(*)ccc21,1,0.0,1,1.1,0.0,-4.1,-6.12,*/C=C/*,*c1ccc2c(c1)N(CCCC(CCCCCCCCCCCCCCCCCC)CCCCCCCCCCCCCCCCCC)C(=O)/C2=C1/C(=O)Oc2cc3c(cc21)OC(=O)/C3=C1/C(=O)N(CCCC(CCCCCCCCCCCCCCCCCC)CCCCCCCCCCCCCCCCCC)c2cc(*)ccc21,FBDOPV-1,*/C=C/c1ccc2c(c1F)N(CCCC(CCCCCCCCCCCCCCCCCC)CCCCCCCCCCCCCCCCCC)C(=O)/C2=C1/C(=O)Oc2cc3c(cc21)OC(=O)/C3=C1/C(=O)N(CCCC(CCCCCCCCCCCCCCCCCC)CCCCCCCCCCCCCCCCCC)c2c1ccc(*)c2F,1,0.0,1,1.7,0.0,-4.26,-6.19,*/C=C/*,*c1ccc2c(c1F)N(CCCC(CCCCCCCCCCCCCCCCCC)CCCCCCCCCCCCCCCCCC)C(=O)/C2=C1/C(=O)Oc2cc3c(cc21)OC(=O)/C3=C1/C(=O)N(CCCC(CCCCCCCCCCCCCCCCCC)CCCCCCCCCCCCCCCCCC)c2c1ccc(*)c2F
10.1021/ja412533d,BDPPV,*/C=C/c1ccc2c(c1)N(CCCC(CCCCCCCCCCCCCCCCCC)CCCCCCCCCCCCCCCCCC)C(=O)/C2=C1/C(=O)Oc2cc3c(cc21)OC(=O)/C3=C1/C(=O)N(CCCC(CCCCCCCCCCCCCCCCCC)CCCCCCCCCCCCCCCCCC)c2cc(*)ccc21,1,0.0,1,1.1,0.0,-4.1,-6.12,*/C=C/*,*c1ccc2c(c1)N(CCCC(CCCCCCCCCCCCCCCCCC)CCCCCCCCCCCCCCCCCC)C(=O)/C2=C1/C(=O)Oc2cc3c(cc21)OC(=O)/C3=C1/C(=O)N(CCCC(CCCCCCCCCCCCCCCCCC)CCCCCCCCCCCCCCCCCC)c2cc(*)ccc21,FBDOPV-2,*/C=C/c1cc2c(cc1F)/C(=C1\C(=O)Oc3cc4c(cc31)OC(=O)/C4=C1/C(=O)N(CCCC(CCCCCCCCCCCCCCCCCC)CCCCCCCCCCCCCCCCCC)c3cc(*)c(F)cc31)C(=O)N2CCCC(CCCCCCCCCCCCCCCCCC)CCCCCCCCCCCCCCCCCC,1,0.0,1,0.81,0.0,-4.3,-6.22,*/C=C/*,*c1cc2c(cc1F)/C(=C1\C(=O)Oc3cc4c(cc31)OC(=O)/C4=C1/C(=O)N(CCCC(CCCCCCCCCCCCCCCCCC)CCCCCCCCCCCCCCCCCC)c3cc(*)c(F)cc31)C(=O)N2CCCC(CCCCCCCCCCCCCCCCCC)CCCCCCCCCCCCCCCCCC
10.1021/ja412533d,FBDOPV-1,*/C=C/c1ccc2c(c1F)N(CCCC(CCCCCCCCCCCCCCCCCC)CCCCCCCCCCCCCCCCCC)C(=O)/C2=C1/C(=O)Oc2cc3c(cc21)OC(=O)/C3=C1/C(=O)N(CCCC(CCCCCCCCCCCCCCCCCC)CCCCCCCCCCCCCCCCCC)c2c1ccc(*)c2F,1,0.0,1,1.7,0.0,-4.26,-6.19,*/C=C/*,*c1ccc2c(c1F)N(CCCC(CCCCCCCCCCCCCCCCCC)CCCCCCCCCCCCCCCCCC)C(=O)/C2=C1/C(=O)Oc2cc3c(cc21)OC(=O)/C3=C1/C(=O)N(CCCC(CCCCCCCCCCCCCCCCCC)CCCCCCCCCCCCCCCCCC)c2c1ccc(*)c2F,FBDOPV-2,*/C=C/c1cc2c(cc1F)/C(=C1\C(=O)Oc3cc4c(cc31)OC(=O)/C4=C1/C(=O)N(CCCC(CCCCCCCCCCCCCCCCCC)CCCCCCCCCCCCCCCCCC)c3cc(*)c(F)cc31)C(=O)N2CCCC(CCCCCCCCCCCCCCCCCC)CCCCCCCCCCCCCCCCCC,1,0.0,1,0.81,0.0,-4.3,-6.22,*/C=C/*,*c1cc2c(cc1F)/C(=C1\C(=O)Oc3cc4c(cc31)OC(=O)/C4=C1/C(=O)N(CCCC(CCCCCCCCCCCCCCCCCC)CCCCCCCCCCCCCCCCCC)c3cc(*)c(F)cc31)C(=O)N2CCCC(CCCCCCCCCCCCCCCCCC)CCCCCCCCCCCCCCCCCC
10.1021/ja508798s,TT-R-TVT,*c1ccc(/C=C/c2ccc(-c3sc4c(CCCCCCCCCCCCCC)c(*)sc4c3CCCCCCCCCCCCCC)s2)s1,1,0.0,1,0.0,0.1,-3.14,-5.11,*c1ccc(/C=C/c2ccc(*)s2)s1,*c1sc2c(CCCCCCCCCCCCCC)c(*)sc2c1CCCCCCCCCCCCCC,TT-TVT-o,*c1cc2sc(-c3sc(/C=C/c4cc(CCCCCCCCCCCCCC)c(*)s4)cc3CCCCCCCCCCCCCC)cc2s1,1,0.0,1,0.0,0.3,-3.2,-5.08,*c1sc(/C=C/c2cc(CCCCCCCCCCCCCC)c(*)s2)cc1CCCCCCCCCCCCCC,*c1cc2sc(*)cc2s1
10.1021/ja508798s,TT-R-TVT,*c1ccc(/C=C/c2ccc(-c3sc4c(CCCCCCCCCCCCCC)c(*)sc4c3CCCCCCCCCCCCCC)s2)s1,1,0.0,1,0.0,0.1,-3.14,-5.11,*c1ccc(/C=C/c2ccc(*)s2)s1,*c1sc2c(CCCCCCCCCCCCCC)c(*)sc2c1CCCCCCCCCCCCCC,TT-TVT-i,*c1cc(CCCCCCCCCCCCCC)c(/C=C/c2sc(-c3cc4sc(*)cc4s3)cc2CCCCCCCCCCCCCC)s1,1,0.0,1,0.0,4.6,-3.19,-4.97,*c1cc(CCCCCCCCCCCCCC)c(/C=C/c2sc(*)cc2CCCCCCCCCCCCCC)s1,*c1cc2sc(*)cc2s1
10.1021/ja508798s,TT-TVT-o,*c1cc2sc(-c3sc(/C=C/c4cc(CCCCCCCCCCCCCC)c(*)s4)cc3CCCCCCCCCCCCCC)cc2s1,1,0.0,1,0.0,0.3,-3.2,-5.08,*c1sc(/C=C/c2cc(CCCCCCCCCCCCCC)c(*)s2)cc1CCCCCCCCCCCCCC,*c1cc2sc(*)cc2s1,TT-TVT-i,*c1cc(CCCCCCCCCCCCCC)c(/C=C/c2sc(-c3cc4sc(*)cc4s3)cc2CCCCCCCCCCCCCC)s1,1,0.0,1,0.0,4.6,-3.19,-4.97,*c1cc(CCCCCCCCCCCCCC)c(/C=C/c2sc(*)cc2CCCCCCCCCCCCCC)s1,*c1cc2sc(*)cc2s1
10.1021/ja508807m,BAI-BDTO,*c1cc(CCCCCCCCCCCC)c(-c2ccc(-c3c(=O)n4c5ccccc5c5c(-c6ccc(-c7sc(-c8cc9c(OCC(CCCCCCCC)CCCCCCCCCC)c%10sc(*)cc%10c(OCC(CCCCCCCC)CCCCCCCCCC)c9s8)cc7CCCCCCCCCCCC)s6)c(=O)n6c7ccccc7c3c6c54)s2)s1,1,0.0,1,0.0,1.7,-3.63,-4.91,*c1cc2c(OCC(CCCCCCCC)CCCCCCCCCC)c3sc(*)cc3c(OCC(CCCCCCCC)CCCCCCCCCC)c2s1,*c1cc(CCCCCCCCCCCC)c(-c2ccc(-c3c(=O)n4c5ccccc5c5c(-c6ccc(-c7sc(*)cc7CCCCCCCCCCCC)s6)c(=O)n6c7ccccc7c3c6c54)s2)s1,BAI-Flu,*c1ccc2c3ccc(-c4cc(CCCCCCCCCCCC)c(-c5ccc(-c6c(=O)n7c8ccccc8c8c(-c9ccc(-c%10sc(*)cc%10CCCCCCCCCCCC)s9)c(=O)n9c%10ccccc%10c6c9c87)s5)s4)cc3n(C(CCCCCCCC)CCCCCCCC)c2c1,1,0.0,0,0.0,0.36,-3.65,-5.03,*c1ccc2c3ccc(*)cc3n(C(CCCCCCCC)CCCCCCCC)c2c1,*c1cc(CCCCCCCCCCCC)c(-c2ccc(-c3c(=O)n4c5ccccc5c5c(-c6ccc(-c7sc(*)cc7CCCCCCCCCCCC)s6)c(=O)n6c7ccccc7c3c6c54)s2)s1
10.1021/ja511984q,C3-DPPTT-T,*c1ccc(-c2cc3sc(C4=C5C(=O)N(CCCC(CCCCCCCC)CCCCCCCCCC)C(c6cc7sc(*)cc7s6)=C5C(=O)N4CCCC(CCCCCCCC)CCCCCCCCCC)cc3s2)s1,1,0.0,0,0.0,0.9,-3.69,-5.08,*c1ccc(*)s1,*c1cc2sc(C3=C4C(=O)N(CCCC(CCCCCCCC)CCCCCCCCCC)C(c5cc6sc(*)cc6s5)=C4C(=O)N3CCCC(CCCCCCCC)CCCCCCCCCC)cc2s1,C3-DPPTT-Se,*c1cc2sc(C3=C4C(=O)N(CCCC(CCCCCCCC)CCCCCCCCCC)C(c5cc6sc(-c7ccc(*)[se]7)cc6s5)=C4C(=O)N3CCCC(CCCCCCCC)CCCCCCCCCC)cc2s1,1,0.0,0,0.0,1.6,-3.7,-5.07,*c1ccc(*)[se]1,*c1cc2sc(C3=C4C(=O)N(CCCC(CCCCCCCC)CCCCCCCCCC)C(c5cc6sc(*)cc6s5)=C4C(=O)N3CCCC(CCCCCCCC)CCCCCCCCCC)cc2s1
10.1021/ja511984q,C3-DPPTT-T,*c1ccc(-c2cc3sc(C4=C5C(=O)N(CCCC(CCCCCCCC)CCCCCCCCCC)C(c6cc7sc(*)cc7s6)=C5C(=O)N4CCCC(CCCCCCCC)CCCCCCCCCC)cc3s2)s1,1,0.0,0,0.0,0.9,-3.69,-5.08,*c1ccc(*)s1,*c1cc2sc(C3=C4C(=O)N(CCCC(CCCCCCCC)CCCCCCCCCC)C(c5cc6sc(*)cc6s5)=C4C(=O)N3CCCC(CCCCCCCC)CCCCCCCCCC)cc2s1,C3-DPPTT-Te,*c1cc2sc(C3=C4C(=O)N(CCCC(CCCCCCCC)CCCCCCCCCC)C(c5cc6sc(-c7ccc(*)[te]7)cc6s5)=C4C(=O)N3CCCC(CCCCCCCC)CCCCCCCCCC)cc2s1,1,0.0,0,0.0,1.6,-3.73,-5.05,*c1ccc(*)[te]1,*c1cc2sc(C3=C4C(=O)N(CCCC(CCCCCCCC)CCCCCCCCCC)C(c5cc6sc(*)cc6s5)=C4C(=O)N3CCCC(CCCCCCCC)CCCCCCCCCC)cc2s1
10.1021/ja511984q,C3-DPPTT-Se,*c1cc2sc(C3=C4C(=O)N(CCCC(CCCCCCCC)CCCCCCCCCC)C(c5cc6sc(-c7ccc(*)[se]7)cc6s5)=C4C(=O)N3CCCC(CCCCCCCC)CCCCCCCCCC)cc2s1,1,0.0,0,0.0,1.6,-3.7,-5.07,*c1ccc(*)[se]1,*c1cc2sc(C3=C4C(=O)N(CCCC(CCCCCCCC)CCCCCCCCCC)C(c5cc6sc(*)cc6s5)=C4C(=O)N3CCCC(CCCCCCCC)CCCCCCCCCC)cc2s1,C3-DPPTT-Te,*c1cc2sc(C3=C4C(=O)N(CCCC(CCCCCCCC)CCCCCCCCCC)C(c5cc6sc(-c7ccc(*)[te]7)cc6s5)=C4C(=O)N3CCCC(CCCCCCCC)CCCCCCCCCC)cc2s1,1,0.0,0,0.0,1.6,-3.73,-5.05,*c1ccc(*)[te]1,*c1cc2sc(C3=C4C(=O)N(CCCC(CCCCCCCC)CCCCCCCCCC)C(c5cc6sc(*)cc6s5)=C4C(=O)N3CCCC(CCCCCCCC)CCCCCCCCCC)cc2s1
10.1021/ja809555c,TIFDMT-ketone,*c1cc(CCCCCCCCCCCC)c(-c2ccc3c(c2)c(=O)c2cc4c(cc23)c(=O)c2cc(-c3sc(-c5sc(-c6cc(CCCCCCCCCCCC)c(*)s6)cc5CCCCCCCCCCCC)cc3CCCCCCCCCCCC)ccc24)s1,1,0.0,1,0.0,0.01,-3.62,-5.42,*c1sc(-c2cc(CCCCCCCCCCCC)c(*)s2)cc1CCCCCCCCCCCC,*c1cc(CCCCCCCCCCCC)c(-c2ccc3c(c2)c(=O)c2cc4c(cc23)c(=O)c2cc(-c3sc(*)cc3CCCCCCCCCCCC)ccc24)s1,IFD-BT-P3,*c1ccc2c(c1)c(=O)c1c(CCCCCCCCCCCC)c3c(c(CCCCCCCCCCCC)c12)c(=O)c1cc(-c2ccc(-c4ccc(*)s4)s2)ccc13,1,0.0,1,0.0,0.001,-3.64,-5.42,*c1ccc(-c2ccc(*)s2)s1,*c1ccc2c(c1)c(=O)c1c(CCCCCCCCCCCC)c3c(c(CCCCCCCCCCCC)c12)c(=O)c1cc(*)ccc13
10.1021/ja903895s,P2TDC10FT3,*c1ccc(-c2ccc(-c3sc4c(sc5c(CCCCCCCCCC)c(*)sc54)c3CCCCCCCCCC)s2)s1,1,0.0,0,0.0,0.0017,-3.25,-5.15,*c1sc2c(sc3c(CCCCCCCCCC)c(*)sc32)c1CCCCCCCCCC,*c1ccc(-c2ccc(*)s2)s1,P2TDC10FT4,*c1ccc(-c2ccc(-c3sc4c(sc5c6sc(*)c(CCCCCCCCCC)c6sc45)c3CCCCCCCCCC)s2)s1,1,0.0,1,0.0,0.087,-3.4,-5.2,*c1sc2c(sc3c4sc(*)c(CCCCCCCCCC)c4sc23)c1CCCCCCCCCC,*c1ccc(-c2ccc(*)s2)s1
10.1021/ja903895s,P2TDC10FT3,*c1ccc(-c2ccc(-c3sc4c(sc5c(CCCCCCCCCC)c(*)sc54)c3CCCCCCCCCC)s2)s1,1,0.0,0,0.0,0.0017,-3.25,-5.15,*c1sc2c(sc3c(CCCCCCCCCC)c(*)sc32)c1CCCCCCCCCC,*c1ccc(-c2ccc(*)s2)s1,P2TDC10FT5,*c1ccc(-c2ccc(-c3sc4c(sc5c4sc4c6sc(*)c(CCCCCCCCCC)c6sc45)c3CCCCCCCCCC)s2)s1,1,0.0,0,0.0,0.0023,-3.31,-5.21,*c1sc2c(sc3c2sc2c4sc(*)c(CCCCCCCCCC)c4sc23)c1CCCCCCCCCC,*c1ccc(-c2ccc(*)s2)s1
10.1021/ja903895s,P2TDC10FT4,*c1ccc(-c2ccc(-c3sc4c(sc5c6sc(*)c(CCCCCCCCCC)c6sc45)c3CCCCCCCCCC)s2)s1,1,0.0,1,0.0,0.087,-3.4,-5.2,*c1sc2c(sc3c4sc(*)c(CCCCCCCCCC)c4sc23)c1CCCCCCCCCC,*c1ccc(-c2ccc(*)s2)s1,P2TDC10FT5,*c1ccc(-c2ccc(-c3sc4c(sc5c4sc4c6sc(*)c(CCCCCCCCCC)c6sc45)c3CCCCCCCCCC)s2)s1,1,0.0,0,0.0,0.0023,-3.31,-5.21,*c1sc2c(sc3c2sc2c4sc(*)c(CCCCCCCCCC)c4sc23)c1CCCCCCCCCC,*c1ccc(-c2ccc(*)s2)s1
10.1021/jacs.0c11608,PCNTI,*c1cc2c(=O)n(CC(CCCCCCCCCC)CCCCCCCCCCCC)c(=O)c3c4sc(*)c(C#N)c4sc3c2s1,1,0.0,0,0.032,0.0,-3.63,-5.44,*c1cc2c(=O)n(CC(CCCCCCCCCC)CCCCCCCCCCCC)c(=O)c3c4sc(*)c(C#N)c4sc3c2s1,*c1cc2c(=O)n(CC(CCCCCCCCCC)CCCCCCCCCCCC)c(=O)c3c4sc(*)c(C#N)c4sc3c2s1,PCNDTI,*c1sc2c(sc3c4sc5c(C#N)c(*)sc5c4c(=O)n(CCCC(CCCCCCCCCCCCCC)CCCCCCCCCCCCCC)c(=O)c23)c1C#N,1,0.0,1,0.0045,0.0,-4.11,-5.9,*c1sc2c(sc3c4sc5c(C#N)c(*)sc5c4c(=O)n(CCCC(CCCCCCCCCCCCCC)CCCCCCCCCCCCCC)c(=O)c23)c1C#N,*c1sc2c(sc3c4sc5c(C#N)c(*)sc5c4c(=O)n(CCCC(CCCCCCCCCCCCCC)CCCCCCCCCCCCCC)c(=O)c23)c1C#N
10.1021/jacs.0c11608,PCNTI,*c1cc2c(=O)n(CC(CCCCCCCCCC)CCCCCCCCCCCC)c(=O)c3c4sc(*)c(C#N)c4sc3c2s1,1,0.0,0,0.032,0.0,-3.63,-5.44,*c1cc2c(=O)n(CC(CCCCCCCCCC)CCCCCCCCCCCC)c(=O)c3c4sc(*)c(C#N)c4sc3c2s1,*c1cc2c(=O)n(CC(CCCCCCCCCC)CCCCCCCCCCCC)c(=O)c3c4sc(*)c(C#N)c4sc3c2s1,PCNI-BTI,*c1cc2c(=O)n(CC(CCCCCCCC)CCCCCCCCCC)c(=O)c3cc(-c4sc5c(c4C#N)c(=O)n(CC(CCCCCCCC)CCCCCCCCCC)c(=O)c4c(C#N)c(*)sc45)sc3c2s1,1,0.0,1,0.18,0.0,-3.78,-5.79,*c1cc2c(=O)n(CC(CCCCCCCC)CCCCCCCCCC)c(=O)c3cc(*)sc3c2s1,*c1sc2c(c1C#N)c(=O)n(CC(CCCCCCCC)CCCCCCCCCC)c(=O)c1c(C#N)c(*)sc12
10.1021/jacs.0c11608,PCNTI,*c1cc2c(=O)n(CC(CCCCCCCCCC)CCCCCCCCCCCC)c(=O)c3c4sc(*)c(C#N)c4sc3c2s1,1,0.0,0,0.032,0.0,-3.63,-5.44,*c1cc2c(=O)n(CC(CCCCCCCCCC)CCCCCCCCCCCC)c(=O)c3c4sc(*)c(C#N)c4sc3c2s1,*c1cc2c(=O)n(CC(CCCCCCCCCC)CCCCCCCCCCCC)c(=O)c3c4sc(*)c(C#N)c4sc3c2s1,PCNDTI-BTI,*c1cc2c(=O)n(CC(CCCCCCCC)CCCCCCCCCC)c(=O)c3cc(-c4sc5c(sc6c7sc8c(C#N)c(*)sc8c7c(=O)n(CC(CCCCCCCCCC)CCCCCCCCCCCC)c(=O)c56)c4C#N)sc3c2s1,1,0.0,0,0.013,0.0,-3.71,-5.54,*c1cc2c(=O)n(CC(CCCCCCCC)CCCCCCCCCC)c(=O)c3cc(*)sc3c2s1,*c1sc2c(sc3c4sc5c(C#N)c(*)sc5c4c(=O)n(CC(CCCCCCCCCC)CCCCCCCCCCCC)c(=O)c23)c1C#N
10.1021/jacs.0c11608,PCNDTI,*c1sc2c(sc3c4sc5c(C#N)c(*)sc5c4c(=O)n(CCCC(CCCCCCCCCCCCCC)CCCCCCCCCCCCCC)c(=O)c23)c1C#N,1,0.0,1,0.0045,0.0,-4.11,-5.9,*c1sc2c(sc3c4sc5c(C#N)c(*)sc5c4c(=O)n(CCCC(CCCCCCCCCCCCCC)CCCCCCCCCCCCCC)c(=O)c23)c1C#N,*c1sc2c(sc3c4sc5c(C#N)c(*)sc5c4c(=O)n(CCCC(CCCCCCCCCCCCCC)CCCCCCCCCCCCCC)c(=O)c23)c1C#N,PCNI-BTI,*c1cc2c(=O)n(CC(CCCCCCCC)CCCCCCCCCC)c(=O)c3cc(-c4sc5c(c4C#N)c(=O)n(CC(CCCCCCCC)CCCCCCCCCC)c(=O)c4c(C#N)c(*)sc45)sc3c2s1,1,0.0,1,0.18,0.0,-3.78,-5.79,*c1cc2c(=O)n(CC(CCCCCCCC)CCCCCCCCCC)c(=O)c3cc(*)sc3c2s1,*c1sc2c(c1C#N)c(=O)n(CC(CCCCCCCC)CCCCCCCCCC)c(=O)c1c(C#N)c(*)sc12
10.1021/jacs.0c11608,PCNDTI,*c1sc2c(sc3c4sc5c(C#N)c(*)sc5c4c(=O)n(CCCC(CCCCCCCCCCCCCC)CCCCCCCCCCCCCC)c(=O)c23)c1C#N,1,0.0,1,0.0045,0.0,-4.11,-5.9,*c1sc2c(sc3c4sc5c(C#N)c(*)sc5c4c(=O)n(CCCC(CCCCCCCCCCCCCC)CCCCCCCCCCCCCC)c(=O)c23)c1C#N,*c1sc2c(sc3c4sc5c(C#N)c(*)sc5c4c(=O)n(CCCC(CCCCCCCCCCCCCC)CCCCCCCCCCCCCC)c(=O)c23)c1C#N,PCNDTI-BTI,*c1cc2c(=O)n(CC(CCCCCCCC)CCCCCCCCCC)c(=O)c3cc(-c4sc5c(sc6c7sc8c(C#N)c(*)sc8c7c(=O)n(CC(CCCCCCCCCC)CCCCCCCCCCCC)c(=O)c56)c4C#N)sc3c2s1,1,0.0,0,0.013,0.0,-3.71,-5.54,*c1cc2c(=O)n(CC(CCCCCCCC)CCCCCCCCCC)c(=O)c3cc(*)sc3c2s1,*c1sc2c(sc3c4sc5c(C#N)c(*)sc5c4c(=O)n(CC(CCCCCCCCCC)CCCCCCCCCCCC)c(=O)c23)c1C#N
10.1021/jacs.0c11608,PCNI-BTI,*c1cc2c(=O)n(CC(CCCCCCCC)CCCCCCCCCC)c(=O)c3cc(-c4sc5c(c4C#N)c(=O)n(CC(CCCCCCCC)CCCCCCCCCC)c(=O)c4c(C#N)c(*)sc45)sc3c2s1,1,0.0,1,0.18,0.0,-3.78,-5.79,*c1cc2c(=O)n(CC(CCCCCCCC)CCCCCCCCCC)c(=O)c3cc(*)sc3c2s1,*c1sc2c(c1C#N)c(=O)n(CC(CCCCCCCC)CCCCCCCCCC)c(=O)c1c(C#N)c(*)sc12,PCNDTI-BTI,*c1cc2c(=O)n(CC(CCCCCCCC)CCCCCCCCCC)c(=O)c3cc(-c4sc5c(sc6c7sc8c(C#N)c(*)sc8c7c(=O)n(CC(CCCCCCCCCC)CCCCCCCCCCCC)c(=O)c56)c4C#N)sc3c2s1,1,0.0,0,0.013,0.0,-3.71,-5.54,*c1cc2c(=O)n(CC(CCCCCCCC)CCCCCCCCCC)c(=O)c3cc(*)sc3c2s1,*c1sc2c(sc3c4sc5c(C#N)c(*)sc5c4c(=O)n(CC(CCCCCCCCCC)CCCCCCCCCCCC)c(=O)c23)c1C#N
10.1021/jacs.5c03046,P2TPh2DPPFT,*c1ccc(C2=C3C(=O)N(CCCCCCCCCCCC)C(c4ccc(C5=C6C(=O)N(CCCCC(CCCCCCCCCC)CCCCCCCCCCCC)C(c7ccc(-c8sc(*)c(F)c8F)s7)=C6C(=O)N5CCCCCCCCCCCC)cc4)=C3C(=O)N2CCCCC(CCCCCCCCCC)CCCCCCCCCCCC)s1,1,0.0,0,0.2,0.2,-3.48,-5.71,*c1sc(*)c(F)c1F,*c1ccc(C2=C3C(=O)N(CCCCCCCCCCCC)C(c4ccc(C5=C6C(=O)N(CCCCC(CCCCCCCCCC)CCCCCCCCCCCC)C(c7ccc(*)s7)=C6C(=O)N5CCCCCCCCCCCC)cc4)=C3C(=O)N2CCCCC(CCCCCCCCCC)CCCCCCCCCCCC)s1,P3T2DPPFT,*c1ccc(C2=C3C(=O)N(CCCCCCCCCCCC)C(c4ccc(C5=C6C(=O)N(CCCCC(CCCCCCCCCC)CCCCCCCCCCCC)C(c7ccc(-c8sc(*)c(F)c8F)s7)=C6C(=O)N5CCCCCCCCCCCC)s4)=C3C(=O)N2CCCCC(CCCCCCCCCC)CCCCCCCCCCCC)s1,1,0.0,0,2.1,6.0,-3.77,-5.31,*c1sc(*)c(F)c1F,*c1ccc(C2=C3C(=O)N(CCCCCCCCCCCC)C(c4ccc(C5=C6C(=O)N(CCCCC(CCCCCCCCCC)CCCCCCCCCCCC)C(c7ccc(*)s7)=C6C(=O)N5CCCCCCCCCCCC)s4)=C3C(=O)N2CCCCC(CCCCCCCCCC)CCCCCCCCCCCC)s1
10.1021/jacs.5c03046,P2TPh2DPPFT,*c1ccc(C2=C3C(=O)N(CCCCCCCCCCCC)C(c4ccc(C5=C6C(=O)N(CCCCC(CCCCCCCCCC)CCCCCCCCCCCC)C(c7ccc(-c8sc(*)c(F)c8F)s7)=C6C(=O)N5CCCCCCCCCCCC)cc4)=C3C(=O)N2CCCCC(CCCCCCCCCC)CCCCCCCCCCCC)s1,1,0.0,0,0.2,0.2,-3.48,-5.71,*c1sc(*)c(F)c1F,*c1ccc(C2=C3C(=O)N(CCCCCCCCCCCC)C(c4ccc(C5=C6C(=O)N(CCCCC(CCCCCCCCCC)CCCCCCCCCCCC)C(c7ccc(*)s7)=C6C(=O)N5CCCCCCCCCCCC)cc4)=C3C(=O)N2CCCCC(CCCCCCCCCC)CCCCCCCCCCCC)s1,PDPPFT,*c1ccc(C2=C3C(=O)N(CCCCC(CCCCCCCCCC)CCCCCCCCCCCC)C(c4ccc(-c5sc(*)c(F)c5F)s4)=C3C(=O)N2CCCCC(CCCCCCCCCC)CCCCCCCCCCCC)s1,1,0.0,0,0.29,0.08,-3.47,-5.61,*c1sc(*)c(F)c1F,*c1ccc(C2=C3C(=O)N(CCCCC(CCCCCCCCCC)CCCCCCCCCCCC)C(c4ccc(*)s4)=C3C(=O)N2CCCCC(CCCCCCCCCC)CCCCCCCCCCCC)s1
10.1021/jacs.5c03046,P3T2DPPFT,*c1ccc(C2=C3C(=O)N(CCCCCCCCCCCC)C(c4ccc(C5=C6C(=O)N(CCCCC(CCCCCCCCCC)CCCCCCCCCCCC)C(c7ccc(-c8sc(*)c(F)c8F)s7)=C6C(=O)N5CCCCCCCCCCCC)s4)=C3C(=O)N2CCCCC(CCCCCCCCCC)CCCCCCCCCCCC)s1,1,0.0,0,2.1,6.0,-3.77,-5.31,*c1sc(*)c(F)c1F,*c1ccc(C2=C3C(=O)N(CCCCCCCCCCCC)C(c4ccc(C5=C6C(=O)N(CCCCC(CCCCCCCCCC)CCCCCCCCCCCC)C(c7ccc(*)s7)=C6C(=O)N5CCCCCCCCCCCC)s4)=C3C(=O)N2CCCCC(CCCCCCCCCC)CCCCCCCCCCCC)s1,PDPPFT,*c1ccc(C2=C3C(=O)N(CCCCC(CCCCCCCCCC)CCCCCCCCCCCC)C(c4ccc(-c5sc(*)c(F)c5F)s4)=C3C(=O)N2CCCCC(CCCCCCCCCC)CCCCCCCCCCCC)s1,1,0.0,0,0.29,0.08,-3.47,-5.61,*c1sc(*)c(F)c1F,*c1ccc(C2=C3C(=O)N(CCCCC(CCCCCCCCCC)CCCCCCCCCCCC)C(c4ccc(*)s4)=C3C(=O)N2CCCCC(CCCCCCCCCC)CCCCCCCCCCCC)s1
10.1021/jacs.6b03688,TTD-2T,*c1ccc(-c2ccc(-c3sc(C4=C5SC(=O)C(c6cc(CCCC(CCCCCCCCCC)CCCCCCCCCCCC)c(*)s6)=C5SC4=O)cc3CCCC(CCCCCCCCCC)CCCCCCCCCCCC)s2)s1,1,0.0,1,0.16,0.34,-3.76,-5.09,*c1ccc(-c2ccc(*)s2)s1,*c1sc(C2=C3SC(=O)C(c4cc(CCCC(CCCCCCCCCC)CCCCCCCCCCCC)c(*)s4)=C3SC2=O)cc1CCCC(CCCCCCCCCC)CCCCCCCCCCCC,Btd-2t (isomer),*c1ccc(-c2ccc(-c3sc(C4=C/C(=C5/C=C(c6cc(CCCC(CCCCCCCCCC)CCCCCCCCCCCC)c(*)s6)C(=O)S5)SC4=O)cc3CCCC(CCCCCCCCCC)CCCCCCCCCCCC)s2)s1,1,1.0,1,0.16,0.16,-3.77,-5.2,*c1ccc(-c2ccc(*)s2)s1,*c1sc(C2=C/C(=C3/C=C(c4cc(CCCC(CCCCCCCCCC)CCCCCCCCCCCC)c(*)s4)C(=O)S3)SC2=O)cc1CCCC(CCCCCCCCCC)CCCCCCCCCCCC
10.1021/jacs.6b03688,TTD-2T,*c1ccc(-c2ccc(-c3sc(C4=C5SC(=O)C(c6cc(CCCC(CCCCCCCCCC)CCCCCCCCCCCC)c(*)s6)=C5SC4=O)cc3CCCC(CCCCCCCCCC)CCCCCCCCCCCC)s2)s1,1,0.0,1,0.16,0.34,-3.76,-5.09,*c1ccc(-c2ccc(*)s2)s1,*c1sc(C2=C3SC(=O)C(c4cc(CCCC(CCCCCCCCCC)CCCCCCCCCCCC)c(*)s4)=C3SC2=O)cc1CCCC(CCCCCCCCCC)CCCCCCCCCCCC,Bdtd-2t,*c1ccc(-c2ccc(-c3sc(C4=c5cc6c(cc5SC4=O)=C(c4cc(CCCC(CCCCCCCCCC)CCCCCCCCCCCC)c(*)s4)C(=O)S6)cc3CCCC(CCCCCCCCCC)CCCCCCCCCCCC)s2)s1,1,0.0,1,0.35,0.3,-4.04,-5.02,*c1ccc(-c2ccc(*)s2)s1,*c1sc(C2=c3cc4c(cc3SC2=O)=C(c2cc(CCCC(CCCCCCCCCC)CCCCCCCCCCCC)c(*)s2)C(=O)S4)cc1CCCC(CCCCCCCCCC)CCCCCCCCCCCC
10.1021/jacs.6b03688,Btd-2t (isomer),*c1ccc(-c2ccc(-c3sc(C4=C/C(=C5/C=C(c6cc(CCCC(CCCCCCCCCC)CCCCCCCCCCCC)c(*)s6)C(=O)S5)SC4=O)cc3CCCC(CCCCCCCCCC)CCCCCCCCCCCC)s2)s1,1,1.0,1,0.16,0.16,-3.77,-5.2,*c1ccc(-c2ccc(*)s2)s1,*c1sc(C2=C/C(=C3/C=C(c4cc(CCCC(CCCCCCCCCC)CCCCCCCCCCCC)c(*)s4)C(=O)S3)SC2=O)cc1CCCC(CCCCCCCCCC)CCCCCCCCCCCC,Bdtd-2t,*c1ccc(-c2ccc(-c3sc(C4=c5cc6c(cc5SC4=O)=C(c4cc(CCCC(CCCCCCCCCC)CCCCCCCCCCCC)c(*)s4)C(=O)S6)cc3CCCC(CCCCCCCCCC)CCCCCCCCCCCC)s2)s1,1,0.0,1,0.35,0.3,-4.04,-5.02,*c1ccc(-c2ccc(*)s2)s1,*c1sc(C2=c3cc4c(cc3SC2=O)=C(c2cc(CCCC(CCCCCCCCCC)CCCCCCCCCCCC)c(*)s2)C(=O)S4)cc1CCCC(CCCCCCCCCC)CCCCCCCCCCCC
10.1021/jacs.7b03099,PIDSeBT,*c1cc2c([se]1)-c1cc3c(cc1C2(CCCCCCCCCCCCCCCC)CCCCCCCCCCCCCCCC)-c1[se]c(-c2ccc(*)c4nsnc24)cc1C3(CCCCCCCCCCCCCCCC)CCCCCCCCCCCCCCCC,1,0.0,0,0.0,6.4,-3.63,-5.22,*c1cc2c([se]1)-c1cc3c(cc1C2(CCCCCCCCCCCCCCCC)CCCCCCCCCCCCCCCC)-c1[se]c(*)cc1C3(CCCCCCCCCCCCCCCC)CCCCCCCCCCCCCCCC,*c1ccc(*)c2nsnc12,PCPDSBT,*c1cc2c([se]1)-c1[se]c(-c3ccc(*)c4nsnc34)cc1C2(CCCCCCCCCCCCCCCC)CCCCCCCCCCCCCCCC,1,0.0,0,0.0,0.15,-3.64,-4.85,*c1cc2c([se]1)-c1[se]c(*)cc1C2(CCCCCCCCCCCCCCCC)CCCCCCCCCCCCCCCC,*c1ccc(*)c2nsnc12
10.1021/jacs.7b04031,AQM-2T,*c1ccc(/C=c2\nc(OCC(CCCCCCCC)CCCCCCCCCC)/c(=C/c3ccc(*)s3)nc2OCC(CCCCCCCC)CCCCCCCCCC)s1,1,0.0,1,0.0,0.034,-3.58,-4.9,*c1ccc(/C=c2\nc(OCC(CCCCCCCC)CCCCCCCCCC)/c(=C/c3ccc(*)s3)nc2OCC(CCCCCCCC)CCCCCCCCCC)s1,*c1ccc(/C=c2\nc(OCC(CCCCCCCC)CCCCCCCCCC)/c(=C/c3ccc(*)s3)nc2OCC(CCCCCCCC)CCCCCCCCCC)s1,AQM-3T,*c1ccc(/C=c2\nc(OCC(CCCCCCCCCC)CCCCCCCCCCCC)/c(=C/c3ccc(-c4ccc(*)s4)s3)nc2OCC(CCCCCCCCCC)CCCCCCCCCCCC)s1,1,0.0,0,0.0,0.54,-3.53,-5.02,*c1ccc(*)s1,*c1ccc(/C=c2\nc(OCC(CCCCCCCCCC)CCCCCCCCCCCC)/c(=C/c3ccc(*)s3)nc2OCC(CCCCCCCCCC)CCCCCCCCCCCC)s1
10.1021/jacs.7b04031,AQM-2T,*c1ccc(/C=c2\nc(OCC(CCCCCCCC)CCCCCCCCCC)/c(=C/c3ccc(*)s3)nc2OCC(CCCCCCCC)CCCCCCCCCC)s1,1,0.0,1,0.0,0.034,-3.58,-4.9,*c1ccc(/C=c2\nc(OCC(CCCCCCCC)CCCCCCCCCC)/c(=C/c3ccc(*)s3)nc2OCC(CCCCCCCC)CCCCCCCCCC)s1,*c1ccc(/C=c2\nc(OCC(CCCCCCCC)CCCCCCCCCC)/c(=C/c3ccc(*)s3)nc2OCC(CCCCCCCC)CCCCCCCCCC)s1,AQM-4T,*c1ccc(/C=c2\nc(OCC(CCCCCCCCCC)CCCCCCCCCCCC)/c(=C/c3ccc(-c4ccc(-c5ccc(*)s5)s4)s3)nc2OCC(CCCCCCCCCC)CCCCCCCCCCCC)s1,1,0.0,1,0.0,0.084,-3.54,-5.07,*c1ccc(-c2ccc(*)s2)s1,*c1ccc(/C=c2\nc(OCC(CCCCCCCCCC)CCCCCCCCCCCC)/c(=C/c3ccc(*)s3)nc2OCC(CCCCCCCCCC)CCCCCCCCCCCC)s1
10.1021/jacs.7b04031,AQM-3T,*c1ccc(/C=c2\nc(OCC(CCCCCCCCCC)CCCCCCCCCCCC)/c(=C/c3ccc(-c4ccc(*)s4)s3)nc2OCC(CCCCCCCCCC)CCCCCCCCCCCC)s1,1,0.0,0,0.0,0.54,-3.53,-5.02,*c1ccc(*)s1,*c1ccc(/C=c2\nc(OCC(CCCCCCCCCC)CCCCCCCCCCCC)/c(=C/c3ccc(*)s3)nc2OCC(CCCCCCCCCC)CCCCCCCCCCCC)s1,AQM-4T,*c1ccc(/C=c2\nc(OCC(CCCCCCCCCC)CCCCCCCCCCCC)/c(=C/c3ccc(-c4ccc(-c5ccc(*)s5)s4)s3)nc2OCC(CCCCCCCCCC)CCCCCCCCCCCC)s1,1,0.0,1,0.0,0.084,-3.54,-5.07,*c1ccc(-c2ccc(*)s2)s1,*c1ccc(/C=c2\nc(OCC(CCCCCCCCCC)CCCCCCCCCCCC)/c(=C/c3ccc(*)s3)nc2OCC(CCCCCCCCCC)CCCCCCCCCCCC)s1
10.1021/jacs.7b07750,26NBA-BT,*c1ccc(-c2ccc(-c3cc4c5c(c(*)cc6c5c3C(=O)N6CC(CCCCCCCC)CCCCCCCCCC)C(=O)N4CC(CCCCCCCC)CCCCCCCCCC)s2)s1,1,0.0,1,0.39,0.14,-3.89,-5.58,*c1ccc(-c2ccc(*)s2)s1,*c1cc2c3c(c(*)cc4c3c1C(=O)N4CC(CCCCCCCC)CCCCCCCCCC)C(=O)N2CC(CCCCCCCC)CCCCCCCCCC,26NBA-BT-2,*c1ccc(-c2ccc(-c3cc4c5c(c(*)cc6c5c3C(=O)N6CC(CCCCCCCCCCCCCC)CCCCCCCCCCCCCC)C(=O)N4CC(CCCCCCCCCCCCCC)CCCCCCCCCCCCCC)s2)s1,1,0.0,1,0.11,0.03,-3.94,-5.63,*c1ccc(-c2ccc(*)s2)s1,*c1cc2c3c(c(*)cc4c3c1C(=O)N4CC(CCCCCCCCCCCCCC)CCCCCCCCCCCCCC)C(=O)N2CC(CCCCCCCCCCCCCC)CCCCCCCCCCCCCC
10.1021/jacs.7b07750,26NBA-BT,*c1ccc(-c2ccc(-c3cc4c5c(c(*)cc6c5c3C(=O)N6CC(CCCCCCCC)CCCCCCCCCC)C(=O)N4CC(CCCCCCCC)CCCCCCCCCC)s2)s1,1,0.0,1,0.39,0.14,-3.89,-5.58,*c1ccc(-c2ccc(*)s2)s1,*c1cc2c3c(c(*)cc4c3c1C(=O)N4CC(CCCCCCCC)CCCCCCCCCC)C(=O)N2CC(CCCCCCCC)CCCCCCCCCC,26NBA-DTE,*c1ccc(/C=C/c2ccc(-c3cc4c5c(c(*)cc6c5c3C(=O)N6CC(CCCCCCCCCCCCCC)CCCCCCCCCCCCCC)C(=O)N4CC(CCCCCCCCCCCCCC)CCCCCCCCCCCCCC)s2)s1,1,0.0,1,0.06,0.32,-3.89,-5.53,*c1ccc(/C=C/c2ccc(*)s2)s1,*c1cc2c3c(c(*)cc4c3c1C(=O)N4CC(CCCCCCCCCCCCCC)CCCCCCCCCCCCCC)C(=O)N2CC(CCCCCCCCCCCCCC)CCCCCCCCCCCCCC
10.1021/jacs.7b07750,26NBA-BT-2,*c1ccc(-c2ccc(-c3cc4c5c(c(*)cc6c5c3C(=O)N6CC(CCCCCCCCCCCCCC)CCCCCCCCCCCCCC)C(=O)N4CC(CCCCCCCCCCCCCC)CCCCCCCCCCCCCC)s2)s1,1,0.0,1,0.11,0.03,-3.94,-5.63,*c1ccc(-c2ccc(*)s2)s1,*c1cc2c3c(c(*)cc4c3c1C(=O)N4CC(CCCCCCCCCCCCCC)CCCCCCCCCCCCCC)C(=O)N2CC(CCCCCCCCCCCCCC)CCCCCCCCCCCCCC,26NBA-DTE,*c1ccc(/C=C/c2ccc(-c3cc4c5c(c(*)cc6c5c3C(=O)N6CC(CCCCCCCCCCCCCC)CCCCCCCCCCCCCC)C(=O)N4CC(CCCCCCCCCCCCCC)CCCCCCCCCCCCCC)s2)s1,1,0.0,1,0.06,0.32,-3.89,-5.53,*c1ccc(/C=C/c2ccc(*)s2)s1,*c1cc2c3c(c(*)cc4c3c1C(=O)N4CC(CCCCCCCCCCCCCC)CCCCCCCCCCCCCC)C(=O)N2CC(CCCCCCCCCCCCCC)CCCCCCCCCCCCCC
10.1021/jacs.7b10332,PhF23,*c1cc2c(s1)-c1sc(-c3ccc(*)c(F)c3F)cc1C2(CCCCCCCCCCCCCCCC)CCCCCCCCCCCCCCCC,1,0.0,1,0.0,1.1,-3.25,-5.3,*c1cc2c(s1)-c1sc(*)cc1C2(CCCCCCCCCCCCCCCC)CCCCCCCCCCCCCCCC,*c1ccc(*)c(F)c1F,PhF25,*c1cc2c(s1)-c1sc(-c3cc(F)c(*)cc3F)cc1C2(CCCCCCCCCCCCCCCC)CCCCCCCCCCCCCCCC,1,0.0,1,0.0,1.0,-3.31,-5.25,*c1cc2c(s1)-c1sc(*)cc1C2(CCCCCCCCCCCCCCCC)CCCCCCCCCCCCCCCC,*c1cc(F)c(*)cc1F
10.1021/jacs.7b10332,PhF23,*c1cc2c(s1)-c1sc(-c3ccc(*)c(F)c3F)cc1C2(CCCCCCCCCCCCCCCC)CCCCCCCCCCCCCCCC,1,0.0,1,0.0,1.1,-3.25,-5.3,*c1cc2c(s1)-c1sc(*)cc1C2(CCCCCCCCCCCCCCCC)CCCCCCCCCCCCCCCC,*c1ccc(*)c(F)c1F,PhF26,*c1cc(F)c(-c2cc3c(s2)-c2sc(-c4c(F)cc(-c5cc6c(s5)-c5sc(*)cc5C6(CCCCCCCCCCCCCCCC)CCCCCCCCCCCCCCCC)cc4F)cc2C3(CCCCCCCCCCCCCCCC)CCCCCCCCCCCCCCCC)c(F)c1,1,0.0,1,0.0,1.1,-3.34,-5.3,*c1cc2c(s1)-c1sc(*)cc1C2(CCCCCCCCCCCCCCCC)CCCCCCCCCCCCCCCC,*c1cc(F)c(-c2cc3c(s2)-c2sc(-c4c(F)cc(*)cc4F)cc2C3(CCCCCCCCCCCCCCCC)CCCCCCCCCCCCCCCC)c(F)c1
10.1021/jacs.7b10332,PhF25,*c1cc2c(s1)-c1sc(-c3cc(F)c(*)cc3F)cc1C2(CCCCCCCCCCCCCCCC)CCCCCCCCCCCCCCCC,1,0.0,1,0.0,1.0,-3.31,-5.25,*c1cc2c(s1)-c1sc(*)cc1C2(CCCCCCCCCCCCCCCC)CCCCCCCCCCCCCCCC,*c1cc(F)c(*)cc1F,PhF26,*c1cc(F)c(-c2cc3c(s2)-c2sc(-c4c(F)cc(-c5cc6c(s5)-c5sc(*)cc5C6(CCCCCCCCCCCCCCCC)CCCCCCCCCCCCCCCC)cc4F)cc2C3(CCCCCCCCCCCCCCCC)CCCCCCCCCCCCCCCC)c(F)c1,1,0.0,1,0.0,1.1,-3.34,-5.3,*c1cc2c(s1)-c1sc(*)cc1C2(CCCCCCCCCCCCCCCC)CCCCCCCCCCCCCCCC,*c1cc(F)c(-c2cc3c(s2)-c2sc(-c4c(F)cc(*)cc4F)cc2C3(CCCCCCCCCCCCCCCC)CCCCCCCCCCCCCCCC)c(F)c1
10.1021/jacs.8b02144,PBTI1,*c1cc2c(=O)n(CC(CCCCCCCC)CCCCCCCCCC)c(=O)c3cc(*)sc3c2s1,1,0.0,1,1.53,0.0,-3.48,-5.46,*c1cc2c(=O)n(CC(CCCCCCCC)CCCCCCCCCC)c(=O)c3cc(*)sc3c2s1,*c1cc2c(=O)n(CC(CCCCCCCC)CCCCCCCCCC)c(=O)c3cc(*)sc3c2s1,PBTI2,*c1cc2c(=O)n(CC(CCCCCCCC)CCCCCCCCCC)c(=O)c3c(sc4c3sc3c5sc(*)cc5c(=O)n(CC(CCCCCCCC)CCCCCCCCCC)c(=O)c34)c2s1,1,0.0,1,1.34,0.0,-3.53,-5.39,*c1cc2c(=O)n(CC(CCCCCCCC)CCCCCCCCCC)c(=O)c3c(sc4c3sc3c5sc(*)cc5c(=O)n(CC(CCCCCCCC)CCCCCCCCCC)c(=O)c34)c2s1,*c1cc2c(=O)n(CC(CCCCCCCC)CCCCCCCCCC)c(=O)c3c(sc4c3sc3c5sc(*)cc5c(=O)n(CC(CCCCCCCC)CCCCCCCCCC)c(=O)c34)c2s1
10.1021/jacs.8b02144,PBTI1,*c1cc2c(=O)n(CC(CCCCCCCC)CCCCCCCCCC)c(=O)c3cc(*)sc3c2s1,1,0.0,1,1.53,0.0,-3.48,-5.46,*c1cc2c(=O)n(CC(CCCCCCCC)CCCCCCCCCC)c(=O)c3cc(*)sc3c2s1,*c1cc2c(=O)n(CC(CCCCCCCC)CCCCCCCCCC)c(=O)c3cc(*)sc3c2s1,PBTI3,*c1cc2c(=O)n(CC(CCCCCCCC)CCCCCCCCCC)c(=O)c3c(sc4c3sc3c5sc6c(sc7c8sc(*)cc8c(=O)n(CC(CCCCCCCC)CCCCCCCCCC)c(=O)c76)c5c(=O)n(CC(CCCCCCCC)CCCCCCCCCC)c(=O)c43)c2s1,1,0.0,1,0.53,0.0,-3.59,-5.41,*c1cc2c(=O)n(CC(CCCCCCCC)CCCCCCCCCC)c(=O)c3c(sc4c3sc3c5sc6c(sc7c8sc(*)cc8c(=O)n(CC(CCCCCCCC)CCCCCCCCCC)c(=O)c76)c5c(=O)n(CC(CCCCCCCC)CCCCCCCCCC)c(=O)c43)c2s1,*c1cc2c(=O)n(CC(CCCCCCCC)CCCCCCCCCC)c(=O)c3c(sc4c3sc3c5sc6c(sc7c8sc(*)cc8c(=O)n(CC(CCCCCCCC)CCCCCCCCCC)c(=O)c76)c5c(=O)n(CC(CCCCCCCC)CCCCCCCCCC)c(=O)c43)c2s1
10.1021/jacs.8b02144,PBTI1,*c1cc2c(=O)n(CC(CCCCCCCC)CCCCCCCCCC)c(=O)c3cc(*)sc3c2s1,1,0.0,1,1.53,0.0,-3.48,-5.46,*c1cc2c(=O)n(CC(CCCCCCCC)CCCCCCCCCC)c(=O)c3cc(*)sc3c2s1,*c1cc2c(=O)n(CC(CCCCCCCC)CCCCCCCCCC)c(=O)c3cc(*)sc3c2s1,PBTI4,*c1cc2c(=O)n(CC(CCCCCCCC)CCCCCCCCCC)c(=O)c3c(sc4c3sc3c5sc6c(sc7c8sc9c(sc%10c%11sc(*)cc%11c(=O)n(CC(CCCCCCCC)CCCCCCCCCC)c(=O)c%109)c8c(=O)n(CC(CCCCCCCC)CCCCCCCCCC)c(=O)c76)c5c(=O)n(CC(CCCCCCCC)CCCCCCCCCC)c(=O)c43)c2s1,1,0.0,1,0.21,0.0,-3.67,-5.47,*c1cc2c(=O)n(CC(CCCCCCCC)CCCCCCCCCC)c(=O)c3c(sc4c3sc3c5sc6c(sc7c8sc9c(sc%10c%11sc(*)cc%11c(=O)n(CC(CCCCCCCC)CCCCCCCCCC)c(=O)c%109)c8c(=O)n(CC(CCCCCCCC)CCCCCCCCCC)c(=O)c76)c5c(=O)n(CC(CCCCCCCC)CCCCCCCCCC)c(=O)c43)c2s1,*c1cc2c(=O)n(CC(CCCCCCCC)CCCCCCCCCC)c(=O)c3c(sc4c3sc3c5sc6c(sc7c8sc9c(sc%10c%11sc(*)cc%11c(=O)n(CC(CCCCCCCC)CCCCCCCCCC)c(=O)c%109)c8c(=O)n(CC(CCCCCCCC)CCCCCCCCCC)c(=O)c76)c5c(=O)n(CC(CCCCCCCC)CCCCCCCCCC)c(=O)c43)c2s1
10.1021/jacs.8b02144,PBTI1,*c1cc2c(=O)n(CC(CCCCCCCC)CCCCCCCCCC)c(=O)c3cc(*)sc3c2s1,1,0.0,1,1.53,0.0,-3.48,-5.46,*c1cc2c(=O)n(CC(CCCCCCCC)CCCCCCCCCC)c(=O)c3cc(*)sc3c2s1,*c1cc2c(=O)n(CC(CCCCCCCC)CCCCCCCCCC)c(=O)c3cc(*)sc3c2s1,PBTI5,*c1cc2c(=O)n(CC(CCCCCCCC)CCCCCCCCCC)c(=O)c3c(sc4c3sc3c5sc6c(sc7c8sc9c(sc%10c%11sc%12c(sc%13c%14sc(*)cc%14c(=O)n(CC(CCCCCCCC)CCCCCCCCCC)c(=O)c%13%12)c%11c(=O)n(CC(CCCCCCCC)CCCCCCCCCC)c(=O)c%109)c8c(=O)n(CC(CCCCCCCC)CCCCCCCCCC)c(=O)c67)c5c(=O)n(CC(CCCCCCCC)CCCCCCCCCC)c(=O)c43)c2s1,1,0.0,1,0.014,0.0,-3.72,-5.49,*c1cc2c(=O)n(CC(CCCCCCCC)CCCCCCCCCC)c(=O)c3c(sc4c3sc3c5sc6c(sc7c8sc9c(sc%10c%11sc%12c(sc%13c%14sc(*)cc%14c(=O)n(CC(CCCCCCCC)CCCCCCCCCC)c(=O)c%13%12)c%11c(=O)n(CC(CCCCCCCC)CCCCCCCCCC)c(=O)c%109)c8c(=O)n(CC(CCCCCCCC)CCCCCCCCCC)c(=O)c67)c5c(=O)n(CC(CCCCCCCC)CCCCCCCCCC)c(=O)c43)c2s1,*c1cc2c(=O)n(CC(CCCCCCCC)CCCCCCCCCC)c(=O)c3c(sc4c3sc3c5sc6c(sc7c8sc9c(sc%10c%11sc%12c(sc%13c%14sc(*)cc%14c(=O)n(CC(CCCCCCCC)CCCCCCCCCC)c(=O)c%13%12)c%11c(=O)n(CC(CCCCCCCC)CCCCCCCCCC)c(=O)c%109)c8c(=O)n(CC(CCCCCCCC)CCCCCCCCCC)c(=O)c67)c5c(=O)n(CC(CCCCCCCC)CCCCCCCCCC)c(=O)c43)c2s1
10.1021/jacs.8b02144,PBTI2,*c1cc2c(=O)n(CC(CCCCCCCC)CCCCCCCCCC)c(=O)c3c(sc4c3sc3c5sc(*)cc5c(=O)n(CC(CCCCCCCC)CCCCCCCCCC)c(=O)c34)c2s1,1,0.0,1,1.34,0.0,-3.53,-5.39,*c1cc2c(=O)n(CC(CCCCCCCC)CCCCCCCCCC)c(=O)c3c(sc4c3sc3c5sc(*)cc5c(=O)n(CC(CCCCCCCC)CCCCCCCCCC)c(=O)c34)c2s1,*c1cc2c(=O)n(CC(CCCCCCCC)CCCCCCCCCC)c(=O)c3c(sc4c3sc3c5sc(*)cc5c(=O)n(CC(CCCCCCCC)CCCCCCCCCC)c(=O)c34)c2s1,PBTI3,*c1cc2c(=O)n(CC(CCCCCCCC)CCCCCCCCCC)c(=O)c3c(sc4c3sc3c5sc6c(sc7c8sc(*)cc8c(=O)n(CC(CCCCCCCC)CCCCCCCCCC)c(=O)c76)c5c(=O)n(CC(CCCCCCCC)CCCCCCCCCC)c(=O)c43)c2s1,1,0.0,1,0.53,0.0,-3.59,-5.41,*c1cc2c(=O)n(CC(CCCCCCCC)CCCCCCCCCC)c(=O)c3c(sc4c3sc3c5sc6c(sc7c8sc(*)cc8c(=O)n(CC(CCCCCCCC)CCCCCCCCCC)c(=O)c76)c5c(=O)n(CC(CCCCCCCC)CCCCCCCCCC)c(=O)c43)c2s1,*c1cc2c(=O)n(CC(CCCCCCCC)CCCCCCCCCC)c(=O)c3c(sc4c3sc3c5sc6c(sc7c8sc(*)cc8c(=O)n(CC(CCCCCCCC)CCCCCCCCCC)c(=O)c76)c5c(=O)n(CC(CCCCCCCC)CCCCCCCCCC)c(=O)c43)c2s1
10.1021/jacs.8b02144,PBTI2,*c1cc2c(=O)n(CC(CCCCCCCC)CCCCCCCCCC)c(=O)c3c(sc4c3sc3c5sc(*)cc5c(=O)n(CC(CCCCCCCC)CCCCCCCCCC)c(=O)c34)c2s1,1,0.0,1,1.34,0.0,-3.53,-5.39,*c1cc2c(=O)n(CC(CCCCCCCC)CCCCCCCCCC)c(=O)c3c(sc4c3sc3c5sc(*)cc5c(=O)n(CC(CCCCCCCC)CCCCCCCCCC)c(=O)c34)c2s1,*c1cc2c(=O)n(CC(CCCCCCCC)CCCCCCCCCC)c(=O)c3c(sc4c3sc3c5sc(*)cc5c(=O)n(CC(CCCCCCCC)CCCCCCCCCC)c(=O)c34)c2s1,PBTI4,*c1cc2c(=O)n(CC(CCCCCCCC)CCCCCCCCCC)c(=O)c3c(sc4c3sc3c5sc6c(sc7c8sc9c(sc%10c%11sc(*)cc%11c(=O)n(CC(CCCCCCCC)CCCCCCCCCC)c(=O)c%109)c8c(=O)n(CC(CCCCCCCC)CCCCCCCCCC)c(=O)c76)c5c(=O)n(CC(CCCCCCCC)CCCCCCCCCC)c(=O)c43)c2s1,1,0.0,1,0.21,0.0,-3.67,-5.47,*c1cc2c(=O)n(CC(CCCCCCCC)CCCCCCCCCC)c(=O)c3c(sc4c3sc3c5sc6c(sc7c8sc9c(sc%10c%11sc(*)cc%11c(=O)n(CC(CCCCCCCC)CCCCCCCCCC)c(=O)c%109)c8c(=O)n(CC(CCCCCCCC)CCCCCCCCCC)c(=O)c76)c5c(=O)n(CC(CCCCCCCC)CCCCCCCCCC)c(=O)c43)c2s1,*c1cc2c(=O)n(CC(CCCCCCCC)CCCCCCCCCC)c(=O)c3c(sc4c3sc3c5sc6c(sc7c8sc9c(sc%10c%11sc(*)cc%11c(=O)n(CC(CCCCCCCC)CCCCCCCCCC)c(=O)c%109)c8c(=O)n(CC(CCCCCCCC)CCCCCCCCCC)c(=O)c76)c5c(=O)n(CC(CCCCCCCC)CCCCCCCCCC)c(=O)c43)c2s1
10.1021/jacs.8b02144,PBTI2,*c1cc2c(=O)n(CC(CCCCCCCC)CCCCCCCCCC)c(=O)c3c(sc4c3sc3c5sc(*)cc5c(=O)n(CC(CCCCCCCC)CCCCCCCCCC)c(=O)c34)c2s1,1,0.0,1,1.34,0.0,-3.53,-5.39,*c1cc2c(=O)n(CC(CCCCCCCC)CCCCCCCCCC)c(=O)c3c(sc4c3sc3c5sc(*)cc5c(=O)n(CC(CCCCCCCC)CCCCCCCCCC)c(=O)c34)c2s1,*c1cc2c(=O)n(CC(CCCCCCCC)CCCCCCCCCC)c(=O)c3c(sc4c3sc3c5sc(*)cc5c(=O)n(CC(CCCCCCCC)CCCCCCCCCC)c(=O)c34)c2s1,PBTI5,*c1cc2c(=O)n(CC(CCCCCCCC)CCCCCCCCCC)c(=O)c3c(sc4c3sc3c5sc6c(sc7c8sc9c(sc%10c%11sc%12c(sc%13c%14sc(*)cc%14c(=O)n(CC(CCCCCCCC)CCCCCCCCCC)c(=O)c%13%12)c%11c(=O)n(CC(CCCCCCCC)CCCCCCCCCC)c(=O)c%109)c8c(=O)n(CC(CCCCCCCC)CCCCCCCCCC)c(=O)c67)c5c(=O)n(CC(CCCCCCCC)CCCCCCCCCC)c(=O)c43)c2s1,1,0.0,1,0.014,0.0,-3.72,-5.49,*c1cc2c(=O)n(CC(CCCCCCCC)CCCCCCCCCC)c(=O)c3c(sc4c3sc3c5sc6c(sc7c8sc9c(sc%10c%11sc%12c(sc%13c%14sc(*)cc%14c(=O)n(CC(CCCCCCCC)CCCCCCCCCC)c(=O)c%13%12)c%11c(=O)n(CC(CCCCCCCC)CCCCCCCCCC)c(=O)c%109)c8c(=O)n(CC(CCCCCCCC)CCCCCCCCCC)c(=O)c67)c5c(=O)n(CC(CCCCCCCC)CCCCCCCCCC)c(=O)c43)c2s1,*c1cc2c(=O)n(CC(CCCCCCCC)CCCCCCCCCC)c(=O)c3c(sc4c3sc3c5sc6c(sc7c8sc9c(sc%10c%11sc%12c(sc%13c%14sc(*)cc%14c(=O)n(CC(CCCCCCCC)CCCCCCCCCC)c(=O)c%13%12)c%11c(=O)n(CC(CCCCCCCC)CCCCCCCCCC)c(=O)c%109)c8c(=O)n(CC(CCCCCCCC)CCCCCCCCCC)c(=O)c67)c5c(=O)n(CC(CCCCCCCC)CCCCCCCCCC)c(=O)c43)c2s1
10.1021/jacs.8b02144,PBTI3,*c1cc2c(=O)n(CC(CCCCCCCC)CCCCCCCCCC)c(=O)c3c(sc4c3sc3c5sc6c(sc7c8sc(*)cc8c(=O)n(CC(CCCCCCCC)CCCCCCCCCC)c(=O)c76)c5c(=O)n(CC(CCCCCCCC)CCCCCCCCCC)c(=O)c43)c2s1,1,0.0,1,0.53,0.0,-3.59,-5.41,*c1cc2c(=O)n(CC(CCCCCCCC)CCCCCCCCCC)c(=O)c3c(sc4c3sc3c5sc6c(sc7c8sc(*)cc8c(=O)n(CC(CCCCCCCC)CCCCCCCCCC)c(=O)c76)c5c(=O)n(CC(CCCCCCCC)CCCCCCCCCC)c(=O)c43)c2s1,*c1cc2c(=O)n(CC(CCCCCCCC)CCCCCCCCCC)c(=O)c3c(sc4c3sc3c5sc6c(sc7c8sc(*)cc8c(=O)n(CC(CCCCCCCC)CCCCCCCCCC)c(=O)c76)c5c(=O)n(CC(CCCCCCCC)CCCCCCCCCC)c(=O)c43)c2s1,PBTI4,*c1cc2c(=O)n(CC(CCCCCCCC)CCCCCCCCCC)c(=O)c3c(sc4c3sc3c5sc6c(sc7c8sc9c(sc%10c%11sc(*)cc%11c(=O)n(CC(CCCCCCCC)CCCCCCCCCC)c(=O)c%109)c8c(=O)n(CC(CCCCCCCC)CCCCCCCCCC)c(=O)c76)c5c(=O)n(CC(CCCCCCCC)CCCCCCCCCC)c(=O)c43)c2s1,1,0.0,1,0.21,0.0,-3.67,-5.47,*c1cc2c(=O)n(CC(CCCCCCCC)CCCCCCCCCC)c(=O)c3c(sc4c3sc3c5sc6c(sc7c8sc9c(sc%10c%11sc(*)cc%11c(=O)n(CC(CCCCCCCC)CCCCCCCCCC)c(=O)c%109)c8c(=O)n(CC(CCCCCCCC)CCCCCCCCCC)c(=O)c76)c5c(=O)n(CC(CCCCCCCC)CCCCCCCCCC)c(=O)c43)c2s1,*c1cc2c(=O)n(CC(CCCCCCCC)CCCCCCCCCC)c(=O)c3c(sc4c3sc3c5sc6c(sc7c8sc9c(sc%10c%11sc(*)cc%11c(=O)n(CC(CCCCCCCC)CCCCCCCCCC)c(=O)c%109)c8c(=O)n(CC(CCCCCCCC)CCCCCCCCCC)c(=O)c76)c5c(=O)n(CC(CCCCCCCC)CCCCCCCCCC)c(=O)c43)c2s1
10.1021/jacs.8b02144,PBTI3,*c1cc2c(=O)n(CC(CCCCCCCC)CCCCCCCCCC)c(=O)c3c(sc4c3sc3c5sc6c(sc7c8sc(*)cc8c(=O)n(CC(CCCCCCCC)CCCCCCCCCC)c(=O)c76)c5c(=O)n(CC(CCCCCCCC)CCCCCCCCCC)c(=O)c43)c2s1,1,0.0,1,0.53,0.0,-3.59,-5.41,*c1cc2c(=O)n(CC(CCCCCCCC)CCCCCCCCCC)c(=O)c3c(sc4c3sc3c5sc6c(sc7c8sc(*)cc8c(=O)n(CC(CCCCCCCC)CCCCCCCCCC)c(=O)c76)c5c(=O)n(CC(CCCCCCCC)CCCCCCCCCC)c(=O)c43)c2s1,*c1cc2c(=O)n(CC(CCCCCCCC)CCCCCCCCCC)c(=O)c3c(sc4c3sc3c5sc6c(sc7c8sc(*)cc8c(=O)n(CC(CCCCCCCC)CCCCCCCCCC)c(=O)c76)c5c(=O)n(CC(CCCCCCCC)CCCCCCCCCC)c(=O)c43)c2s1,PBTI5,*c1cc2c(=O)n(CC(CCCCCCCC)CCCCCCCCCC)c(=O)c3c(sc4c3sc3c5sc6c(sc7c8sc9c(sc%10c%11sc%12c(sc%13c%14sc(*)cc%14c(=O)n(CC(CCCCCCCC)CCCCCCCCCC)c(=O)c%13%12)c%11c(=O)n(CC(CCCCCCCC)CCCCCCCCCC)c(=O)c%109)c8c(=O)n(CC(CCCCCCCC)CCCCCCCCCC)c(=O)c67)c5c(=O)n(CC(CCCCCCCC)CCCCCCCCCC)c(=O)c43)c2s1,1,0.0,1,0.014,0.0,-3.72,-5.49,*c1cc2c(=O)n(CC(CCCCCCCC)CCCCCCCCCC)c(=O)c3c(sc4c3sc3c5sc6c(sc7c8sc9c(sc%10c%11sc%12c(sc%13c%14sc(*)cc%14c(=O)n(CC(CCCCCCCC)CCCCCCCCCC)c(=O)c%13%12)c%11c(=O)n(CC(CCCCCCCC)CCCCCCCCCC)c(=O)c%109)c8c(=O)n(CC(CCCCCCCC)CCCCCCCCCC)c(=O)c67)c5c(=O)n(CC(CCCCCCCC)CCCCCCCCCC)c(=O)c43)c2s1,*c1cc2c(=O)n(CC(CCCCCCCC)CCCCCCCCCC)c(=O)c3c(sc4c3sc3c5sc6c(sc7c8sc9c(sc%10c%11sc%12c(sc%13c%14sc(*)cc%14c(=O)n(CC(CCCCCCCC)CCCCCCCCCC)c(=O)c%13%12)c%11c(=O)n(CC(CCCCCCCC)CCCCCCCCCC)c(=O)c%109)c8c(=O)n(CC(CCCCCCCC)CCCCCCCCCC)c(=O)c67)c5c(=O)n(CC(CCCCCCCC)CCCCCCCCCC)c(=O)c43)c2s1
10.1021/jacs.8b02144,PBTI4,*c1cc2c(=O)n(CC(CCCCCCCC)CCCCCCCCCC)c(=O)c3c(sc4c3sc3c5sc6c(sc7c8sc9c(sc%10c%11sc(*)cc%11c(=O)n(CC(CCCCCCCC)CCCCCCCCCC)c(=O)c%109)c8c(=O)n(CC(CCCCCCCC)CCCCCCCCCC)c(=O)c76)c5c(=O)n(CC(CCCCCCCC)CCCCCCCCCC)c(=O)c43)c2s1,1,0.0,1,0.21,0.0,-3.67,-5.47,*c1cc2c(=O)n(CC(CCCCCCCC)CCCCCCCCCC)c(=O)c3c(sc4c3sc3c5sc6c(sc7c8sc9c(sc%10c%11sc(*)cc%11c(=O)n(CC(CCCCCCCC)CCCCCCCCCC)c(=O)c%109)c8c(=O)n(CC(CCCCCCCC)CCCCCCCCCC)c(=O)c76)c5c(=O)n(CC(CCCCCCCC)CCCCCCCCCC)c(=O)c43)c2s1,*c1cc2c(=O)n(CC(CCCCCCCC)CCCCCCCCCC)c(=O)c3c(sc4c3sc3c5sc6c(sc7c8sc9c(sc%10c%11sc(*)cc%11c(=O)n(CC(CCCCCCCC)CCCCCCCCCC)c(=O)c%109)c8c(=O)n(CC(CCCCCCCC)CCCCCCCCCC)c(=O)c76)c5c(=O)n(CC(CCCCCCCC)CCCCCCCCCC)c(=O)c43)c2s1,PBTI5,*c1cc2c(=O)n(CC(CCCCCCCC)CCCCCCCCCC)c(=O)c3c(sc4c3sc3c5sc6c(sc7c8sc9c(sc%10c%11sc%12c(sc%13c%14sc(*)cc%14c(=O)n(CC(CCCCCCCC)CCCCCCCCCC)c(=O)c%13%12)c%11c(=O)n(CC(CCCCCCCC)CCCCCCCCCC)c(=O)c%109)c8c(=O)n(CC(CCCCCCCC)CCCCCCCCCC)c(=O)c67)c5c(=O)n(CC(CCCCCCCC)CCCCCCCCCC)c(=O)c43)c2s1,1,0.0,1,0.014,0.0,-3.72,-5.49,*c1cc2c(=O)n(CC(CCCCCCCC)CCCCCCCCCC)c(=O)c3c(sc4c3sc3c5sc6c(sc7c8sc9c(sc%10c%11sc%12c(sc%13c%14sc(*)cc%14c(=O)n(CC(CCCCCCCC)CCCCCCCCCC)c(=O)c%13%12)c%11c(=O)n(CC(CCCCCCCC)CCCCCCCCCC)c(=O)c%109)c8c(=O)n(CC(CCCCCCCC)CCCCCCCCCC)c(=O)c67)c5c(=O)n(CC(CCCCCCCC)CCCCCCCCCC)c(=O)c43)c2s1,*c1cc2c(=O)n(CC(CCCCCCCC)CCCCCCCCCC)c(=O)c3c(sc4c3sc3c5sc6c(sc7c8sc9c(sc%10c%11sc%12c(sc%13c%14sc(*)cc%14c(=O)n(CC(CCCCCCCC)CCCCCCCCCC)c(=O)c%13%12)c%11c(=O)n(CC(CCCCCCCC)CCCCCCCCCC)c(=O)c%109)c8c(=O)n(CC(CCCCCCCC)CCCCCCCCCC)c(=O)c67)c5c(=O)n(CC(CCCCCCCC)CCCCCCCCCC)c(=O)c43)c2s1
10.1021/jacs.8b12499,NDI-BBTV,*c1cc2c3c(c(-c4sc(-c5ccc(/C=C/c6ccc(-c7cc(CCCCCC)c(*)s7)c7nsnc67)c6nsnc56)cc4CCCCCC)cc4c3c1C(=O)N(CC(CCCCCCCCCC)CCCCCCCCCCCC)C4=O)C(=O)N(CC(CCCCCCCCCC)CCCCCCCCCCCC)C2=O,1,0.0,1,0.05,0.0,-3.79,-5.89,*c1cc2c3c(c(*)cc4c3c1C(=O)N(CC(CCCCCCCCCC)CCCCCCCCCCCC)C4=O)C(=O)N(CC(CCCCCCCCCC)CCCCCCCCCCCC)C2=O,*c1sc(-c2ccc(/C=C/c3ccc(-c4cc(CCCCCC)c(*)s4)c4nsnc34)c3nsnc23)cc1CCCCCC,NDI-BBTV-F,*c1cc2c3c(c(-c4sc(-c5cc(F)c(/C=C/c6c(F)cc(-c7cc(CCCCCC)c(*)s7)c7nsnc67)c6nsnc56)cc4CCCCCC)cc4c3c1C(=O)N(CC(CCCCCCCCCC)CCCCCCCCCCCC)C4=O)C(=O)N(CC(CCCCCCCCCC)CCCCCCCCCCCC)C2=O,1,0.0,1,0.35,0.0,-3.82,-5.92,*c1cc2c3c(c(*)cc4c3c1C(=O)N(CC(CCCCCCCCCC)CCCCCCCCCCCC)C4=O)C(=O)N(CC(CCCCCCCCCC)CCCCCCCCCCCC)C2=O,*c1sc(-c2cc(F)c(/C=C/c3c(F)cc(-c4cc(CCCCCC)c(*)s4)c4nsnc34)c3nsnc23)cc1CCCCCC
10.1021/jacs.8b12499,NDI-BBTV,*c1cc2c3c(c(-c4sc(-c5ccc(/C=C/c6ccc(-c7cc(CCCCCC)c(*)s7)c7nsnc67)c6nsnc56)cc4CCCCCC)cc4c3c1C(=O)N(CC(CCCCCCCCCC)CCCCCCCCCCCC)C4=O)C(=O)N(CC(CCCCCCCCCC)CCCCCCCCCCCC)C2=O,1,0.0,1,0.05,0.0,-3.79,-5.89,*c1cc2c3c(c(*)cc4c3c1C(=O)N(CC(CCCCCCCCCC)CCCCCCCCCCCC)C4=O)C(=O)N(CC(CCCCCCCCCC)CCCCCCCCCCCC)C2=O,*c1sc(-c2ccc(/C=C/c3ccc(-c4cc(CCCCCC)c(*)s4)c4nsnc34)c3nsnc23)cc1CCCCCC,NDIV-BBTV-F,*/C=C/c1cc2c3c(c(/C=C/c4sc(-c5cc(F)c(/C=C/c6c(F)cc(-c7cc(CCCCCC)c(*)s7)c7nsnc67)c6nsnc56)cc4CCCCCC)cc4c3c1C(=O)N(CC(CCCCCCCCCC)CCCCCCCCCCCC)C4=O)C(=O)N(CC(CCCCCCCCCC)CCCCCCCCCCCC)C2=O,1,0.0,1,3.95,0.0,-3.8,-5.71,*c1sc(-c2cc(F)c(/C=C/c3c(F)cc(-c4cc(CCCCCC)c(*)s4)c4nsnc34)c3nsnc23)cc1CCCCCC,*/C=C/c1cc2c3c(c(/C=C/*)cc4c3c1C(=O)N(CC(CCCCCCCCCC)CCCCCCCCCCCC)C4=O)C(=O)N(CC(CCCCCCCCCC)CCCCCCCCCCCC)C2=O
10.1021/jacs.8b12499,NDI-BBTV,*c1cc2c3c(c(-c4sc(-c5ccc(/C=C/c6ccc(-c7cc(CCCCCC)c(*)s7)c7nsnc67)c6nsnc56)cc4CCCCCC)cc4c3c1C(=O)N(CC(CCCCCCCCCC)CCCCCCCCCCCC)C4=O)C(=O)N(CC(CCCCCCCCCC)CCCCCCCCCCCC)C2=O,1,0.0,1,0.05,0.0,-3.79,-5.89,*c1cc2c3c(c(*)cc4c3c1C(=O)N(CC(CCCCCCCCCC)CCCCCCCCCCCC)C4=O)C(=O)N(CC(CCCCCCCCCC)CCCCCCCCCCCC)C2=O,*c1sc(-c2ccc(/C=C/c3ccc(-c4cc(CCCCCC)c(*)s4)c4nsnc34)c3nsnc23)cc1CCCCCC,NDIV-SNT,*/C=C/c1cc2c3c(c(/C=C/c4ccc(-c5c6c(c(-c7ccc(*)s7)c7nn(CC(CC)CCCC)nc57)N=S=N6)s4)cc4c3c1C(=O)N(CC(CCCCCCCCCC)CCCCCCCCCCCC)C4=O)C(=O)N(CC(CCCCCCCCCC)CCCCCCCCCCCC)C2=O,1,0.0,0,7.37,0.0,-3.87,-5.4,*c1ccc(-c2c3c(c(-c4ccc(*)s4)c4nn(CC(CC)CCCC)nc24)N=S=N3)s1,*/C=C/c1cc2c3c(c(/C=C/*)cc4c3c1C(=O)N(CC(CCCCCCCCCC)CCCCCCCCCCCC)C4=O)C(=O)N(CC(CCCCCCCCCC)CCCCCCCCCCCC)C2=O
10.1021/jacs.8b12499,NDI-BBTV,*c1cc2c3c(c(-c4sc(-c5ccc(/C=C/c6ccc(-c7cc(CCCCCC)c(*)s7)c7nsnc67)c6nsnc56)cc4CCCCCC)cc4c3c1C(=O)N(CC(CCCCCCCCCC)CCCCCCCCCCCC)C4=O)C(=O)N(CC(CCCCCCCCCC)CCCCCCCCCCCC)C2=O,1,0.0,1,0.05,0.0,-3.79,-5.89,*c1cc2c3c(c(*)cc4c3c1C(=O)N(CC(CCCCCCCCCC)CCCCCCCCCCCC)C4=O)C(=O)N(CC(CCCCCCCCCC)CCCCCCCCCCCC)C2=O,*c1sc(-c2ccc(/C=C/c3ccc(-c4cc(CCCCCC)c(*)s4)c4nsnc34)c3nsnc23)cc1CCCCCC,pSNT,*c1ccc(-c2c3c(c(-c4ccc(-c5cc6c7c(c(*)cc8c7c5C(=O)N(CC(CCCCCCCCCC)CCCCCCCCCCCC)C8=O)C(=O)N(CC(CCCCCCCCCC)CCCCCCCCCCCC)C6=O)s4)c4nn(CC(CC)CCCC)nc24)N=S=N3)s1,1,0.0,0,5.35,0.0,-3.88,-5.45,*c1cc2c3c(c(*)cc4c3c1C(=O)N(CC(CCCCCCCCCC)CCCCCCCCCCCC)C4=O)C(=O)N(CC(CCCCCCCCCC)CCCCCCCCCCCC)C2=O,*c1ccc(-c2c3c(c(-c4ccc(*)s4)c4nn(CC(CC)CCCC)nc24)N=S=N3)s1
10.1021/jacs.8b12499,NDI-BBTV-F,*c1cc2c3c(c(-c4sc(-c5cc(F)c(/C=C/c6c(F)cc(-c7cc(CCCCCC)c(*)s7)c7nsnc67)c6nsnc56)cc4CCCCCC)cc4c3c1C(=O)N(CC(CCCCCCCCCC)CCCCCCCCCCCC)C4=O)C(=O)N(CC(CCCCCCCCCC)CCCCCCCCCCCC)C2=O,1,0.0,1,0.35,0.0,-3.82,-5.92,*c1cc2c3c(c(*)cc4c3c1C(=O)N(CC(CCCCCCCCCC)CCCCCCCCCCCC)C4=O)C(=O)N(CC(CCCCCCCCCC)CCCCCCCCCCCC)C2=O,*c1sc(-c2cc(F)c(/C=C/c3c(F)cc(-c4cc(CCCCCC)c(*)s4)c4nsnc34)c3nsnc23)cc1CCCCCC,NDIV-BBTV-F,*/C=C/c1cc2c3c(c(/C=C/c4sc(-c5cc(F)c(/C=C/c6c(F)cc(-c7cc(CCCCCC)c(*)s7)c7nsnc67)c6nsnc56)cc4CCCCCC)cc4c3c1C(=O)N(CC(CCCCCCCCCC)CCCCCCCCCCCC)C4=O)C(=O)N(CC(CCCCCCCCCC)CCCCCCCCCCCC)C2=O,1,0.0,1,3.95,0.0,-3.8,-5.71,*c1sc(-c2cc(F)c(/C=C/c3c(F)cc(-c4cc(CCCCCC)c(*)s4)c4nsnc34)c3nsnc23)cc1CCCCCC,*/C=C/c1cc2c3c(c(/C=C/*)cc4c3c1C(=O)N(CC(CCCCCCCCCC)CCCCCCCCCCCC)C4=O)C(=O)N(CC(CCCCCCCCCC)CCCCCCCCCCCC)C2=O
10.1021/jacs.8b12499,NDI-BBTV-F,*c1cc2c3c(c(-c4sc(-c5cc(F)c(/C=C/c6c(F)cc(-c7cc(CCCCCC)c(*)s7)c7nsnc67)c6nsnc56)cc4CCCCCC)cc4c3c1C(=O)N(CC(CCCCCCCCCC)CCCCCCCCCCCC)C4=O)C(=O)N(CC(CCCCCCCCCC)CCCCCCCCCCCC)C2=O,1,0.0,1,0.35,0.0,-3.82,-5.92,*c1cc2c3c(c(*)cc4c3c1C(=O)N(CC(CCCCCCCCCC)CCCCCCCCCCCC)C4=O)C(=O)N(CC(CCCCCCCCCC)CCCCCCCCCCCC)C2=O,*c1sc(-c2cc(F)c(/C=C/c3c(F)cc(-c4cc(CCCCCC)c(*)s4)c4nsnc34)c3nsnc23)cc1CCCCCC,NDIV-SNT,*/C=C/c1cc2c3c(c(/C=C/c4ccc(-c5c6c(c(-c7ccc(*)s7)c7nn(CC(CC)CCCC)nc57)N=S=N6)s4)cc4c3c1C(=O)N(CC(CCCCCCCCCC)CCCCCCCCCCCC)C4=O)C(=O)N(CC(CCCCCCCCCC)CCCCCCCCCCCC)C2=O,1,0.0,0,7.37,0.0,-3.87,-5.4,*c1ccc(-c2c3c(c(-c4ccc(*)s4)c4nn(CC(CC)CCCC)nc24)N=S=N3)s1,*/C=C/c1cc2c3c(c(/C=C/*)cc4c3c1C(=O)N(CC(CCCCCCCCCC)CCCCCCCCCCCC)C4=O)C(=O)N(CC(CCCCCCCCCC)CCCCCCCCCCCC)C2=O
10.1021/jacs.8b12499,NDI-BBTV-F,*c1cc2c3c(c(-c4sc(-c5cc(F)c(/C=C/c6c(F)cc(-c7cc(CCCCCC)c(*)s7)c7nsnc67)c6nsnc56)cc4CCCCCC)cc4c3c1C(=O)N(CC(CCCCCCCCCC)CCCCCCCCCCCC)C4=O)C(=O)N(CC(CCCCCCCCCC)CCCCCCCCCCCC)C2=O,1,0.0,1,0.35,0.0,-3.82,-5.92,*c1cc2c3c(c(*)cc4c3c1C(=O)N(CC(CCCCCCCCCC)CCCCCCCCCCCC)C4=O)C(=O)N(CC(CCCCCCCCCC)CCCCCCCCCCCC)C2=O,*c1sc(-c2cc(F)c(/C=C/c3c(F)cc(-c4cc(CCCCCC)c(*)s4)c4nsnc34)c3nsnc23)cc1CCCCCC,pSNT,*c1ccc(-c2c3c(c(-c4ccc(-c5cc6c7c(c(*)cc8c7c5C(=O)N(CC(CCCCCCCCCC)CCCCCCCCCCCC)C8=O)C(=O)N(CC(CCCCCCCCCC)CCCCCCCCCCCC)C6=O)s4)c4nn(CC(CC)CCCC)nc24)N=S=N3)s1,1,0.0,0,5.35,0.0,-3.88,-5.45,*c1cc2c3c(c(*)cc4c3c1C(=O)N(CC(CCCCCCCCCC)CCCCCCCCCCCC)C4=O)C(=O)N(CC(CCCCCCCCCC)CCCCCCCCCCCC)C2=O,*c1ccc(-c2c3c(c(-c4ccc(*)s4)c4nn(CC(CC)CCCC)nc24)N=S=N3)s1
10.1021/jacs.8b12499,NDIV-BBTV-F,*/C=C/c1cc2c3c(c(/C=C/c4sc(-c5cc(F)c(/C=C/c6c(F)cc(-c7cc(CCCCCC)c(*)s7)c7nsnc67)c6nsnc56)cc4CCCCCC)cc4c3c1C(=O)N(CC(CCCCCCCCCC)CCCCCCCCCCCC)C4=O)C(=O)N(CC(CCCCCCCCCC)CCCCCCCCCCCC)C2=O,1,0.0,1,3.95,0.0,-3.8,-5.71,*c1sc(-c2cc(F)c(/C=C/c3c(F)cc(-c4cc(CCCCCC)c(*)s4)c4nsnc34)c3nsnc23)cc1CCCCCC,*/C=C/c1cc2c3c(c(/C=C/*)cc4c3c1C(=O)N(CC(CCCCCCCCCC)CCCCCCCCCCCC)C4=O)C(=O)N(CC(CCCCCCCCCC)CCCCCCCCCCCC)C2=O,NDIV-SNT,*/C=C/c1cc2c3c(c(/C=C/c4ccc(-c5c6c(c(-c7ccc(*)s7)c7nn(CC(CC)CCCC)nc57)N=S=N6)s4)cc4c3c1C(=O)N(CC(CCCCCCCCCC)CCCCCCCCCCCC)C4=O)C(=O)N(CC(CCCCCCCCCC)CCCCCCCCCCCC)C2=O,1,0.0,0,7.37,0.0,-3.87,-5.4,*c1ccc(-c2c3c(c(-c4ccc(*)s4)c4nn(CC(CC)CCCC)nc24)N=S=N3)s1,*/C=C/c1cc2c3c(c(/C=C/*)cc4c3c1C(=O)N(CC(CCCCCCCCCC)CCCCCCCCCCCC)C4=O)C(=O)N(CC(CCCCCCCCCC)CCCCCCCCCCCC)C2=O
10.1021/jacs.8b12499,NDIV-BBTV-F,*/C=C/c1cc2c3c(c(/C=C/c4sc(-c5cc(F)c(/C=C/c6c(F)cc(-c7cc(CCCCCC)c(*)s7)c7nsnc67)c6nsnc56)cc4CCCCCC)cc4c3c1C(=O)N(CC(CCCCCCCCCC)CCCCCCCCCCCC)C4=O)C(=O)N(CC(CCCCCCCCCC)CCCCCCCCCCCC)C2=O,1,0.0,1,3.95,0.0,-3.8,-5.71,*c1sc(-c2cc(F)c(/C=C/c3c(F)cc(-c4cc(CCCCCC)c(*)s4)c4nsnc34)c3nsnc23)cc1CCCCCC,*/C=C/c1cc2c3c(c(/C=C/*)cc4c3c1C(=O)N(CC(CCCCCCCCCC)CCCCCCCCCCCC)C4=O)C(=O)N(CC(CCCCCCCCCC)CCCCCCCCCCCC)C2=O,pSNT,*c1ccc(-c2c3c(c(-c4ccc(-c5cc6c7c(c(*)cc8c7c5C(=O)N(CC(CCCCCCCCCC)CCCCCCCCCCCC)C8=O)C(=O)N(CC(CCCCCCCCCC)CCCCCCCCCCCC)C6=O)s4)c4nn(CC(CC)CCCC)nc24)N=S=N3)s1,1,0.0,0,5.35,0.0,-3.88,-5.45,*c1cc2c3c(c(*)cc4c3c1C(=O)N(CC(CCCCCCCCCC)CCCCCCCCCCCC)C4=O)C(=O)N(CC(CCCCCCCCCC)CCCCCCCCCCCC)C2=O,*c1ccc(-c2c3c(c(-c4ccc(*)s4)c4nn(CC(CC)CCCC)nc24)N=S=N3)s1
10.1021/jacs.8b12499,NDIV-SNT,*/C=C/c1cc2c3c(c(/C=C/c4ccc(-c5c6c(c(-c7ccc(*)s7)c7nn(CC(CC)CCCC)nc57)N=S=N6)s4)cc4c3c1C(=O)N(CC(CCCCCCCCCC)CCCCCCCCCCCC)C4=O)C(=O)N(CC(CCCCCCCCCC)CCCCCCCCCCCC)C2=O,1,0.0,0,7.37,0.0,-3.87,-5.4,*c1ccc(-c2c3c(c(-c4ccc(*)s4)c4nn(CC(CC)CCCC)nc24)N=S=N3)s1,*/C=C/c1cc2c3c(c(/C=C/*)cc4c3c1C(=O)N(CC(CCCCCCCCCC)CCCCCCCCCCCC)C4=O)C(=O)N(CC(CCCCCCCCCC)CCCCCCCCCCCC)C2=O,pSNT,*c1ccc(-c2c3c(c(-c4ccc(-c5cc6c7c(c(*)cc8c7c5C(=O)N(CC(CCCCCCCCCC)CCCCCCCCCCCC)C8=O)C(=O)N(CC(CCCCCCCCCC)CCCCCCCCCCCC)C6=O)s4)c4nn(CC(CC)CCCC)nc24)N=S=N3)s1,1,0.0,0,5.35,0.0,-3.88,-5.45,*c1cc2c3c(c(*)cc4c3c1C(=O)N(CC(CCCCCCCCCC)CCCCCCCCCCCC)C4=O)C(=O)N(CC(CCCCCCCCCC)CCCCCCCCCCCC)C2=O,*c1ccc(-c2c3c(c(-c4ccc(*)s4)c4nn(CC(CC)CCCC)nc24)N=S=N3)s1
10.1021/jacs.9b09367,IDT-BT,*c1cc2c(s1)-c1cc3c(cc1C2(CCCCCCCCCCCCCCCC)CCCCCCCCCCCCCCCC)-c1sc(-c2ccc(*)c4nsnc24)cc1C3(CCCCCCCCCCCCCCCC)CCCCCCCCCCCCCCCC,1,0.0,0,0.0,1.5,-3.7,-5.4,*c1cc2c(s1)-c1cc3c(cc1C2(CCCCCCCCCCCCCCCC)CCCCCCCCCCCCCCCC)-c1sc(*)cc1C3(CCCCCCCCCCCCCCCC)CCCCCCCCCCCCCCCC,*c1ccc(*)c2nsnc12,TBIDT-BT,*c1cc2cc3sc4c(c3cc2s1)C(CCCCCCCCCCCCCCCC)(CCCCCCCCCCCCCCCC)c1cc2c(cc1-4)C(CCCCCCCCCCCCCCCC)(CCCCCCCCCCCCCCCC)c1c-2sc2cc3cc(-c4ccc(*)c5nsnc45)sc3cc12,1,0.0,0,0.0,0.9,-3.6,-5.5,*c1cc2cc3sc4c(c3cc2s1)C(CCCCCCCCCCCCCCCC)(CCCCCCCCCCCCCCCC)c1cc2c(cc1-4)C(CCCCCCCCCCCCCCCC)(CCCCCCCCCCCCCCCC)c1c-2sc2cc3cc(*)sc3cc12,*c1ccc(*)c2nsnc12
10.1021/jacs.9b10107,TDPP-CT2,*c1ccc(C2=C3C(=O)N(CCCC(CCCCCCCCCCCCCC)CCCCCCCCCCCCCC)C(c4ccc(-c5cc(C#N)c(-c6sc(*)cc6C#N)s5)s4)=C3C(=O)N2CCCC(CCCCCCCCCCCCCC)CCCCCCCCCCCCCC)s1,1,0.0,1,0.32,0.0,-3.7,-5.61,*c1cc(C#N)c(-c2sc(*)cc2C#N)s1,*c1ccc(C2=C3C(=O)N(CCCC(CCCCCCCCCCCCCC)CCCCCCCCCCCCCC)C(c4ccc(*)s4)=C3C(=O)N2CCCC(CCCCCCCCCCCCCC)CCCCCCCCCCCCCC)s1,PzDPP-CT2,*c1cnc(C2=C3C(=O)N(CCCC(CCCCCCCCCCCCCC)CCCCCCCCCCCCCC)C(c4cnc(-c5cc(C#N)c(-c6sc(*)cc6C#N)s5)cn4)=C3C(=O)N2CCCC(CCCCCCCCCCCCCC)CCCCCCCCCCCCCC)cn1,1,0.0,1,0.79,0.0,-4.03,-5.89,*c1cc(C#N)c(-c2sc(*)cc2C#N)s1,*c1cnc(C2=C3C(=O)N(CCCC(CCCCCCCCCCCCCC)CCCCCCCCCCCCCC)C(c4cnc(*)cn4)=C3C(=O)N2CCCC(CCCCCCCCCCCCCC)CCCCCCCCCCCCCC)cn1
10.1021/ma061861g,BTTP,*c1cc(CCCCCCCCCCCC)c(-c2sc(-c3sc(*)cc3CCCCCCCCCCCC)c3nccnc23)s1,1,0.0,0,0.0,0.00071,-3.1,-4.6,*c1cc(CCCCCCCCCCCC)c(-c2sc(-c3sc(*)cc3CCCCCCCCCCCC)c3nccnc23)s1,*c1cc(CCCCCCCCCCCC)c(-c2sc(-c3sc(*)cc3CCCCCCCCCCCC)c3nccnc23)s1,BTTP-P,*c1cc(CCCCCCCCCCCC)c(-c2sc(-c3sc(-c4cc(OCCCCCCCCCC)c(*)cc4OCCCCCCCCCC)cc3CCCCCCCCCCCC)c3nccnc23)s1,1,0.0,0,0.0,0.0011,-2.8,-4.64,*c1cc(OCCCCCCCCCC)c(*)cc1OCCCCCCCCCC,*c1cc(CCCCCCCCCCCC)c(-c2sc(-c3sc(*)cc3CCCCCCCCCCCC)c3nccnc23)s1
10.1021/ma061861g,BTTP,*c1cc(CCCCCCCCCCCC)c(-c2sc(-c3sc(*)cc3CCCCCCCCCCCC)c3nccnc23)s1,1,0.0,0,0.0,0.00071,-3.1,-4.6,*c1cc(CCCCCCCCCCCC)c(-c2sc(-c3sc(*)cc3CCCCCCCCCCCC)c3nccnc23)s1,*c1cc(CCCCCCCCCCCC)c(-c2sc(-c3sc(*)cc3CCCCCCCCCCCC)c3nccnc23)s1,BTTP-F,*c1ccc2c(c1)C(CCCCCCCC)(CCCCCCCC)c1cc(-c3cc(CCCCCCCCCCCC)c(-c4sc(-c5sc(*)cc5CCCCCCCCCCCC)c5nccnc45)s3)ccc1-2,1,0.0,0,0.0,0.0016,-2.8,-5.04,*c1ccc2c(c1)C(CCCCCCCC)(CCCCCCCC)c1cc(*)ccc1-2,*c1cc(CCCCCCCCCCCC)c(-c2sc(-c3sc(*)cc3CCCCCCCCCCCC)c3nccnc23)s1
10.1021/ma061861g,BTTP-P,*c1cc(CCCCCCCCCCCC)c(-c2sc(-c3sc(-c4cc(OCCCCCCCCCC)c(*)cc4OCCCCCCCCCC)cc3CCCCCCCCCCCC)c3nccnc23)s1,1,0.0,0,0.0,0.0011,-2.8,-4.64,*c1cc(OCCCCCCCCCC)c(*)cc1OCCCCCCCCCC,*c1cc(CCCCCCCCCCCC)c(-c2sc(-c3sc(*)cc3CCCCCCCCCCCC)c3nccnc23)s1,BTTP-F,*c1ccc2c(c1)C(CCCCCCCC)(CCCCCCCC)c1cc(-c3cc(CCCCCCCCCCCC)c(-c4sc(-c5sc(*)cc5CCCCCCCCCCCC)c5nccnc45)s3)ccc1-2,1,0.0,0,0.0,0.0016,-2.8,-5.04,*c1ccc2c(c1)C(CCCCCCCC)(CCCCCCCC)c1cc(*)ccc1-2,*c1cc(CCCCCCCCCCCC)c(-c2sc(-c3sc(*)cc3CCCCCCCCCCCC)c3nccnc23)s1
10.1021/ma3005058,PPP24-H,*c1ccc2c(c1)Sc1cc(-c3cc4c5c(ccc6c7c(*)cc8c9c(ccc(c3c56)c97)C(=O)N(CC(CCCCCCCCCC)CCCCCCCCCCCC)C8=O)C(=O)N(CC(CCCCCCCCCC)CCCCCCCCCCCC)C4=O)ccc1N2CCCCCC,1,0.0,0,0.05,0.0,-3.75,-5.85,*c1ccc2c(c1)Sc1cc(*)ccc1N2CCCCCC,*c1cc2c3c(ccc4c5c(*)cc6c7c(ccc(c1c34)c75)C(=O)N(CC(CCCCCCCCCC)CCCCCCCCCCCC)C6=O)C(=O)N(CC(CCCCCCCCCC)CCCCCCCCCCCC)C2=O,PNP24-H,*c1ccc2c(c1)Sc1cc(-c3cc4c5c(c(*)cc6c5c3C(=O)N(CC(CCCCCCCCCC)CCCCCCCCCCCC)C6=O)C(=O)N(CC(CCCCCCCCCC)CCCCCCCCCCCC)C4=O)ccc1N2CCCCCC,1,0.0,0,0.05,0.0,-3.79,-5.83,*c1ccc2c(c1)Sc1cc(*)ccc1N2CCCCCC,*c1cc2c3c(c(*)cc4c3c1C(=O)N(CC(CCCCCCCCCC)CCCCCCCCCCCC)C4=O)C(=O)N(CC(CCCCCCCCCC)CCCCCCCCCCCC)C2=O
10.1021/ma302390z,DTBTBT-Bz,*c1cc2c(CCCCCCCCCCCC)c(CCCCCCCCCCCC)c3c(sc4c3sc3c5sc(-c6ccc(*)c7nsnc67)cc5c(CCCCCCCCCCCC)c(CCCCCCCCCCCC)c34)c2s1,1,0.0,0,0.005,0.01,-3.4,-5.2,*c1cc2c(CCCCCCCCCCCC)c(CCCCCCCCCCCC)c3c(sc4c3sc3c5sc(*)cc5c(CCCCCCCCCCCC)c(CCCCCCCCCCCC)c34)c2s1,*c1ccc(*)c2nsnc12,DTBTBT-T,*c1ccc(-c2cc3c(CCCCCCCCCCCC)c(CCCCCCCCCCCC)c4c(sc5c4sc4c6sc(*)cc6c(CCCCCCCCCCCC)c(CCCCCCCCCCCC)c45)c3s2)s1,1,0.0,0,0.0,0.1,-2.7,-4.9,*c1cc2c(CCCCCCCCCCCC)c(CCCCCCCCCCCC)c3c(sc4c3sc3c5sc(*)cc5c(CCCCCCCCCCCC)c(CCCCCCCCCCCC)c34)c2s1,*c1ccc(*)s1
10.1021/ma302390z,DTBTBT-Bz,*c1cc2c(CCCCCCCCCCCC)c(CCCCCCCCCCCC)c3c(sc4c3sc3c5sc(-c6ccc(*)c7nsnc67)cc5c(CCCCCCCCCCCC)c(CCCCCCCCCCCC)c34)c2s1,1,0.0,0,0.005,0.01,-3.4,-5.2,*c1cc2c(CCCCCCCCCCCC)c(CCCCCCCCCCCC)c3c(sc4c3sc3c5sc(*)cc5c(CCCCCCCCCCCC)c(CCCCCCCCCCCC)c34)c2s1,*c1ccc(*)c2nsnc12,DTBTBT-TT,*c1cc2sc(-c3cc4c(CCCCCCCCCCCC)c(CCCCCCCCCCCC)c5c(sc6c5sc5c7sc(*)cc7c(CCCCCCCCCCCC)c(CCCCCCCCCCCC)c56)c4s3)cc2s1,1,0.0,1,0.0,0.01,-2.7,-4.9,*c1cc2c(CCCCCCCCCCCC)c(CCCCCCCCCCCC)c3c(sc4c3sc3c5sc(*)cc5c(CCCCCCCCCCCC)c(CCCCCCCCCCCC)c34)c2s1,*c1cc2sc(*)cc2s1
10.1021/ma302390z,DTBTBT-Bz,*c1cc2c(CCCCCCCCCCCC)c(CCCCCCCCCCCC)c3c(sc4c3sc3c5sc(-c6ccc(*)c7nsnc67)cc5c(CCCCCCCCCCCC)c(CCCCCCCCCCCC)c34)c2s1,1,0.0,0,0.005,0.01,-3.4,-5.2,*c1cc2c(CCCCCCCCCCCC)c(CCCCCCCCCCCC)c3c(sc4c3sc3c5sc(*)cc5c(CCCCCCCCCCCC)c(CCCCCCCCCCCC)c34)c2s1,*c1ccc(*)c2nsnc12,DTAT-Bz,*c1cc2c(CCCCCCCCCCCC)c(CCCCCCCCCCCC)c3cc4c(cc3c2s1)c(CCCCCCCCCCCC)c(CCCCCCCCCCCC)c1cc(-c2ccc(*)c3nsnc23)sc14,1,0.0,1,0.001,0.005,-3.5,-5.3,*c1cc2c(CCCCCCCCCCCC)c(CCCCCCCCCCCC)c3cc4c(cc3c2s1)c(CCCCCCCCCCCC)c(CCCCCCCCCCCC)c1cc(*)sc14,*c1ccc(*)c2nsnc12
10.1021/ma302390z,DTBTBT-T,*c1ccc(-c2cc3c(CCCCCCCCCCCC)c(CCCCCCCCCCCC)c4c(sc5c4sc4c6sc(*)cc6c(CCCCCCCCCCCC)c(CCCCCCCCCCCC)c45)c3s2)s1,1,0.0,0,0.0,0.1,-2.7,-4.9,*c1cc2c(CCCCCCCCCCCC)c(CCCCCCCCCCCC)c3c(sc4c3sc3c5sc(*)cc5c(CCCCCCCCCCCC)c(CCCCCCCCCCCC)c34)c2s1,*c1ccc(*)s1,DTBTBT-TT,*c1cc2sc(-c3cc4c(CCCCCCCCCCCC)c(CCCCCCCCCCCC)c5c(sc6c5sc5c7sc(*)cc7c(CCCCCCCCCCCC)c(CCCCCCCCCCCC)c56)c4s3)cc2s1,1,0.0,1,0.0,0.01,-2.7,-4.9,*c1cc2c(CCCCCCCCCCCC)c(CCCCCCCCCCCC)c3c(sc4c3sc3c5sc(*)cc5c(CCCCCCCCCCCC)c(CCCCCCCCCCCC)c34)c2s1,*c1cc2sc(*)cc2s1
10.1021/ma302390z,DTBTBT-T,*c1ccc(-c2cc3c(CCCCCCCCCCCC)c(CCCCCCCCCCCC)c4c(sc5c4sc4c6sc(*)cc6c(CCCCCCCCCCCC)c(CCCCCCCCCCCC)c45)c3s2)s1,1,0.0,0,0.0,0.1,-2.7,-4.9,*c1cc2c(CCCCCCCCCCCC)c(CCCCCCCCCCCC)c3c(sc4c3sc3c5sc(*)cc5c(CCCCCCCCCCCC)c(CCCCCCCCCCCC)c34)c2s1,*c1ccc(*)s1,DTAT-Bz,*c1cc2c(CCCCCCCCCCCC)c(CCCCCCCCCCCC)c3cc4c(cc3c2s1)c(CCCCCCCCCCCC)c(CCCCCCCCCCCC)c1cc(-c2ccc(*)c3nsnc23)sc14,1,0.0,1,0.001,0.005,-3.5,-5.3,*c1cc2c(CCCCCCCCCCCC)c(CCCCCCCCCCCC)c3cc4c(cc3c2s1)c(CCCCCCCCCCCC)c(CCCCCCCCCCCC)c1cc(*)sc14,*c1ccc(*)c2nsnc12
10.1021/ma302390z,DTBTBT-TT,*c1cc2sc(-c3cc4c(CCCCCCCCCCCC)c(CCCCCCCCCCCC)c5c(sc6c5sc5c7sc(*)cc7c(CCCCCCCCCCCC)c(CCCCCCCCCCCC)c56)c4s3)cc2s1,1,0.0,1,0.0,0.01,-2.7,-4.9,*c1cc2c(CCCCCCCCCCCC)c(CCCCCCCCCCCC)c3c(sc4c3sc3c5sc(*)cc5c(CCCCCCCCCCCC)c(CCCCCCCCCCCC)c34)c2s1,*c1cc2sc(*)cc2s1,DTAT-Bz,*c1cc2c(CCCCCCCCCCCC)c(CCCCCCCCCCCC)c3cc4c(cc3c2s1)c(CCCCCCCCCCCC)c(CCCCCCCCCCCC)c1cc(-c2ccc(*)c3nsnc23)sc14,1,0.0,1,0.001,0.005,-3.5,-5.3,*c1cc2c(CCCCCCCCCCCC)c(CCCCCCCCCCCC)c3cc4c(cc3c2s1)c(CCCCCCCCCCCC)c(CCCCCCCCCCCC)c1cc(*)sc14,*c1ccc(*)c2nsnc12
10.1021/ma400568b,isoDPP-DTSi,*c1ccc(C2=C3C(=C(c4ccc(-c5cc6c(s5)-c5sc(*)cc5[Si]6(CC(CC)CCCC)CC(CC)CCCC)s4)C(=O)N3CCCCCCCCCC)N(CCCCCCCCCC)C2=O)s1,1,0.0,0,0.0,0.034,-3.52,-5.51,*c1cc2c(s1)-c1sc(*)cc1[Si]2(CC(CC)CCCC)CC(CC)CCCC,*c1ccc(C2=C3C(=C(c4ccc(*)s4)C(=O)N3CCCCCCCCCC)N(CCCCCCCCCC)C2=O)s1,isoDPP-4T,*c1ccc(C2=C3C(=C(c4ccc(-c5cc(CCCCCCCCCCCC)c(-c6ccc(-c7ccc(-c8sc(*)cc8CCCCCCCCCCCC)s7)s6)s5)s4)C(=O)N3CC(CCCC)CCCCCC)N(CC(CCCC)CCCCCC)C2=O)s1,1,0.0,1,0.0,0.00018,-3.49,-5.62,*c1cc(CCCCCCCCCCCC)c(-c2ccc(-c3ccc(-c4sc(*)cc4CCCCCCCCCCCC)s3)s2)s1,*c1ccc(C2=C3C(=C(c4ccc(*)s4)C(=O)N3CC(CCCC)CCCCCC)N(CC(CCCC)CCCCCC)C2=O)s1
10.1021/ma400568b,isoDPP-DTSi,*c1ccc(C2=C3C(=C(c4ccc(-c5cc6c(s5)-c5sc(*)cc5[Si]6(CC(CC)CCCC)CC(CC)CCCC)s4)C(=O)N3CCCCCCCCCC)N(CCCCCCCCCC)C2=O)s1,1,0.0,0,0.0,0.034,-3.52,-5.51,*c1cc2c(s1)-c1sc(*)cc1[Si]2(CC(CC)CCCC)CC(CC)CCCC,*c1ccc(C2=C3C(=C(c4ccc(*)s4)C(=O)N3CCCCCCCCCC)N(CCCCCCCCCC)C2=O)s1,isoDPP-BDT,*c1ccc(C2=C3C(=C(c4ccc(-c5cc6c(CCCCCCCCCCCC)c7sc(*)cc7c(CCCCCCCCCCCC)c6s5)s4)C(=O)N3CC(CCCC)CCCCCC)N(CC(CCCC)CCCCCC)C2=O)s1,1,0.0,1,0.0,0.00043,-3.48,-5.62,*c1cc2c(CCCCCCCCCCCC)c3sc(*)cc3c(CCCCCCCCCCCC)c2s1,*c1ccc(C2=C3C(=C(c4ccc(*)s4)C(=O)N3CC(CCCC)CCCCCC)N(CC(CCCC)CCCCCC)C2=O)s1
10.1021/ma400568b,isoDPP-DTSi,*c1ccc(C2=C3C(=C(c4ccc(-c5cc6c(s5)-c5sc(*)cc5[Si]6(CC(CC)CCCC)CC(CC)CCCC)s4)C(=O)N3CCCCCCCCCC)N(CCCCCCCCCC)C2=O)s1,1,0.0,0,0.0,0.034,-3.52,-5.51,*c1cc2c(s1)-c1sc(*)cc1[Si]2(CC(CC)CCCC)CC(CC)CCCC,*c1ccc(C2=C3C(=C(c4ccc(*)s4)C(=O)N3CCCCCCCCCC)N(CCCCCCCCCC)C2=O)s1,isoDPP-BDTO,*c1ccc(C2=C3C(=C(c4ccc(-c5cc6c(OCCCCCCCCCCCC)c7sc(*)cc7c(OCCCCCCCCCCCC)c6s5)s4)C(=O)N3CC(CCCC)CCCCCC)N(CC(CCCC)CCCCCC)C2=O)s1,1,0.0,1,0.0,0.00016,-3.48,-5.59,*c1cc2c(OCCCCCCCCCCCC)c3sc(*)cc3c(OCCCCCCCCCCCC)c2s1,*c1ccc(C2=C3C(=C(c4ccc(*)s4)C(=O)N3CC(CCCC)CCCCCC)N(CC(CCCC)CCCCCC)C2=O)s1
10.1021/ma400568b,isoDPP-DTSi,*c1ccc(C2=C3C(=C(c4ccc(-c5cc6c(s5)-c5sc(*)cc5[Si]6(CC(CC)CCCC)CC(CC)CCCC)s4)C(=O)N3CCCCCCCCCC)N(CCCCCCCCCC)C2=O)s1,1,0.0,0,0.0,0.034,-3.52,-5.51,*c1cc2c(s1)-c1sc(*)cc1[Si]2(CC(CC)CCCC)CC(CC)CCCC,*c1ccc(C2=C3C(=C(c4ccc(*)s4)C(=O)N3CCCCCCCCCC)N(CCCCCCCCCC)C2=O)s1,isoDPP-BTO,*c1ccc(C2=C3C(=C(c4ccc(-c5cc(OCCCCCCCCCCCC)c(-c6sc(*)cc6OCCCCCCCCCCCC)s5)s4)C(=O)N3CC(CCCC)CCCCCC)N(CC(CCCC)CCCCCC)C2=O)s1,1,0.0,1,0.0,0.00025,-3.4,-5.16,*c1cc(OCCCCCCCCCCCC)c(-c2sc(*)cc2OCCCCCCCCCCCC)s1,*c1ccc(C2=C3C(=C(c4ccc(*)s4)C(=O)N3CC(CCCC)CCCCCC)N(CC(CCCC)CCCCCC)C2=O)s1
10.1021/ma400568b,isoDPP-4T,*c1ccc(C2=C3C(=C(c4ccc(-c5cc(CCCCCCCCCCCC)c(-c6ccc(-c7ccc(-c8sc(*)cc8CCCCCCCCCCCC)s7)s6)s5)s4)C(=O)N3CC(CCCC)CCCCCC)N(CC(CCCC)CCCCCC)C2=O)s1,1,0.0,1,0.0,0.00018,-3.49,-5.62,*c1cc(CCCCCCCCCCCC)c(-c2ccc(-c3ccc(-c4sc(*)cc4CCCCCCCCCCCC)s3)s2)s1,*c1ccc(C2=C3C(=C(c4ccc(*)s4)C(=O)N3CC(CCCC)CCCCCC)N(CC(CCCC)CCCCCC)C2=O)s1,isoDPP-BDT,*c1ccc(C2=C3C(=C(c4ccc(-c5cc6c(CCCCCCCCCCCC)c7sc(*)cc7c(CCCCCCCCCCCC)c6s5)s4)C(=O)N3CC(CCCC)CCCCCC)N(CC(CCCC)CCCCCC)C2=O)s1,1,0.0,1,0.0,0.00043,-3.48,-5.62,*c1cc2c(CCCCCCCCCCCC)c3sc(*)cc3c(CCCCCCCCCCCC)c2s1,*c1ccc(C2=C3C(=C(c4ccc(*)s4)C(=O)N3CC(CCCC)CCCCCC)N(CC(CCCC)CCCCCC)C2=O)s1
10.1021/ma400568b,isoDPP-4T,*c1ccc(C2=C3C(=C(c4ccc(-c5cc(CCCCCCCCCCCC)c(-c6ccc(-c7ccc(-c8sc(*)cc8CCCCCCCCCCCC)s7)s6)s5)s4)C(=O)N3CC(CCCC)CCCCCC)N(CC(CCCC)CCCCCC)C2=O)s1,1,0.0,1,0.0,0.00018,-3.49,-5.62,*c1cc(CCCCCCCCCCCC)c(-c2ccc(-c3ccc(-c4sc(*)cc4CCCCCCCCCCCC)s3)s2)s1,*c1ccc(C2=C3C(=C(c4ccc(*)s4)C(=O)N3CC(CCCC)CCCCCC)N(CC(CCCC)CCCCCC)C2=O)s1,isoDPP-BDTO,*c1ccc(C2=C3C(=C(c4ccc(-c5cc6c(OCCCCCCCCCCCC)c7sc(*)cc7c(OCCCCCCCCCCCC)c6s5)s4)C(=O)N3CC(CCCC)CCCCCC)N(CC(CCCC)CCCCCC)C2=O)s1,1,0.0,1,0.0,0.00016,-3.48,-5.59,*c1cc2c(OCCCCCCCCCCCC)c3sc(*)cc3c(OCCCCCCCCCCCC)c2s1,*c1ccc(C2=C3C(=C(c4ccc(*)s4)C(=O)N3CC(CCCC)CCCCCC)N(CC(CCCC)CCCCCC)C2=O)s1
10.1021/ma400568b,isoDPP-4T,*c1ccc(C2=C3C(=C(c4ccc(-c5cc(CCCCCCCCCCCC)c(-c6ccc(-c7ccc(-c8sc(*)cc8CCCCCCCCCCCC)s7)s6)s5)s4)C(=O)N3CC(CCCC)CCCCCC)N(CC(CCCC)CCCCCC)C2=O)s1,1,0.0,1,0.0,0.00018,-3.49,-5.62,*c1cc(CCCCCCCCCCCC)c(-c2ccc(-c3ccc(-c4sc(*)cc4CCCCCCCCCCCC)s3)s2)s1,*c1ccc(C2=C3C(=C(c4ccc(*)s4)C(=O)N3CC(CCCC)CCCCCC)N(CC(CCCC)CCCCCC)C2=O)s1,isoDPP-BTO,*c1ccc(C2=C3C(=C(c4ccc(-c5cc(OCCCCCCCCCCCC)c(-c6sc(*)cc6OCCCCCCCCCCCC)s5)s4)C(=O)N3CC(CCCC)CCCCCC)N(CC(CCCC)CCCCCC)C2=O)s1,1,0.0,1,0.0,0.00025,-3.4,-5.16,*c1cc(OCCCCCCCCCCCC)c(-c2sc(*)cc2OCCCCCCCCCCCC)s1,*c1ccc(C2=C3C(=C(c4ccc(*)s4)C(=O)N3CC(CCCC)CCCCCC)N(CC(CCCC)CCCCCC)C2=O)s1
10.1021/ma400568b,isoDPP-BDT,*c1ccc(C2=C3C(=C(c4ccc(-c5cc6c(CCCCCCCCCCCC)c7sc(*)cc7c(CCCCCCCCCCCC)c6s5)s4)C(=O)N3CC(CCCC)CCCCCC)N(CC(CCCC)CCCCCC)C2=O)s1,1,0.0,1,0.0,0.00043,-3.48,-5.62,*c1cc2c(CCCCCCCCCCCC)c3sc(*)cc3c(CCCCCCCCCCCC)c2s1,*c1ccc(C2=C3C(=C(c4ccc(*)s4)C(=O)N3CC(CCCC)CCCCCC)N(CC(CCCC)CCCCCC)C2=O)s1,isoDPP-BDTO,*c1ccc(C2=C3C(=C(c4ccc(-c5cc6c(OCCCCCCCCCCCC)c7sc(*)cc7c(OCCCCCCCCCCCC)c6s5)s4)C(=O)N3CC(CCCC)CCCCCC)N(CC(CCCC)CCCCCC)C2=O)s1,1,0.0,1,0.0,0.00016,-3.48,-5.59,*c1cc2c(OCCCCCCCCCCCC)c3sc(*)cc3c(OCCCCCCCCCCCC)c2s1,*c1ccc(C2=C3C(=C(c4ccc(*)s4)C(=O)N3CC(CCCC)CCCCCC)N(CC(CCCC)CCCCCC)C2=O)s1
10.1021/ma400568b,isoDPP-BDT,*c1ccc(C2=C3C(=C(c4ccc(-c5cc6c(CCCCCCCCCCCC)c7sc(*)cc7c(CCCCCCCCCCCC)c6s5)s4)C(=O)N3CC(CCCC)CCCCCC)N(CC(CCCC)CCCCCC)C2=O)s1,1,0.0,1,0.0,0.00043,-3.48,-5.62,*c1cc2c(CCCCCCCCCCCC)c3sc(*)cc3c(CCCCCCCCCCCC)c2s1,*c1ccc(C2=C3C(=C(c4ccc(*)s4)C(=O)N3CC(CCCC)CCCCCC)N(CC(CCCC)CCCCCC)C2=O)s1,isoDPP-BTO,*c1ccc(C2=C3C(=C(c4ccc(-c5cc(OCCCCCCCCCCCC)c(-c6sc(*)cc6OCCCCCCCCCCCC)s5)s4)C(=O)N3CC(CCCC)CCCCCC)N(CC(CCCC)CCCCCC)C2=O)s1,1,0.0,1,0.0,0.00025,-3.4,-5.16,*c1cc(OCCCCCCCCCCCC)c(-c2sc(*)cc2OCCCCCCCCCCCC)s1,*c1ccc(C2=C3C(=C(c4ccc(*)s4)C(=O)N3CC(CCCC)CCCCCC)N(CC(CCCC)CCCCCC)C2=O)s1
10.1021/ma400568b,isoDPP-BDTO,*c1ccc(C2=C3C(=C(c4ccc(-c5cc6c(OCCCCCCCCCCCC)c7sc(*)cc7c(OCCCCCCCCCCCC)c6s5)s4)C(=O)N3CC(CCCC)CCCCCC)N(CC(CCCC)CCCCCC)C2=O)s1,1,0.0,1,0.0,0.00016,-3.48,-5.59,*c1cc2c(OCCCCCCCCCCCC)c3sc(*)cc3c(OCCCCCCCCCCCC)c2s1,*c1ccc(C2=C3C(=C(c4ccc(*)s4)C(=O)N3CC(CCCC)CCCCCC)N(CC(CCCC)CCCCCC)C2=O)s1,isoDPP-BTO,*c1ccc(C2=C3C(=C(c4ccc(-c5cc(OCCCCCCCCCCCC)c(-c6sc(*)cc6OCCCCCCCCCCCC)s5)s4)C(=O)N3CC(CCCC)CCCCCC)N(CC(CCCC)CCCCCC)C2=O)s1,1,0.0,1,0.0,0.00025,-3.4,-5.16,*c1cc(OCCCCCCCCCCCC)c(-c2sc(*)cc2OCCCCCCCCCCCC)s1,*c1ccc(C2=C3C(=C(c4ccc(*)s4)C(=O)N3CC(CCCC)CCCCCC)N(CC(CCCC)CCCCCC)C2=O)s1
10.1021/ma4009803,PNPN2T-BDTO,*c1ccc(-c2cc3cc4c(=O)n(CC(CCCCCCCC)CCCCCCCCCC)c5nc(-c6ccc(-c7cc8c(OCC(CCCCCCCC)CCCCCCCCCC)c9sc(*)cc9c(OCC(CCCCCCCC)CCCCCCCCCC)c8s7)s6)cc6cc7c(=O)n(CC(CCCCCCCC)CCCCCCCCCC)c(n2)c3c7c4c65)s1,1,0.0,1,0.0,0.0021,-3.58,-5.41,*c1cc2c(OCC(CCCCCCCC)CCCCCCCCCC)c3sc(*)cc3c(OCC(CCCCCCCC)CCCCCCCCCC)c2s1,*c1ccc(-c2cc3cc4c(=O)n(CC(CCCCCCCC)CCCCCCCCCC)c5nc(-c6ccc(*)s6)cc6cc7c(=O)n(CC(CCCCCCCC)CCCCCCCCCC)c(n2)c3c7c4c65)s1,PNPN2T-BDT,*c1ccc(-c2cc3cc4c(=O)n(CC(CCCCCCCC)CCCCCCCCCC)c5nc(-c6ccc(-c7cc8c(CCCCCCCCCCCC)c9sc(*)cc9c(CCCCCCCCCCCC)c8s7)s6)cc6cc7c(=O)n(CC(CCCCCCCC)CCCCCCCCCC)c(n2)c3c7c4c65)s1,1,0.0,1,0.0,0.024,-3.59,-5.43,*c1cc2c(CCCCCCCCCCCC)c3sc(*)cc3c(CCCCCCCCCCCC)c2s1,*c1ccc(-c2cc3cc4c(=O)n(CC(CCCCCCCC)CCCCCCCCCC)c5nc(-c6ccc(*)s6)cc6cc7c(=O)n(CC(CCCCCCCC)CCCCCCCCCC)c(n2)c3c7c4c65)s1
10.1021/ma4009803,PNPN2T-BDTO,*c1ccc(-c2cc3cc4c(=O)n(CC(CCCCCCCC)CCCCCCCCCC)c5nc(-c6ccc(-c7cc8c(OCC(CCCCCCCC)CCCCCCCCCC)c9sc(*)cc9c(OCC(CCCCCCCC)CCCCCCCCCC)c8s7)s6)cc6cc7c(=O)n(CC(CCCCCCCC)CCCCCCCCCC)c(n2)c3c7c4c65)s1,1,0.0,1,0.0,0.0021,-3.58,-5.41,*c1cc2c(OCC(CCCCCCCC)CCCCCCCCCC)c3sc(*)cc3c(OCC(CCCCCCCC)CCCCCCCCCC)c2s1,*c1ccc(-c2cc3cc4c(=O)n(CC(CCCCCCCC)CCCCCCCCCC)c5nc(-c6ccc(*)s6)cc6cc7c(=O)n(CC(CCCCCCCC)CCCCCCCCCC)c(n2)c3c7c4c65)s1,PNPN2T-T,*c1ccc(-c2cc3cc4c(=O)n(CC(CCCCCCCC)CCCCCCCCCC)c5nc(-c6ccc(-c7ccc(*)s7)s6)cc6cc7c(=O)n(CC(CCCCCCCC)CCCCCCCCCC)c(n2)c3c7c4c65)s1,1,0.0,0,0.0,0.135,-3.59,-5.39,*c1ccc(*)s1,*c1ccc(-c2cc3cc4c(=O)n(CC(CCCCCCCC)CCCCCCCCCC)c5nc(-c6ccc(*)s6)cc6cc7c(=O)n(CC(CCCCCCCC)CCCCCCCCCC)c(n2)c3c7c4c65)s1
10.1021/ma4009803,PNPN2T-BDT,*c1ccc(-c2cc3cc4c(=O)n(CC(CCCCCCCC)CCCCCCCCCC)c5nc(-c6ccc(-c7cc8c(CCCCCCCCCCCC)c9sc(*)cc9c(CCCCCCCCCCCC)c8s7)s6)cc6cc7c(=O)n(CC(CCCCCCCC)CCCCCCCCCC)c(n2)c3c7c4c65)s1,1,0.0,1,0.0,0.024,-3.59,-5.43,*c1cc2c(CCCCCCCCCCCC)c3sc(*)cc3c(CCCCCCCCCCCC)c2s1,*c1ccc(-c2cc3cc4c(=O)n(CC(CCCCCCCC)CCCCCCCCCC)c5nc(-c6ccc(*)s6)cc6cc7c(=O)n(CC(CCCCCCCC)CCCCCCCCCC)c(n2)c3c7c4c65)s1,PNPN2T-T,*c1ccc(-c2cc3cc4c(=O)n(CC(CCCCCCCC)CCCCCCCCCC)c5nc(-c6ccc(-c7ccc(*)s7)s6)cc6cc7c(=O)n(CC(CCCCCCCC)CCCCCCCCCC)c(n2)c3c7c4c65)s1,1,0.0,0,0.0,0.135,-3.59,-5.39,*c1ccc(*)s1,*c1ccc(-c2cc3cc4c(=O)n(CC(CCCCCCCC)CCCCCCCCCC)c5nc(-c6ccc(*)s6)cc6cc7c(=O)n(CC(CCCCCCCC)CCCCCCCCCC)c(n2)c3c7c4c65)s1
10.1021/ma401128s,TTDPP-T,*c1ccc(-c2cc3sc(C4=C5C(=O)N(CC(CCCCCCCCCC)CCCCCCCCCCCC)C(c6cc7sc(*)cc7s6)=C5C(=O)N4CC(CCCCCCCCCC)CCCCCCCCCCCC)cc3s2)s1,1,0.0,0,0.12,0.33,-3.8,-5.2,*c1ccc(*)s1,*c1cc2sc(C3=C4C(=O)N(CC(CCCCCCCCCC)CCCCCCCCCCCC)C(c5cc6sc(*)cc6s5)=C4C(=O)N3CC(CCCCCCCCCC)CCCCCCCCCCCC)cc2s1,TTDPP-TT,*c1cc2sc(C3=C4C(=O)N(CC(CCCCCCCCCC)CCCCCCCCCCCC)C(c5cc6sc(-c7cc8sc(*)cc8s7)cc6s5)=C4C(=O)N3CC(CCCCCCCCCC)CCCCCCCCCCCC)cc2s1,1,0.0,1,0.009,0.011,-3.7,-5.0,*c1cc2sc(*)cc2s1,*c1cc2sc(C3=C4C(=O)N(CC(CCCCCCCCCC)CCCCCCCCCCCC)C(c5cc6sc(*)cc6s5)=C4C(=O)N3CC(CCCCCCCCCC)CCCCCCCCCCCC)cc2s1
10.1021/ma401128s,TTDPP-T,*c1ccc(-c2cc3sc(C4=C5C(=O)N(CC(CCCCCCCCCC)CCCCCCCCCCCC)C(c6cc7sc(*)cc7s6)=C5C(=O)N4CC(CCCCCCCCCC)CCCCCCCCCCCC)cc3s2)s1,1,0.0,0,0.12,0.33,-3.8,-5.2,*c1ccc(*)s1,*c1cc2sc(C3=C4C(=O)N(CC(CCCCCCCCCC)CCCCCCCCCCCC)C(c5cc6sc(*)cc6s5)=C4C(=O)N3CC(CCCCCCCCCC)CCCCCCCCCCCC)cc2s1,TTDPP-P,*c1ccc(-c2cc3sc(C4=C5C(=O)N(CC(CCCCCCCCCC)CCCCCCCCCCCC)C(c6cc7sc(*)cc7s6)=C5C(=O)N4CC(CCCCCCCCCC)CCCCCCCCCCCC)cc3s2)cc1,1,0.0,1,0.005,0.008,-3.6,-5.1,*c1ccc(*)cc1,*c1cc2sc(C3=C4C(=O)N(CC(CCCCCCCCCC)CCCCCCCCCCCC)C(c5cc6sc(*)cc6s5)=C4C(=O)N3CC(CCCCCCCCCC)CCCCCCCCCCCC)cc2s1
10.1021/ma401128s,TTDPP-T,*c1ccc(-c2cc3sc(C4=C5C(=O)N(CC(CCCCCCCCCC)CCCCCCCCCCCC)C(c6cc7sc(*)cc7s6)=C5C(=O)N4CC(CCCCCCCCCC)CCCCCCCCCCCC)cc3s2)s1,1,0.0,0,0.12,0.33,-3.8,-5.2,*c1ccc(*)s1,*c1cc2sc(C3=C4C(=O)N(CC(CCCCCCCCCC)CCCCCCCCCCCC)C(c5cc6sc(*)cc6s5)=C4C(=O)N3CC(CCCCCCCCCC)CCCCCCCCCCCC)cc2s1,TTDPP-BTz,*c1cc2sc(C3=C4C(=O)N(CC(CCCCCCCCCC)CCCCCCCCCCCC)C(c5cc6sc(-c7ccc(*)c8nsnc78)cc6s5)=C4C(=O)N3CC(CCCCCCCCCC)CCCCCCCCCCCC)cc2s1,1,0.0,0,0.15,0.037,-3.8,-5.1,*c1ccc(*)c2nsnc12,*c1cc2sc(C3=C4C(=O)N(CC(CCCCCCCCCC)CCCCCCCCCCCC)C(c5cc6sc(*)cc6s5)=C4C(=O)N3CC(CCCCCCCCCC)CCCCCCCCCCCC)cc2s1
10.1021/ma401128s,TTDPP-TT,*c1cc2sc(C3=C4C(=O)N(CC(CCCCCCCCCC)CCCCCCCCCCCC)C(c5cc6sc(-c7cc8sc(*)cc8s7)cc6s5)=C4C(=O)N3CC(CCCCCCCCCC)CCCCCCCCCCCC)cc2s1,1,0.0,1,0.009,0.011,-3.7,-5.0,*c1cc2sc(*)cc2s1,*c1cc2sc(C3=C4C(=O)N(CC(CCCCCCCCCC)CCCCCCCCCCCC)C(c5cc6sc(*)cc6s5)=C4C(=O)N3CC(CCCCCCCCCC)CCCCCCCCCCCC)cc2s1,TTDPP-P,*c1ccc(-c2cc3sc(C4=C5C(=O)N(CC(CCCCCCCCCC)CCCCCCCCCCCC)C(c6cc7sc(*)cc7s6)=C5C(=O)N4CC(CCCCCCCCCC)CCCCCCCCCCCC)cc3s2)cc1,1,0.0,1,0.005,0.008,-3.6,-5.1,*c1ccc(*)cc1,*c1cc2sc(C3=C4C(=O)N(CC(CCCCCCCCCC)CCCCCCCCCCCC)C(c5cc6sc(*)cc6s5)=C4C(=O)N3CC(CCCCCCCCCC)CCCCCCCCCCCC)cc2s1
10.1021/ma401128s,TTDPP-TT,*c1cc2sc(C3=C4C(=O)N(CC(CCCCCCCCCC)CCCCCCCCCCCC)C(c5cc6sc(-c7cc8sc(*)cc8s7)cc6s5)=C4C(=O)N3CC(CCCCCCCCCC)CCCCCCCCCCCC)cc2s1,1,0.0,1,0.009,0.011,-3.7,-5.0,*c1cc2sc(*)cc2s1,*c1cc2sc(C3=C4C(=O)N(CC(CCCCCCCCCC)CCCCCCCCCCCC)C(c5cc6sc(*)cc6s5)=C4C(=O)N3CC(CCCCCCCCCC)CCCCCCCCCCCC)cc2s1,TTDPP-BTz,*c1cc2sc(C3=C4C(=O)N(CC(CCCCCCCCCC)CCCCCCCCCCCC)C(c5cc6sc(-c7ccc(*)c8nsnc78)cc6s5)=C4C(=O)N3CC(CCCCCCCCCC)CCCCCCCCCCCC)cc2s1,1,0.0,0,0.15,0.037,-3.8,-5.1,*c1ccc(*)c2nsnc12,*c1cc2sc(C3=C4C(=O)N(CC(CCCCCCCCCC)CCCCCCCCCCCC)C(c5cc6sc(*)cc6s5)=C4C(=O)N3CC(CCCCCCCCCC)CCCCCCCCCCCC)cc2s1
10.1021/ma401128s,TTDPP-P,*c1ccc(-c2cc3sc(C4=C5C(=O)N(CC(CCCCCCCCCC)CCCCCCCCCCCC)C(c6cc7sc(*)cc7s6)=C5C(=O)N4CC(CCCCCCCCCC)CCCCCCCCCCCC)cc3s2)cc1,1,0.0,1,0.005,0.008,-3.6,-5.1,*c1ccc(*)cc1,*c1cc2sc(C3=C4C(=O)N(CC(CCCCCCCCCC)CCCCCCCCCCCC)C(c5cc6sc(*)cc6s5)=C4C(=O)N3CC(CCCCCCCCCC)CCCCCCCCCCCC)cc2s1,TTDPP-BTz,*c1cc2sc(C3=C4C(=O)N(CC(CCCCCCCCCC)CCCCCCCCCCCC)C(c5cc6sc(-c7ccc(*)c8nsnc78)cc6s5)=C4C(=O)N3CC(CCCCCCCCCC)CCCCCCCCCCCC)cc2s1,1,0.0,0,0.15,0.037,-3.8,-5.1,*c1ccc(*)c2nsnc12,*c1cc2sc(C3=C4C(=O)N(CC(CCCCCCCCCC)CCCCCCCCCCCC)C(c5cc6sc(*)cc6s5)=C4C(=O)N3CC(CCCCCCCCCC)CCCCCCCCCCCC)cc2s1
10.1021/ma4013994,"1,2,5,6-NDI-BT (iso-P(NDI2OD-T2))",*c1ccc(-c2ccc(-c3cc4c(cc(*)c5c(=O)n(CC(CCCCCCCC)CCCCCCCCCC)c(=O)c54)c4c(=O)n(CC(CCCCCCCC)CCCCCCCCCC)c(=O)c34)s2)s1,1,0.0,1,7e-05,0.3,-3.72,-5.78,*c1ccc(-c2ccc(*)s2)s1,*c1cc2c(cc(*)c3c(=O)n(CC(CCCCCCCC)CCCCCCCCCC)c(=O)c32)c2c(=O)n(CC(CCCCCCCC)CCCCCCCCCC)c(=O)c12,iso-P(NDI2OD-TT),*c1cc2sc(-c3cc4c(cc(*)c5c(=O)n(CC(CCCCCCCC)CCCCCCCCCC)c(=O)c54)c4c(=O)n(CC(CCCCCCCC)CCCCCCCCCC)c(=O)c34)cc2s1,1,0.0,1,0.004,0.03,-3.6,-5.87,*c1cc2sc(*)cc2s1,*c1cc2c(cc(*)c3c(=O)n(CC(CCCCCCCC)CCCCCCCCCC)c(=O)c32)c2c(=O)n(CC(CCCCCCCC)CCCCCCCCCC)c(=O)c12
10.1021/ma5003694,PBPDTT,*c1ccc(C2=C/C(=C3/C=C(c4ccc(-c5cc6sc(*)cc6s5)s4)N(CC(CCCCCCCC)CCCCCCCCCC)C3=O)C(=O)N2CC(CCCCCCCC)CCCCCCCCCC)s1,1,0.0,1,0.82,1.24,-3.7,-5.0,*c1cc2sc(*)cc2s1,*c1ccc(C2=C/C(=C3/C=C(c4ccc(*)s4)N(CC(CCCCCCCC)CCCCCCCCCC)C3=O)C(=O)N2CC(CCCCCCCC)CCCCCCCCCC)s1,PBPDBT,*c1ccc(C2=C/C(=C3/C=C(c4ccc(-c5ccc(-c6ccc(*)s6)s5)s4)N(CC(CCCCCCCC)CCCCCCCCCC)C3=O)C(=O)N2CC(CCCCCCCC)CCCCCCCCCC)s1,1,0.0,1,0.0,1.37,-3.6,-5.0,*c1ccc(-c2ccc(*)s2)s1,*c1ccc(C2=C/C(=C3/C=C(c4ccc(*)s4)N(CC(CCCCCCCC)CCCCCCCCCC)C3=O)C(=O)N2CC(CCCCCCCC)CCCCCCCCCC)s1
10.1021/ma500733y,PDPPPy,*c1cc2ccc3cc(-c4ccc(C5=C6C(=O)N(CC(CCCCCCCCCCCC)CCCCCCCCCCCCCC)C(c7ccc(*)s7)=C6C(=O)N5CC(CCCCCCCCCCCC)CCCCCCCCCCCCCC)s4)cc4ccc(c1)c2c34,1,0.0,1,0.0,0.68,-3.75,-5.36,*c1cc2ccc3cc(*)cc4ccc(c1)c2c34,*c1ccc(C2=C3C(=O)N(CC(CCCCCCCCCCCC)CCCCCCCCCCCCCC)C(c4ccc(*)s4)=C3C(=O)N2CC(CCCCCCCCCCCC)CCCCCCCCCCCCCC)s1,PDPPNDT,*c1ccc(C2=C3C(=O)N(CC(CCCCCCCCCCCC)CCCCCCCCCCCCCC)C(c4ccc(-c5cc6ccc7c(ccc8cc(*)sc87)c6s5)s4)=C3C(=O)N2CC(CCCCCCCCCCCC)CCCCCCCCCCCCCC)s1,1,0.0,1,0.0,0.78,-3.98,-5.34,*c1cc2ccc3c(ccc4cc(*)sc43)c2s1,*c1ccc(C2=C3C(=O)N(CC(CCCCCCCCCCCC)CCCCCCCCCCCCCC)C(c4ccc(*)s4)=C3C(=O)N2CC(CCCCCCCCCCCC)CCCCCCCCCCCCCC)s1
10.1021/ma500733y,PDPPPy,*c1cc2ccc3cc(-c4ccc(C5=C6C(=O)N(CC(CCCCCCCCCCCC)CCCCCCCCCCCCCC)C(c7ccc(*)s7)=C6C(=O)N5CC(CCCCCCCCCCCC)CCCCCCCCCCCCCC)s4)cc4ccc(c1)c2c34,1,0.0,1,0.0,0.68,-3.75,-5.36,*c1cc2ccc3cc(*)cc4ccc(c1)c2c34,*c1ccc(C2=C3C(=O)N(CC(CCCCCCCCCCCC)CCCCCCCCCCCCCC)C(c4ccc(*)s4)=C3C(=O)N2CC(CCCCCCCCCCCC)CCCCCCCCCCCCCC)s1,PDPPBDT,*c1ccc(C2=C3C(=O)N(CC(CCCCCCCCCCCC)CCCCCCCCCCCCCC)C(c4ccc(-c5cc6cc7sc(*)cc7cc6s5)s4)=C3C(=O)N2CC(CCCCCCCCCCCC)CCCCCCCCCCCCCC)s1,1,0.0,1,0.0,1.31,-4.02,-5.36,*c1cc2cc3sc(*)cc3cc2s1,*c1ccc(C2=C3C(=O)N(CC(CCCCCCCCCCCC)CCCCCCCCCCCCCC)C(c4ccc(*)s4)=C3C(=O)N2CC(CCCCCCCCCCCC)CCCCCCCCCCCCCC)s1
10.1021/ma500733y,PDPPPy,*c1cc2ccc3cc(-c4ccc(C5=C6C(=O)N(CC(CCCCCCCCCCCC)CCCCCCCCCCCCCC)C(c7ccc(*)s7)=C6C(=O)N5CC(CCCCCCCCCCCC)CCCCCCCCCCCCCC)s4)cc4ccc(c1)c2c34,1,0.0,1,0.0,0.68,-3.75,-5.36,*c1cc2ccc3cc(*)cc4ccc(c1)c2c34,*c1ccc(C2=C3C(=O)N(CC(CCCCCCCCCCCC)CCCCCCCCCCCCCC)C(c4ccc(*)s4)=C3C(=O)N2CC(CCCCCCCCCCCC)CCCCCCCCCCCCCC)s1,PDPPDTT,*c1ccc(C2=C3C(=O)N(CC(CCCCCCCCCCCC)CCCCCCCCCCCCCC)C(c4ccc(-c5cc6sc7cc(*)sc7c6s5)s4)=C3C(=O)N2CC(CCCCCCCCCCCC)CCCCCCCCCCCCCC)s1,1,0.0,0,0.0,2.31,-3.91,-5.22,*c1cc2sc3cc(*)sc3c2s1,*c1ccc(C2=C3C(=O)N(CC(CCCCCCCCCCCC)CCCCCCCCCCCCCC)C(c4ccc(*)s4)=C3C(=O)N2CC(CCCCCCCCCCCC)CCCCCCCCCCCCCC)s1
10.1021/ma500733y,PDPPPy,*c1cc2ccc3cc(-c4ccc(C5=C6C(=O)N(CC(CCCCCCCCCCCC)CCCCCCCCCCCCCC)C(c7ccc(*)s7)=C6C(=O)N5CC(CCCCCCCCCCCC)CCCCCCCCCCCCCC)s4)cc4ccc(c1)c2c34,1,0.0,1,0.0,0.68,-3.75,-5.36,*c1cc2ccc3cc(*)cc4ccc(c1)c2c34,*c1ccc(C2=C3C(=O)N(CC(CCCCCCCCCCCC)CCCCCCCCCCCCCC)C(c4ccc(*)s4)=C3C(=O)N2CC(CCCCCCCCCCCC)CCCCCCCCCCCCCC)s1,PDPPTTTT,*c1ccc(C2=C3C(=O)N(CC(CCCCCCCCCCCC)CCCCCCCCCCCCCC)C(c4ccc(-c5cc6sc7c8sc(*)cc8sc7c6s5)s4)=C3C(=O)N2CC(CCCCCCCCCCCC)CCCCCCCCCCCCCC)s1,1,0.0,1,0.0,3.2,-3.91,-5.21,*c1cc2sc3c4sc(*)cc4sc3c2s1,*c1ccc(C2=C3C(=O)N(CC(CCCCCCCCCCCC)CCCCCCCCCCCCCC)C(c4ccc(*)s4)=C3C(=O)N2CC(CCCCCCCCCCCC)CCCCCCCCCCCCCC)s1
10.1021/ma500733y,PDPPNDT,*c1ccc(C2=C3C(=O)N(CC(CCCCCCCCCCCC)CCCCCCCCCCCCCC)C(c4ccc(-c5cc6ccc7c(ccc8cc(*)sc87)c6s5)s4)=C3C(=O)N2CC(CCCCCCCCCCCC)CCCCCCCCCCCCCC)s1,1,0.0,1,0.0,0.78,-3.98,-5.34,*c1cc2ccc3c(ccc4cc(*)sc43)c2s1,*c1ccc(C2=C3C(=O)N(CC(CCCCCCCCCCCC)CCCCCCCCCCCCCC)C(c4ccc(*)s4)=C3C(=O)N2CC(CCCCCCCCCCCC)CCCCCCCCCCCCCC)s1,PDPPBDT,*c1ccc(C2=C3C(=O)N(CC(CCCCCCCCCCCC)CCCCCCCCCCCCCC)C(c4ccc(-c5cc6cc7sc(*)cc7cc6s5)s4)=C3C(=O)N2CC(CCCCCCCCCCCC)CCCCCCCCCCCCCC)s1,1,0.0,1,0.0,1.31,-4.02,-5.36,*c1cc2cc3sc(*)cc3cc2s1,*c1ccc(C2=C3C(=O)N(CC(CCCCCCCCCCCC)CCCCCCCCCCCCCC)C(c4ccc(*)s4)=C3C(=O)N2CC(CCCCCCCCCCCC)CCCCCCCCCCCCCC)s1
10.1021/ma500733y,PDPPNDT,*c1ccc(C2=C3C(=O)N(CC(CCCCCCCCCCCC)CCCCCCCCCCCCCC)C(c4ccc(-c5cc6ccc7c(ccc8cc(*)sc87)c6s5)s4)=C3C(=O)N2CC(CCCCCCCCCCCC)CCCCCCCCCCCCCC)s1,1,0.0,1,0.0,0.78,-3.98,-5.34,*c1cc2ccc3c(ccc4cc(*)sc43)c2s1,*c1ccc(C2=C3C(=O)N(CC(CCCCCCCCCCCC)CCCCCCCCCCCCCC)C(c4ccc(*)s4)=C3C(=O)N2CC(CCCCCCCCCCCC)CCCCCCCCCCCCCC)s1,PDPPDTT,*c1ccc(C2=C3C(=O)N(CC(CCCCCCCCCCCC)CCCCCCCCCCCCCC)C(c4ccc(-c5cc6sc7cc(*)sc7c6s5)s4)=C3C(=O)N2CC(CCCCCCCCCCCC)CCCCCCCCCCCCCC)s1,1,0.0,0,0.0,2.31,-3.91,-5.22,*c1cc2sc3cc(*)sc3c2s1,*c1ccc(C2=C3C(=O)N(CC(CCCCCCCCCCCC)CCCCCCCCCCCCCC)C(c4ccc(*)s4)=C3C(=O)N2CC(CCCCCCCCCCCC)CCCCCCCCCCCCCC)s1
10.1021/ma500733y,PDPPNDT,*c1ccc(C2=C3C(=O)N(CC(CCCCCCCCCCCC)CCCCCCCCCCCCCC)C(c4ccc(-c5cc6ccc7c(ccc8cc(*)sc87)c6s5)s4)=C3C(=O)N2CC(CCCCCCCCCCCC)CCCCCCCCCCCCCC)s1,1,0.0,1,0.0,0.78,-3.98,-5.34,*c1cc2ccc3c(ccc4cc(*)sc43)c2s1,*c1ccc(C2=C3C(=O)N(CC(CCCCCCCCCCCC)CCCCCCCCCCCCCC)C(c4ccc(*)s4)=C3C(=O)N2CC(CCCCCCCCCCCC)CCCCCCCCCCCCCC)s1,PDPPTTTT,*c1ccc(C2=C3C(=O)N(CC(CCCCCCCCCCCC)CCCCCCCCCCCCCC)C(c4ccc(-c5cc6sc7c8sc(*)cc8sc7c6s5)s4)=C3C(=O)N2CC(CCCCCCCCCCCC)CCCCCCCCCCCCCC)s1,1,0.0,1,0.0,3.2,-3.91,-5.21,*c1cc2sc3c4sc(*)cc4sc3c2s1,*c1ccc(C2=C3C(=O)N(CC(CCCCCCCCCCCC)CCCCCCCCCCCCCC)C(c4ccc(*)s4)=C3C(=O)N2CC(CCCCCCCCCCCC)CCCCCCCCCCCCCC)s1
10.1021/ma500733y,PDPPBDT,*c1ccc(C2=C3C(=O)N(CC(CCCCCCCCCCCC)CCCCCCCCCCCCCC)C(c4ccc(-c5cc6cc7sc(*)cc7cc6s5)s4)=C3C(=O)N2CC(CCCCCCCCCCCC)CCCCCCCCCCCCCC)s1,1,0.0,1,0.0,1.31,-4.02,-5.36,*c1cc2cc3sc(*)cc3cc2s1,*c1ccc(C2=C3C(=O)N(CC(CCCCCCCCCCCC)CCCCCCCCCCCCCC)C(c4ccc(*)s4)=C3C(=O)N2CC(CCCCCCCCCCCC)CCCCCCCCCCCCCC)s1,PDPPDTT,*c1ccc(C2=C3C(=O)N(CC(CCCCCCCCCCCC)CCCCCCCCCCCCCC)C(c4ccc(-c5cc6sc7cc(*)sc7c6s5)s4)=C3C(=O)N2CC(CCCCCCCCCCCC)CCCCCCCCCCCCCC)s1,1,0.0,0,0.0,2.31,-3.91,-5.22,*c1cc2sc3cc(*)sc3c2s1,*c1ccc(C2=C3C(=O)N(CC(CCCCCCCCCCCC)CCCCCCCCCCCCCC)C(c4ccc(*)s4)=C3C(=O)N2CC(CCCCCCCCCCCC)CCCCCCCCCCCCCC)s1
10.1021/ma500733y,PDPPBDT,*c1ccc(C2=C3C(=O)N(CC(CCCCCCCCCCCC)CCCCCCCCCCCCCC)C(c4ccc(-c5cc6cc7sc(*)cc7cc6s5)s4)=C3C(=O)N2CC(CCCCCCCCCCCC)CCCCCCCCCCCCCC)s1,1,0.0,1,0.0,1.31,-4.02,-5.36,*c1cc2cc3sc(*)cc3cc2s1,*c1ccc(C2=C3C(=O)N(CC(CCCCCCCCCCCC)CCCCCCCCCCCCCC)C(c4ccc(*)s4)=C3C(=O)N2CC(CCCCCCCCCCCC)CCCCCCCCCCCCCC)s1,PDPPTTTT,*c1ccc(C2=C3C(=O)N(CC(CCCCCCCCCCCC)CCCCCCCCCCCCCC)C(c4ccc(-c5cc6sc7c8sc(*)cc8sc7c6s5)s4)=C3C(=O)N2CC(CCCCCCCCCCCC)CCCCCCCCCCCCCC)s1,1,0.0,1,0.0,3.2,-3.91,-5.21,*c1cc2sc3c4sc(*)cc4sc3c2s1,*c1ccc(C2=C3C(=O)N(CC(CCCCCCCCCCCC)CCCCCCCCCCCCCC)C(c4ccc(*)s4)=C3C(=O)N2CC(CCCCCCCCCCCC)CCCCCCCCCCCCCC)s1
10.1021/ma500733y,PDPPDTT,*c1ccc(C2=C3C(=O)N(CC(CCCCCCCCCCCC)CCCCCCCCCCCCCC)C(c4ccc(-c5cc6sc7cc(*)sc7c6s5)s4)=C3C(=O)N2CC(CCCCCCCCCCCC)CCCCCCCCCCCCCC)s1,1,0.0,0,0.0,2.31,-3.91,-5.22,*c1cc2sc3cc(*)sc3c2s1,*c1ccc(C2=C3C(=O)N(CC(CCCCCCCCCCCC)CCCCCCCCCCCCCC)C(c4ccc(*)s4)=C3C(=O)N2CC(CCCCCCCCCCCC)CCCCCCCCCCCCCC)s1,PDPPTTTT,*c1ccc(C2=C3C(=O)N(CC(CCCCCCCCCCCC)CCCCCCCCCCCCCC)C(c4ccc(-c5cc6sc7c8sc(*)cc8sc7c6s5)s4)=C3C(=O)N2CC(CCCCCCCCCCCC)CCCCCCCCCCCCCC)s1,1,0.0,1,0.0,3.2,-3.91,-5.21,*c1cc2sc3c4sc(*)cc4sc3c2s1,*c1ccc(C2=C3C(=O)N(CC(CCCCCCCCCCCC)CCCCCCCCCCCCCC)C(c4ccc(*)s4)=C3C(=O)N2CC(CCCCCCCCCCCC)CCCCCCCCCCCCCC)s1
10.1021/ma502306f,PNDTI-TV,*c1ccc(/C=C/c2ccc(-c3cc4c5c6c(c7sc(*)cc7c7c6c(c4s3)C(=O)N(CC(CCCCCCCCCC)CCCCCCCCCCCC)C7=O)C(=O)N(CC(CCCCCCCCCC)CCCCCCCCCCCC)C5=O)s2)s1,1,0.0,1,0.0031,0.00043,-4.0,-5.4,*c1cc2c3c4c(c5sc(*)cc5c5c4c(c2s1)C(=O)N(CC(CCCCCCCCCC)CCCCCCCCCCCC)C5=O)C(=O)N(CC(CCCCCCCCCC)CCCCCCCCCCCC)C3=O,*c1ccc(/C=C/c2ccc(*)s2)s1,PNDTI-NDT,*c1cc2c3c4c(c5sc(-c6cc7ccc8c(ccc9cc(*)sc98)c7s6)cc5c5c4c(c2s1)C(=O)N(CC(CCCCCCCCCC)CCCCCCCCCCCC)C5=O)C(=O)N(CC(CCCCCCCCCC)CCCCCCCCCCCC)C3=O,1,0.0,1,0.029,0.082,-4.0,-5.7,*c1cc2c3c4c(c5sc(*)cc5c5c4c(c2s1)C(=O)N(CC(CCCCCCCCCC)CCCCCCCCCCCC)C5=O)C(=O)N(CC(CCCCCCCCCC)CCCCCCCCCCCC)C3=O,*c1cc2ccc3c(ccc4cc(*)sc43)c2s1
10.1021/ma502306f,PNDTI-TV,*c1ccc(/C=C/c2ccc(-c3cc4c5c6c(c7sc(*)cc7c7c6c(c4s3)C(=O)N(CC(CCCCCCCCCC)CCCCCCCCCCCC)C7=O)C(=O)N(CC(CCCCCCCCCC)CCCCCCCCCCCC)C5=O)s2)s1,1,0.0,1,0.0031,0.00043,-4.0,-5.4,*c1cc2c3c4c(c5sc(*)cc5c5c4c(c2s1)C(=O)N(CC(CCCCCCCCCC)CCCCCCCCCCCC)C5=O)C(=O)N(CC(CCCCCCCCCC)CCCCCCCCCCCC)C3=O,*c1ccc(/C=C/c2ccc(*)s2)s1,PNDTI-V,*/C=C/c1cc2c3c4c(c5sc(*)cc5c5c4c(c2s1)C(=O)N(CC(CCCCCCCCCC)CCCCCCCCCCCC)C5=O)C(=O)N(CC(CCCCCCCCCC)CCCCCCCCCCCC)C3=O,1,0.0,1,0.0095,0.0,-4.2,-5.7,*c1cc2c3c4c(c5sc(*)cc5c5c4c(c2s1)C(=O)N(CC(CCCCCCCCCC)CCCCCCCCCCCC)C5=O)C(=O)N(CC(CCCCCCCCCC)CCCCCCCCCCCC)C3=O,*/C=C/*
10.1021/ma502306f,PNDTI-TV,*c1ccc(/C=C/c2ccc(-c3cc4c5c6c(c7sc(*)cc7c7c6c(c4s3)C(=O)N(CC(CCCCCCCCCC)CCCCCCCCCCCC)C7=O)C(=O)N(CC(CCCCCCCCCC)CCCCCCCCCCCC)C5=O)s2)s1,1,0.0,1,0.0031,0.00043,-4.0,-5.4,*c1cc2c3c4c(c5sc(*)cc5c5c4c(c2s1)C(=O)N(CC(CCCCCCCCCC)CCCCCCCCCCCC)C5=O)C(=O)N(CC(CCCCCCCCCC)CCCCCCCCCCCC)C3=O,*c1ccc(/C=C/c2ccc(*)s2)s1,PNDTI-NTz,*c1cc2c3c4c(c5sc(-c6cc7c(cc(*)c8nsnc87)c7nsnc67)cc5c5c4c(c2s1)C(=O)N(CC(CCCCCCCCCC)CCCCCCCCCCCC)C5=O)C(=O)N(CC(CCCCCCCCCC)CCCCCCCCCCCC)C3=O,1,0.0,1,0.21,0.0,-4.2,-5.7,*c1cc2c3c4c(c5sc(*)cc5c5c4c(c2s1)C(=O)N(CC(CCCCCCCCCC)CCCCCCCCCCCC)C5=O)C(=O)N(CC(CCCCCCCCCC)CCCCCCCCCCCC)C3=O,*c1cc2c(cc(*)c3nsnc32)c2nsnc12
10.1021/ma502306f,PNDTI-TV,*c1ccc(/C=C/c2ccc(-c3cc4c5c6c(c7sc(*)cc7c7c6c(c4s3)C(=O)N(CC(CCCCCCCCCC)CCCCCCCCCCCC)C7=O)C(=O)N(CC(CCCCCCCCCC)CCCCCCCCCCCC)C5=O)s2)s1,1,0.0,1,0.0031,0.00043,-4.0,-5.4,*c1cc2c3c4c(c5sc(*)cc5c5c4c(c2s1)C(=O)N(CC(CCCCCCCCCC)CCCCCCCCCCCC)C5=O)C(=O)N(CC(CCCCCCCCCC)CCCCCCCCCCCC)C3=O,*c1ccc(/C=C/c2ccc(*)s2)s1,PNDTI-BTz,*c1cc2c3c4c(c5sc(-c6ccc(*)c7nsnc67)cc5c5c4c(c2s1)C(=O)N(CC(CCCCCCCCCC)CCCCCCCCCCCC)C5=O)C(=O)N(CC(CCCCCCCCCC)CCCCCCCCCCCC)C3=O,1,0.0,0,0.1,0.0,-4.1,-5.6,*c1cc2c3c4c(c5sc(*)cc5c5c4c(c2s1)C(=O)N(CC(CCCCCCCCCC)CCCCCCCCCCCC)C5=O)C(=O)N(CC(CCCCCCCCCC)CCCCCCCCCCCC)C3=O,*c1ccc(*)c2nsnc12
10.1021/ma502306f,PNDTI-TV,*c1ccc(/C=C/c2ccc(-c3cc4c5c6c(c7sc(*)cc7c7c6c(c4s3)C(=O)N(CC(CCCCCCCCCC)CCCCCCCCCCCC)C7=O)C(=O)N(CC(CCCCCCCCCC)CCCCCCCCCCCC)C5=O)s2)s1,1,0.0,1,0.0031,0.00043,-4.0,-5.4,*c1cc2c3c4c(c5sc(*)cc5c5c4c(c2s1)C(=O)N(CC(CCCCCCCCCC)CCCCCCCCCCCC)C5=O)C(=O)N(CC(CCCCCCCCCC)CCCCCCCCCCCC)C3=O,*c1ccc(/C=C/c2ccc(*)s2)s1,PNDTI-BT,*c1ccc(-c2ccc(-c3cc4c5c6c(c7sc(*)cc7c7c6c(c4s3)C(=O)N(CC(CCCCCCCCCC)CCCCCCCCCCCC)C7=O)C(=O)N(CC(CCCCCCCCCC)CCCCCCCCCCCC)C5=O)s2)s1,1,0.0,1,0.27,0.1,-4.1,-5.6,*c1cc2c3c4c(c5sc(*)cc5c5c4c(c2s1)C(=O)N(CC(CCCCCCCCCC)CCCCCCCCCCCC)C5=O)C(=O)N(CC(CCCCCCCCCC)CCCCCCCCCCCC)C3=O,*c1ccc(-c2ccc(*)s2)s1
10.1021/ma502306f,PNDTI-NDT,*c1cc2c3c4c(c5sc(-c6cc7ccc8c(ccc9cc(*)sc98)c7s6)cc5c5c4c(c2s1)C(=O)N(CC(CCCCCCCCCC)CCCCCCCCCCCC)C5=O)C(=O)N(CC(CCCCCCCCCC)CCCCCCCCCCCC)C3=O,1,0.0,1,0.029,0.082,-4.0,-5.7,*c1cc2c3c4c(c5sc(*)cc5c5c4c(c2s1)C(=O)N(CC(CCCCCCCCCC)CCCCCCCCCCCC)C5=O)C(=O)N(CC(CCCCCCCCCC)CCCCCCCCCCCC)C3=O,*c1cc2ccc3c(ccc4cc(*)sc43)c2s1,PNDTI-V,*/C=C/c1cc2c3c4c(c5sc(*)cc5c5c4c(c2s1)C(=O)N(CC(CCCCCCCCCC)CCCCCCCCCCCC)C5=O)C(=O)N(CC(CCCCCCCCCC)CCCCCCCCCCCC)C3=O,1,0.0,1,0.0095,0.0,-4.2,-5.7,*c1cc2c3c4c(c5sc(*)cc5c5c4c(c2s1)C(=O)N(CC(CCCCCCCCCC)CCCCCCCCCCCC)C5=O)C(=O)N(CC(CCCCCCCCCC)CCCCCCCCCCCC)C3=O,*/C=C/*
10.1021/ma502306f,PNDTI-NDT,*c1cc2c3c4c(c5sc(-c6cc7ccc8c(ccc9cc(*)sc98)c7s6)cc5c5c4c(c2s1)C(=O)N(CC(CCCCCCCCCC)CCCCCCCCCCCC)C5=O)C(=O)N(CC(CCCCCCCCCC)CCCCCCCCCCCC)C3=O,1,0.0,1,0.029,0.082,-4.0,-5.7,*c1cc2c3c4c(c5sc(*)cc5c5c4c(c2s1)C(=O)N(CC(CCCCCCCCCC)CCCCCCCCCCCC)C5=O)C(=O)N(CC(CCCCCCCCCC)CCCCCCCCCCCC)C3=O,*c1cc2ccc3c(ccc4cc(*)sc43)c2s1,PNDTI-NTz,*c1cc2c3c4c(c5sc(-c6cc7c(cc(*)c8nsnc87)c7nsnc67)cc5c5c4c(c2s1)C(=O)N(CC(CCCCCCCCCC)CCCCCCCCCCCC)C5=O)C(=O)N(CC(CCCCCCCCCC)CCCCCCCCCCCC)C3=O,1,0.0,1,0.21,0.0,-4.2,-5.7,*c1cc2c3c4c(c5sc(*)cc5c5c4c(c2s1)C(=O)N(CC(CCCCCCCCCC)CCCCCCCCCCCC)C5=O)C(=O)N(CC(CCCCCCCCCC)CCCCCCCCCCCC)C3=O,*c1cc2c(cc(*)c3nsnc32)c2nsnc12
10.1021/ma502306f,PNDTI-NDT,*c1cc2c3c4c(c5sc(-c6cc7ccc8c(ccc9cc(*)sc98)c7s6)cc5c5c4c(c2s1)C(=O)N(CC(CCCCCCCCCC)CCCCCCCCCCCC)C5=O)C(=O)N(CC(CCCCCCCCCC)CCCCCCCCCCCC)C3=O,1,0.0,1,0.029,0.082,-4.0,-5.7,*c1cc2c3c4c(c5sc(*)cc5c5c4c(c2s1)C(=O)N(CC(CCCCCCCCCC)CCCCCCCCCCCC)C5=O)C(=O)N(CC(CCCCCCCCCC)CCCCCCCCCCCC)C3=O,*c1cc2ccc3c(ccc4cc(*)sc43)c2s1,PNDTI-BTz,*c1cc2c3c4c(c5sc(-c6ccc(*)c7nsnc67)cc5c5c4c(c2s1)C(=O)N(CC(CCCCCCCCCC)CCCCCCCCCCCC)C5=O)C(=O)N(CC(CCCCCCCCCC)CCCCCCCCCCCC)C3=O,1,0.0,0,0.1,0.0,-4.1,-5.6,*c1cc2c3c4c(c5sc(*)cc5c5c4c(c2s1)C(=O)N(CC(CCCCCCCCCC)CCCCCCCCCCCC)C5=O)C(=O)N(CC(CCCCCCCCCC)CCCCCCCCCCCC)C3=O,*c1ccc(*)c2nsnc12
10.1021/ma502306f,PNDTI-NDT,*c1cc2c3c4c(c5sc(-c6cc7ccc8c(ccc9cc(*)sc98)c7s6)cc5c5c4c(c2s1)C(=O)N(CC(CCCCCCCCCC)CCCCCCCCCCCC)C5=O)C(=O)N(CC(CCCCCCCCCC)CCCCCCCCCCCC)C3=O,1,0.0,1,0.029,0.082,-4.0,-5.7,*c1cc2c3c4c(c5sc(*)cc5c5c4c(c2s1)C(=O)N(CC(CCCCCCCCCC)CCCCCCCCCCCC)C5=O)C(=O)N(CC(CCCCCCCCCC)CCCCCCCCCCCC)C3=O,*c1cc2ccc3c(ccc4cc(*)sc43)c2s1,PNDTI-BT,*c1ccc(-c2ccc(-c3cc4c5c6c(c7sc(*)cc7c7c6c(c4s3)C(=O)N(CC(CCCCCCCCCC)CCCCCCCCCCCC)C7=O)C(=O)N(CC(CCCCCCCCCC)CCCCCCCCCCCC)C5=O)s2)s1,1,0.0,1,0.27,0.1,-4.1,-5.6,*c1cc2c3c4c(c5sc(*)cc5c5c4c(c2s1)C(=O)N(CC(CCCCCCCCCC)CCCCCCCCCCCC)C5=O)C(=O)N(CC(CCCCCCCCCC)CCCCCCCCCCCC)C3=O,*c1ccc(-c2ccc(*)s2)s1
10.1021/ma502306f,PNDTI-V,*/C=C/c1cc2c3c4c(c5sc(*)cc5c5c4c(c2s1)C(=O)N(CC(CCCCCCCCCC)CCCCCCCCCCCC)C5=O)C(=O)N(CC(CCCCCCCCCC)CCCCCCCCCCCC)C3=O,1,0.0,1,0.0095,0.0,-4.2,-5.7,*c1cc2c3c4c(c5sc(*)cc5c5c4c(c2s1)C(=O)N(CC(CCCCCCCCCC)CCCCCCCCCCCC)C5=O)C(=O)N(CC(CCCCCCCCCC)CCCCCCCCCCCC)C3=O,*/C=C/*,PNDTI-NTz,*c1cc2c3c4c(c5sc(-c6cc7c(cc(*)c8nsnc87)c7nsnc67)cc5c5c4c(c2s1)C(=O)N(CC(CCCCCCCCCC)CCCCCCCCCCCC)C5=O)C(=O)N(CC(CCCCCCCCCC)CCCCCCCCCCCC)C3=O,1,0.0,1,0.21,0.0,-4.2,-5.7,*c1cc2c3c4c(c5sc(*)cc5c5c4c(c2s1)C(=O)N(CC(CCCCCCCCCC)CCCCCCCCCCCC)C5=O)C(=O)N(CC(CCCCCCCCCC)CCCCCCCCCCCC)C3=O,*c1cc2c(cc(*)c3nsnc32)c2nsnc12
10.1021/ma502306f,PNDTI-V,*/C=C/c1cc2c3c4c(c5sc(*)cc5c5c4c(c2s1)C(=O)N(CC(CCCCCCCCCC)CCCCCCCCCCCC)C5=O)C(=O)N(CC(CCCCCCCCCC)CCCCCCCCCCCC)C3=O,1,0.0,1,0.0095,0.0,-4.2,-5.7,*c1cc2c3c4c(c5sc(*)cc5c5c4c(c2s1)C(=O)N(CC(CCCCCCCCCC)CCCCCCCCCCCC)C5=O)C(=O)N(CC(CCCCCCCCCC)CCCCCCCCCCCC)C3=O,*/C=C/*,PNDTI-BTz,*c1cc2c3c4c(c5sc(-c6ccc(*)c7nsnc67)cc5c5c4c(c2s1)C(=O)N(CC(CCCCCCCCCC)CCCCCCCCCCCC)C5=O)C(=O)N(CC(CCCCCCCCCC)CCCCCCCCCCCC)C3=O,1,0.0,0,0.1,0.0,-4.1,-5.6,*c1cc2c3c4c(c5sc(*)cc5c5c4c(c2s1)C(=O)N(CC(CCCCCCCCCC)CCCCCCCCCCCC)C5=O)C(=O)N(CC(CCCCCCCCCC)CCCCCCCCCCCC)C3=O,*c1ccc(*)c2nsnc12
10.1021/ma502306f,PNDTI-V,*/C=C/c1cc2c3c4c(c5sc(*)cc5c5c4c(c2s1)C(=O)N(CC(CCCCCCCCCC)CCCCCCCCCCCC)C5=O)C(=O)N(CC(CCCCCCCCCC)CCCCCCCCCCCC)C3=O,1,0.0,1,0.0095,0.0,-4.2,-5.7,*c1cc2c3c4c(c5sc(*)cc5c5c4c(c2s1)C(=O)N(CC(CCCCCCCCCC)CCCCCCCCCCCC)C5=O)C(=O)N(CC(CCCCCCCCCC)CCCCCCCCCCCC)C3=O,*/C=C/*,PNDTI-BT,*c1ccc(-c2ccc(-c3cc4c5c6c(c7sc(*)cc7c7c6c(c4s3)C(=O)N(CC(CCCCCCCCCC)CCCCCCCCCCCC)C7=O)C(=O)N(CC(CCCCCCCCCC)CCCCCCCCCCCC)C5=O)s2)s1,1,0.0,1,0.27,0.1,-4.1,-5.6,*c1cc2c3c4c(c5sc(*)cc5c5c4c(c2s1)C(=O)N(CC(CCCCCCCCCC)CCCCCCCCCCCC)C5=O)C(=O)N(CC(CCCCCCCCCC)CCCCCCCCCCCC)C3=O,*c1ccc(-c2ccc(*)s2)s1
10.1021/ma502306f,PNDTI-NTz,*c1cc2c3c4c(c5sc(-c6cc7c(cc(*)c8nsnc87)c7nsnc67)cc5c5c4c(c2s1)C(=O)N(CC(CCCCCCCCCC)CCCCCCCCCCCC)C5=O)C(=O)N(CC(CCCCCCCCCC)CCCCCCCCCCCC)C3=O,1,0.0,1,0.21,0.0,-4.2,-5.7,*c1cc2c3c4c(c5sc(*)cc5c5c4c(c2s1)C(=O)N(CC(CCCCCCCCCC)CCCCCCCCCCCC)C5=O)C(=O)N(CC(CCCCCCCCCC)CCCCCCCCCCCC)C3=O,*c1cc2c(cc(*)c3nsnc32)c2nsnc12,PNDTI-BTz,*c1cc2c3c4c(c5sc(-c6ccc(*)c7nsnc67)cc5c5c4c(c2s1)C(=O)N(CC(CCCCCCCCCC)CCCCCCCCCCCC)C5=O)C(=O)N(CC(CCCCCCCCCC)CCCCCCCCCCCC)C3=O,1,0.0,0,0.1,0.0,-4.1,-5.6,*c1cc2c3c4c(c5sc(*)cc5c5c4c(c2s1)C(=O)N(CC(CCCCCCCCCC)CCCCCCCCCCCC)C5=O)C(=O)N(CC(CCCCCCCCCC)CCCCCCCCCCCC)C3=O,*c1ccc(*)c2nsnc12
10.1021/ma502306f,PNDTI-NTz,*c1cc2c3c4c(c5sc(-c6cc7c(cc(*)c8nsnc87)c7nsnc67)cc5c5c4c(c2s1)C(=O)N(CC(CCCCCCCCCC)CCCCCCCCCCCC)C5=O)C(=O)N(CC(CCCCCCCCCC)CCCCCCCCCCCC)C3=O,1,0.0,1,0.21,0.0,-4.2,-5.7,*c1cc2c3c4c(c5sc(*)cc5c5c4c(c2s1)C(=O)N(CC(CCCCCCCCCC)CCCCCCCCCCCC)C5=O)C(=O)N(CC(CCCCCCCCCC)CCCCCCCCCCCC)C3=O,*c1cc2c(cc(*)c3nsnc32)c2nsnc12,PNDTI-BT,*c1ccc(-c2ccc(-c3cc4c5c6c(c7sc(*)cc7c7c6c(c4s3)C(=O)N(CC(CCCCCCCCCC)CCCCCCCCCCCC)C7=O)C(=O)N(CC(CCCCCCCCCC)CCCCCCCCCCCC)C5=O)s2)s1,1,0.0,1,0.27,0.1,-4.1,-5.6,*c1cc2c3c4c(c5sc(*)cc5c5c4c(c2s1)C(=O)N(CC(CCCCCCCCCC)CCCCCCCCCCCC)C5=O)C(=O)N(CC(CCCCCCCCCC)CCCCCCCCCCCC)C3=O,*c1ccc(-c2ccc(*)s2)s1
10.1021/ma502306f,PNDTI-BTz,*c1cc2c3c4c(c5sc(-c6ccc(*)c7nsnc67)cc5c5c4c(c2s1)C(=O)N(CC(CCCCCCCCCC)CCCCCCCCCCCC)C5=O)C(=O)N(CC(CCCCCCCCCC)CCCCCCCCCCCC)C3=O,1,0.0,0,0.1,0.0,-4.1,-5.6,*c1cc2c3c4c(c5sc(*)cc5c5c4c(c2s1)C(=O)N(CC(CCCCCCCCCC)CCCCCCCCCCCC)C5=O)C(=O)N(CC(CCCCCCCCCC)CCCCCCCCCCCC)C3=O,*c1ccc(*)c2nsnc12,PNDTI-BT,*c1ccc(-c2ccc(-c3cc4c5c6c(c7sc(*)cc7c7c6c(c4s3)C(=O)N(CC(CCCCCCCCCC)CCCCCCCCCCCC)C7=O)C(=O)N(CC(CCCCCCCCCC)CCCCCCCCCCCC)C5=O)s2)s1,1,0.0,1,0.27,0.1,-4.1,-5.6,*c1cc2c3c4c(c5sc(*)cc5c5c4c(c2s1)C(=O)N(CC(CCCCCCCCCC)CCCCCCCCCCCC)C5=O)C(=O)N(CC(CCCCCCCCCC)CCCCCCCCCCCC)C3=O,*c1ccc(-c2ccc(*)s2)s1
10.1021/mz500603f,NDI2DT-DTYA2-1T,*C(C#N)=c1sc2c(s1)c1c(=O)n(CC(CCCCCCCCCC)CCCCCCCCCCCC)c(=O)c3c4sc(=C(C#N)c5ccc(*)s5)sc4c4c(=O)n(CC(CCCCCCCCCC)CCCCCCCCCCCC)c(=O)c2c4c13,1,0.0,0,0.38,0.0,-4.25,-5.82,*c1ccc(*)s1,*C(C#N)=c1sc2c(s1)c1c(=O)n(CC(CCCCCCCCCC)CCCCCCCCCCCC)c(=O)c3c4sc(=C(*)C#N)sc4c4c(=O)n(CC(CCCCCCCCCC)CCCCCCCCCCCC)c(=O)c2c4c13,NDI2DT-DTYA2-2T,*C(C#N)=c1sc2c(s1)c1c(=O)n(CC(CCCCCCCCCC)CCCCCCCCCCCC)c(=O)c3c4sc(=C(C#N)c5ccc(-c6ccc(*)s6)s5)sc4c4c(=O)n(CC(CCCCCCCCCC)CCCCCCCCCCCC)c(=O)c2c4c13,1,0.0,1,0.01,0.0,-4.29,-5.63,*c1ccc(-c2ccc(*)s2)s1,*C(C#N)=c1sc2c(s1)c1c(=O)n(CC(CCCCCCCCCC)CCCCCCCCCCCC)c(=O)c3c4sc(=C(*)C#N)sc4c4c(=O)n(CC(CCCCCCCCCC)CCCCCCCCCCCC)c(=O)c2c4c13
10.1038/s41467-021-26043-y,P(PzDPP-2FT),*c1cnc(C2=C3C(=O)N(CCCC(CCCCCCCCCCCCCC)CCCCCCCCCCCCCC)C(c4cnc(-c5sc(*)c(F)c5F)cn4)=C3C(=O)N2CCCC(CCCCCCCCCCCCCC)CCCCCCCCCCCCCC)cn1,1,0.0,0,1.3,0.0,-3.9,-6.03,*c1sc(*)c(F)c1F,*c1cnc(C2=C3C(=O)N(CCCC(CCCCCCCCCCCCCC)CCCCCCCCCCCCCC)C(c4cnc(*)cn4)=C3C(=O)N2CCCC(CCCCCCCCCCCCCC)CCCCCCCCCCCCCC)cn1,P(PzDPP-4F2T),*c1cnc(C2=C3C(=O)N(CCCC(CCCCCCCCCCCCCC)CCCCCCCCCCCCCC)C(c4cnc(-c5sc(-c6sc(*)c(F)c6F)c(F)c5F)cn4)=C3C(=O)N2CCCC(CCCCCCCCCCCCCC)CCCCCCCCCCCCCC)cn1,1,0.0,1,1.28,0.0,-3.82,-6.1,*c1sc(-c2sc(*)c(F)c2F)c(F)c1F,*c1cnc(C2=C3C(=O)N(CCCC(CCCCCCCCCCCCCC)CCCCCCCCCCCCCC)C(c4cnc(*)cn4)=C3C(=O)N2CCCC(CCCCCCCCCCCCCC)CCCCCCCCCCCCCC)cn1
10.1038/s41467-022-29918-w,p(TDPP-BT),*c1ccc(C2=C3C(=O)N(CC(CCCCCCCC)CCCCCCCCCC)C(c4ccc(-c5ccc(*)c6nsnc56)s4)=C3C(=O)N2CC(CCCCCCCC)CCCCCCCCCC)s1,1,0.0,0,3.83,2.77,-3.55,-5.34,*c1ccc(C2=C3C(=O)N(CC(CCCCCCCC)CCCCCCCCCC)C(c4ccc(*)s4)=C3C(=O)N2CC(CCCCCCCC)CCCCCCCCCC)s1,*c1ccc(*)c2nsnc12,p(TDPP-TQ),*c1ccc(C2=C3C(=O)N(CC(CCCCCCCC)CCCCCCCCCC)C(c4ccc(-c5c6nsnc6c(*)c6nc(C)c(C)nc56)s4)=C3C(=O)N2CC(CCCCCCCC)CCCCCCCCCC)s1,1,0.0,0,7.76,6.16,-3.94,-5.23,*c1ccc(C2=C3C(=O)N(CC(CCCCCCCC)CCCCCCCCCC)C(c4ccc(*)s4)=C3C(=O)N2CC(CCCCCCCC)CCCCCCCCCC)s1,*c1c2nsnc2c(*)c2nc(C)c(C)nc12
10.1038/s41467-022-29918-w,p(TDPP-BT),*c1ccc(C2=C3C(=O)N(CC(CCCCCCCC)CCCCCCCCCC)C(c4ccc(-c5ccc(*)c6nsnc56)s4)=C3C(=O)N2CC(CCCCCCCC)CCCCCCCCCC)s1,1,0.0,0,3.83,2.77,-3.55,-5.34,*c1ccc(C2=C3C(=O)N(CC(CCCCCCCC)CCCCCCCCCC)C(c4ccc(*)s4)=C3C(=O)N2CC(CCCCCCCC)CCCCCCCCCC)s1,*c1ccc(*)c2nsnc12,p(TDPP-BBT),*c1ccc(C2=C3C(=O)N(CC(CCCCCCCC)CCCCCCCCCC)C(c4ccc(-c5c6c(c(*)c7nsnc57)N=S=N6)s4)=C3C(=O)N2CC(CCCCCCCC)CCCCCCCCCC)s1,1,0.0,1,0.35,0.25,-4.17,-5.2,*c1ccc(C2=C3C(=O)N(CC(CCCCCCCC)CCCCCCCCCC)C(c4ccc(*)s4)=C3C(=O)N2CC(CCCCCCCC)CCCCCCCCCC)s1,*c1c2c(c(*)c3nsnc13)N=S=N2
10.1038/s41467-022-29918-w,p(TDPP-TQ),*c1ccc(C2=C3C(=O)N(CC(CCCCCCCC)CCCCCCCCCC)C(c4ccc(-c5c6nsnc6c(*)c6nc(C)c(C)nc56)s4)=C3C(=O)N2CC(CCCCCCCC)CCCCCCCCCC)s1,1,0.0,0,7.76,6.16,-3.94,-5.23,*c1ccc(C2=C3C(=O)N(CC(CCCCCCCC)CCCCCCCCCC)C(c4ccc(*)s4)=C3C(=O)N2CC(CCCCCCCC)CCCCCCCCCC)s1,*c1c2nsnc2c(*)c2nc(C)c(C)nc12,p(TDPP-BBT),*c1ccc(C2=C3C(=O)N(CC(CCCCCCCC)CCCCCCCCCC)C(c4ccc(-c5c6c(c(*)c7nsnc57)N=S=N6)s4)=C3C(=O)N2CC(CCCCCCCC)CCCCCCCCCC)s1,1,0.0,1,0.35,0.25,-4.17,-5.2,*c1ccc(C2=C3C(=O)N(CC(CCCCCCCC)CCCCCCCCCC)C(c4ccc(*)s4)=C3C(=O)N2CC(CCCCCCCC)CCCCCCCCCC)s1,*c1c2c(c(*)c3nsnc13)N=S=N2
10.1039/C1SC00477H,SeDPP-Se,*c1ccc(C2=C3C(=O)N(CC(CCCCCCCC)CCCCCCCCCC)C(c4ccc(-c5ccc(*)[se]5)[se]4)=C3C(=O)N2CC(CCCCCCCC)CCCCCCCCCC)[se]1,1,0.0,0,0.1,0.1,-4.02,-5.2,*c1ccc(*)[se]1,*c1ccc(C2=C3C(=O)N(CC(CCCCCCCC)CCCCCCCCCC)C(c4ccc(*)[se]4)=C3C(=O)N2CC(CCCCCCCC)CCCCCCCCCC)[se]1,SeDPP-TT,*c1cc2sc(-c3ccc(C4=C5C(=O)N(CC(CCCCCCCC)CCCCCCCCCC)C(c6ccc(*)[se]6)=C5C(=O)N4CC(CCCCCCCC)CCCCCCCCCC)[se]3)cc2s1,1,0.0,1,0.05,0.26,-3.92,-5.1,*c1cc2sc(*)cc2s1,*c1ccc(C2=C3C(=O)N(CC(CCCCCCCC)CCCCCCCCCC)C(c4ccc(*)[se]4)=C3C(=O)N2CC(CCCCCCCC)CCCCCCCCCC)[se]1
10.1039/C3PY00129F,BID2T-TT,*c1ccc(C2=N/C(=C3/N=C(c4ccc(-c5cc6sc(*)cc6s5)s4)N(CC(CC)CCCC)C3=O)C(=O)N2CC(CC)CCCC)s1,1,1.0,1,0.0,1.2e-05,-3.81,-5.31,*c1cc2sc(*)cc2s1,*c1ccc(C2=N/C(=C3/N=C(c4ccc(*)s4)N(CC(CC)CCCC)C3=O)C(=O)N2CC(CC)CCCC)s1,BID2T-BT,*c1ccc(C2=N/C(=C3/N=C(c4ccc(-c5ccc(-c6ccc(*)s6)s5)s4)N(CC(CC)CCCC)C3=O)C(=O)N2CC(CC)CCCC)s1,1,1.0,1,0.0,7.3e-05,-3.79,-5.32,*c1ccc(-c2ccc(*)s2)s1,*c1ccc(C2=N/C(=C3/N=C(c4ccc(*)s4)N(CC(CC)CCCC)C3=O)C(=O)N2CC(CC)CCCC)s1
10.1039/C3PY00129F,BID2T-TT,*c1ccc(C2=N/C(=C3/N=C(c4ccc(-c5cc6sc(*)cc6s5)s4)N(CC(CC)CCCC)C3=O)C(=O)N2CC(CC)CCCC)s1,1,1.0,1,0.0,1.2e-05,-3.81,-5.31,*c1cc2sc(*)cc2s1,*c1ccc(C2=N/C(=C3/N=C(c4ccc(*)s4)N(CC(CC)CCCC)C3=O)C(=O)N2CC(CC)CCCC)s1,BID2T-BDT,*c1ccc(C2=N/C(=C3/N=C(c4ccc(-c5cc6c(CCCCCCCCCCCC)c7sc(*)cc7c(CCCCCCCCCCCC)c6s5)s4)N(CC(CC)CCCC)C3=O)C(=O)N2CC(CC)CCCC)s1,1,1.0,1,0.0,0.0066,-3.75,-5.23,*c1cc2c(CCCCCCCCCCCC)c3sc(*)cc3c(CCCCCCCCCCCC)c2s1,*c1ccc(C2=N/C(=C3/N=C(c4ccc(*)s4)N(CC(CC)CCCC)C3=O)C(=O)N2CC(CC)CCCC)s1
10.1039/C3PY00129F,BID2T-TT,*c1ccc(C2=N/C(=C3/N=C(c4ccc(-c5cc6sc(*)cc6s5)s4)N(CC(CC)CCCC)C3=O)C(=O)N2CC(CC)CCCC)s1,1,1.0,1,0.0,1.2e-05,-3.81,-5.31,*c1cc2sc(*)cc2s1,*c1ccc(C2=N/C(=C3/N=C(c4ccc(*)s4)N(CC(CC)CCCC)C3=O)C(=O)N2CC(CC)CCCC)s1,BID2T-BDT-2T,*c1ccc(C2=N/C(=C3/N=C(c4ccc(-c5cc6c(-c7ccc(CC(CC)CCCC)s7)c7sc(*)cc7c(-c7ccc(CC(CC)CCCC)s7)c6s5)s4)N(CC(CC)CCCC)C3=O)C(=O)N2CC(CC)CCCC)s1,1,1.0,1,0.0,0.00045,-3.71,-5.11,*c1cc2c(-c3ccc(CC(CC)CCCC)s3)c3sc(*)cc3c(-c3ccc(CC(CC)CCCC)s3)c2s1,*c1ccc(C2=N/C(=C3/N=C(c4ccc(*)s4)N(CC(CC)CCCC)C3=O)C(=O)N2CC(CC)CCCC)s1
10.1039/C3PY00129F,BID2T-BT,*c1ccc(C2=N/C(=C3/N=C(c4ccc(-c5ccc(-c6ccc(*)s6)s5)s4)N(CC(CC)CCCC)C3=O)C(=O)N2CC(CC)CCCC)s1,1,1.0,1,0.0,7.3e-05,-3.79,-5.32,*c1ccc(-c2ccc(*)s2)s1,*c1ccc(C2=N/C(=C3/N=C(c4ccc(*)s4)N(CC(CC)CCCC)C3=O)C(=O)N2CC(CC)CCCC)s1,BID2T-BDT,*c1ccc(C2=N/C(=C3/N=C(c4ccc(-c5cc6c(CCCCCCCCCCCC)c7sc(*)cc7c(CCCCCCCCCCCC)c6s5)s4)N(CC(CC)CCCC)C3=O)C(=O)N2CC(CC)CCCC)s1,1,1.0,1,0.0,0.0066,-3.75,-5.23,*c1cc2c(CCCCCCCCCCCC)c3sc(*)cc3c(CCCCCCCCCCCC)c2s1,*c1ccc(C2=N/C(=C3/N=C(c4ccc(*)s4)N(CC(CC)CCCC)C3=O)C(=O)N2CC(CC)CCCC)s1
10.1039/C3PY00129F,BID2T-BT,*c1ccc(C2=N/C(=C3/N=C(c4ccc(-c5ccc(-c6ccc(*)s6)s5)s4)N(CC(CC)CCCC)C3=O)C(=O)N2CC(CC)CCCC)s1,1,1.0,1,0.0,7.3e-05,-3.79,-5.32,*c1ccc(-c2ccc(*)s2)s1,*c1ccc(C2=N/C(=C3/N=C(c4ccc(*)s4)N(CC(CC)CCCC)C3=O)C(=O)N2CC(CC)CCCC)s1,BID2T-BDT-2T,*c1ccc(C2=N/C(=C3/N=C(c4ccc(-c5cc6c(-c7ccc(CC(CC)CCCC)s7)c7sc(*)cc7c(-c7ccc(CC(CC)CCCC)s7)c6s5)s4)N(CC(CC)CCCC)C3=O)C(=O)N2CC(CC)CCCC)s1,1,1.0,1,0.0,0.00045,-3.71,-5.11,*c1cc2c(-c3ccc(CC(CC)CCCC)s3)c3sc(*)cc3c(-c3ccc(CC(CC)CCCC)s3)c2s1,*c1ccc(C2=N/C(=C3/N=C(c4ccc(*)s4)N(CC(CC)CCCC)C3=O)C(=O)N2CC(CC)CCCC)s1
10.1039/C3PY00129F,BID2T-BDT,*c1ccc(C2=N/C(=C3/N=C(c4ccc(-c5cc6c(CCCCCCCCCCCC)c7sc(*)cc7c(CCCCCCCCCCCC)c6s5)s4)N(CC(CC)CCCC)C3=O)C(=O)N2CC(CC)CCCC)s1,1,1.0,1,0.0,0.0066,-3.75,-5.23,*c1cc2c(CCCCCCCCCCCC)c3sc(*)cc3c(CCCCCCCCCCCC)c2s1,*c1ccc(C2=N/C(=C3/N=C(c4ccc(*)s4)N(CC(CC)CCCC)C3=O)C(=O)N2CC(CC)CCCC)s1,BID2T-BDT-2T,*c1ccc(C2=N/C(=C3/N=C(c4ccc(-c5cc6c(-c7ccc(CC(CC)CCCC)s7)c7sc(*)cc7c(-c7ccc(CC(CC)CCCC)s7)c6s5)s4)N(CC(CC)CCCC)C3=O)C(=O)N2CC(CC)CCCC)s1,1,1.0,1,0.0,0.00045,-3.71,-5.11,*c1cc2c(-c3ccc(CC(CC)CCCC)s3)c3sc(*)cc3c(-c3ccc(CC(CC)CCCC)s3)c2s1,*c1ccc(C2=N/C(=C3/N=C(c4ccc(*)s4)N(CC(CC)CCCC)C3=O)C(=O)N2CC(CC)CCCC)s1
10.1039/C3PY00325F,PNDISS,*c1cc2c3c(c(-c4[se]c5c(C)c(*)[se]c5c4C)cc4c3c1C(=O)N(CC(CCCCCCCCCC)CCCCCCCCCCCC)C4=O)C(=O)N(CC(CCCCCCCCCC)CCCCCCCCCCCC)C2=O,1,0.0,1,0.008,0.0,-3.89,-6.21,*c1[se]c2c(C)c(*)[se]c2c1C,*c1cc2c3c(c(*)cc4c3c1C(=O)N(CC(CCCCCCCCCC)CCCCCCCCCCCC)C4=O)C(=O)N(CC(CCCCCCCCCC)CCCCCCCCCCCC)C2=O,PNDIBDS ,*c1cc2cc3[se]c(-c4cc5c6c(c(*)cc7c6c4C(=O)N(CC(CCCCCCCCCC)CCCCCCCCCCCC)C7=O)C(=O)N(CC(CCCCCCCCCC)CCCCCCCCCCCC)C5=O)cc3cc2[se]1,1,0.0,1,0.01,0.0,-3.9,-6.05,*c1cc2cc3[se]c(*)cc3cc2[se]1,*c1cc2c3c(c(*)cc4c3c1C(=O)N(CC(CCCCCCCCCC)CCCCCCCCCCCC)C4=O)C(=O)N(CC(CCCCCCCCCC)CCCCCCCCCCCC)C2=O
10.1039/C3PY00325F,PNDISS,*c1cc2c3c(c(-c4[se]c5c(C)c(*)[se]c5c4C)cc4c3c1C(=O)N(CC(CCCCCCCCCC)CCCCCCCCCCCC)C4=O)C(=O)N(CC(CCCCCCCCCC)CCCCCCCCCCCC)C2=O,1,0.0,1,0.008,0.0,-3.89,-6.21,*c1[se]c2c(C)c(*)[se]c2c1C,*c1cc2c3c(c(*)cc4c3c1C(=O)N(CC(CCCCCCCCCC)CCCCCCCCCCCC)C4=O)C(=O)N(CC(CCCCCCCCCC)CCCCCCCCCCCC)C2=O,ePNDIBS,*c1ccc(-c2ccc(-c3cc4c5c(c(*)cc6c5c3C(=O)N(CC(CCCCCCCCCC)CCCCCCCCCCCC)C6=O)C(=O)N(CC(CCCCCCCCCC)CCCCCCCCCCCC)C4=O)[se]2)[se]1,1,0.0,1,0.24,0.0,-3.9,-5.9,*c1ccc(-c2ccc(*)[se]2)[se]1,*c1cc2c3c(c(*)cc4c3c1C(=O)N(CC(CCCCCCCCCC)CCCCCCCCCCCC)C4=O)C(=O)N(CC(CCCCCCCCCC)CCCCCCCCCCCC)C2=O
10.1039/C3PY00325F,PNDIBDS ,*c1cc2cc3[se]c(-c4cc5c6c(c(*)cc7c6c4C(=O)N(CC(CCCCCCCCCC)CCCCCCCCCCCC)C7=O)C(=O)N(CC(CCCCCCCCCC)CCCCCCCCCCCC)C5=O)cc3cc2[se]1,1,0.0,1,0.01,0.0,-3.9,-6.05,*c1cc2cc3[se]c(*)cc3cc2[se]1,*c1cc2c3c(c(*)cc4c3c1C(=O)N(CC(CCCCCCCCCC)CCCCCCCCCCCC)C4=O)C(=O)N(CC(CCCCCCCCCC)CCCCCCCCCCCC)C2=O,ePNDIBS,*c1ccc(-c2ccc(-c3cc4c5c(c(*)cc6c5c3C(=O)N(CC(CCCCCCCCCC)CCCCCCCCCCCC)C6=O)C(=O)N(CC(CCCCCCCCCC)CCCCCCCCCCCC)C4=O)[se]2)[se]1,1,0.0,1,0.24,0.0,-3.9,-5.9,*c1ccc(-c2ccc(*)[se]2)[se]1,*c1cc2c3c(c(*)cc4c3c1C(=O)N(CC(CCCCCCCCCC)CCCCCCCCCCCC)C4=O)C(=O)N(CC(CCCCCCCCCC)CCCCCCCCCCCC)C2=O
10.1039/C3TC00550J,PQB,*c1ccc(-c2ccc3c(c2)c(=O)c2cc4c(cc2n3CC(CCCCCCCC)CCCCCCCCCC)c(=O)c2cc(-c3ccc(-c5ccc(*)c6nsnc56)s3)ccc2n4CC(CCCCCCCC)CCCCCCCCCC)s1,0,0.0,0,0.0,0.00577,-3.31,-5.26,*c1ccc(*)c2nsnc12,*c1ccc(-c2ccc3c(c2)c(=O)c2cc4c(cc2n3CC(CCCCCCCC)CCCCCCCCCC)c(=O)c2cc(-c3ccc(*)s3)ccc2n4CC(CCCCCCCC)CCCCCCCCCC)s1,PQBOC8,*c1ccc2c(c1)c(=O)c1cc3c(cc1n2CC(CCCCCCCC)CCCCCCCCCC)c(=O)c1cc(-c2ccc(-c4c(OCCCCCCCC)c(OCCCCCCCC)c(-c5ccc(*)s5)c5nsnc45)s2)ccc1n3CC(CCCCCCCC)CCCCCCCCCC,0,0.0,0,0.0,0.3,-3.06,-5.31,*c1ccc(-c2c(OCCCCCCCC)c(OCCCCCCCC)c(-c3ccc(*)s3)c3nsnc23)s1,*c1ccc2c(c1)c(=O)c1cc3c(cc1n2CC(CCCCCCCC)CCCCCCCCCC)c(=O)c1cc(*)ccc1n3CC(CCCCCCCC)CCCCCCCCCC
10.1039/C3TC31630K,pdtdbp2t-C20,*c1ccc(-c2ccc(-c3sc(C4=C5C(=C(c6cc(CCCCCCCCCCCCCCCCCCCC)c(*)s6)c6ccccc65)c5ccccc54)cc3CCCCCCCCCCCCCCCCCCCC)s2)s1,1,0.0,1,0.0,0.15,-3.4,-5.1,*c1ccc(-c2ccc(*)s2)s1,*c1sc(C2=C3C(=C(c4cc(CCCCCCCCCCCCCCCCCCCC)c(*)s4)c4ccccc43)c3ccccc32)cc1CCCCCCCCCCCCCCCCCCCC,pdtdbp2t-OD,*c1ccc(-c2ccc(-c3sc(C4=C5C(=C(c6cc(CC(CCCCCCCC)CCCCCCCCCC)c(*)s6)c6ccccc65)c5ccccc54)cc3CC(CCCCCCCC)CCCCCCCCCC)s2)s1,1,0.0,1,0.0,0.024,-3.4,-5.1,*c1ccc(-c2ccc(*)s2)s1,*c1sc(C2=C3C(=C(c4cc(CC(CCCCCCCC)CCCCCCCCCC)c(*)s4)c4ccccc43)c3ccccc32)cc1CC(CCCCCCCC)CCCCCCCCCC
10.1039/C3TC31630K,pdtdbp2t-C20,*c1ccc(-c2ccc(-c3sc(C4=C5C(=C(c6cc(CCCCCCCCCCCCCCCCCCCC)c(*)s6)c6ccccc65)c5ccccc54)cc3CCCCCCCCCCCCCCCCCCCC)s2)s1,1,0.0,1,0.0,0.15,-3.4,-5.1,*c1ccc(-c2ccc(*)s2)s1,*c1sc(C2=C3C(=C(c4cc(CCCCCCCCCCCCCCCCCCCC)c(*)s4)c4ccccc43)c3ccccc32)cc1CCCCCCCCCCCCCCCCCCCC,ipdtdbp2t-C16,*c1ccc2c(c1)C(c1ccc(CCCCCCCCCCCCCCCC)s1)=C1C2=C(c2ccc(CCCCCCCCCCCCCCCC)s2)c2cc(-c3ccc(-c4ccc(*)s4)s3)ccc21,0,0.0,1,0.0,0.19,-3.3,-5.0,*c1ccc(-c2ccc(*)s2)s1,*c1ccc2c(c1)C(c1ccc(CCCCCCCCCCCCCCCC)s1)=C1C2=C(c2ccc(CCCCCCCCCCCCCCCC)s2)c2cc(*)ccc21
10.1039/C3TC31630K,pdtdbp2t-C20,*c1ccc(-c2ccc(-c3sc(C4=C5C(=C(c6cc(CCCCCCCCCCCCCCCCCCCC)c(*)s6)c6ccccc65)c5ccccc54)cc3CCCCCCCCCCCCCCCCCCCC)s2)s1,1,0.0,1,0.0,0.15,-3.4,-5.1,*c1ccc(-c2ccc(*)s2)s1,*c1sc(C2=C3C(=C(c4cc(CCCCCCCCCCCCCCCCCCCC)c(*)s4)c4ccccc43)c3ccccc32)cc1CCCCCCCCCCCCCCCCCCCC,ipdtdbp2t-OD,*c1ccc2c(c1)C(c1ccc(CC(CCCCCCCC)CCCCCCCCCC)s1)=C1C2=C(c2ccc(CC(CCCCCCCC)CCCCCCCCCC)s2)c2cc(-c3ccc(-c4ccc(*)s4)s3)ccc21,0,0.0,1,0.0,0.15,-3.3,-5.0,*c1ccc(-c2ccc(*)s2)s1,*c1ccc2c(c1)C(c1ccc(CC(CCCCCCCC)CCCCCCCCCC)s1)=C1C2=C(c2ccc(CC(CCCCCCCC)CCCCCCCCCC)s2)c2cc(*)ccc21
10.1039/C3TC31630K,pdtdbp2t-OD,*c1ccc(-c2ccc(-c3sc(C4=C5C(=C(c6cc(CC(CCCCCCCC)CCCCCCCCCC)c(*)s6)c6ccccc65)c5ccccc54)cc3CC(CCCCCCCC)CCCCCCCCCC)s2)s1,1,0.0,1,0.0,0.024,-3.4,-5.1,*c1ccc(-c2ccc(*)s2)s1,*c1sc(C2=C3C(=C(c4cc(CC(CCCCCCCC)CCCCCCCCCC)c(*)s4)c4ccccc43)c3ccccc32)cc1CC(CCCCCCCC)CCCCCCCCCC,ipdtdbp2t-C16,*c1ccc2c(c1)C(c1ccc(CCCCCCCCCCCCCCCC)s1)=C1C2=C(c2ccc(CCCCCCCCCCCCCCCC)s2)c2cc(-c3ccc(-c4ccc(*)s4)s3)ccc21,0,0.0,1,0.0,0.19,-3.3,-5.0,*c1ccc(-c2ccc(*)s2)s1,*c1ccc2c(c1)C(c1ccc(CCCCCCCCCCCCCCCC)s1)=C1C2=C(c2ccc(CCCCCCCCCCCCCCCC)s2)c2cc(*)ccc21
10.1039/C3TC31630K,pdtdbp2t-OD,*c1ccc(-c2ccc(-c3sc(C4=C5C(=C(c6cc(CC(CCCCCCCC)CCCCCCCCCC)c(*)s6)c6ccccc65)c5ccccc54)cc3CC(CCCCCCCC)CCCCCCCCCC)s2)s1,1,0.0,1,0.0,0.024,-3.4,-5.1,*c1ccc(-c2ccc(*)s2)s1,*c1sc(C2=C3C(=C(c4cc(CC(CCCCCCCC)CCCCCCCCCC)c(*)s4)c4ccccc43)c3ccccc32)cc1CC(CCCCCCCC)CCCCCCCCCC,ipdtdbp2t-OD,*c1ccc2c(c1)C(c1ccc(CC(CCCCCCCC)CCCCCCCCCC)s1)=C1C2=C(c2ccc(CC(CCCCCCCC)CCCCCCCCCC)s2)c2cc(-c3ccc(-c4ccc(*)s4)s3)ccc21,0,0.0,1,0.0,0.15,-3.3,-5.0,*c1ccc(-c2ccc(*)s2)s1,*c1ccc2c(c1)C(c1ccc(CC(CCCCCCCC)CCCCCCCCCC)s1)=C1C2=C(c2ccc(CC(CCCCCCCC)CCCCCCCCCC)s2)c2cc(*)ccc21
10.1039/C3TC31630K,ipdtdbp2t-C16,*c1ccc2c(c1)C(c1ccc(CCCCCCCCCCCCCCCC)s1)=C1C2=C(c2ccc(CCCCCCCCCCCCCCCC)s2)c2cc(-c3ccc(-c4ccc(*)s4)s3)ccc21,0,0.0,1,0.0,0.19,-3.3,-5.0,*c1ccc(-c2ccc(*)s2)s1,*c1ccc2c(c1)C(c1ccc(CCCCCCCCCCCCCCCC)s1)=C1C2=C(c2ccc(CCCCCCCCCCCCCCCC)s2)c2cc(*)ccc21,ipdtdbp2t-OD,*c1ccc2c(c1)C(c1ccc(CC(CCCCCCCC)CCCCCCCCCC)s1)=C1C2=C(c2ccc(CC(CCCCCCCC)CCCCCCCCCC)s2)c2cc(-c3ccc(-c4ccc(*)s4)s3)ccc21,0,0.0,1,0.0,0.15,-3.3,-5.0,*c1ccc(-c2ccc(*)s2)s1,*c1ccc2c(c1)C(c1ccc(CC(CCCCCCCC)CCCCCCCCCC)s1)=C1C2=C(c2ccc(CC(CCCCCCCC)CCCCCCCCCC)s2)c2cc(*)ccc21
10.1039/C3sc50245g,PII2T,*c1ccc2c(c1)N(CCCC(CCCCCCCCCCCCCC)CCCCCCCCCCCCCC)C(=O)/C2=C1/C(=O)N(CCCC(CCCCCCCCCCCCCC)CCCCCCCCCCCCCC)c2cc(-c3ccc(-c4ccc(*)s4)s3)ccc21,1,0.0,1,0.01,1.44,-3.7,-5.42,*c1ccc(-c2ccc(*)s2)s1,*c1ccc2c(c1)N(CCCC(CCCCCCCCCCCCCC)CCCCCCCCCCCCCC)C(=O)/C2=C1/C(=O)N(CCCC(CCCCCCCCCCCCCC)CCCCCCCCCCCCCC)c2cc(*)ccc21,PCII2T,*c1ccc(-c2ccc(-c3cc4c(cc3Cl)/C(=C3\C(=O)N(CCCC(CCCCCCCCCCCCCC)CCCCCCCCCCCCCC)c5cc(*)c(Cl)cc53)C(=O)N4CCCC(CCCCCCCCCCCCCC)CCCCCCCCCCCCCC)s2)s1,1,0.0,1,0.62,0.5,-3.86,-5.64,*c1ccc(-c2ccc(*)s2)s1,*c1cc2c(cc1Cl)/C(=C1\C(=O)N(CCCC(CCCCCCCCCCCCCC)CCCCCCCCCCCCCC)c3cc(*)c(Cl)cc31)C(=O)N2CCCC(CCCCCCCCCCCCCC)CCCCCCCCCCCCCC
10.1039/C3sc50245g,PII2T,*c1ccc2c(c1)N(CCCC(CCCCCCCCCCCCCC)CCCCCCCCCCCCCC)C(=O)/C2=C1/C(=O)N(CCCC(CCCCCCCCCCCCCC)CCCCCCCCCCCCCC)c2cc(-c3ccc(-c4ccc(*)s4)s3)ccc21,1,0.0,1,0.01,1.44,-3.7,-5.42,*c1ccc(-c2ccc(*)s2)s1,*c1ccc2c(c1)N(CCCC(CCCCCCCCCCCCCC)CCCCCCCCCCCCCC)C(=O)/C2=C1/C(=O)N(CCCC(CCCCCCCCCCCCCC)CCCCCCCCCCCCCC)c2cc(*)ccc21,PCII2Se,*c1ccc(-c2ccc(-c3cc4c(cc3Cl)/C(=C3\C(=O)N(CCCC(CCCCCCCCCCCCCC)CCCCCCCCCCCCCC)c5cc(*)c(Cl)cc53)C(=O)N4CCCC(CCCCCCCCCCCCCC)CCCCCCCCCCCCCC)[se]2)[se]1,1,0.0,1,0.72,1.05,-3.84,-5.57,*c1ccc(-c2ccc(*)[se]2)[se]1,*c1cc2c(cc1Cl)/C(=C1\C(=O)N(CCCC(CCCCCCCCCCCCCC)CCCCCCCCCCCCCC)c3cc(*)c(Cl)cc31)C(=O)N2CCCC(CCCCCCCCCCCCCC)CCCCCCCCCCCCCC
10.1039/C3sc50245g,PCII2T,*c1ccc(-c2ccc(-c3cc4c(cc3Cl)/C(=C3\C(=O)N(CCCC(CCCCCCCCCCCCCC)CCCCCCCCCCCCCC)c5cc(*)c(Cl)cc53)C(=O)N4CCCC(CCCCCCCCCCCCCC)CCCCCCCCCCCCCC)s2)s1,1,0.0,1,0.62,0.5,-3.86,-5.64,*c1ccc(-c2ccc(*)s2)s1,*c1cc2c(cc1Cl)/C(=C1\C(=O)N(CCCC(CCCCCCCCCCCCCC)CCCCCCCCCCCCCC)c3cc(*)c(Cl)cc31)C(=O)N2CCCC(CCCCCCCCCCCCCC)CCCCCCCCCCCCCC,PCII2Se,*c1ccc(-c2ccc(-c3cc4c(cc3Cl)/C(=C3\C(=O)N(CCCC(CCCCCCCCCCCCCC)CCCCCCCCCCCCCC)c5cc(*)c(Cl)cc53)C(=O)N4CCCC(CCCCCCCCCCCCCC)CCCCCCCCCCCCCC)[se]2)[se]1,1,0.0,1,0.72,1.05,-3.84,-5.57,*c1ccc(-c2ccc(*)[se]2)[se]1,*c1cc2c(cc1Cl)/C(=C1\C(=O)N(CCCC(CCCCCCCCCCCCCC)CCCCCCCCCCCCCC)c3cc(*)c(Cl)cc31)C(=O)N2CCCC(CCCCCCCCCCCCCC)CCCCCCCCCCCCCC
10.1039/C5CC01021G,PITET-Yuning,*c1ccc2c(c1)N(CC(CCCCCCCCCC)CCCCCCCCCCCC)C(=O)/C2=C1/C(=O)N(CCCCCCCCCCCC)c2cc3c(cc21)N(CCCCCCCCCCCC)C(=O)/C3=C1/C(=O)N(CC(CCCCCCCCCC)CCCCCCCCCCCC)c2cc(-c3ccc(/C=C/c4ccc(*)s4)s3)ccc21,1,0.0,1,0.075,0.1,-3.7,-5.71,*c1ccc(/C=C/c2ccc(*)s2)s1,*c1ccc2c(c1)N(CC(CCCCCCCCCC)CCCCCCCCCCCC)C(=O)/C2=C1/C(=O)N(CCCCCCCCCCCC)c2cc3c(cc21)N(CCCCCCCCCCCC)C(=O)/C3=C1/C(=O)N(CC(CCCCCCCCCC)CCCCCCCCCCCC)c2cc(*)ccc21,NBDOPV-BT,*c1ccc2c(c1)N(CC(CCCCCCCCCC)CCCCCCCCCCCC)C(=O)/C2=C1/C(=O)N(CCCCCCCCCCCC)c2cc3c(cc21)N(CCCCCCCCCCCC)C(=O)/C3=C1/C(=O)N(CC(CCCCCCCCCC)CCCCCCCCCCCC)c2cc(-c3ccc(-c4ccc(*)s4)s3)ccc21,1,0.0,1,0.088,0.19,-3.71,-5.6,*c1ccc(-c2ccc(*)s2)s1,*c1ccc2c(c1)N(CC(CCCCCCCCCC)CCCCCCCCCCCC)C(=O)/C2=C1/C(=O)N(CCCCCCCCCCCC)c2cc3c(cc21)N(CCCCCCCCCCCC)C(=O)/C3=C1/C(=O)N(CC(CCCCCCCCCC)CCCCCCCCCCCC)c2cc(*)ccc21
10.1039/C5CC02104A,P-29-IID-TVT,*c1ccc2c(c1)N(CCCCCCC(CCCCCCCCCC)CCCCCCCCCCCC)C(=O)/C2=C1/C(=O)N(CCCCCCC(CCCCCCCCCC)CCCCCCCCCCCC)c2cc(-c3ccc(/C=C/c4ccc(*)s4)s3)ccc21,1,0.0,1,0.0,2.13,-3.82,-5.25,*c1ccc(/C=C/c2ccc(*)s2)s1,*c1ccc2c(c1)N(CCCCCCC(CCCCCCCCCC)CCCCCCCCCCCC)C(=O)/C2=C1/C(=O)N(CCCCCCC(CCCCCCCCCC)CCCCCCCCCCCC)c2cc(*)ccc21,P-29-IID-SVS,*c1ccc2c(c1)N(CCCCCCC(CCCCCCCCCC)CCCCCCCCCCCC)C(=O)/C2=C1/C(=O)N(CCCCCCC(CCCCCCCCCC)CCCCCCCCCCCC)c2cc(-c3ccc(/C=C/c4ccc(*)[se]4)[se]3)ccc21,1,0.0,1,0.0,5.83,-3.87,-5.22,*c1ccc(/C=C/c2ccc(*)[se]2)[se]1,*c1ccc2c(c1)N(CCCCCCC(CCCCCCCCCC)CCCCCCCCCCCC)C(=O)/C2=C1/C(=O)N(CCCCCCC(CCCCCCCCCC)CCCCCCCCCCCC)c2cc(*)ccc21
10.1039/C5CC03917G,PINDFTT,*c1ccc2c(c1)N(CCCC(CCCCCCCCCCCCCCCCCC)CCCCCCCCCCCCCCCCCC)C(=O)/C2=C1/C(=O)Oc2c1ccc1c3c(ccc21)/C(=C1\C(=O)N(CCCC(CCCCCCCCCCCCCCCCCC)CCCCCCCCCCCCCCCCCC)c2cc(-c4cc5sc(*)cc5s4)ccc21)C(=O)O3,1,0.0,1,0.14,0.12,-3.79,-5.76,*c1cc2sc(*)cc2s1,*c1ccc2c(c1)N(CCCC(CCCCCCCCCCCCCCCCCC)CCCCCCCCCCCCCCCCCC)C(=O)/C2=C1/C(=O)Oc2c1ccc1c3c(ccc21)/C(=C1\C(=O)N(CCCC(CCCCCCCCCCCCCCCCCC)CCCCCCCCCCCCCCCCCC)c2cc(*)ccc21)C(=O)O3,PINDFBT,*c1ccc2c(c1)N(CCCC(CCCCCCCCCCCCCCCCCC)CCCCCCCCCCCCCCCCCC)C(=O)/C2=C1/C(=O)Oc2c1ccc1c3c(ccc21)/C(=C1\C(=O)N(CCCC(CCCCCCCCCCCCCCCCCC)CCCCCCCCCCCCCCCCCC)c2cc(-c4ccc(-c5ccc(*)s5)s4)ccc21)C(=O)O3,1,0.0,1,0.5,0.51,-3.84,-5.65,*c1ccc(-c2ccc(*)s2)s1,*c1ccc2c(c1)N(CCCC(CCCCCCCCCCCCCCCCCC)CCCCCCCCCCCCCCCCCC)C(=O)/C2=C1/C(=O)Oc2c1ccc1c3c(ccc21)/C(=C1\C(=O)N(CCCC(CCCCCCCCCCCCCCCCCC)CCCCCCCCCCCCCCCCCC)c2cc(*)ccc21)C(=O)O3
10.1039/C5PY01488C,PTII-T,*c1ccc(-c2cc3c(Cl)c4c(cc3s2)/C(=C2\C(=O)N(CC(CCCCCCCC)CCCCCCCCCC)c3c2cc2sc(*)cc2c3Cl)C(=O)N4CC(CCCCCCCC)CCCCCCCCCC)s1,1,0.0,0,0.029,0.018,-4.17,-5.73,*c1ccc(*)s1,*c1cc2c(Cl)c3c(cc2s1)/C(=C1\C(=O)N(CC(CCCCCCCC)CCCCCCCCCC)c2c1cc1sc(*)cc1c2Cl)C(=O)N3CC(CCCCCCCC)CCCCCCCCCC,ClTBIID-TVT(PTII-TVT-8),*c1cc(CCCCCCCC)c(/C=C/c2sc(-c3cc4c(Cl)c5c(cc4s3)/C(=C3\C(=O)N(CC(CCCCCCCC)CCCCCCCCCC)c4c3cc3sc(*)cc3c4Cl)C(=O)N5CC(CCCCCCCC)CCCCCCCCCC)cc2CCCCCCCC)s1,1,0.0,1,0.004,0.037,-4.0,-5.35,*c1cc(CCCCCCCC)c(/C=C/c2sc(*)cc2CCCCCCCC)s1,*c1cc2c(Cl)c3c(cc2s1)/C(=C1\C(=O)N(CC(CCCCCCCC)CCCCCCCCCC)c2c1cc1sc(*)cc1c2Cl)C(=O)N3CC(CCCCCCCC)CCCCCCCCCC
10.1039/C5PY01500F,PVDTOI-DTE,*c1ccc2c(c1)N(CC(CCCCCCCCCC)CCCCCCCCCCCC)C(=O)/C2=C\c1ccc(/C=C/c2ccc(/C=C3\C(=O)N(CC(CCCCCCCCCC)CCCCCCCCCCCC)c4cc(-c5ccc(/C=C/c6ccc(*)s6)s5)ccc43)s2)s1,1,0.0,1,0.0,0.35,-3.34,-5.41,*c1ccc(/C=C/c2ccc(*)s2)s1,*c1ccc2c(c1)N(CC(CCCCCCCCCC)CCCCCCCCCCCC)C(=O)/C2=C\c1ccc(/C=C/c2ccc(/C=C3\C(=O)N(CC(CCCCCCCCCC)CCCCCCCCCCCC)c4cc(*)ccc43)s2)s1,PVDTOI-DSE,*c1ccc2c(c1)N(CC(CCCCCCCCCC)CCCCCCCCCCCC)C(=O)/C2=C\c1ccc(/C=C/c2ccc(/C=C3\C(=O)N(CC(CCCCCCCCCC)CCCCCCCCCCCC)c4cc(-c5ccc(/C=C/c6ccc(*)[se]6)[se]5)ccc43)s2)s1,1,0.0,1,0.0,0.037,-3.62,-5.4,*c1ccc(/C=C/c2ccc(*)[se]2)[se]1,*c1ccc2c(c1)N(CC(CCCCCCCCCC)CCCCCCCCCCCC)C(=O)/C2=C\c1ccc(/C=C/c2ccc(/C=C3\C(=O)N(CC(CCCCCCCCCC)CCCCCCCCCCCC)c4cc(*)ccc43)s2)s1
10.1039/C5RA26227E,PPQx2T-BT-24,*c1ccc(-c2ccc(-c3ccc(-c4nc5cc6c(cc5n(CC(CCCCCCCCCC)CCCCCCCCCCCC)c4=O)nc(-c4ccc(*)s4)c(=O)n6CC(CCCCCCCCCC)CCCCCCCCCCCC)s3)s2)s1,1,0.0,1,0.00428,0.000522,-3.59,-5.54,*c1ccc(-c2ccc(*)s2)s1,*c1ccc(-c2nc3cc4c(cc3n(CC(CCCCCCCCCC)CCCCCCCCCCCC)c2=O)nc(-c2ccc(*)s2)c(=O)n4CC(CCCCCCCCCC)CCCCCCCCCCCC)s1,PPQx2T-TT-24,*c1ccc(-c2nc3cc4c(cc3n(CC(CCCCCCCCCC)CCCCCCCCCCCC)c2=O)nc(-c2ccc(-c3cc5sc(*)cc5s3)s2)c(=O)n4CC(CCCCCCCCCC)CCCCCCCCCCCC)s1,1,0.0,1,0.0482,0.00395,-3.52,-5.54,*c1cc2sc(*)cc2s1,*c1ccc(-c2nc3cc4c(cc3n(CC(CCCCCCCCCC)CCCCCCCCCCCC)c2=O)nc(-c2ccc(*)s2)c(=O)n4CC(CCCCCCCCCC)CCCCCCCCCCCC)s1
10.1039/C6RA01031H,PTTDPPTVT,*c1ccc(/C=C/c2ccc(-c3cc4sc(C5=C6C(=O)N(CC(CCCCCCCCCC)CCCCCCCCCCCC)C(c7cc8sc(*)cc8s7)=C6C(=O)N5CC(CCCCCCCCCC)CCCCCCCCCCCC)cc4s3)s2)s1,1,0.0,1,0.0,0.437,-3.4,-4.75,*c1ccc(/C=C/c2ccc(*)s2)s1,*c1cc2sc(C3=C4C(=O)N(CC(CCCCCCCCCC)CCCCCCCCCCCC)C(c5cc6sc(*)cc6s5)=C4C(=O)N3CC(CCCCCCCCCC)CCCCCCCCCCCC)cc2s1,PTTDPPSVS,*c1cc2sc(C3=C4C(=O)N(CC(CCCCCCCCCC)CCCCCCCCCCCC)C(c5cc6sc(-c7ccc(/C=C/c8ccc(*)[se]8)[se]7)cc6s5)=C4C(=O)N3CC(CCCCCCCCCC)CCCCCCCCCCCC)cc2s1,1,0.0,1,0.0,0.067,-3.44,-4.89,*c1ccc(/C=C/c2ccc(*)[se]2)[se]1,*c1cc2sc(C3=C4C(=O)N(CC(CCCCCCCCCC)CCCCCCCCCCCC)C(c5cc6sc(*)cc6s5)=C4C(=O)N3CC(CCCCCCCCCC)CCCCCCCCCCCC)cc2s1
10.1039/C6RA17241E,PTD-8-TVT,*c1ccc(/C=C/c2ccc(-c3cnc(C4=C5C(=O)N(CC(CCCCCCCC)CCCCCCCCCC)C(c6ncc(*)s6)=C5C(=O)N4CC(CCCCCCCC)CCCCCCCCCC)s3)s2)s1,1,0.0,1,0.0011,0.029,-3.56,-5.37,*c1ccc(/C=C/c2ccc(*)s2)s1,*c1cnc(C2=C3C(=O)N(CC(CCCCCCCC)CCCCCCCCCC)C(c4ncc(*)s4)=C3C(=O)N2CC(CCCCCCCC)CCCCCCCCCC)s1,PTD-10-TVT,*c1ccc(/C=C/c2ccc(-c3cnc(C4=C5C(=O)N(CC(CCCCCCCCCC)CCCCCCCCCCCC)C(c6ncc(*)s6)=C5C(=O)N4CC(CCCCCCCCCC)CCCCCCCCCCCC)s3)s2)s1,1,0.0,1,0.0097,0.17,-3.64,-5.4,*c1ccc(/C=C/c2ccc(*)s2)s1,*c1cnc(C2=C3C(=O)N(CC(CCCCCCCCCC)CCCCCCCCCCCC)C(c4ncc(*)s4)=C3C(=O)N2CC(CCCCCCCCCC)CCCCCCCCCCCC)s1
10.1039/C6RA17241E,PTD-8-TVT,*c1ccc(/C=C/c2ccc(-c3cnc(C4=C5C(=O)N(CC(CCCCCCCC)CCCCCCCCCC)C(c6ncc(*)s6)=C5C(=O)N4CC(CCCCCCCC)CCCCCCCCCC)s3)s2)s1,1,0.0,1,0.0011,0.029,-3.56,-5.37,*c1ccc(/C=C/c2ccc(*)s2)s1,*c1cnc(C2=C3C(=O)N(CC(CCCCCCCC)CCCCCCCCCC)C(c4ncc(*)s4)=C3C(=O)N2CC(CCCCCCCC)CCCCCCCCCC)s1,PTD-8-SVS,*c1cnc(C2=C3C(=O)N(CC(CCCCCCCC)CCCCCCCCCC)C(c4ncc(-c5ccc(/C=C/c6ccc(*)[se]6)[se]5)s4)=C3C(=O)N2CC(CCCCCCCC)CCCCCCCCCC)s1,1,0.0,1,0.0024,0.023,-5.38,-3.57,*c1ccc(/C=C/c2ccc(*)[se]2)[se]1,*c1cnc(C2=C3C(=O)N(CC(CCCCCCCC)CCCCCCCCCC)C(c4ncc(*)s4)=C3C(=O)N2CC(CCCCCCCC)CCCCCCCCCC)s1
10.1039/C6RA17241E,PTD-8-TVT,*c1ccc(/C=C/c2ccc(-c3cnc(C4=C5C(=O)N(CC(CCCCCCCC)CCCCCCCCCC)C(c6ncc(*)s6)=C5C(=O)N4CC(CCCCCCCC)CCCCCCCCCC)s3)s2)s1,1,0.0,1,0.0011,0.029,-3.56,-5.37,*c1ccc(/C=C/c2ccc(*)s2)s1,*c1cnc(C2=C3C(=O)N(CC(CCCCCCCC)CCCCCCCCCC)C(c4ncc(*)s4)=C3C(=O)N2CC(CCCCCCCC)CCCCCCCCCC)s1,PTD-10-SVS ,*c1cnc(C2=C3C(=O)N(CC(CCCCCCCCCC)CCCCCCCCCCCC)C(c4ncc(-c5ccc(/C=C/c6ccc(*)[se]6)[se]5)s4)=C3C(=O)N2CC(CCCCCCCCCC)CCCCCCCCCCCC)s1,1,0.0,1,0.0038,0.031,-3.56,-5.36,*c1ccc(/C=C/c2ccc(*)[se]2)[se]1,*c1cnc(C2=C3C(=O)N(CC(CCCCCCCCCC)CCCCCCCCCCCC)C(c4ncc(*)s4)=C3C(=O)N2CC(CCCCCCCCCC)CCCCCCCCCCCC)s1
10.1039/C6RA17241E,PTD-10-TVT,*c1ccc(/C=C/c2ccc(-c3cnc(C4=C5C(=O)N(CC(CCCCCCCCCC)CCCCCCCCCCCC)C(c6ncc(*)s6)=C5C(=O)N4CC(CCCCCCCCCC)CCCCCCCCCCCC)s3)s2)s1,1,0.0,1,0.0097,0.17,-3.64,-5.4,*c1ccc(/C=C/c2ccc(*)s2)s1,*c1cnc(C2=C3C(=O)N(CC(CCCCCCCCCC)CCCCCCCCCCCC)C(c4ncc(*)s4)=C3C(=O)N2CC(CCCCCCCCCC)CCCCCCCCCCCC)s1,PTD-8-SVS,*c1cnc(C2=C3C(=O)N(CC(CCCCCCCC)CCCCCCCCCC)C(c4ncc(-c5ccc(/C=C/c6ccc(*)[se]6)[se]5)s4)=C3C(=O)N2CC(CCCCCCCC)CCCCCCCCCC)s1,1,0.0,1,0.0024,0.023,-5.38,-3.57,*c1ccc(/C=C/c2ccc(*)[se]2)[se]1,*c1cnc(C2=C3C(=O)N(CC(CCCCCCCC)CCCCCCCCCC)C(c4ncc(*)s4)=C3C(=O)N2CC(CCCCCCCC)CCCCCCCCCC)s1
10.1039/C6RA17241E,PTD-10-TVT,*c1ccc(/C=C/c2ccc(-c3cnc(C4=C5C(=O)N(CC(CCCCCCCCCC)CCCCCCCCCCCC)C(c6ncc(*)s6)=C5C(=O)N4CC(CCCCCCCCCC)CCCCCCCCCCCC)s3)s2)s1,1,0.0,1,0.0097,0.17,-3.64,-5.4,*c1ccc(/C=C/c2ccc(*)s2)s1,*c1cnc(C2=C3C(=O)N(CC(CCCCCCCCCC)CCCCCCCCCCCC)C(c4ncc(*)s4)=C3C(=O)N2CC(CCCCCCCCCC)CCCCCCCCCCCC)s1,PTD-10-SVS ,*c1cnc(C2=C3C(=O)N(CC(CCCCCCCCCC)CCCCCCCCCCCC)C(c4ncc(-c5ccc(/C=C/c6ccc(*)[se]6)[se]5)s4)=C3C(=O)N2CC(CCCCCCCCCC)CCCCCCCCCCCC)s1,1,0.0,1,0.0038,0.031,-3.56,-5.36,*c1ccc(/C=C/c2ccc(*)[se]2)[se]1,*c1cnc(C2=C3C(=O)N(CC(CCCCCCCCCC)CCCCCCCCCCCC)C(c4ncc(*)s4)=C3C(=O)N2CC(CCCCCCCCCC)CCCCCCCCCCCC)s1
10.1039/C6RA17241E,PTD-8-SVS,*c1cnc(C2=C3C(=O)N(CC(CCCCCCCC)CCCCCCCCCC)C(c4ncc(-c5ccc(/C=C/c6ccc(*)[se]6)[se]5)s4)=C3C(=O)N2CC(CCCCCCCC)CCCCCCCCCC)s1,1,0.0,1,0.0024,0.023,-5.38,-3.57,*c1ccc(/C=C/c2ccc(*)[se]2)[se]1,*c1cnc(C2=C3C(=O)N(CC(CCCCCCCC)CCCCCCCCCC)C(c4ncc(*)s4)=C3C(=O)N2CC(CCCCCCCC)CCCCCCCCCC)s1,PTD-10-SVS ,*c1cnc(C2=C3C(=O)N(CC(CCCCCCCCCC)CCCCCCCCCCCC)C(c4ncc(-c5ccc(/C=C/c6ccc(*)[se]6)[se]5)s4)=C3C(=O)N2CC(CCCCCCCCCC)CCCCCCCCCCCC)s1,1,0.0,1,0.0038,0.031,-3.56,-5.36,*c1ccc(/C=C/c2ccc(*)[se]2)[se]1,*c1cnc(C2=C3C(=O)N(CC(CCCCCCCCCC)CCCCCCCCCCCC)C(c4ncc(*)s4)=C3C(=O)N2CC(CCCCCCCCCC)CCCCCCCCCCCC)s1
10.1039/C6RA18573H,5btdpp-dte,*c1ccc2sc(C3=C4C(=O)N(CC(CCCCCCCCCC)CCCCCCCCCCCC)C(c5cc6cc(-c7ccc(/C=C/c8ccc(*)s8)s7)ccc6s5)=C4C(=O)N3CC(CCCCCCCCCC)CCCCCCCCCCCC)cc2c1,0,0.0,1,0.0,0.016,-3.3,-4.9,*c1ccc(/C=C/c2ccc(*)s2)s1,*c1ccc2sc(C3=C4C(=O)N(CC(CCCCCCCCCC)CCCCCCCCCCCC)C(c5cc6cc(*)ccc6s5)=C4C(=O)N3CC(CCCCCCCCCC)CCCCCCCCCCCC)cc2c1,6btdpp-dte,*c1ccc2cc(C3=C4C(=O)N(CC(CCCCCCCCCC)CCCCCCCCCCCC)C(c5cc6ccc(-c7ccc(/C=C/c8ccc(*)s8)s7)cc6s5)=C4C(=O)N3CC(CCCCCCCCCC)CCCCCCCCCCCC)sc2c1,1,0.0,1,0.0,0.8,-3.32,-4.88,*c1ccc(/C=C/c2ccc(*)s2)s1,*c1ccc2cc(C3=C4C(=O)N(CC(CCCCCCCCCC)CCCCCCCCCCCC)C(c5cc6ccc(*)cc6s5)=C4C(=O)N3CC(CCCCCCCCCC)CCCCCCCCCCCC)sc2c1
10.1039/C6TC03000A,PAIID-BTz,*c1ccc2c(n1)N(CC(CCCCCCCC)CCCCCCCCCC)C(=O)/C2=C1/C(=O)N(CC(CCCCCCCC)CCCCCCCCCC)c2nc(-c3ccc(*)c4nsnc34)ccc21,1,0.0,0,1.0,0.0,-3.4,-5.5,*c1ccc(*)c2nsnc12,*c1ccc2c(n1)N(CC(CCCCCCCC)CCCCCCCCCC)C(=O)/C2=C1/C(=O)N(CC(CCCCCCCC)CCCCCCCCCC)c2nc(*)ccc21,PAIID-Se,*c1ccc2c(n1)N(CC(CCCCCCCC)CCCCCCCCCC)C(=O)/C2=C1/C(=O)N(CC(CCCCCCCC)CCCCCCCCCC)c2nc(-c3ccc(*)[se]3)ccc21,1,0.0,0,0.5,0.2,-3.3,-5.3,*c1ccc(*)[se]1,*c1ccc2c(n1)N(CC(CCCCCCCC)CCCCCCCCCC)C(=O)/C2=C1/C(=O)N(CC(CCCCCCCC)CCCCCCCCCC)c2nc(*)ccc21
10.1039/C6TC03299K,DPP-PyP,*c1ccc(-c2ccc(-c3ccc(C4=C5C(=O)N(CC(CCCCCCCC)CCCCCCCCCC)C(c6ccc(*)s6)=C5C(=O)N4CC(CCCCCCCC)CCCCCCCCCC)s3)cn2)cc1,1,0.0,0,0.0,0.15,-3.5,-5.2,*c1ccc(-c2ccc(*)cn2)cc1,*c1ccc(C2=C3C(=O)N(CC(CCCCCCCC)CCCCCCCCCC)C(c4ccc(*)s4)=C3C(=O)N2CC(CCCCCCCC)CCCCCCCCCC)s1,DPP-PyT,*c1ccc(C2=C3C(=O)N(CC(CCCCCCCC)CCCCCCCCCC)C(c4ccc(-c5ccc(-c6ccc(*)s6)nc5)s4)=C3C(=O)N2CC(CCCCCCCC)CCCCCCCCCC)s1,1,0.0,0,0.0,0.3,-3.5,-5.1,*c1ccc(-c2ccc(*)s2)nc1,*c1ccc(C2=C3C(=O)N(CC(CCCCCCCC)CCCCCCCCCC)C(c4ccc(*)s4)=C3C(=O)N2CC(CCCCCCCC)CCCCCCCCCC)s1
10.1039/C6TC03299K,DPP-PyP,*c1ccc(-c2ccc(-c3ccc(C4=C5C(=O)N(CC(CCCCCCCC)CCCCCCCCCC)C(c6ccc(*)s6)=C5C(=O)N4CC(CCCCCCCC)CCCCCCCCCC)s3)cn2)cc1,1,0.0,0,0.0,0.15,-3.5,-5.2,*c1ccc(-c2ccc(*)cn2)cc1,*c1ccc(C2=C3C(=O)N(CC(CCCCCCCC)CCCCCCCCCC)C(c4ccc(*)s4)=C3C(=O)N2CC(CCCCCCCC)CCCCCCCCCC)s1,DPP-TzT,*c1ccc(C2=C3C(=O)N(CC(CCCCCCCC)CCCCCCCCCC)C(c4ccc(-c5cnc(-c6ccc(*)s6)s5)s4)=C3C(=O)N2CC(CCCCCCCC)CCCCCCCCCC)s1,1,0.0,0,0.0,1.13,-3.7,-5.1,*c1ccc(-c2ncc(*)s2)s1,*c1ccc(C2=C3C(=O)N(CC(CCCCCCCC)CCCCCCCCCC)C(c4ccc(*)s4)=C3C(=O)N2CC(CCCCCCCC)CCCCCCCCCC)s1
10.1039/C6TC03299K,DPP-PyT,*c1ccc(C2=C3C(=O)N(CC(CCCCCCCC)CCCCCCCCCC)C(c4ccc(-c5ccc(-c6ccc(*)s6)nc5)s4)=C3C(=O)N2CC(CCCCCCCC)CCCCCCCCCC)s1,1,0.0,0,0.0,0.3,-3.5,-5.1,*c1ccc(-c2ccc(*)s2)nc1,*c1ccc(C2=C3C(=O)N(CC(CCCCCCCC)CCCCCCCCCC)C(c4ccc(*)s4)=C3C(=O)N2CC(CCCCCCCC)CCCCCCCCCC)s1,DPP-TzT,*c1ccc(C2=C3C(=O)N(CC(CCCCCCCC)CCCCCCCCCC)C(c4ccc(-c5cnc(-c6ccc(*)s6)s5)s4)=C3C(=O)N2CC(CCCCCCCC)CCCCCCCCCC)s1,1,0.0,0,0.0,1.13,-3.7,-5.1,*c1ccc(-c2ncc(*)s2)s1,*c1ccc(C2=C3C(=O)N(CC(CCCCCCCC)CCCCCCCCCC)C(c4ccc(*)s4)=C3C(=O)N2CC(CCCCCCCC)CCCCCCCCCC)s1
10.1039/C6TC03693G,TIIG-TVT-OD,*c1ccc(/C=C/c2ccc(-c3cc4c(s3)/C(=C3\C(=O)N(CC(CCCCCCCC)CCCCCCCCCC)c5cc(*)sc53)C(=O)N4CC(CCCCCCCC)CCCCCCCCCC)s2)s1,1,0.0,1,0.03,0.59,-3.53,-4.98,*c1ccc(/C=C/c2ccc(*)s2)s1,*c1cc2c(s1)/C(=C1\C(=O)N(CC(CCCCCCCC)CCCCCCCCCC)c3cc(*)sc31)C(=O)N2CC(CCCCCCCC)CCCCCCCCCC,PTIIG-TT,*c1cc2c(s1)/C(=C1\C(=O)N(CC(CCCCCCCC)CCCCCCCCCC)c3cc(-c4cc5sc(*)cc5s4)sc31)C(=O)N2CC(CCCCCCCC)CCCCCCCCCC,1,0.0,1,0.059,0.32,-3.46,-4.84,*c1cc2sc(*)cc2s1,*c1cc2c(s1)/C(=C1\C(=O)N(CC(CCCCCCCC)CCCCCCCCCC)c3cc(*)sc31)C(=O)N2CC(CCCCCCCC)CCCCCCCCCC
10.1039/c1jm13428k,NIDT-BT,*c1cc2c(s1)c1cc3c(cc1n2CC(CCCCCCCC)CCCCCCCCCC)c1sc(-c2ccc(*)c4nsnc24)cc1n3CC(CCCCCCCC)CCCCCCCCCC,1,0.0,0,0.0,0.02,-3.5,-4.9,*c1cc2c(s1)c1cc3c(cc1n2CC(CCCCCCCC)CCCCCCCCCC)c1sc(*)cc1n3CC(CCCCCCCC)CCCCCCCCCC,*c1ccc(*)c2nsnc12,NIDT-2FBT,*c1cc2c(s1)c1cc3c(cc1n2CC(CCCCCCCC)CCCCCCCCCC)c1sc(-c2c(F)c(F)c(*)c4nsnc24)cc1n3CC(CCCCCCCC)CCCCCCCCCC,1,0.0,0,0.0,0.07,-3.4,-4.9,*c1cc2c(s1)c1cc3c(cc1n2CC(CCCCCCCC)CCCCCCCCCC)c1sc(*)cc1n3CC(CCCCCCCC)CCCCCCCCCC,*c1c(F)c(F)c(*)c2nsnc12
10.1039/c1jm13428k,NIDT-BT,*c1cc2c(s1)c1cc3c(cc1n2CC(CCCCCCCC)CCCCCCCCCC)c1sc(-c2ccc(*)c4nsnc24)cc1n3CC(CCCCCCCC)CCCCCCCCCC,1,0.0,0,0.0,0.02,-3.5,-4.9,*c1cc2c(s1)c1cc3c(cc1n2CC(CCCCCCCC)CCCCCCCCCC)c1sc(*)cc1n3CC(CCCCCCCC)CCCCCCCCCC,*c1ccc(*)c2nsnc12,NIIDT-TPD,*c1cc2c(s1)c1cc3c(cc1n2CC(CCCCCCCC)CCCCCCCCCC)c1sc(-c2sc(*)c4c2C(=O)N(CCCCCCCC)C4=O)cc1n3CC(CCCCCCCC)CCCCCCCCCC,1,0.0,0,0.0,0.01,-3.4,-5.1,*c1cc2c(s1)c1cc3c(cc1n2CC(CCCCCCCC)CCCCCCCCCC)c1sc(*)cc1n3CC(CCCCCCCC)CCCCCCCCCC,*c1sc(*)c2c1C(=O)N(CCCCCCCC)C2=O
10.1039/c1jm13428k,NIDT-BT,*c1cc2c(s1)c1cc3c(cc1n2CC(CCCCCCCC)CCCCCCCCCC)c1sc(-c2ccc(*)c4nsnc24)cc1n3CC(CCCCCCCC)CCCCCCCCCC,1,0.0,0,0.0,0.02,-3.5,-4.9,*c1cc2c(s1)c1cc3c(cc1n2CC(CCCCCCCC)CCCCCCCCCC)c1sc(*)cc1n3CC(CCCCCCCC)CCCCCCCCCC,*c1ccc(*)c2nsnc12,NIIDT-2TPD,*c1cc2c(s1)c1cc3c(cc1n2CC(CCCCCCCC)CCCCCCCCCC)c1sc(-c2sc(-c4sc(*)c5c4C(=O)N(CC(CC)CCCC)C5=O)c4c2C(=O)N(CC(CC)CCCC)C4=O)cc1n3CC(CCCCCCCC)CCCCCCCCCC,1,0.0,1,0.0,0.001,-3.5,-5.1,*c1cc2c(s1)c1cc3c(cc1n2CC(CCCCCCCC)CCCCCCCCCC)c1sc(*)cc1n3CC(CCCCCCCC)CCCCCCCCCC,*c1sc(-c2sc(*)c3c2C(=O)N(CC(CC)CCCC)C3=O)c2c1C(=O)N(CC(CC)CCCC)C2=O
10.1039/c1jm13428k,NIDT-2FBT,*c1cc2c(s1)c1cc3c(cc1n2CC(CCCCCCCC)CCCCCCCCCC)c1sc(-c2c(F)c(F)c(*)c4nsnc24)cc1n3CC(CCCCCCCC)CCCCCCCCCC,1,0.0,0,0.0,0.07,-3.4,-4.9,*c1cc2c(s1)c1cc3c(cc1n2CC(CCCCCCCC)CCCCCCCCCC)c1sc(*)cc1n3CC(CCCCCCCC)CCCCCCCCCC,*c1c(F)c(F)c(*)c2nsnc12,NIIDT-TPD,*c1cc2c(s1)c1cc3c(cc1n2CC(CCCCCCCC)CCCCCCCCCC)c1sc(-c2sc(*)c4c2C(=O)N(CCCCCCCC)C4=O)cc1n3CC(CCCCCCCC)CCCCCCCCCC,1,0.0,0,0.0,0.01,-3.4,-5.1,*c1cc2c(s1)c1cc3c(cc1n2CC(CCCCCCCC)CCCCCCCCCC)c1sc(*)cc1n3CC(CCCCCCCC)CCCCCCCCCC,*c1sc(*)c2c1C(=O)N(CCCCCCCC)C2=O
10.1039/c1jm13428k,NIDT-2FBT,*c1cc2c(s1)c1cc3c(cc1n2CC(CCCCCCCC)CCCCCCCCCC)c1sc(-c2c(F)c(F)c(*)c4nsnc24)cc1n3CC(CCCCCCCC)CCCCCCCCCC,1,0.0,0,0.0,0.07,-3.4,-4.9,*c1cc2c(s1)c1cc3c(cc1n2CC(CCCCCCCC)CCCCCCCCCC)c1sc(*)cc1n3CC(CCCCCCCC)CCCCCCCCCC,*c1c(F)c(F)c(*)c2nsnc12,NIIDT-2TPD,*c1cc2c(s1)c1cc3c(cc1n2CC(CCCCCCCC)CCCCCCCCCC)c1sc(-c2sc(-c4sc(*)c5c4C(=O)N(CC(CC)CCCC)C5=O)c4c2C(=O)N(CC(CC)CCCC)C4=O)cc1n3CC(CCCCCCCC)CCCCCCCCCC,1,0.0,1,0.0,0.001,-3.5,-5.1,*c1cc2c(s1)c1cc3c(cc1n2CC(CCCCCCCC)CCCCCCCCCC)c1sc(*)cc1n3CC(CCCCCCCC)CCCCCCCCCC,*c1sc(-c2sc(*)c3c2C(=O)N(CC(CC)CCCC)C3=O)c2c1C(=O)N(CC(CC)CCCC)C2=O
10.1039/c1jm13428k,NIIDT-TPD,*c1cc2c(s1)c1cc3c(cc1n2CC(CCCCCCCC)CCCCCCCCCC)c1sc(-c2sc(*)c4c2C(=O)N(CCCCCCCC)C4=O)cc1n3CC(CCCCCCCC)CCCCCCCCCC,1,0.0,0,0.0,0.01,-3.4,-5.1,*c1cc2c(s1)c1cc3c(cc1n2CC(CCCCCCCC)CCCCCCCCCC)c1sc(*)cc1n3CC(CCCCCCCC)CCCCCCCCCC,*c1sc(*)c2c1C(=O)N(CCCCCCCC)C2=O,NIIDT-2TPD,*c1cc2c(s1)c1cc3c(cc1n2CC(CCCCCCCC)CCCCCCCCCC)c1sc(-c2sc(-c4sc(*)c5c4C(=O)N(CC(CC)CCCC)C5=O)c4c2C(=O)N(CC(CC)CCCC)C4=O)cc1n3CC(CCCCCCCC)CCCCCCCCCC,1,0.0,1,0.0,0.001,-3.5,-5.1,*c1cc2c(s1)c1cc3c(cc1n2CC(CCCCCCCC)CCCCCCCCCC)c1sc(*)cc1n3CC(CCCCCCCC)CCCCCCCCCC,*c1sc(-c2sc(*)c3c2C(=O)N(CC(CC)CCCC)C3=O)c2c1C(=O)N(CC(CC)CCCC)C2=O
10.1039/c2cc37266e,PPzDPDP-BT,*c1ccc(C2=c3nc4c(nc3N(CC(OCCC(C)CCCC(C)C)OCCC(C)CCCC(C)C)C2=O)=C(c2ccc(-c3ccc(-c5ccc(*)s5)s3)cc2)C(=O)N4CC(OCCC(C)CCCC(C)C)OCCC(C)CCCC(C)C)cc1,1,0.0,1,0.0062,0.066,-4.31,-5.59,*c1ccc(-c2ccc(*)s2)s1,*c1ccc(C2=c3nc4c(nc3N(CC(OCCC(C)CCCC(C)C)OCCC(C)CCCC(C)C)C2=O)=C(c2ccc(*)cc2)C(=O)N4CC(OCCC(C)CCCC(C)C)OCCC(C)CCCC(C)C)cc1,PPzDPDP-TT,*c1ccc(C2=c3nc4c(nc3N(CC(OCCC(C)CCCC(C)C)OCCC(C)CCCC(C)C)C2=O)=C(c2ccc(-c3cc5sc(*)cc5s3)cc2)C(=O)N4CC(OCCC(C)CCCC(C)C)OCCC(C)CCCC(C)C)cc1,1,0.0,1,0.021,0.053,-4.17,-5.49,*c1cc2sc(*)cc2s1,*c1ccc(C2=c3nc4c(nc3N(CC(OCCC(C)CCCC(C)C)OCCC(C)CCCC(C)C)C2=O)=C(c2ccc(*)cc2)C(=O)N4CC(OCCC(C)CCCC(C)C)OCCC(C)CCCC(C)C)cc1
10.1039/c2jm14989c,PDPP-FPF,*c1ccc(-c2ccc(C3=C4C(=O)N(CC(CCCCCCCC)CCCCCCCCCC)C(c5ccc(*)o5)=C4C(=O)N3CC(CCCCCCCC)CCCCCCCCCC)o2)cc1,1,0.0,1,0.0,0.04,-3.88,-5.4,*c1ccc(*)cc1,*c1ccc(C2=C3C(=O)N(CC(CCCCCCCC)CCCCCCCCCC)C(c4ccc(*)o4)=C3C(=O)N2CC(CCCCCCCC)CCCCCCCCCC)o1,PDPP-FNF,*c1ccc2cc(-c3ccc(C4=C5C(=O)N(CC(CCCCCCCC)CCCCCCCCCC)C(c6ccc(*)o6)=C5C(=O)N4CC(CCCCCCCC)CCCCCCCCCC)o3)ccc2c1,1,0.0,1,0.0,0.11,-3.85,-5.34,*c1ccc2cc(*)ccc2c1,*c1ccc(C2=C3C(=O)N(CC(CCCCCCCC)CCCCCCCCCC)C(c4ccc(*)o4)=C3C(=O)N2CC(CCCCCCCC)CCCCCCCCCC)o1
10.1039/c2jm14989c,PDPP-FPF,*c1ccc(-c2ccc(C3=C4C(=O)N(CC(CCCCCCCC)CCCCCCCCCC)C(c5ccc(*)o5)=C4C(=O)N3CC(CCCCCCCC)CCCCCCCCCC)o2)cc1,1,0.0,1,0.0,0.04,-3.88,-5.4,*c1ccc(*)cc1,*c1ccc(C2=C3C(=O)N(CC(CCCCCCCC)CCCCCCCCCC)C(c4ccc(*)o4)=C3C(=O)N2CC(CCCCCCCC)CCCCCCCCCC)o1,PDPP-FAF,*c1ccc2cc3cc(-c4ccc(C5=C6C(=O)N(CC(CCCCCCCC)CCCCCCCCCC)C(c7ccc(*)o7)=C6C(=O)N5CC(CCCCCCCC)CCCCCCCCCC)o4)ccc3cc2c1,1,0.0,1,0.0,0.07,-3.8,-5.33,*c1ccc2cc3cc(*)ccc3cc2c1,*c1ccc(C2=C3C(=O)N(CC(CCCCCCCC)CCCCCCCCCC)C(c4ccc(*)o4)=C3C(=O)N2CC(CCCCCCCC)CCCCCCCCCC)o1
10.1039/c2jm14989c,PDPP-FNF,*c1ccc2cc(-c3ccc(C4=C5C(=O)N(CC(CCCCCCCC)CCCCCCCCCC)C(c6ccc(*)o6)=C5C(=O)N4CC(CCCCCCCC)CCCCCCCCCC)o3)ccc2c1,1,0.0,1,0.0,0.11,-3.85,-5.34,*c1ccc2cc(*)ccc2c1,*c1ccc(C2=C3C(=O)N(CC(CCCCCCCC)CCCCCCCCCC)C(c4ccc(*)o4)=C3C(=O)N2CC(CCCCCCCC)CCCCCCCCCC)o1,PDPP-FAF,*c1ccc2cc3cc(-c4ccc(C5=C6C(=O)N(CC(CCCCCCCC)CCCCCCCCCC)C(c7ccc(*)o7)=C6C(=O)N5CC(CCCCCCCC)CCCCCCCCCC)o4)ccc3cc2c1,1,0.0,1,0.0,0.07,-3.8,-5.33,*c1ccc2cc3cc(*)ccc3cc2c1,*c1ccc(C2=C3C(=O)N(CC(CCCCCCCC)CCCCCCCCCC)C(c4ccc(*)o4)=C3C(=O)N2CC(CCCCCCCC)CCCCCCCCCC)o1
10.1039/c2jm31189e,PDPPDTT ,*c1ccc(C2=C3C(=O)N(CC(CCCCCCCC)CCCCCCCCCC)C(c4ccc(-c5cc6sc7cc(*)sc7c6s5)s4)=C3C(=O)N2CC(CCCCCCCC)CCCCCCCCCC)s1,1,0.0,0,0.015,0.23,-3.53,-5.17,*c1ccc(C2=C3C(=O)N(CC(CCCCCCCC)CCCCCCCCCC)C(c4ccc(*)s4)=C3C(=O)N2CC(CCCCCCCC)CCCCCCCCCC)s1,*c1cc2sc3cc(*)sc3c2s1,PSeDPPDTT ,*c1cc2sc3cc(-c4ccc(C5=C6C(=O)N(CC(CCCCCCCC)CCCCCCCCCC)C(c7ccc(*)[se]7)=C6C(=O)N5CC(CCCCCCCC)CCCCCCCCCC)[se]4)sc3c2s1,1,0.0,0,0.01,0.13,-3.59,-5.09,*c1ccc(C2=C3C(=O)N(CC(CCCCCCCC)CCCCCCCCCC)C(c4ccc(*)[se]4)=C3C(=O)N2CC(CCCCCCCC)CCCCCCCCCC)[se]1,*c1cc2sc3cc(*)sc3c2s1
10.1039/c2jm31755a,ID-2T,*c1ccc(-c2ccc(-c3ccc(*)c4c3C(=O)N(CC(CCCCCCCC)CCCCCCCCCC)C4=O)s2)s1,1,0.0,0,0.0,0.0053,-2.98,-5.42,*c1ccc(*)c2c1C(=O)N(CC(CCCCCCCC)CCCCCCCCCC)C2=O,*c1ccc(-c2ccc(*)s2)s1,TPD-2T,*c1ccc(-c2ccc(-c3sc(*)c4c3C(=O)N(CC(CCCCCCCC)CCCCCCCCCC)C4=O)s2)s1,1,0.0,0,0.0,0.00016,-3.09,-5.43,*c1sc(*)c2c1C(=O)N(CC(CCCCCCCC)CCCCCCCCCC)C2=O,*c1ccc(-c2ccc(*)s2)s1
10.1039/c2jm34251k,DTBIIDO-BT,*c1cc2c3cc4c(cc3c3cc(-c5sc(-c6cc(CCCCCCCCCCCC)c(*)s6)cc5CCCCCCCCCCCC)sc3c2s1)C(=O)N(CC(CCCCCCCCCC)CCCCCCCCCCCC)C4=O,1,0.0,0,0.0,0.24,-2.76,-4.93,*c1sc(-c2cc(CCCCCCCCCCCC)c(*)s2)cc1CCCCCCCCCCCC,*c1cc2c3cc4c(cc3c3cc(*)sc3c2s1)C(=O)N(CC(CCCCCCCCCC)CCCCCCCCCCCC)C4=O,DTBIIDO-BDTO,*c1cc2c(OCCCCCCCCCCCC)c3sc(-c4cc5c6cc7c(cc6c6cc(*)sc6c5s4)C(=O)N(CC(CCCCCCCCCC)CCCCCCCCCCCC)C7=O)cc3c(OCCCCCCCCCCCC)c2s1,1,0.0,0,0.0,0.005,-2.74,-5.07,*c1cc2c(OCCCCCCCCCCCC)c3sc(*)cc3c(OCCCCCCCCCCCC)c2s1,*c1cc2c3cc4c(cc3c3cc(*)sc3c2s1)C(=O)N(CC(CCCCCCCCCC)CCCCCCCCCCCC)C4=O
10.1039/c2jm34251k,DTBIIDO-BT,*c1cc2c3cc4c(cc3c3cc(-c5sc(-c6cc(CCCCCCCCCCCC)c(*)s6)cc5CCCCCCCCCCCC)sc3c2s1)C(=O)N(CC(CCCCCCCCCC)CCCCCCCCCCCC)C4=O,1,0.0,0,0.0,0.24,-2.76,-4.93,*c1sc(-c2cc(CCCCCCCCCCCC)c(*)s2)cc1CCCCCCCCCCCC,*c1cc2c3cc4c(cc3c3cc(*)sc3c2s1)C(=O)N(CC(CCCCCCCCCC)CCCCCCCCCCCC)C4=O,DTBIIDO-TT,*c1cc2c3cc4c(cc3c3cc(-c5sc6c(CCCCCCCCCCCC)c(*)sc6c5CCCCCCCCCCCC)sc3c2s1)C(=O)N(CC(CCCCCCCCCC)CCCCCCCCCCCC)C4=O,1,0.0,0,0.0,0.06,-2.81,-5.16,*c1sc2c(CCCCCCCCCCCC)c(*)sc2c1CCCCCCCCCCCC,*c1cc2c3cc4c(cc3c3cc(*)sc3c2s1)C(=O)N(CC(CCCCCCCCCC)CCCCCCCCCCCC)C4=O
10.1039/c2jm34251k,DTBIIDO-BDTO,*c1cc2c(OCCCCCCCCCCCC)c3sc(-c4cc5c6cc7c(cc6c6cc(*)sc6c5s4)C(=O)N(CC(CCCCCCCCCC)CCCCCCCCCCCC)C7=O)cc3c(OCCCCCCCCCCCC)c2s1,1,0.0,0,0.0,0.005,-2.74,-5.07,*c1cc2c(OCCCCCCCCCCCC)c3sc(*)cc3c(OCCCCCCCCCCCC)c2s1,*c1cc2c3cc4c(cc3c3cc(*)sc3c2s1)C(=O)N(CC(CCCCCCCCCC)CCCCCCCCCCCC)C4=O,DTBIIDO-TT,*c1cc2c3cc4c(cc3c3cc(-c5sc6c(CCCCCCCCCCCC)c(*)sc6c5CCCCCCCCCCCC)sc3c2s1)C(=O)N(CC(CCCCCCCCCC)CCCCCCCCCCCC)C4=O,1,0.0,0,0.0,0.06,-2.81,-5.16,*c1sc2c(CCCCCCCCCCCC)c(*)sc2c1CCCCCCCCCCCC,*c1cc2c3cc4c(cc3c3cc(*)sc3c2s1)C(=O)N(CC(CCCCCCCCCC)CCCCCCCCCCCC)C4=O
10.1039/c2py20942j,PISD-NAP,*c1ccc2c(c1)N(CC(CCCCCCCC)CCCCCCCCCC)C(=O)/C2=C1/C(=O)N(CC(CCCCCCCC)CCCCCCCCCC)c2cc(-c3ccc4cc(*)ccc4c3)ccc21,1,0.0,1,0.0,0.004,-3.61,-5.7,*c1ccc2cc(*)ccc2c1,*c1ccc2c(c1)N(CC(CCCCCCCC)CCCCCCCCCC)C(=O)/C2=C1/C(=O)N(CC(CCCCCCCC)CCCCCCCCCC)c2cc(*)ccc21,PISD-ANT,*c1ccc2c(c1)N(CC(CCCCCCCC)CCCCCCCCCC)C(=O)/C2=C1/C(=O)N(CC(CCCCCCCC)CCCCCCCCCC)c2cc(-c3ccc4cc5cc(*)ccc5cc4c3)ccc21,1,0.0,1,0.0,0.013,-3.7,-5.62,*c1ccc2cc3cc(*)ccc3cc2c1,*c1ccc2c(c1)N(CC(CCCCCCCC)CCCCCCCCCC)C(=O)/C2=C1/C(=O)N(CC(CCCCCCCC)CCCCCCCCCC)c2cc(*)ccc21
10.1039/c3cc40811f,BPT-2T,*c1ccc(C2=c3cc4c(cc3N(CC(CCCCCCCC)CCCCCCCCCC)C2=O)=C(c2ccc(-c3ccc(-c5ccc(*)s5)s3)s2)C(=O)N4CC(CCCCCCCC)CCCCCCCCCC)s1,1,0.0,1,0.01,0.08,-4.16,-5.33,*c1ccc(-c2ccc(*)s2)s1,*c1ccc(C2=c3cc4c(cc3N(CC(CCCCCCCC)CCCCCCCCCC)C2=O)=C(c2ccc(*)s2)C(=O)N4CC(CCCCCCCC)CCCCCCCCCC)s1,BPT-T,*c1ccc(C2=c3cc4c(cc3N(CC(CCCCCCCC)CCCCCCCCCC)C2=O)=C(c2ccc(-c3ccc(*)s3)s2)C(=O)N4CC(CCCCCCCC)CCCCCCCCCC)s1,1,0.0,0,0.1,0.2,-4.24,-5.27,*c1ccc(*)s1,*c1ccc(C2=c3cc4c(cc3N(CC(CCCCCCCC)CCCCCCCCCC)C2=O)=C(c2ccc(*)s2)C(=O)N4CC(CCCCCCCC)CCCCCCCCCC)s1
10.1039/c3cc48013e,PIIG-BT,*c1ccc2c(c1)N(CC(CCCCCCCC)CCCCCCCCCC)C(=O)/C2=C1/C(=O)N(CC(CCCCCCCC)CCCCCCCCCC)c2cc(-c3ccc(*)c4nsnc34)ccc21,1,0.0,0,0.22,0.0,-3.54,-5.68,*c1ccc2c(c1)N(CC(CCCCCCCC)CCCCCCCCCC)C(=O)/C2=C1/C(=O)N(CC(CCCCCCCC)CCCCCCCCCC)c2cc(*)ccc21,*c1ccc(*)c2nsnc12,PIIG-TPD,*c1ccc2c(c1)N(CC(CCCCCCCC)CCCCCCCCCC)C(=O)/C2=C1/C(=O)N(CC(CCCCCCCC)CCCCCCCCCC)c2cc(-c3sc(*)c4c3C(=O)N(CCCCCCCC)C4=O)ccc21,1,0.0,0,0.01,0.0,-3.66,-5.7,*c1ccc2c(c1)N(CC(CCCCCCCC)CCCCCCCCCC)C(=O)/C2=C1/C(=O)N(CC(CCCCCCCC)CCCCCCCCCC)c2cc(*)ccc21,*c1sc(*)c2c1C(=O)N(CCCCCCCC)C2=O
10.1039/c3tc30184b,DPIDT-2T,*c1ccc(/C=C2\C(=O)N(CC(CCCCCCCC)CCCCCCCCCC)c3cc4c(cc32)N(CC(CCCCCCCC)CCCCCCCCCC)C(=O)/C4=C\c2ccc(-c3ccc(-c4ccc(*)s4)s3)s2)s1,1,0.0,1,0.04,0.09,-3.7,-5.3,*c1ccc(-c2ccc(*)s2)s1,*c1ccc(/C=C2\C(=O)N(CC(CCCCCCCC)CCCCCCCCCC)c3cc4c(cc32)N(CC(CCCCCCCC)CCCCCCCCCC)C(=O)/C4=C\c2ccc(*)s2)s1,DPIDT-T,*c1ccc(/C=C2\C(=O)N(CC(CCCCCCCC)CCCCCCCCCC)c3cc4c(cc32)N(CC(CCCCCCCC)CCCCCCCCCC)C(=O)/C4=C\c2ccc(-c3ccc(*)s3)s2)s1,1,0.0,1,0.04,0.05,-3.8,-5.4,*c1ccc(*)s1,*c1ccc(/C=C2\C(=O)N(CC(CCCCCCCC)CCCCCCCCCC)c3cc4c(cc32)N(CC(CCCCCCCC)CCCCCCCCCC)C(=O)/C4=C\c2ccc(*)s2)s1
10.1039/c3tc30184b,DPIDT-2T,*c1ccc(/C=C2\C(=O)N(CC(CCCCCCCC)CCCCCCCCCC)c3cc4c(cc32)N(CC(CCCCCCCC)CCCCCCCCCC)C(=O)/C4=C\c2ccc(-c3ccc(-c4ccc(*)s4)s3)s2)s1,1,0.0,1,0.04,0.09,-3.7,-5.3,*c1ccc(-c2ccc(*)s2)s1,*c1ccc(/C=C2\C(=O)N(CC(CCCCCCCC)CCCCCCCCCC)c3cc4c(cc32)N(CC(CCCCCCCC)CCCCCCCCCC)C(=O)/C4=C\c2ccc(*)s2)s1,DPIDT-P,*c1ccc(-c2ccc(/C=C3\C(=O)N(CC(CCCCCCCC)CCCCCCCCCC)c4cc5c(cc43)N(CC(CCCCCCCC)CCCCCCCCCC)C(=O)/C5=C\c3ccc(*)s3)s2)cc1,1,0.0,1,0.0,0.08,-3.5,-5.2,*c1ccc(*)cc1,*c1ccc(/C=C2\C(=O)N(CC(CCCCCCCC)CCCCCCCCCC)c3cc4c(cc32)N(CC(CCCCCCCC)CCCCCCCCCC)C(=O)/C4=C\c2ccc(*)s2)s1
10.1039/c3tc30184b,DPIDT-T,*c1ccc(/C=C2\C(=O)N(CC(CCCCCCCC)CCCCCCCCCC)c3cc4c(cc32)N(CC(CCCCCCCC)CCCCCCCCCC)C(=O)/C4=C\c2ccc(-c3ccc(*)s3)s2)s1,1,0.0,1,0.04,0.05,-3.8,-5.4,*c1ccc(*)s1,*c1ccc(/C=C2\C(=O)N(CC(CCCCCCCC)CCCCCCCCCC)c3cc4c(cc32)N(CC(CCCCCCCC)CCCCCCCCCC)C(=O)/C4=C\c2ccc(*)s2)s1,DPIDT-P,*c1ccc(-c2ccc(/C=C3\C(=O)N(CC(CCCCCCCC)CCCCCCCCCC)c4cc5c(cc43)N(CC(CCCCCCCC)CCCCCCCCCC)C(=O)/C5=C\c3ccc(*)s3)s2)cc1,1,0.0,1,0.0,0.08,-3.5,-5.2,*c1ccc(*)cc1,*c1ccc(/C=C2\C(=O)N(CC(CCCCCCCC)CCCCCCCCCC)c3cc4c(cc32)N(CC(CCCCCCCC)CCCCCCCCCC)C(=O)/C4=C\c2ccc(*)s2)s1
10.1039/c4py00272e,TPTQ-BT (O-alkyl),*c1ccc(-c2ccc(-c3cc4c(OCC(CCCCCCCCCC)CCCCCCCCCCCC)nc5cc6c(cc5c4s3)nc(OCC(CCCCCCCCCC)CCCCCCCCCCCC)c3cc(*)sc36)s2)s1,1,0.0,1,0.0,0.15,-3.55,-5.29,*c1ccc(-c2ccc(*)s2)s1,*c1cc2c(OCC(CCCCCCCCCC)CCCCCCCCCCCC)nc3cc4c(cc3c2s1)nc(OCC(CCCCCCCCCC)CCCCCCCCCCCC)c1cc(*)sc14,TPTQ-TVT (O-alkyl),*c1ccc(/C=C/c2ccc(-c3cc4c(OCC(CCCCCCCCCC)CCCCCCCCCCCC)nc5cc6c(cc5c4s3)nc(OCC(CCCCCCCCCC)CCCCCCCCCCCC)c3cc(*)sc36)s2)s1,1,0.0,1,0.0,0.58,-3.57,-5.14,*c1ccc(/C=C/c2ccc(*)s2)s1,*c1cc2c(OCC(CCCCCCCCCC)CCCCCCCCCCCC)nc3cc4c(cc3c2s1)nc(OCC(CCCCCCCCCC)CCCCCCCCCCCC)c1cc(*)sc14
10.1039/c4py00566j,PNBTDIP,*c1ccc(-c2ccc(-c3nc4c5c6c(c7sc(-c8ccc(*)cc8)nc7c7c6c(c4s3)C(=O)N(CC(CCCCCCCCCC)CCCCCCCCCCCC)C7=O)C(=O)N(CC(CCCCCCCCCC)CCCCCCCCCCCC)C5=O)cc2)cc1,1,0.0,1,0.0014,0.0,-3.92,-6.09,*c1ccc(-c2nc3c4c5c(c6sc(-c7ccc(*)cc7)nc6c6c5c(c3s2)C(=O)N(CC(CCCCCCCCCC)CCCCCCCCCCCC)C6=O)C(=O)N(CC(CCCCCCCCCC)CCCCCCCCCCCC)C4=O)cc1,*c1ccc(*)cc1,PNBTDIT,*c1ccc(-c2nc3c4c5c(c6sc(-c7ccc(-c8ccc(*)s8)cc7)nc6c6c5c(c3s2)C(=O)N(CC(CCCCCCCCCC)CCCCCCCCCCCC)C6=O)C(=O)N(CC(CCCCCCCCCC)CCCCCCCCCCCC)C4=O)cc1,1,0.0,0,0.001,0.0,-3.94,-5.84,*c1ccc(-c2nc3c4c5c(c6sc(-c7ccc(*)cc7)nc6c6c5c(c3s2)C(=O)N(CC(CCCCCCCCCC)CCCCCCCCCCCC)C6=O)C(=O)N(CC(CCCCCCCCCC)CCCCCCCCCCCC)C4=O)cc1,*c1ccc(*)s1
10.1039/c4py00566j,PNBTDIP,*c1ccc(-c2ccc(-c3nc4c5c6c(c7sc(-c8ccc(*)cc8)nc7c7c6c(c4s3)C(=O)N(CC(CCCCCCCCCC)CCCCCCCCCCCC)C7=O)C(=O)N(CC(CCCCCCCCCC)CCCCCCCCCCCC)C5=O)cc2)cc1,1,0.0,1,0.0014,0.0,-3.92,-6.09,*c1ccc(-c2nc3c4c5c(c6sc(-c7ccc(*)cc7)nc6c6c5c(c3s2)C(=O)N(CC(CCCCCCCCCC)CCCCCCCCCCCC)C6=O)C(=O)N(CC(CCCCCCCCCC)CCCCCCCCCCCC)C4=O)cc1,*c1ccc(*)cc1,PNBTDIV,*/C=C/c1ccc(-c2nc3c4c5c(c6sc(-c7ccc(*)cc7)nc6c6c5c(c3s2)C(=O)N(CC(CCCCCCCCCC)CCCCCCCCCCCC)C6=O)C(=O)N(CC(CCCCCCCCCC)CCCCCCCCCCCC)C4=O)cc1,1,0.0,1,0.015,0.0,-3.86,-5.73,*c1ccc(-c2nc3c4c5c(c6sc(-c7ccc(*)cc7)nc6c6c5c(c3s2)C(=O)N(CC(CCCCCCCCCC)CCCCCCCCCCCC)C6=O)C(=O)N(CC(CCCCCCCCCC)CCCCCCCCCCCC)C4=O)cc1,*/C=C/*
10.1039/c4py00566j,PNBTDIT,*c1ccc(-c2nc3c4c5c(c6sc(-c7ccc(-c8ccc(*)s8)cc7)nc6c6c5c(c3s2)C(=O)N(CC(CCCCCCCCCC)CCCCCCCCCCCC)C6=O)C(=O)N(CC(CCCCCCCCCC)CCCCCCCCCCCC)C4=O)cc1,1,0.0,0,0.001,0.0,-3.94,-5.84,*c1ccc(-c2nc3c4c5c(c6sc(-c7ccc(*)cc7)nc6c6c5c(c3s2)C(=O)N(CC(CCCCCCCCCC)CCCCCCCCCCCC)C6=O)C(=O)N(CC(CCCCCCCCCC)CCCCCCCCCCCC)C4=O)cc1,*c1ccc(*)s1,PNBTDIV,*/C=C/c1ccc(-c2nc3c4c5c(c6sc(-c7ccc(*)cc7)nc6c6c5c(c3s2)C(=O)N(CC(CCCCCCCCCC)CCCCCCCCCCCC)C6=O)C(=O)N(CC(CCCCCCCCCC)CCCCCCCCCCCC)C4=O)cc1,1,0.0,1,0.015,0.0,-3.86,-5.73,*c1ccc(-c2nc3c4c5c(c6sc(-c7ccc(*)cc7)nc6c6c5c(c3s2)C(=O)N(CC(CCCCCCCCCC)CCCCCCCCCCCC)C6=O)C(=O)N(CC(CCCCCCCCCC)CCCCCCCCCCCC)C4=O)cc1,*/C=C/*
10.1039/c4py01112k,P(DPP-SSS),*c1ccc(C2=C3C(=O)N(CC(CCCCCCCCCC)CCCCCCCCCCCC)C(c4ccc(-c5ccc(-c6ccc(-c7ccc(*)[se]7)[se]6)[se]5)s4)=C3C(=O)N2CC(CCCCCCCCCC)CCCCCCCCCCCC)s1,1,0.0,0,0.0,4.17,-3.79,-5.15,*c1ccc(C2=C3C(=O)N(CC(CCCCCCCCCC)CCCCCCCCCCCC)C(c4ccc(*)s4)=C3C(=O)N2CC(CCCCCCCCCC)CCCCCCCCCCCC)s1,*c1ccc(-c2ccc(-c3ccc(*)[se]3)[se]2)[se]1,P(DPP-TST),*c1ccc(C2=C3C(=O)N(CC(CCCCCCCCCC)CCCCCCCCCCCC)C(c4ccc(-c5ccc(-c6ccc(-c7ccc(*)s7)[se]6)s5)s4)=C3C(=O)N2CC(CCCCCCCCCC)CCCCCCCCCCCC)s1,1,0.0,0,0.0,2.38,-3.73,-5.17,*c1ccc(C2=C3C(=O)N(CC(CCCCCCCCCC)CCCCCCCCCCCC)C(c4ccc(*)s4)=C3C(=O)N2CC(CCCCCCCCCC)CCCCCCCCCCCC)s1,*c1ccc(-c2ccc(-c3ccc(*)s3)[se]2)s1
10.1039/c4py01112k,P(DPP-SSS),*c1ccc(C2=C3C(=O)N(CC(CCCCCCCCCC)CCCCCCCCCCCC)C(c4ccc(-c5ccc(-c6ccc(-c7ccc(*)[se]7)[se]6)[se]5)s4)=C3C(=O)N2CC(CCCCCCCCCC)CCCCCCCCCCCC)s1,1,0.0,0,0.0,4.17,-3.79,-5.15,*c1ccc(C2=C3C(=O)N(CC(CCCCCCCCCC)CCCCCCCCCCCC)C(c4ccc(*)s4)=C3C(=O)N2CC(CCCCCCCCCC)CCCCCCCCCCCC)s1,*c1ccc(-c2ccc(-c3ccc(*)[se]3)[se]2)[se]1,P(DPP-TTT),*c1ccc(C2=C3C(=O)N(CC(CCCCCCCCCC)CCCCCCCCCCCC)C(c4ccc(-c5ccc(-c6ccc(-c7ccc(*)s7)s6)s5)s4)=C3C(=O)N2CC(CCCCCCCCCC)CCCCCCCCCCCC)s1,1,0.0,0,0.0,3.98,-3.76,-5.19,*c1ccc(C2=C3C(=O)N(CC(CCCCCCCCCC)CCCCCCCCCCCC)C(c4ccc(*)s4)=C3C(=O)N2CC(CCCCCCCCCC)CCCCCCCCCCCC)s1,*c1ccc(-c2ccc(-c3ccc(*)s3)s2)s1
10.1039/c4py01112k,P(DPP-SSS),*c1ccc(C2=C3C(=O)N(CC(CCCCCCCCCC)CCCCCCCCCCCC)C(c4ccc(-c5ccc(-c6ccc(-c7ccc(*)[se]7)[se]6)[se]5)s4)=C3C(=O)N2CC(CCCCCCCCCC)CCCCCCCCCCCC)s1,1,0.0,0,0.0,4.17,-3.79,-5.15,*c1ccc(C2=C3C(=O)N(CC(CCCCCCCCCC)CCCCCCCCCCCC)C(c4ccc(*)s4)=C3C(=O)N2CC(CCCCCCCCCC)CCCCCCCCCCCC)s1,*c1ccc(-c2ccc(-c3ccc(*)[se]3)[se]2)[se]1,P(DPP-TPhT) ,*c1ccc(C2=C3C(=O)N(CC(CCCCCCCCCC)CCCCCCCCCCCC)C(c4ccc(-c5ccc(-c6ccc(-c7ccc(*)s7)cc6)s5)s4)=C3C(=O)N2CC(CCCCCCCCCC)CCCCCCCCCCCC)s1,1,0.0,0,0.0,1.28,-3.68,-5.21,*c1ccc(C2=C3C(=O)N(CC(CCCCCCCCCC)CCCCCCCCCCCC)C(c4ccc(*)s4)=C3C(=O)N2CC(CCCCCCCCCC)CCCCCCCCCCCC)s1,*c1ccc(-c2ccc(-c3ccc(*)s3)cc2)s1
10.1039/c4py01112k,P(DPP-TST),*c1ccc(C2=C3C(=O)N(CC(CCCCCCCCCC)CCCCCCCCCCCC)C(c4ccc(-c5ccc(-c6ccc(-c7ccc(*)s7)[se]6)s5)s4)=C3C(=O)N2CC(CCCCCCCCCC)CCCCCCCCCCCC)s1,1,0.0,0,0.0,2.38,-3.73,-5.17,*c1ccc(C2=C3C(=O)N(CC(CCCCCCCCCC)CCCCCCCCCCCC)C(c4ccc(*)s4)=C3C(=O)N2CC(CCCCCCCCCC)CCCCCCCCCCCC)s1,*c1ccc(-c2ccc(-c3ccc(*)s3)[se]2)s1,P(DPP-TTT),*c1ccc(C2=C3C(=O)N(CC(CCCCCCCCCC)CCCCCCCCCCCC)C(c4ccc(-c5ccc(-c6ccc(-c7ccc(*)s7)s6)s5)s4)=C3C(=O)N2CC(CCCCCCCCCC)CCCCCCCCCCCC)s1,1,0.0,0,0.0,3.98,-3.76,-5.19,*c1ccc(C2=C3C(=O)N(CC(CCCCCCCCCC)CCCCCCCCCCCC)C(c4ccc(*)s4)=C3C(=O)N2CC(CCCCCCCCCC)CCCCCCCCCCCC)s1,*c1ccc(-c2ccc(-c3ccc(*)s3)s2)s1
10.1039/c4py01112k,P(DPP-TST),*c1ccc(C2=C3C(=O)N(CC(CCCCCCCCCC)CCCCCCCCCCCC)C(c4ccc(-c5ccc(-c6ccc(-c7ccc(*)s7)[se]6)s5)s4)=C3C(=O)N2CC(CCCCCCCCCC)CCCCCCCCCCCC)s1,1,0.0,0,0.0,2.38,-3.73,-5.17,*c1ccc(C2=C3C(=O)N(CC(CCCCCCCCCC)CCCCCCCCCCCC)C(c4ccc(*)s4)=C3C(=O)N2CC(CCCCCCCCCC)CCCCCCCCCCCC)s1,*c1ccc(-c2ccc(-c3ccc(*)s3)[se]2)s1,P(DPP-TPhT) ,*c1ccc(C2=C3C(=O)N(CC(CCCCCCCCCC)CCCCCCCCCCCC)C(c4ccc(-c5ccc(-c6ccc(-c7ccc(*)s7)cc6)s5)s4)=C3C(=O)N2CC(CCCCCCCCCC)CCCCCCCCCCCC)s1,1,0.0,0,0.0,1.28,-3.68,-5.21,*c1ccc(C2=C3C(=O)N(CC(CCCCCCCCCC)CCCCCCCCCCCC)C(c4ccc(*)s4)=C3C(=O)N2CC(CCCCCCCCCC)CCCCCCCCCCCC)s1,*c1ccc(-c2ccc(-c3ccc(*)s3)cc2)s1
10.1039/c4py01112k,P(DPP-TTT),*c1ccc(C2=C3C(=O)N(CC(CCCCCCCCCC)CCCCCCCCCCCC)C(c4ccc(-c5ccc(-c6ccc(-c7ccc(*)s7)s6)s5)s4)=C3C(=O)N2CC(CCCCCCCCCC)CCCCCCCCCCCC)s1,1,0.0,0,0.0,3.98,-3.76,-5.19,*c1ccc(C2=C3C(=O)N(CC(CCCCCCCCCC)CCCCCCCCCCCC)C(c4ccc(*)s4)=C3C(=O)N2CC(CCCCCCCCCC)CCCCCCCCCCCC)s1,*c1ccc(-c2ccc(-c3ccc(*)s3)s2)s1,P(DPP-TPhT) ,*c1ccc(C2=C3C(=O)N(CC(CCCCCCCCCC)CCCCCCCCCCCC)C(c4ccc(-c5ccc(-c6ccc(-c7ccc(*)s7)cc6)s5)s4)=C3C(=O)N2CC(CCCCCCCCCC)CCCCCCCCCCCC)s1,1,0.0,0,0.0,1.28,-3.68,-5.21,*c1ccc(C2=C3C(=O)N(CC(CCCCCCCCCC)CCCCCCCCCCCC)C(c4ccc(*)s4)=C3C(=O)N2CC(CCCCCCCCCC)CCCCCCCCCCCC)s1,*c1ccc(-c2ccc(-c3ccc(*)s3)cc2)s1
10.1039/c4py01536c,DSDPP-BT,*c1ccc(-c2ccc(-c3ccc(C4=C5C(=O)N(CC(CCCCCCCCCC)CCCCCCCCCCCC)C(c6ccc(*)[se]6)=C5C(=O)N4CC(CCCCCCCCCC)CCCCCCCCCCCC)[se]3)s2)s1,1,0.0,1,0.0,1.79,-3.86,-5.18,*c1ccc(C2=C3C(=O)N(CC(CCCCCCCCCC)CCCCCCCCCCCC)C(c4ccc(*)[se]4)=C3C(=O)N2CC(CCCCCCCCCC)CCCCCCCCCCCC)[se]1,*c1ccc(-c2ccc(*)s2)s1,DSDPP-TVT,*c1ccc(/C=C/c2ccc(-c3ccc(C4=C5C(=O)N(CC(CCCCCCCCCC)CCCCCCCCCCCC)C(c6ccc(*)[se]6)=C5C(=O)N4CC(CCCCCCCCCC)CCCCCCCCCCCC)[se]3)s2)s1,1,0.0,1,0.0,4.15,-3.79,-5.12,*c1ccc(C2=C3C(=O)N(CC(CCCCCCCCCC)CCCCCCCCCCCC)C(c4ccc(*)[se]4)=C3C(=O)N2CC(CCCCCCCCCC)CCCCCCCCCCCC)[se]1,*c1ccc(/C=C/c2ccc(*)s2)s1
10.1039/c4py01536c,DSDPP-BT,*c1ccc(-c2ccc(-c3ccc(C4=C5C(=O)N(CC(CCCCCCCCCC)CCCCCCCCCCCC)C(c6ccc(*)[se]6)=C5C(=O)N4CC(CCCCCCCCCC)CCCCCCCCCCCC)[se]3)s2)s1,1,0.0,1,0.0,1.79,-3.86,-5.18,*c1ccc(C2=C3C(=O)N(CC(CCCCCCCCCC)CCCCCCCCCCCC)C(c4ccc(*)[se]4)=C3C(=O)N2CC(CCCCCCCCCC)CCCCCCCCCCCC)[se]1,*c1ccc(-c2ccc(*)s2)s1,DSDPP-BS,*c1ccc(C2=C3C(=O)N(CC(CCCCCCCCCC)CCCCCCCCCCCC)C(c4ccc(-c5ccc(-c6ccc(*)[se]6)[se]5)[se]4)=C3C(=O)N2CC(CCCCCCCCCC)CCCCCCCCCCCC)[se]1,1,0.0,1,0.0,2.08,-3.9,-5.16,*c1ccc(C2=C3C(=O)N(CC(CCCCCCCCCC)CCCCCCCCCCCC)C(c4ccc(*)[se]4)=C3C(=O)N2CC(CCCCCCCCCC)CCCCCCCCCCCC)[se]1,*c1ccc(-c2ccc(*)[se]2)[se]1
10.1039/c4py01536c,DSDPP-BT,*c1ccc(-c2ccc(-c3ccc(C4=C5C(=O)N(CC(CCCCCCCCCC)CCCCCCCCCCCC)C(c6ccc(*)[se]6)=C5C(=O)N4CC(CCCCCCCCCC)CCCCCCCCCCCC)[se]3)s2)s1,1,0.0,1,0.0,1.79,-3.86,-5.18,*c1ccc(C2=C3C(=O)N(CC(CCCCCCCCCC)CCCCCCCCCCCC)C(c4ccc(*)[se]4)=C3C(=O)N2CC(CCCCCCCCCC)CCCCCCCCCCCC)[se]1,*c1ccc(-c2ccc(*)s2)s1,DSDPP-SVS,*c1ccc(/C=C/c2ccc(-c3ccc(C4=C5C(=O)N(CC(CCCCCCCCCC)CCCCCCCCCCCC)C(c6ccc(*)[se]6)=C5C(=O)N4CC(CCCCCCCCCC)CCCCCCCCCCCC)[se]3)[se]2)[se]1,1,0.0,1,0.0,5.23,-3.83,-5.1,*c1ccc(C2=C3C(=O)N(CC(CCCCCCCCCC)CCCCCCCCCCCC)C(c4ccc(*)[se]4)=C3C(=O)N2CC(CCCCCCCCCC)CCCCCCCCCCCC)[se]1,*c1ccc(/C=C/c2ccc(*)[se]2)[se]1
10.1039/c4py01536c,DSDPP-TVT,*c1ccc(/C=C/c2ccc(-c3ccc(C4=C5C(=O)N(CC(CCCCCCCCCC)CCCCCCCCCCCC)C(c6ccc(*)[se]6)=C5C(=O)N4CC(CCCCCCCCCC)CCCCCCCCCCCC)[se]3)s2)s1,1,0.0,1,0.0,4.15,-3.79,-5.12,*c1ccc(C2=C3C(=O)N(CC(CCCCCCCCCC)CCCCCCCCCCCC)C(c4ccc(*)[se]4)=C3C(=O)N2CC(CCCCCCCCCC)CCCCCCCCCCCC)[se]1,*c1ccc(/C=C/c2ccc(*)s2)s1,DSDPP-BS,*c1ccc(C2=C3C(=O)N(CC(CCCCCCCCCC)CCCCCCCCCCCC)C(c4ccc(-c5ccc(-c6ccc(*)[se]6)[se]5)[se]4)=C3C(=O)N2CC(CCCCCCCCCC)CCCCCCCCCCCC)[se]1,1,0.0,1,0.0,2.08,-3.9,-5.16,*c1ccc(C2=C3C(=O)N(CC(CCCCCCCCCC)CCCCCCCCCCCC)C(c4ccc(*)[se]4)=C3C(=O)N2CC(CCCCCCCCCC)CCCCCCCCCCCC)[se]1,*c1ccc(-c2ccc(*)[se]2)[se]1
10.1039/c4py01536c,DSDPP-TVT,*c1ccc(/C=C/c2ccc(-c3ccc(C4=C5C(=O)N(CC(CCCCCCCCCC)CCCCCCCCCCCC)C(c6ccc(*)[se]6)=C5C(=O)N4CC(CCCCCCCCCC)CCCCCCCCCCCC)[se]3)s2)s1,1,0.0,1,0.0,4.15,-3.79,-5.12,*c1ccc(C2=C3C(=O)N(CC(CCCCCCCCCC)CCCCCCCCCCCC)C(c4ccc(*)[se]4)=C3C(=O)N2CC(CCCCCCCCCC)CCCCCCCCCCCC)[se]1,*c1ccc(/C=C/c2ccc(*)s2)s1,DSDPP-SVS,*c1ccc(/C=C/c2ccc(-c3ccc(C4=C5C(=O)N(CC(CCCCCCCCCC)CCCCCCCCCCCC)C(c6ccc(*)[se]6)=C5C(=O)N4CC(CCCCCCCCCC)CCCCCCCCCCCC)[se]3)[se]2)[se]1,1,0.0,1,0.0,5.23,-3.83,-5.1,*c1ccc(C2=C3C(=O)N(CC(CCCCCCCCCC)CCCCCCCCCCCC)C(c4ccc(*)[se]4)=C3C(=O)N2CC(CCCCCCCCCC)CCCCCCCCCCCC)[se]1,*c1ccc(/C=C/c2ccc(*)[se]2)[se]1
10.1039/c4py01536c,DSDPP-BS,*c1ccc(C2=C3C(=O)N(CC(CCCCCCCCCC)CCCCCCCCCCCC)C(c4ccc(-c5ccc(-c6ccc(*)[se]6)[se]5)[se]4)=C3C(=O)N2CC(CCCCCCCCCC)CCCCCCCCCCCC)[se]1,1,0.0,1,0.0,2.08,-3.9,-5.16,*c1ccc(C2=C3C(=O)N(CC(CCCCCCCCCC)CCCCCCCCCCCC)C(c4ccc(*)[se]4)=C3C(=O)N2CC(CCCCCCCCCC)CCCCCCCCCCCC)[se]1,*c1ccc(-c2ccc(*)[se]2)[se]1,DSDPP-SVS,*c1ccc(/C=C/c2ccc(-c3ccc(C4=C5C(=O)N(CC(CCCCCCCCCC)CCCCCCCCCCCC)C(c6ccc(*)[se]6)=C5C(=O)N4CC(CCCCCCCCCC)CCCCCCCCCCCC)[se]3)[se]2)[se]1,1,0.0,1,0.0,5.23,-3.83,-5.1,*c1ccc(C2=C3C(=O)N(CC(CCCCCCCCCC)CCCCCCCCCCCC)C(c4ccc(*)[se]4)=C3C(=O)N2CC(CCCCCCCCCC)CCCCCCCCCCCC)[se]1,*c1ccc(/C=C/c2ccc(*)[se]2)[se]1
10.1039/c4py01683a,PBIBDF-TT,*c1ccc2c(c1)N(CCCC(CCCCCCCCCCCCCCCCCC)CCCCCCCCCCCCCCCCCC)C(=O)/C2=C1/C(=O)Oc2cc3c(cc21)OC(=O)/C3=C1/C(=O)N(CCCC(CCCCCCCCCCCCCCCCCC)CCCCCCCCCCCCCCCCCC)c2cc(-c3cc4sc(*)cc4s3)ccc21,1,0.0,1,0.65,0.0,-4.1,-5.57,*c1cc2sc(*)cc2s1,*c1ccc2c(c1)N(CCCC(CCCCCCCCCCCCCCCCCC)CCCCCCCCCCCCCCCCCC)C(=O)/C2=C1/C(=O)Oc2cc3c(cc21)OC(=O)/C3=C1/C(=O)N(CCCC(CCCCCCCCCCCCCCCCCC)CCCCCCCCCCCCCCCCCC)c2cc(*)ccc21,PBIBDF-TVT,*c1ccc2c(c1)N(CCCC(CCCCCCCCCCCCCCCCCC)CCCCCCCCCCCCCCCCCC)C(=O)/C2=C1/C(=O)Oc2cc3c(cc21)OC(=O)/C3=C1/C(=O)N(CCCC(CCCCCCCCCCCCCCCCCC)CCCCCCCCCCCCCCCCCC)c2cc(-c3ccc(/C=C/c4ccc(*)s4)s3)ccc21,1,0.0,1,0.55,0.0,-4.09,-5.43,*c1ccc(/C=C/c2ccc(*)s2)s1,*c1ccc2c(c1)N(CCCC(CCCCCCCCCCCCCCCCCC)CCCCCCCCCCCCCCCCCC)C(=O)/C2=C1/C(=O)Oc2cc3c(cc21)OC(=O)/C3=C1/C(=O)N(CCCC(CCCCCCCCCCCCCCCCCC)CCCCCCCCCCCCCCCCCC)c2cc(*)ccc21
10.1039/c4py01683a,PBIBDF-TT,*c1ccc2c(c1)N(CCCC(CCCCCCCCCCCCCCCCCC)CCCCCCCCCCCCCCCCCC)C(=O)/C2=C1/C(=O)Oc2cc3c(cc21)OC(=O)/C3=C1/C(=O)N(CCCC(CCCCCCCCCCCCCCCCCC)CCCCCCCCCCCCCCCCCC)c2cc(-c3cc4sc(*)cc4s3)ccc21,1,0.0,1,0.65,0.0,-4.1,-5.57,*c1cc2sc(*)cc2s1,*c1ccc2c(c1)N(CCCC(CCCCCCCCCCCCCCCCCC)CCCCCCCCCCCCCCCCCC)C(=O)/C2=C1/C(=O)Oc2cc3c(cc21)OC(=O)/C3=C1/C(=O)N(CCCC(CCCCCCCCCCCCCCCCCC)CCCCCCCCCCCCCCCCCC)c2cc(*)ccc21,PBIBDF-TAT,*c1ccc2c(c1)N(CCCC(CCCCCCCCCCCCCCCCCC)CCCCCCCCCCCCCCCCCC)C(=O)/C2=C1/C(=O)Oc2cc3c(cc21)OC(=O)/C3=C1/C(=O)N(CCCC(CCCCCCCCCCCCCCCCCC)CCCCCCCCCCCCCCCCCC)c2cc(-c3ccc(C#Cc4ccc(*)s4)s3)ccc21,1,0.0,1,0.13,0.0,-4.11,-5.6,*c1ccc(C#Cc2ccc(*)s2)s1,*c1ccc2c(c1)N(CCCC(CCCCCCCCCCCCCCCCCC)CCCCCCCCCCCCCCCCCC)C(=O)/C2=C1/C(=O)Oc2cc3c(cc21)OC(=O)/C3=C1/C(=O)N(CCCC(CCCCCCCCCCCCCCCCCC)CCCCCCCCCCCCCCCCCC)c2cc(*)ccc21
10.1039/c4py01683a,PBIBDF-TVT,*c1ccc2c(c1)N(CCCC(CCCCCCCCCCCCCCCCCC)CCCCCCCCCCCCCCCCCC)C(=O)/C2=C1/C(=O)Oc2cc3c(cc21)OC(=O)/C3=C1/C(=O)N(CCCC(CCCCCCCCCCCCCCCCCC)CCCCCCCCCCCCCCCCCC)c2cc(-c3ccc(/C=C/c4ccc(*)s4)s3)ccc21,1,0.0,1,0.55,0.0,-4.09,-5.43,*c1ccc(/C=C/c2ccc(*)s2)s1,*c1ccc2c(c1)N(CCCC(CCCCCCCCCCCCCCCCCC)CCCCCCCCCCCCCCCCCC)C(=O)/C2=C1/C(=O)Oc2cc3c(cc21)OC(=O)/C3=C1/C(=O)N(CCCC(CCCCCCCCCCCCCCCCCC)CCCCCCCCCCCCCCCCCC)c2cc(*)ccc21,PBIBDF-TAT,*c1ccc2c(c1)N(CCCC(CCCCCCCCCCCCCCCCCC)CCCCCCCCCCCCCCCCCC)C(=O)/C2=C1/C(=O)Oc2cc3c(cc21)OC(=O)/C3=C1/C(=O)N(CCCC(CCCCCCCCCCCCCCCCCC)CCCCCCCCCCCCCCCCCC)c2cc(-c3ccc(C#Cc4ccc(*)s4)s3)ccc21,1,0.0,1,0.13,0.0,-4.11,-5.6,*c1ccc(C#Cc2ccc(*)s2)s1,*c1ccc2c(c1)N(CCCC(CCCCCCCCCCCCCCCCCC)CCCCCCCCCCCCCCCCCC)C(=O)/C2=C1/C(=O)Oc2cc3c(cc21)OC(=O)/C3=C1/C(=O)N(CCCC(CCCCCCCCCCCCCCCCCC)CCCCCCCCCCCCCCCCCC)c2cc(*)ccc21
10.1039/c4tc01790k,BPP-T,*c1ccc(C2=c3cc4c(cc3N(CC(CCCCCCCCCC)CCCCCCCCCCCC)C2=O)=C(c2ccc(-c3ccc(*)s3)cc2)C(=O)N4CC(CCCCCCCCCC)CCCCCCCCCCCC)cc1,1,0.0,0,0.007,0.0,-4.02,-5.68,*c1ccc(*)s1,*c1ccc(C2=c3cc4c(cc3N(CC(CCCCCCCCCC)CCCCCCCCCCCC)C2=O)=C(c2ccc(*)cc2)C(=O)N4CC(CCCCCCCCCC)CCCCCCCCCCCC)cc1,BPP-2T,*c1ccc(C2=c3cc4c(cc3N(CC(CCCCCCCCCC)CCCCCCCCCCCC)C2=O)=C(c2ccc(-c3ccc(-c5ccc(*)s5)s3)cc2)C(=O)N4CC(CCCCCCCCCC)CCCCCCCCCCCC)cc1,1,0.0,1,0.001,0.0,-4.05,-5.63,*c1ccc(-c2ccc(*)s2)s1,*c1ccc(C2=c3cc4c(cc3N(CC(CCCCCCCCCC)CCCCCCCCCCCC)C2=O)=C(c2ccc(*)cc2)C(=O)N4CC(CCCCCCCCCC)CCCCCCCCCCCC)cc1
10.1039/c4tc01790k,BPP-T,*c1ccc(C2=c3cc4c(cc3N(CC(CCCCCCCCCC)CCCCCCCCCCCC)C2=O)=C(c2ccc(-c3ccc(*)s3)cc2)C(=O)N4CC(CCCCCCCCCC)CCCCCCCCCCCC)cc1,1,0.0,0,0.007,0.0,-4.02,-5.68,*c1ccc(*)s1,*c1ccc(C2=c3cc4c(cc3N(CC(CCCCCCCCCC)CCCCCCCCCCCC)C2=O)=C(c2ccc(*)cc2)C(=O)N4CC(CCCCCCCCCC)CCCCCCCCCCCC)cc1,BPP-TT,*c1ccc(C2=c3cc4c(cc3N(CC(CCCCCCCCCC)CCCCCCCCCCCC)C2=O)=C(c2ccc(-c3cc5sc(*)cc5s3)cc2)C(=O)N4CC(CCCCCCCCCC)CCCCCCCCCCCC)cc1,1,0.0,1,0.001,0.0,-4.07,-5.68,*c1cc2sc(*)cc2s1,*c1ccc(C2=c3cc4c(cc3N(CC(CCCCCCCCCC)CCCCCCCCCCCC)C2=O)=C(c2ccc(*)cc2)C(=O)N4CC(CCCCCCCCCC)CCCCCCCCCCCC)cc1
10.1039/c4tc01790k,BPP-T,*c1ccc(C2=c3cc4c(cc3N(CC(CCCCCCCCCC)CCCCCCCCCCCC)C2=O)=C(c2ccc(-c3ccc(*)s3)cc2)C(=O)N4CC(CCCCCCCCCC)CCCCCCCCCCCC)cc1,1,0.0,0,0.007,0.0,-4.02,-5.68,*c1ccc(*)s1,*c1ccc(C2=c3cc4c(cc3N(CC(CCCCCCCCCC)CCCCCCCCCCCC)C2=O)=C(c2ccc(*)cc2)C(=O)N4CC(CCCCCCCCCC)CCCCCCCCCCCC)cc1,BPP-TVT,*c1ccc(C2=c3cc4c(cc3N(CC(CCCCCCCCCC)CCCCCCCCCCCC)C2=O)=C(c2ccc(-c3ccc(/C=C/c5ccc(*)s5)s3)cc2)C(=O)N4CC(CCCCCCCCCC)CCCCCCCCCCCC)cc1,1,0.0,1,0.002,0.0,-4.06,-5.55,*c1ccc(/C=C/c2ccc(*)s2)s1,*c1ccc(C2=c3cc4c(cc3N(CC(CCCCCCCCCC)CCCCCCCCCCCC)C2=O)=C(c2ccc(*)cc2)C(=O)N4CC(CCCCCCCCCC)CCCCCCCCCCCC)cc1
10.1039/c4tc01790k,BPP-T,*c1ccc(C2=c3cc4c(cc3N(CC(CCCCCCCCCC)CCCCCCCCCCCC)C2=O)=C(c2ccc(-c3ccc(*)s3)cc2)C(=O)N4CC(CCCCCCCCCC)CCCCCCCCCCCC)cc1,1,0.0,0,0.007,0.0,-4.02,-5.68,*c1ccc(*)s1,*c1ccc(C2=c3cc4c(cc3N(CC(CCCCCCCCCC)CCCCCCCCCCCC)C2=O)=C(c2ccc(*)cc2)C(=O)N4CC(CCCCCCCCCC)CCCCCCCCCCCC)cc1,BPP-CPDT,*c1ccc(C2=c3cc4c(cc3N(CC(CCCCCCCCCC)CCCCCCCCCCCC)C2=O)=C(c2ccc(-c3cc5c(s3)-c3sc(*)cc3C5(CC(C)CCCC)CC(C)CCCC)cc2)C(=O)N4CC(CCCCCCCCCC)CCCCCCCCCCCC)cc1,1,0.0,0,0.01,0.0,-3.95,-5.44,*c1cc2c(s1)-c1sc(*)cc1C2(CC(C)CCCC)CC(C)CCCC,*c1ccc(C2=c3cc4c(cc3N(CC(CCCCCCCCCC)CCCCCCCCCCCC)C2=O)=C(c2ccc(*)cc2)C(=O)N4CC(CCCCCCCCCC)CCCCCCCCCCCC)cc1
10.1039/c4tc01790k,BPP-T,*c1ccc(C2=c3cc4c(cc3N(CC(CCCCCCCCCC)CCCCCCCCCCCC)C2=O)=C(c2ccc(-c3ccc(*)s3)cc2)C(=O)N4CC(CCCCCCCCCC)CCCCCCCCCCCC)cc1,1,0.0,0,0.007,0.0,-4.02,-5.68,*c1ccc(*)s1,*c1ccc(C2=c3cc4c(cc3N(CC(CCCCCCCCCC)CCCCCCCCCCCC)C2=O)=C(c2ccc(*)cc2)C(=O)N4CC(CCCCCCCCCC)CCCCCCCCCCCC)cc1,BPP-BT,*c1ccc(C2=c3cc4c(cc3N(CC(CCCCCCCCCC)CCCCCCCCCCCC)C2=O)=C(c2ccc(-c3ccc(*)c5nsnc35)cc2)C(=O)N4CC(CCCCCCCCCC)CCCCCCCCCCCC)cc1,1,0.0,0,0.01,0.0,-3.99,-5.84,*c1ccc(*)c2nsnc12,*c1ccc(C2=c3cc4c(cc3N(CC(CCCCCCCCCC)CCCCCCCCCCCC)C2=O)=C(c2ccc(*)cc2)C(=O)N4CC(CCCCCCCCCC)CCCCCCCCCCCC)cc1
10.1039/c4tc01790k,BPP-2T,*c1ccc(C2=c3cc4c(cc3N(CC(CCCCCCCCCC)CCCCCCCCCCCC)C2=O)=C(c2ccc(-c3ccc(-c5ccc(*)s5)s3)cc2)C(=O)N4CC(CCCCCCCCCC)CCCCCCCCCCCC)cc1,1,0.0,1,0.001,0.0,-4.05,-5.63,*c1ccc(-c2ccc(*)s2)s1,*c1ccc(C2=c3cc4c(cc3N(CC(CCCCCCCCCC)CCCCCCCCCCCC)C2=O)=C(c2ccc(*)cc2)C(=O)N4CC(CCCCCCCCCC)CCCCCCCCCCCC)cc1,BPP-TT,*c1ccc(C2=c3cc4c(cc3N(CC(CCCCCCCCCC)CCCCCCCCCCCC)C2=O)=C(c2ccc(-c3cc5sc(*)cc5s3)cc2)C(=O)N4CC(CCCCCCCCCC)CCCCCCCCCCCC)cc1,1,0.0,1,0.001,0.0,-4.07,-5.68,*c1cc2sc(*)cc2s1,*c1ccc(C2=c3cc4c(cc3N(CC(CCCCCCCCCC)CCCCCCCCCCCC)C2=O)=C(c2ccc(*)cc2)C(=O)N4CC(CCCCCCCCCC)CCCCCCCCCCCC)cc1
10.1039/c4tc01790k,BPP-2T,*c1ccc(C2=c3cc4c(cc3N(CC(CCCCCCCCCC)CCCCCCCCCCCC)C2=O)=C(c2ccc(-c3ccc(-c5ccc(*)s5)s3)cc2)C(=O)N4CC(CCCCCCCCCC)CCCCCCCCCCCC)cc1,1,0.0,1,0.001,0.0,-4.05,-5.63,*c1ccc(-c2ccc(*)s2)s1,*c1ccc(C2=c3cc4c(cc3N(CC(CCCCCCCCCC)CCCCCCCCCCCC)C2=O)=C(c2ccc(*)cc2)C(=O)N4CC(CCCCCCCCCC)CCCCCCCCCCCC)cc1,BPP-TVT,*c1ccc(C2=c3cc4c(cc3N(CC(CCCCCCCCCC)CCCCCCCCCCCC)C2=O)=C(c2ccc(-c3ccc(/C=C/c5ccc(*)s5)s3)cc2)C(=O)N4CC(CCCCCCCCCC)CCCCCCCCCCCC)cc1,1,0.0,1,0.002,0.0,-4.06,-5.55,*c1ccc(/C=C/c2ccc(*)s2)s1,*c1ccc(C2=c3cc4c(cc3N(CC(CCCCCCCCCC)CCCCCCCCCCCC)C2=O)=C(c2ccc(*)cc2)C(=O)N4CC(CCCCCCCCCC)CCCCCCCCCCCC)cc1
10.1039/c4tc01790k,BPP-2T,*c1ccc(C2=c3cc4c(cc3N(CC(CCCCCCCCCC)CCCCCCCCCCCC)C2=O)=C(c2ccc(-c3ccc(-c5ccc(*)s5)s3)cc2)C(=O)N4CC(CCCCCCCCCC)CCCCCCCCCCCC)cc1,1,0.0,1,0.001,0.0,-4.05,-5.63,*c1ccc(-c2ccc(*)s2)s1,*c1ccc(C2=c3cc4c(cc3N(CC(CCCCCCCCCC)CCCCCCCCCCCC)C2=O)=C(c2ccc(*)cc2)C(=O)N4CC(CCCCCCCCCC)CCCCCCCCCCCC)cc1,BPP-CPDT,*c1ccc(C2=c3cc4c(cc3N(CC(CCCCCCCCCC)CCCCCCCCCCCC)C2=O)=C(c2ccc(-c3cc5c(s3)-c3sc(*)cc3C5(CC(C)CCCC)CC(C)CCCC)cc2)C(=O)N4CC(CCCCCCCCCC)CCCCCCCCCCCC)cc1,1,0.0,0,0.01,0.0,-3.95,-5.44,*c1cc2c(s1)-c1sc(*)cc1C2(CC(C)CCCC)CC(C)CCCC,*c1ccc(C2=c3cc4c(cc3N(CC(CCCCCCCCCC)CCCCCCCCCCCC)C2=O)=C(c2ccc(*)cc2)C(=O)N4CC(CCCCCCCCCC)CCCCCCCCCCCC)cc1
10.1039/c4tc01790k,BPP-2T,*c1ccc(C2=c3cc4c(cc3N(CC(CCCCCCCCCC)CCCCCCCCCCCC)C2=O)=C(c2ccc(-c3ccc(-c5ccc(*)s5)s3)cc2)C(=O)N4CC(CCCCCCCCCC)CCCCCCCCCCCC)cc1,1,0.0,1,0.001,0.0,-4.05,-5.63,*c1ccc(-c2ccc(*)s2)s1,*c1ccc(C2=c3cc4c(cc3N(CC(CCCCCCCCCC)CCCCCCCCCCCC)C2=O)=C(c2ccc(*)cc2)C(=O)N4CC(CCCCCCCCCC)CCCCCCCCCCCC)cc1,BPP-BT,*c1ccc(C2=c3cc4c(cc3N(CC(CCCCCCCCCC)CCCCCCCCCCCC)C2=O)=C(c2ccc(-c3ccc(*)c5nsnc35)cc2)C(=O)N4CC(CCCCCCCCCC)CCCCCCCCCCCC)cc1,1,0.0,0,0.01,0.0,-3.99,-5.84,*c1ccc(*)c2nsnc12,*c1ccc(C2=c3cc4c(cc3N(CC(CCCCCCCCCC)CCCCCCCCCCCC)C2=O)=C(c2ccc(*)cc2)C(=O)N4CC(CCCCCCCCCC)CCCCCCCCCCCC)cc1
10.1039/c4tc01790k,BPP-TT,*c1ccc(C2=c3cc4c(cc3N(CC(CCCCCCCCCC)CCCCCCCCCCCC)C2=O)=C(c2ccc(-c3cc5sc(*)cc5s3)cc2)C(=O)N4CC(CCCCCCCCCC)CCCCCCCCCCCC)cc1,1,0.0,1,0.001,0.0,-4.07,-5.68,*c1cc2sc(*)cc2s1,*c1ccc(C2=c3cc4c(cc3N(CC(CCCCCCCCCC)CCCCCCCCCCCC)C2=O)=C(c2ccc(*)cc2)C(=O)N4CC(CCCCCCCCCC)CCCCCCCCCCCC)cc1,BPP-TVT,*c1ccc(C2=c3cc4c(cc3N(CC(CCCCCCCCCC)CCCCCCCCCCCC)C2=O)=C(c2ccc(-c3ccc(/C=C/c5ccc(*)s5)s3)cc2)C(=O)N4CC(CCCCCCCCCC)CCCCCCCCCCCC)cc1,1,0.0,1,0.002,0.0,-4.06,-5.55,*c1ccc(/C=C/c2ccc(*)s2)s1,*c1ccc(C2=c3cc4c(cc3N(CC(CCCCCCCCCC)CCCCCCCCCCCC)C2=O)=C(c2ccc(*)cc2)C(=O)N4CC(CCCCCCCCCC)CCCCCCCCCCCC)cc1
10.1039/c4tc01790k,BPP-TT,*c1ccc(C2=c3cc4c(cc3N(CC(CCCCCCCCCC)CCCCCCCCCCCC)C2=O)=C(c2ccc(-c3cc5sc(*)cc5s3)cc2)C(=O)N4CC(CCCCCCCCCC)CCCCCCCCCCCC)cc1,1,0.0,1,0.001,0.0,-4.07,-5.68,*c1cc2sc(*)cc2s1,*c1ccc(C2=c3cc4c(cc3N(CC(CCCCCCCCCC)CCCCCCCCCCCC)C2=O)=C(c2ccc(*)cc2)C(=O)N4CC(CCCCCCCCCC)CCCCCCCCCCCC)cc1,BPP-CPDT,*c1ccc(C2=c3cc4c(cc3N(CC(CCCCCCCCCC)CCCCCCCCCCCC)C2=O)=C(c2ccc(-c3cc5c(s3)-c3sc(*)cc3C5(CC(C)CCCC)CC(C)CCCC)cc2)C(=O)N4CC(CCCCCCCCCC)CCCCCCCCCCCC)cc1,1,0.0,0,0.01,0.0,-3.95,-5.44,*c1cc2c(s1)-c1sc(*)cc1C2(CC(C)CCCC)CC(C)CCCC,*c1ccc(C2=c3cc4c(cc3N(CC(CCCCCCCCCC)CCCCCCCCCCCC)C2=O)=C(c2ccc(*)cc2)C(=O)N4CC(CCCCCCCCCC)CCCCCCCCCCCC)cc1
10.1039/c4tc01790k,BPP-TT,*c1ccc(C2=c3cc4c(cc3N(CC(CCCCCCCCCC)CCCCCCCCCCCC)C2=O)=C(c2ccc(-c3cc5sc(*)cc5s3)cc2)C(=O)N4CC(CCCCCCCCCC)CCCCCCCCCCCC)cc1,1,0.0,1,0.001,0.0,-4.07,-5.68,*c1cc2sc(*)cc2s1,*c1ccc(C2=c3cc4c(cc3N(CC(CCCCCCCCCC)CCCCCCCCCCCC)C2=O)=C(c2ccc(*)cc2)C(=O)N4CC(CCCCCCCCCC)CCCCCCCCCCCC)cc1,BPP-BT,*c1ccc(C2=c3cc4c(cc3N(CC(CCCCCCCCCC)CCCCCCCCCCCC)C2=O)=C(c2ccc(-c3ccc(*)c5nsnc35)cc2)C(=O)N4CC(CCCCCCCCCC)CCCCCCCCCCCC)cc1,1,0.0,0,0.01,0.0,-3.99,-5.84,*c1ccc(*)c2nsnc12,*c1ccc(C2=c3cc4c(cc3N(CC(CCCCCCCCCC)CCCCCCCCCCCC)C2=O)=C(c2ccc(*)cc2)C(=O)N4CC(CCCCCCCCCC)CCCCCCCCCCCC)cc1
10.1039/c4tc01790k,BPP-TVT,*c1ccc(C2=c3cc4c(cc3N(CC(CCCCCCCCCC)CCCCCCCCCCCC)C2=O)=C(c2ccc(-c3ccc(/C=C/c5ccc(*)s5)s3)cc2)C(=O)N4CC(CCCCCCCCCC)CCCCCCCCCCCC)cc1,1,0.0,1,0.002,0.0,-4.06,-5.55,*c1ccc(/C=C/c2ccc(*)s2)s1,*c1ccc(C2=c3cc4c(cc3N(CC(CCCCCCCCCC)CCCCCCCCCCCC)C2=O)=C(c2ccc(*)cc2)C(=O)N4CC(CCCCCCCCCC)CCCCCCCCCCCC)cc1,BPP-CPDT,*c1ccc(C2=c3cc4c(cc3N(CC(CCCCCCCCCC)CCCCCCCCCCCC)C2=O)=C(c2ccc(-c3cc5c(s3)-c3sc(*)cc3C5(CC(C)CCCC)CC(C)CCCC)cc2)C(=O)N4CC(CCCCCCCCCC)CCCCCCCCCCCC)cc1,1,0.0,0,0.01,0.0,-3.95,-5.44,*c1cc2c(s1)-c1sc(*)cc1C2(CC(C)CCCC)CC(C)CCCC,*c1ccc(C2=c3cc4c(cc3N(CC(CCCCCCCCCC)CCCCCCCCCCCC)C2=O)=C(c2ccc(*)cc2)C(=O)N4CC(CCCCCCCCCC)CCCCCCCCCCCC)cc1
10.1039/c4tc01790k,BPP-TVT,*c1ccc(C2=c3cc4c(cc3N(CC(CCCCCCCCCC)CCCCCCCCCCCC)C2=O)=C(c2ccc(-c3ccc(/C=C/c5ccc(*)s5)s3)cc2)C(=O)N4CC(CCCCCCCCCC)CCCCCCCCCCCC)cc1,1,0.0,1,0.002,0.0,-4.06,-5.55,*c1ccc(/C=C/c2ccc(*)s2)s1,*c1ccc(C2=c3cc4c(cc3N(CC(CCCCCCCCCC)CCCCCCCCCCCC)C2=O)=C(c2ccc(*)cc2)C(=O)N4CC(CCCCCCCCCC)CCCCCCCCCCCC)cc1,BPP-BT,*c1ccc(C2=c3cc4c(cc3N(CC(CCCCCCCCCC)CCCCCCCCCCCC)C2=O)=C(c2ccc(-c3ccc(*)c5nsnc35)cc2)C(=O)N4CC(CCCCCCCCCC)CCCCCCCCCCCC)cc1,1,0.0,0,0.01,0.0,-3.99,-5.84,*c1ccc(*)c2nsnc12,*c1ccc(C2=c3cc4c(cc3N(CC(CCCCCCCCCC)CCCCCCCCCCCC)C2=O)=C(c2ccc(*)cc2)C(=O)N4CC(CCCCCCCCCC)CCCCCCCCCCCC)cc1
10.1039/c4tc01790k,BPP-CPDT,*c1ccc(C2=c3cc4c(cc3N(CC(CCCCCCCCCC)CCCCCCCCCCCC)C2=O)=C(c2ccc(-c3cc5c(s3)-c3sc(*)cc3C5(CC(C)CCCC)CC(C)CCCC)cc2)C(=O)N4CC(CCCCCCCCCC)CCCCCCCCCCCC)cc1,1,0.0,0,0.01,0.0,-3.95,-5.44,*c1cc2c(s1)-c1sc(*)cc1C2(CC(C)CCCC)CC(C)CCCC,*c1ccc(C2=c3cc4c(cc3N(CC(CCCCCCCCCC)CCCCCCCCCCCC)C2=O)=C(c2ccc(*)cc2)C(=O)N4CC(CCCCCCCCCC)CCCCCCCCCCCC)cc1,BPP-BT,*c1ccc(C2=c3cc4c(cc3N(CC(CCCCCCCCCC)CCCCCCCCCCCC)C2=O)=C(c2ccc(-c3ccc(*)c5nsnc35)cc2)C(=O)N4CC(CCCCCCCCCC)CCCCCCCCCCCC)cc1,1,0.0,0,0.01,0.0,-3.99,-5.84,*c1ccc(*)c2nsnc12,*c1ccc(C2=c3cc4c(cc3N(CC(CCCCCCCCCC)CCCCCCCCCCCC)C2=O)=C(c2ccc(*)cc2)C(=O)N4CC(CCCCCCCCCC)CCCCCCCCCCCC)cc1
10.1039/c4tc02008a,P(Ge-DTDCNBT),*c1ccc(-c2c(C#N)c(C#N)c(-c3ccc(-c4c[c]5c(s4)-c4sc(*)c[c]4[Ge]5([CH2]C(CCCCCCCC)CCCCCCCCCC)[CH2]C(CCCCCCCC)CCCCCCCCCC)s3)c3nsnc23)s1,1,0.0,0,0.0028,0.0,-3.77,-5.14,*c1c[c]2c(s1)-c1sc(*)c[c]1[Ge]2([CH2]C(CCCCCCCC)CCCCCCCCCC)[CH2]C(CCCCCCCC)CCCCCCCCCC,*c1ccc(-c2c(C#N)c(C#N)c(-c3ccc(*)s3)c3nsnc23)s1,P(Ge-DTDFBT),*c1ccc(-c2c(F)c(F)c(-c3ccc(-c4c[c]5c(s4)-c4sc(*)c[c]4[Ge]5([CH2]C(CCCCCCCC)CCCCCCCCCC)[CH2]C(CCCCCCCC)CCCCCCCCCC)s3)c3nsnc23)s1,1,0.0,0,0.0,0.062,-3.29,-5.07,*c1c[c]2c(s1)-c1sc(*)c[c]1[Ge]2([CH2]C(CCCCCCCC)CCCCCCCCCC)[CH2]C(CCCCCCCC)CCCCCCCCCC,*c1ccc(-c2c(F)c(F)c(-c3ccc(*)s3)c3nsnc23)s1
10.1039/c4tc02008a,P(Ge-DTDCNBT),*c1ccc(-c2c(C#N)c(C#N)c(-c3ccc(-c4c[c]5c(s4)-c4sc(*)c[c]4[Ge]5([CH2]C(CCCCCCCC)CCCCCCCCCC)[CH2]C(CCCCCCCC)CCCCCCCCCC)s3)c3nsnc23)s1,1,0.0,0,0.0028,0.0,-3.77,-5.14,*c1c[c]2c(s1)-c1sc(*)c[c]1[Ge]2([CH2]C(CCCCCCCC)CCCCCCCCCC)[CH2]C(CCCCCCCC)CCCCCCCCCC,*c1ccc(-c2c(C#N)c(C#N)c(-c3ccc(*)s3)c3nsnc23)s1,P(IDT-DTDCNBT),*c1ccc(-c2c(C#N)c(C#N)c(-c3ccc(-c4cc5c(s4)-c4cc6c(cc4C5(CCCCCCCCCCCCCCCC)CCCCCCCCCCCCCCCC)-c4sc(*)cc4C6(CCCCCCCCCCCCCCCC)CCCCCCCCCCCCCCCC)s3)c3nsnc23)s1,1,0.0,0,0.00049,0.0,-3.67,-5.34,*c1cc2c(s1)-c1cc3c(cc1C2(CCCCCCCCCCCCCCCC)CCCCCCCCCCCCCCCC)-c1sc(*)cc1C3(CCCCCCCCCCCCCCCC)CCCCCCCCCCCCCCCC,*c1ccc(-c2c(C#N)c(C#N)c(-c3ccc(*)s3)c3nsnc23)s1
10.1039/c4tc02008a,P(Ge-DTDCNBT),*c1ccc(-c2c(C#N)c(C#N)c(-c3ccc(-c4c[c]5c(s4)-c4sc(*)c[c]4[Ge]5([CH2]C(CCCCCCCC)CCCCCCCCCC)[CH2]C(CCCCCCCC)CCCCCCCCCC)s3)c3nsnc23)s1,1,0.0,0,0.0028,0.0,-3.77,-5.14,*c1c[c]2c(s1)-c1sc(*)c[c]1[Ge]2([CH2]C(CCCCCCCC)CCCCCCCCCC)[CH2]C(CCCCCCCC)CCCCCCCCCC,*c1ccc(-c2c(C#N)c(C#N)c(-c3ccc(*)s3)c3nsnc23)s1,P(IDT-DTDFBT),*c1ccc(-c2c(F)c(F)c(-c3ccc(-c4cc5c(s4)-c4cc6c(cc4C5(CCCCCCCCCCCCCCCC)CCCCCCCCCCCCCCCC)-c4sc(*)cc4C6(CCCCCCCCCCCCCCCC)CCCCCCCCCCCCCCCC)s3)c3nsnc23)s1,1,0.0,0,0.0,0.061,-3.39,-5.31,*c1cc2c(s1)-c1cc3c(cc1C2(CCCCCCCCCCCCCCCC)CCCCCCCCCCCCCCCC)-c1sc(*)cc1C3(CCCCCCCCCCCCCCCC)CCCCCCCCCCCCCCCC,*c1ccc(-c2c(F)c(F)c(-c3ccc(*)s3)c3nsnc23)s1
10.1039/c4tc02008a,P(Ge-DTDFBT),*c1ccc(-c2c(F)c(F)c(-c3ccc(-c4c[c]5c(s4)-c4sc(*)c[c]4[Ge]5([CH2]C(CCCCCCCC)CCCCCCCCCC)[CH2]C(CCCCCCCC)CCCCCCCCCC)s3)c3nsnc23)s1,1,0.0,0,0.0,0.062,-3.29,-5.07,*c1c[c]2c(s1)-c1sc(*)c[c]1[Ge]2([CH2]C(CCCCCCCC)CCCCCCCCCC)[CH2]C(CCCCCCCC)CCCCCCCCCC,*c1ccc(-c2c(F)c(F)c(-c3ccc(*)s3)c3nsnc23)s1,P(IDT-DTDCNBT),*c1ccc(-c2c(C#N)c(C#N)c(-c3ccc(-c4cc5c(s4)-c4cc6c(cc4C5(CCCCCCCCCCCCCCCC)CCCCCCCCCCCCCCCC)-c4sc(*)cc4C6(CCCCCCCCCCCCCCCC)CCCCCCCCCCCCCCCC)s3)c3nsnc23)s1,1,0.0,0,0.00049,0.0,-3.67,-5.34,*c1cc2c(s1)-c1cc3c(cc1C2(CCCCCCCCCCCCCCCC)CCCCCCCCCCCCCCCC)-c1sc(*)cc1C3(CCCCCCCCCCCCCCCC)CCCCCCCCCCCCCCCC,*c1ccc(-c2c(C#N)c(C#N)c(-c3ccc(*)s3)c3nsnc23)s1
10.1039/c4tc02008a,P(Ge-DTDFBT),*c1ccc(-c2c(F)c(F)c(-c3ccc(-c4c[c]5c(s4)-c4sc(*)c[c]4[Ge]5([CH2]C(CCCCCCCC)CCCCCCCCCC)[CH2]C(CCCCCCCC)CCCCCCCCCC)s3)c3nsnc23)s1,1,0.0,0,0.0,0.062,-3.29,-5.07,*c1c[c]2c(s1)-c1sc(*)c[c]1[Ge]2([CH2]C(CCCCCCCC)CCCCCCCCCC)[CH2]C(CCCCCCCC)CCCCCCCCCC,*c1ccc(-c2c(F)c(F)c(-c3ccc(*)s3)c3nsnc23)s1,P(IDT-DTDFBT),*c1ccc(-c2c(F)c(F)c(-c3ccc(-c4cc5c(s4)-c4cc6c(cc4C5(CCCCCCCCCCCCCCCC)CCCCCCCCCCCCCCCC)-c4sc(*)cc4C6(CCCCCCCCCCCCCCCC)CCCCCCCCCCCCCCCC)s3)c3nsnc23)s1,1,0.0,0,0.0,0.061,-3.39,-5.31,*c1cc2c(s1)-c1cc3c(cc1C2(CCCCCCCCCCCCCCCC)CCCCCCCCCCCCCCCC)-c1sc(*)cc1C3(CCCCCCCCCCCCCCCC)CCCCCCCCCCCCCCCC,*c1ccc(-c2c(F)c(F)c(-c3ccc(*)s3)c3nsnc23)s1
10.1039/c4tc02008a,P(IDT-DTDCNBT),*c1ccc(-c2c(C#N)c(C#N)c(-c3ccc(-c4cc5c(s4)-c4cc6c(cc4C5(CCCCCCCCCCCCCCCC)CCCCCCCCCCCCCCCC)-c4sc(*)cc4C6(CCCCCCCCCCCCCCCC)CCCCCCCCCCCCCCCC)s3)c3nsnc23)s1,1,0.0,0,0.00049,0.0,-3.67,-5.34,*c1cc2c(s1)-c1cc3c(cc1C2(CCCCCCCCCCCCCCCC)CCCCCCCCCCCCCCCC)-c1sc(*)cc1C3(CCCCCCCCCCCCCCCC)CCCCCCCCCCCCCCCC,*c1ccc(-c2c(C#N)c(C#N)c(-c3ccc(*)s3)c3nsnc23)s1,P(IDT-DTDFBT),*c1ccc(-c2c(F)c(F)c(-c3ccc(-c4cc5c(s4)-c4cc6c(cc4C5(CCCCCCCCCCCCCCCC)CCCCCCCCCCCCCCCC)-c4sc(*)cc4C6(CCCCCCCCCCCCCCCC)CCCCCCCCCCCCCCCC)s3)c3nsnc23)s1,1,0.0,0,0.0,0.061,-3.39,-5.31,*c1cc2c(s1)-c1cc3c(cc1C2(CCCCCCCCCCCCCCCC)CCCCCCCCCCCCCCCC)-c1sc(*)cc1C3(CCCCCCCCCCCCCCCC)CCCCCCCCCCCCCCCC,*c1ccc(-c2c(F)c(F)c(-c3ccc(*)s3)c3nsnc23)s1
10.1039/c5cc10009g,PBT,*c1cc2c(s1)-c1sc(-c3ccc(*)c4nsnc34)cc1C2(CCCCCCCCCCCCCCCC)CCCCCCCCCCCCCCCC,1,0.0,0,0.0,1.4,-3.55,-4.8,*c1cc2c(s1)-c1sc(*)cc1C2(CCCCCCCCCCCCCCCC)CCCCCCCCCCCCCCCC,*c1ccc(*)c2nsnc12,PRF,*c1cc2c(s1)-c1sc(-c3cc(F)c(*)c4nsnc34)cc1C2(CCCCCCCCCCCCCCCC)CCCCCCCCCCCCCCCC,1,0.0,0,0.0,0.4,-3.78,-5.05,*c1cc2c(s1)-c1sc(*)cc1C2(CCCCCCCCCCCCCCCC)CCCCCCCCCCCCCCCC,*c1cc(F)c(*)c2nsnc12
10.1039/c5cc10009g,PBT,*c1cc2c(s1)-c1sc(-c3ccc(*)c4nsnc34)cc1C2(CCCCCCCCCCCCCCCC)CCCCCCCCCCCCCCCC,1,0.0,0,0.0,1.4,-3.55,-4.8,*c1cc2c(s1)-c1sc(*)cc1C2(CCCCCCCCCCCCCCCC)CCCCCCCCCCCCCCCC,*c1ccc(*)c2nsnc12,P2F (CDT-FBTz),*c1cc2c(s1)-c1sc(-c3c(F)cc(-c4cc5c(s4)-c4sc(-c6cc(F)c(*)c7nsnc67)cc4C5(CCCCCCCCCCCCCCCC)CCCCCCCCCCCCCCCC)c4nsnc34)cc1C2(CCCCCCCCCCCCCCCC)CCCCCCCCCCCCCCCC,1,0.0,0,0.0,1.2,-3.78,-5.03,*c1cc2c(s1)-c1sc(*)cc1C2(CCCCCCCCCCCCCCCC)CCCCCCCCCCCCCCCC,*c1c(F)cc(-c2cc3c(s2)-c2sc(-c4cc(F)c(*)c5nsnc45)cc2C3(CCCCCCCCCCCCCCCC)CCCCCCCCCCCCCCCC)c2nsnc12
10.1039/c5cc10009g,PBT,*c1cc2c(s1)-c1sc(-c3ccc(*)c4nsnc34)cc1C2(CCCCCCCCCCCCCCCC)CCCCCCCCCCCCCCCC,1,0.0,0,0.0,1.4,-3.55,-4.8,*c1cc2c(s1)-c1sc(*)cc1C2(CCCCCCCCCCCCCCCC)CCCCCCCCCCCCCCCC,*c1ccc(*)c2nsnc12,PDF (CDT-2FBTz),*c1cc2c(s1)-c1sc(-c3c(F)c(F)c(*)c4nsnc34)cc1C2(CCCCCCCCCCCCCCCC)CCCCCCCCCCCCCCCC,1,0.0,0,0.0,0.3,-3.89,-5.19,*c1cc2c(s1)-c1sc(*)cc1C2(CCCCCCCCCCCCCCCC)CCCCCCCCCCCCCCCC,*c1c(F)c(F)c(*)c2nsnc12
10.1039/c5cc10009g,PRF,*c1cc2c(s1)-c1sc(-c3cc(F)c(*)c4nsnc34)cc1C2(CCCCCCCCCCCCCCCC)CCCCCCCCCCCCCCCC,1,0.0,0,0.0,0.4,-3.78,-5.05,*c1cc2c(s1)-c1sc(*)cc1C2(CCCCCCCCCCCCCCCC)CCCCCCCCCCCCCCCC,*c1cc(F)c(*)c2nsnc12,P2F (CDT-FBTz),*c1cc2c(s1)-c1sc(-c3c(F)cc(-c4cc5c(s4)-c4sc(-c6cc(F)c(*)c7nsnc67)cc4C5(CCCCCCCCCCCCCCCC)CCCCCCCCCCCCCCCC)c4nsnc34)cc1C2(CCCCCCCCCCCCCCCC)CCCCCCCCCCCCCCCC,1,0.0,0,0.0,1.2,-3.78,-5.03,*c1cc2c(s1)-c1sc(*)cc1C2(CCCCCCCCCCCCCCCC)CCCCCCCCCCCCCCCC,*c1c(F)cc(-c2cc3c(s2)-c2sc(-c4cc(F)c(*)c5nsnc45)cc2C3(CCCCCCCCCCCCCCCC)CCCCCCCCCCCCCCCC)c2nsnc12
10.1039/c5cc10009g,PRF,*c1cc2c(s1)-c1sc(-c3cc(F)c(*)c4nsnc34)cc1C2(CCCCCCCCCCCCCCCC)CCCCCCCCCCCCCCCC,1,0.0,0,0.0,0.4,-3.78,-5.05,*c1cc2c(s1)-c1sc(*)cc1C2(CCCCCCCCCCCCCCCC)CCCCCCCCCCCCCCCC,*c1cc(F)c(*)c2nsnc12,PDF (CDT-2FBTz),*c1cc2c(s1)-c1sc(-c3c(F)c(F)c(*)c4nsnc34)cc1C2(CCCCCCCCCCCCCCCC)CCCCCCCCCCCCCCCC,1,0.0,0,0.0,0.3,-3.89,-5.19,*c1cc2c(s1)-c1sc(*)cc1C2(CCCCCCCCCCCCCCCC)CCCCCCCCCCCCCCCC,*c1c(F)c(F)c(*)c2nsnc12
10.1039/c5cc10009g,P2F (CDT-FBTz),*c1cc2c(s1)-c1sc(-c3c(F)cc(-c4cc5c(s4)-c4sc(-c6cc(F)c(*)c7nsnc67)cc4C5(CCCCCCCCCCCCCCCC)CCCCCCCCCCCCCCCC)c4nsnc34)cc1C2(CCCCCCCCCCCCCCCC)CCCCCCCCCCCCCCCC,1,0.0,0,0.0,1.2,-3.78,-5.03,*c1cc2c(s1)-c1sc(*)cc1C2(CCCCCCCCCCCCCCCC)CCCCCCCCCCCCCCCC,*c1c(F)cc(-c2cc3c(s2)-c2sc(-c4cc(F)c(*)c5nsnc45)cc2C3(CCCCCCCCCCCCCCCC)CCCCCCCCCCCCCCCC)c2nsnc12,PDF (CDT-2FBTz),*c1cc2c(s1)-c1sc(-c3c(F)c(F)c(*)c4nsnc34)cc1C2(CCCCCCCCCCCCCCCC)CCCCCCCCCCCCCCCC,1,0.0,0,0.0,0.3,-3.89,-5.19,*c1cc2c(s1)-c1sc(*)cc1C2(CCCCCCCCCCCCCCCC)CCCCCCCCCCCCCCCC,*c1c(F)c(F)c(*)c2nsnc12
10.1039/c5py00161g,PBTPBF-BT,*c1cc2c(s1)/C(=C1\C(=O)Oc3cc4c(cc31)OC(=O)/C4=C1/C(=O)N(CC(CCCCCCCCCC)CCCCCCCCCCCC)c3cc(-c4cc(CCCCCCCCCCCC)c(-c5sc(*)cc5CCCCCCCCCCCC)s4)sc31)C(=O)N2CC(CCCCCCCCCC)CCCCCCCCCCCC,1,0.0,1,0.22,0.45,-3.94,-5.18,*c1cc(CCCCCCCCCCCC)c(-c2sc(*)cc2CCCCCCCCCCCC)s1,*c1cc2c(s1)/C(=C1\C(=O)Oc3cc4c(cc31)OC(=O)/C4=C1/C(=O)N(CC(CCCCCCCCCC)CCCCCCCCCCCC)c3cc(*)sc31)C(=O)N2CC(CCCCCCCCCC)CCCCCCCCCCCC,PBIBDF-BT,*c1ccc2c(c1)N(CC(CCCCCCCCCC)CCCCCCCCCCCC)C(=O)/C2=C1/C(=O)Oc2cc3c(cc21)OC(=O)/C3=C1/C(=O)N(CC(CCCCCCCCCC)CCCCCCCCCCCC)c2cc(-c3cc(CCCCCCCCCCCC)c(-c4sc(*)cc4CCCCCCCCCCCC)s3)ccc21,1,0.0,1,1.06,0.0,-4.03,-5.55,*c1cc(CCCCCCCCCCCC)c(-c2sc(*)cc2CCCCCCCCCCCC)s1,*c1ccc2c(c1)N(CC(CCCCCCCCCC)CCCCCCCCCCCC)C(=O)/C2=C1/C(=O)Oc2cc3c(cc21)OC(=O)/C3=C1/C(=O)N(CC(CCCCCCCCCC)CCCCCCCCCCCC)c2cc(*)ccc21
10.1039/c5py00538h,PDPP2Py2oT,*c1ccc(C2=C3C(=O)N(CC(CCCCCCCC)CCCCCCCCCC)C(c4ccc(-c5cc(OC)c(-c6sc(*)cc6OC)s5)cn4)=C3C(=O)N2CC(CCCCCCCC)CCCCCCCCCC)nc1,1,0.0,1,0.0,0.0295,-3.8,-5.21,*c1cc(OC)c(-c2sc(*)cc2OC)s1,*c1ccc(C2=C3C(=O)N(CC(CCCCCCCC)CCCCCCCCCC)C(c4ccc(*)cn4)=C3C(=O)N2CC(CCCCCCCC)CCCCCCCCCC)nc1,PDPP2PyBDT,*c1ccc(C2=C3C(=O)N(CC(CCCCCCCC)CCCCCCCCCC)C(c4ccc(-c5cc6c(-c7ccc(CC(CC)CCCC)s7)c7sc(*)cc7c(-c7ccc(CC(CC)CCCC)s7)c6s5)cn4)=C3C(=O)N2CC(CCCCCCCC)CCCCCCCCCC)nc1,1,0.0,1,0.00267,0.026,-3.84,-5.59,*c1cc2c(-c3ccc(CC(CC)CCCC)s3)c3sc(*)cc3c(-c3ccc(CC(CC)CCCC)s3)c2s1,*c1ccc(C2=C3C(=O)N(CC(CCCCCCCC)CCCCCCCCCC)C(c4ccc(*)cn4)=C3C(=O)N2CC(CCCCCCCC)CCCCCCCCCC)nc1
10.1039/c5py00538h,PDPP2Py2oT,*c1ccc(C2=C3C(=O)N(CC(CCCCCCCC)CCCCCCCCCC)C(c4ccc(-c5cc(OC)c(-c6sc(*)cc6OC)s5)cn4)=C3C(=O)N2CC(CCCCCCCC)CCCCCCCCCC)nc1,1,0.0,1,0.0,0.0295,-3.8,-5.21,*c1cc(OC)c(-c2sc(*)cc2OC)s1,*c1ccc(C2=C3C(=O)N(CC(CCCCCCCC)CCCCCCCCCC)C(c4ccc(*)cn4)=C3C(=O)N2CC(CCCCCCCC)CCCCCCCCCC)nc1,PDPP2PyT,*c1ccc(C2=C3C(=O)N(CC(CCCCCCCC)CCCCCCCCCC)C(c4ccc(-c5ccc(*)s5)cn4)=C3C(=O)N2CC(CCCCCCCC)CCCCCCCCCC)nc1.C,1,0.0,0,0.0134,0.00165,-3.89,-5.65,*c1ccc(*)s1.C,*c1ccc(C2=C3C(=O)N(CC(CCCCCCCC)CCCCCCCCCC)C(c4ccc(*)cn4)=C3C(=O)N2CC(CCCCCCCC)CCCCCCCCCC)nc1
10.1039/c5py00538h,PDPP2Py2oT,*c1ccc(C2=C3C(=O)N(CC(CCCCCCCC)CCCCCCCCCC)C(c4ccc(-c5cc(OC)c(-c6sc(*)cc6OC)s5)cn4)=C3C(=O)N2CC(CCCCCCCC)CCCCCCCCCC)nc1,1,0.0,1,0.0,0.0295,-3.8,-5.21,*c1cc(OC)c(-c2sc(*)cc2OC)s1,*c1ccc(C2=C3C(=O)N(CC(CCCCCCCC)CCCCCCCCCC)C(c4ccc(*)cn4)=C3C(=O)N2CC(CCCCCCCC)CCCCCCCCCC)nc1,PDPP2PyBTD,*c1ccc(C2=C3C(=O)N(CC(CCCCCCCC)CCCCCCCCCC)C(c4ccc(-c5ccc(*)c6nsnc56)cn4)=C3C(=O)N2CC(CCCCCCCC)CCCCCCCCCC)nc1,1,0.0,0,0.00462,0.0,-4.01,-5.77,*c1ccc(*)c2nsnc12,*c1ccc(C2=C3C(=O)N(CC(CCCCCCCC)CCCCCCCCCC)C(c4ccc(*)cn4)=C3C(=O)N2CC(CCCCCCCC)CCCCCCCCCC)nc1
10.1039/c5py00538h,PDPP2Py2oT,*c1ccc(C2=C3C(=O)N(CC(CCCCCCCC)CCCCCCCCCC)C(c4ccc(-c5cc(OC)c(-c6sc(*)cc6OC)s5)cn4)=C3C(=O)N2CC(CCCCCCCC)CCCCCCCCCC)nc1,1,0.0,1,0.0,0.0295,-3.8,-5.21,*c1cc(OC)c(-c2sc(*)cc2OC)s1,*c1ccc(C2=C3C(=O)N(CC(CCCCCCCC)CCCCCCCCCC)C(c4ccc(*)cn4)=C3C(=O)N2CC(CCCCCCCC)CCCCCCCCCC)nc1,PDPP2PyNDI,*c1ccc(C2=C3C(=O)N(CC(CCCCCCCC)CCCCCCCCCC)C(c4ccc(-c5cc6c7c(c(*)cc8c7c5C(=O)N(CCCCCCCC)C8=O)C(=O)N(CCCCCCCC)C6=O)cn4)=C3C(=O)N2CC(CCCCCCCC)CCCCCCCCCC)nc1,1,0.0,1,0.00124,0.0,-4.22,-6.07,*c1cc2c3c(c(*)cc4c3c1C(=O)N(CCCCCCCC)C4=O)C(=O)N(CCCCCCCC)C2=O,*c1ccc(C2=C3C(=O)N(CC(CCCCCCCC)CCCCCCCCCC)C(c4ccc(*)cn4)=C3C(=O)N2CC(CCCCCCCC)CCCCCCCCCC)nc1
10.1039/c5py00538h,PDPP2PyBDT,*c1ccc(C2=C3C(=O)N(CC(CCCCCCCC)CCCCCCCCCC)C(c4ccc(-c5cc6c(-c7ccc(CC(CC)CCCC)s7)c7sc(*)cc7c(-c7ccc(CC(CC)CCCC)s7)c6s5)cn4)=C3C(=O)N2CC(CCCCCCCC)CCCCCCCCCC)nc1,1,0.0,1,0.00267,0.026,-3.84,-5.59,*c1cc2c(-c3ccc(CC(CC)CCCC)s3)c3sc(*)cc3c(-c3ccc(CC(CC)CCCC)s3)c2s1,*c1ccc(C2=C3C(=O)N(CC(CCCCCCCC)CCCCCCCCCC)C(c4ccc(*)cn4)=C3C(=O)N2CC(CCCCCCCC)CCCCCCCCCC)nc1,PDPP2PyT,*c1ccc(C2=C3C(=O)N(CC(CCCCCCCC)CCCCCCCCCC)C(c4ccc(-c5ccc(*)s5)cn4)=C3C(=O)N2CC(CCCCCCCC)CCCCCCCCCC)nc1.C,1,0.0,0,0.0134,0.00165,-3.89,-5.65,*c1ccc(*)s1.C,*c1ccc(C2=C3C(=O)N(CC(CCCCCCCC)CCCCCCCCCC)C(c4ccc(*)cn4)=C3C(=O)N2CC(CCCCCCCC)CCCCCCCCCC)nc1
10.1039/c5py00538h,PDPP2PyBDT,*c1ccc(C2=C3C(=O)N(CC(CCCCCCCC)CCCCCCCCCC)C(c4ccc(-c5cc6c(-c7ccc(CC(CC)CCCC)s7)c7sc(*)cc7c(-c7ccc(CC(CC)CCCC)s7)c6s5)cn4)=C3C(=O)N2CC(CCCCCCCC)CCCCCCCCCC)nc1,1,0.0,1,0.00267,0.026,-3.84,-5.59,*c1cc2c(-c3ccc(CC(CC)CCCC)s3)c3sc(*)cc3c(-c3ccc(CC(CC)CCCC)s3)c2s1,*c1ccc(C2=C3C(=O)N(CC(CCCCCCCC)CCCCCCCCCC)C(c4ccc(*)cn4)=C3C(=O)N2CC(CCCCCCCC)CCCCCCCCCC)nc1,PDPP2PyBTD,*c1ccc(C2=C3C(=O)N(CC(CCCCCCCC)CCCCCCCCCC)C(c4ccc(-c5ccc(*)c6nsnc56)cn4)=C3C(=O)N2CC(CCCCCCCC)CCCCCCCCCC)nc1,1,0.0,0,0.00462,0.0,-4.01,-5.77,*c1ccc(*)c2nsnc12,*c1ccc(C2=C3C(=O)N(CC(CCCCCCCC)CCCCCCCCCC)C(c4ccc(*)cn4)=C3C(=O)N2CC(CCCCCCCC)CCCCCCCCCC)nc1
10.1039/c5py00538h,PDPP2PyBDT,*c1ccc(C2=C3C(=O)N(CC(CCCCCCCC)CCCCCCCCCC)C(c4ccc(-c5cc6c(-c7ccc(CC(CC)CCCC)s7)c7sc(*)cc7c(-c7ccc(CC(CC)CCCC)s7)c6s5)cn4)=C3C(=O)N2CC(CCCCCCCC)CCCCCCCCCC)nc1,1,0.0,1,0.00267,0.026,-3.84,-5.59,*c1cc2c(-c3ccc(CC(CC)CCCC)s3)c3sc(*)cc3c(-c3ccc(CC(CC)CCCC)s3)c2s1,*c1ccc(C2=C3C(=O)N(CC(CCCCCCCC)CCCCCCCCCC)C(c4ccc(*)cn4)=C3C(=O)N2CC(CCCCCCCC)CCCCCCCCCC)nc1,PDPP2PyNDI,*c1ccc(C2=C3C(=O)N(CC(CCCCCCCC)CCCCCCCCCC)C(c4ccc(-c5cc6c7c(c(*)cc8c7c5C(=O)N(CCCCCCCC)C8=O)C(=O)N(CCCCCCCC)C6=O)cn4)=C3C(=O)N2CC(CCCCCCCC)CCCCCCCCCC)nc1,1,0.0,1,0.00124,0.0,-4.22,-6.07,*c1cc2c3c(c(*)cc4c3c1C(=O)N(CCCCCCCC)C4=O)C(=O)N(CCCCCCCC)C2=O,*c1ccc(C2=C3C(=O)N(CC(CCCCCCCC)CCCCCCCCCC)C(c4ccc(*)cn4)=C3C(=O)N2CC(CCCCCCCC)CCCCCCCCCC)nc1
10.1039/c5py00538h,PDPP2PyT,*c1ccc(C2=C3C(=O)N(CC(CCCCCCCC)CCCCCCCCCC)C(c4ccc(-c5ccc(*)s5)cn4)=C3C(=O)N2CC(CCCCCCCC)CCCCCCCCCC)nc1.C,1,0.0,0,0.0134,0.00165,-3.89,-5.65,*c1ccc(*)s1.C,*c1ccc(C2=C3C(=O)N(CC(CCCCCCCC)CCCCCCCCCC)C(c4ccc(*)cn4)=C3C(=O)N2CC(CCCCCCCC)CCCCCCCCCC)nc1,PDPP2PyBTD,*c1ccc(C2=C3C(=O)N(CC(CCCCCCCC)CCCCCCCCCC)C(c4ccc(-c5ccc(*)c6nsnc56)cn4)=C3C(=O)N2CC(CCCCCCCC)CCCCCCCCCC)nc1,1,0.0,0,0.00462,0.0,-4.01,-5.77,*c1ccc(*)c2nsnc12,*c1ccc(C2=C3C(=O)N(CC(CCCCCCCC)CCCCCCCCCC)C(c4ccc(*)cn4)=C3C(=O)N2CC(CCCCCCCC)CCCCCCCCCC)nc1
10.1039/c5py00538h,PDPP2PyT,*c1ccc(C2=C3C(=O)N(CC(CCCCCCCC)CCCCCCCCCC)C(c4ccc(-c5ccc(*)s5)cn4)=C3C(=O)N2CC(CCCCCCCC)CCCCCCCCCC)nc1.C,1,0.0,0,0.0134,0.00165,-3.89,-5.65,*c1ccc(*)s1.C,*c1ccc(C2=C3C(=O)N(CC(CCCCCCCC)CCCCCCCCCC)C(c4ccc(*)cn4)=C3C(=O)N2CC(CCCCCCCC)CCCCCCCCCC)nc1,PDPP2PyNDI,*c1ccc(C2=C3C(=O)N(CC(CCCCCCCC)CCCCCCCCCC)C(c4ccc(-c5cc6c7c(c(*)cc8c7c5C(=O)N(CCCCCCCC)C8=O)C(=O)N(CCCCCCCC)C6=O)cn4)=C3C(=O)N2CC(CCCCCCCC)CCCCCCCCCC)nc1,1,0.0,1,0.00124,0.0,-4.22,-6.07,*c1cc2c3c(c(*)cc4c3c1C(=O)N(CCCCCCCC)C4=O)C(=O)N(CCCCCCCC)C2=O,*c1ccc(C2=C3C(=O)N(CC(CCCCCCCC)CCCCCCCCCC)C(c4ccc(*)cn4)=C3C(=O)N2CC(CCCCCCCC)CCCCCCCCCC)nc1
10.1039/c5py00538h,PDPP2PyBTD,*c1ccc(C2=C3C(=O)N(CC(CCCCCCCC)CCCCCCCCCC)C(c4ccc(-c5ccc(*)c6nsnc56)cn4)=C3C(=O)N2CC(CCCCCCCC)CCCCCCCCCC)nc1,1,0.0,0,0.00462,0.0,-4.01,-5.77,*c1ccc(*)c2nsnc12,*c1ccc(C2=C3C(=O)N(CC(CCCCCCCC)CCCCCCCCCC)C(c4ccc(*)cn4)=C3C(=O)N2CC(CCCCCCCC)CCCCCCCCCC)nc1,PDPP2PyNDI,*c1ccc(C2=C3C(=O)N(CC(CCCCCCCC)CCCCCCCCCC)C(c4ccc(-c5cc6c7c(c(*)cc8c7c5C(=O)N(CCCCCCCC)C8=O)C(=O)N(CCCCCCCC)C6=O)cn4)=C3C(=O)N2CC(CCCCCCCC)CCCCCCCCCC)nc1,1,0.0,1,0.00124,0.0,-4.22,-6.07,*c1cc2c3c(c(*)cc4c3c1C(=O)N(CCCCCCCC)C4=O)C(=O)N(CCCCCCCC)C2=O,*c1ccc(C2=C3C(=O)N(CC(CCCCCCCC)CCCCCCCCCC)C(c4ccc(*)cn4)=C3C(=O)N2CC(CCCCCCCC)CCCCCCCCCC)nc1
10.1039/c5py00605h,PTTB-2T,*c1ccc(-c2ccc(-c3cc4c5cc(CC(CCCCCCCC)CCCCCCCCCC)sc5c5cc6c(cc5c4s3)c3sc(CC(CCCCCCCC)CCCCCCCCCC)cc3c3cc(*)sc36)s2)s1,1,0.0,1,0.0,0.08,-3.2,-5.15,*c1ccc(-c2ccc(*)s2)s1,*c1cc2c3cc(CC(CCCCCCCC)CCCCCCCCCC)sc3c3cc4c(cc3c2s1)c1sc(CC(CCCCCCCC)CCCCCCCCCC)cc1c1cc(*)sc14,PTTB-TT,*c1cc2sc(-c3cc4c5cc(CC(CCCCCCCC)CCCCCCCCCC)sc5c5cc6c(cc5c4s3)c3sc(CC(CCCCCCCC)CCCCCCCCCC)cc3c3cc(*)sc36)cc2s1,1,0.0,1,0.0,0.03,-3.18,-5.18,*c1cc2sc(*)cc2s1,*c1cc2c3cc(CC(CCCCCCCC)CCCCCCCCCC)sc3c3cc4c(cc3c2s1)c1sc(CC(CCCCCCCC)CCCCCCCCCC)cc1c1cc(*)sc14
10.1039/c5py00605h,PTTB-2T,*c1ccc(-c2ccc(-c3cc4c5cc(CC(CCCCCCCC)CCCCCCCCCC)sc5c5cc6c(cc5c4s3)c3sc(CC(CCCCCCCC)CCCCCCCCCC)cc3c3cc(*)sc36)s2)s1,1,0.0,1,0.0,0.08,-3.2,-5.15,*c1ccc(-c2ccc(*)s2)s1,*c1cc2c3cc(CC(CCCCCCCC)CCCCCCCCCC)sc3c3cc4c(cc3c2s1)c1sc(CC(CCCCCCCC)CCCCCCCCCC)cc1c1cc(*)sc14,PTTB-BZ,*c1cc2c3cc(CC(CCCCCCCC)CCCCCCCCCC)sc3c3cc4c(cc3c2s1)c1sc(CC(CCCCCCCC)CCCCCCCCCC)cc1c1cc(-c2ccc(*)c3nsnc23)sc14,1,0.0,1,0.0,0.15,-3.6,-5.28,*c1ccc(*)c2nsnc12,*c1cc2c3cc(CC(CCCCCCCC)CCCCCCCCCC)sc3c3cc4c(cc3c2s1)c1sc(CC(CCCCCCCC)CCCCCCCCCC)cc1c1cc(*)sc14
10.1039/c5py00605h,PTTB-TT,*c1cc2sc(-c3cc4c5cc(CC(CCCCCCCC)CCCCCCCCCC)sc5c5cc6c(cc5c4s3)c3sc(CC(CCCCCCCC)CCCCCCCCCC)cc3c3cc(*)sc36)cc2s1,1,0.0,1,0.0,0.03,-3.18,-5.18,*c1cc2sc(*)cc2s1,*c1cc2c3cc(CC(CCCCCCCC)CCCCCCCCCC)sc3c3cc4c(cc3c2s1)c1sc(CC(CCCCCCCC)CCCCCCCCCC)cc1c1cc(*)sc14,PTTB-BZ,*c1cc2c3cc(CC(CCCCCCCC)CCCCCCCCCC)sc3c3cc4c(cc3c2s1)c1sc(CC(CCCCCCCC)CCCCCCCCCC)cc1c1cc(-c2ccc(*)c3nsnc23)sc14,1,0.0,1,0.0,0.15,-3.6,-5.28,*c1ccc(*)c2nsnc12,*c1cc2c3cc(CC(CCCCCCCC)CCCCCCCCCC)sc3c3cc4c(cc3c2s1)c1sc(CC(CCCCCCCC)CCCCCCCCCC)cc1c1cc(*)sc14
10.1039/c5py00804b,PDPP3T-CN,*c1ccc(C2=C3C(=O)N(CCC(CCCCCCCCCC)CCCCCCCCCC)C(c4ccc(-c5sc(*)c(C#N)c5C#N)s4)=C3C(=O)N2CCC(CCCCCCCCCC)CCCCCCCCCC)s1,1,0.0,0,0.09,0.0017,-3.8,-5.48,*c1sc(*)c(C#N)c1C#N,*c1ccc(C2=C3C(=O)N(CCC(CCCCCCCCCC)CCCCCCCCCC)C(c4ccc(*)s4)=C3C(=O)N2CCC(CCCCCCCCCC)CCCCCCCCCC)s1,PDPPTPT-CN,*c1ccc(C2=C3C(=O)N(CC(CCCCCCCCCC)CCCCCCCCCC)C(c4ccc(-c5cc(C#N)c(*)cc5C#N)s4)=C3C(=O)N2CC(CCCCCCCCCC)CCCCCCCCCC)s1,1,0.0,1,0.18,0.0086,-3.71,-5.63,*c1cc(C#N)c(*)cc1C#N,*c1ccc(C2=C3C(=O)N(CC(CCCCCCCCCC)CCCCCCCCCC)C(c4ccc(*)s4)=C3C(=O)N2CC(CCCCCCCCCC)CCCCCCCCCC)s1
10.1039/c5py01995h,TPD,*c1ccc(-c2ccc(-c3sc(-c4sc(*)c5c4C(=O)N(CC(CCCCCCCCCC)CCCCCCCCCCCC)C5=O)c4c3C(=O)N(CC(CCCCCCCCCC)CCCCCCCCCCCC)C4=O)s2)s1,1,0.0,1,0.0,0.35,-3.99,-5.8,*c1sc(-c2sc(*)c3c2C(=O)N(CC(CCCCCCCCCC)CCCCCCCCCCCC)C3=O)c2c1C(=O)N(CC(CCCCCCCCCC)CCCCCCCCCCCC)C2=O,*c1ccc(-c2ccc(*)s2)s1,TPD2T-BT,*c1ccc(-c2ccc(-c3ccc(-c4sc(-c5sc(-c6ccc(*)s6)c6c5C(=O)N(CC(CCCCCCCCCC)CCCCCCCCCCCC)C6=O)c5c4C(=O)N(CC(CCCCCCCCCC)CCCCCCCCCCCC)C5=O)s3)s2)s1,1,0.0,1,0.0,0.47,-3.79,-5.52,*c1ccc(-c2sc(-c3sc(-c4ccc(*)s4)c4c3C(=O)N(CC(CCCCCCCCCC)CCCCCCCCCCCC)C4=O)c3c2C(=O)N(CC(CCCCCCCCCC)CCCCCCCCCCCC)C3=O)s1,*c1ccc(-c2ccc(*)s2)s1
10.1039/c5py01995h,TPD,*c1ccc(-c2ccc(-c3sc(-c4sc(*)c5c4C(=O)N(CC(CCCCCCCCCC)CCCCCCCCCCCC)C5=O)c4c3C(=O)N(CC(CCCCCCCCCC)CCCCCCCCCCCC)C4=O)s2)s1,1,0.0,1,0.0,0.35,-3.99,-5.8,*c1sc(-c2sc(*)c3c2C(=O)N(CC(CCCCCCCCCC)CCCCCCCCCCCC)C3=O)c2c1C(=O)N(CC(CCCCCCCCCC)CCCCCCCCCCCC)C2=O,*c1ccc(-c2ccc(*)s2)s1,TPD2T-i-alkyl-BT,*c1ccc(-c2ccc(-c3cc(CCCCCCCCCCCC)c(-c4sc(-c5sc(-c6sc(*)cc6CCCCCCCCCCCC)c6c5C(=O)N(CC(CCCCCCCCCC)CCCCCCCCCCCC)C6=O)c5c4C(=O)N(CC(CCCCCCCCCC)CCCCCCCCCCCC)C5=O)s3)s2)s1,1,0.0,1,0.0,1.4,-3.72,-5.49,*c1cc(CCCCCCCCCCCC)c(-c2sc(-c3sc(-c4sc(*)cc4CCCCCCCCCCCC)c4c3C(=O)N(CC(CCCCCCCCCC)CCCCCCCCCCCC)C4=O)c3c2C(=O)N(CC(CCCCCCCCCC)CCCCCCCCCCCC)C3=O)s1,*c1ccc(-c2ccc(*)s2)s1
10.1039/c5py01995h,TPD,*c1ccc(-c2ccc(-c3sc(-c4sc(*)c5c4C(=O)N(CC(CCCCCCCCCC)CCCCCCCCCCCC)C5=O)c4c3C(=O)N(CC(CCCCCCCCCC)CCCCCCCCCCCC)C4=O)s2)s1,1,0.0,1,0.0,0.35,-3.99,-5.8,*c1sc(-c2sc(*)c3c2C(=O)N(CC(CCCCCCCCCC)CCCCCCCCCCCC)C3=O)c2c1C(=O)N(CC(CCCCCCCCCC)CCCCCCCCCCCC)C2=O,*c1ccc(-c2ccc(*)s2)s1,TPD2T-o-alkyl-BT,*c1ccc(-c2ccc(-c3sc(-c4sc(-c5sc(-c6cc(CCCCCCCCCCCC)c(*)s6)c6c5C(=O)N(CC(CCCCCCCCCC)CCCCCCCCCCCC)C6=O)c5c4C(=O)N(CC(CCCCCCCCCC)CCCCCCCCCCCC)C5=O)cc3CCCCCCCCCCCC)s2)s1,1,0.0,1,0.0,0.91,-3.79,-5.49,*c1sc(-c2sc(-c3sc(-c4cc(CCCCCCCCCCCC)c(*)s4)c4c3C(=O)N(CC(CCCCCCCCCC)CCCCCCCCCCCC)C4=O)c3c2C(=O)N(CC(CCCCCCCCCC)CCCCCCCCCCCC)C3=O)cc1CCCCCCCCCCCC,*c1ccc(-c2ccc(*)s2)s1
10.1039/c5py01995h,TPD2T-BT,*c1ccc(-c2ccc(-c3ccc(-c4sc(-c5sc(-c6ccc(*)s6)c6c5C(=O)N(CC(CCCCCCCCCC)CCCCCCCCCCCC)C6=O)c5c4C(=O)N(CC(CCCCCCCCCC)CCCCCCCCCCCC)C5=O)s3)s2)s1,1,0.0,1,0.0,0.47,-3.79,-5.52,*c1ccc(-c2sc(-c3sc(-c4ccc(*)s4)c4c3C(=O)N(CC(CCCCCCCCCC)CCCCCCCCCCCC)C4=O)c3c2C(=O)N(CC(CCCCCCCCCC)CCCCCCCCCCCC)C3=O)s1,*c1ccc(-c2ccc(*)s2)s1,TPD2T-i-alkyl-BT,*c1ccc(-c2ccc(-c3cc(CCCCCCCCCCCC)c(-c4sc(-c5sc(-c6sc(*)cc6CCCCCCCCCCCC)c6c5C(=O)N(CC(CCCCCCCCCC)CCCCCCCCCCCC)C6=O)c5c4C(=O)N(CC(CCCCCCCCCC)CCCCCCCCCCCC)C5=O)s3)s2)s1,1,0.0,1,0.0,1.4,-3.72,-5.49,*c1cc(CCCCCCCCCCCC)c(-c2sc(-c3sc(-c4sc(*)cc4CCCCCCCCCCCC)c4c3C(=O)N(CC(CCCCCCCCCC)CCCCCCCCCCCC)C4=O)c3c2C(=O)N(CC(CCCCCCCCCC)CCCCCCCCCCCC)C3=O)s1,*c1ccc(-c2ccc(*)s2)s1
10.1039/c5py01995h,TPD2T-BT,*c1ccc(-c2ccc(-c3ccc(-c4sc(-c5sc(-c6ccc(*)s6)c6c5C(=O)N(CC(CCCCCCCCCC)CCCCCCCCCCCC)C6=O)c5c4C(=O)N(CC(CCCCCCCCCC)CCCCCCCCCCCC)C5=O)s3)s2)s1,1,0.0,1,0.0,0.47,-3.79,-5.52,*c1ccc(-c2sc(-c3sc(-c4ccc(*)s4)c4c3C(=O)N(CC(CCCCCCCCCC)CCCCCCCCCCCC)C4=O)c3c2C(=O)N(CC(CCCCCCCCCC)CCCCCCCCCCCC)C3=O)s1,*c1ccc(-c2ccc(*)s2)s1,TPD2T-o-alkyl-BT,*c1ccc(-c2ccc(-c3sc(-c4sc(-c5sc(-c6cc(CCCCCCCCCCCC)c(*)s6)c6c5C(=O)N(CC(CCCCCCCCCC)CCCCCCCCCCCC)C6=O)c5c4C(=O)N(CC(CCCCCCCCCC)CCCCCCCCCCCC)C5=O)cc3CCCCCCCCCCCC)s2)s1,1,0.0,1,0.0,0.91,-3.79,-5.49,*c1sc(-c2sc(-c3sc(-c4cc(CCCCCCCCCCCC)c(*)s4)c4c3C(=O)N(CC(CCCCCCCCCC)CCCCCCCCCCCC)C4=O)c3c2C(=O)N(CC(CCCCCCCCCC)CCCCCCCCCCCC)C3=O)cc1CCCCCCCCCCCC,*c1ccc(-c2ccc(*)s2)s1
10.1039/c5py01995h,TPD2T-i-alkyl-BT,*c1ccc(-c2ccc(-c3cc(CCCCCCCCCCCC)c(-c4sc(-c5sc(-c6sc(*)cc6CCCCCCCCCCCC)c6c5C(=O)N(CC(CCCCCCCCCC)CCCCCCCCCCCC)C6=O)c5c4C(=O)N(CC(CCCCCCCCCC)CCCCCCCCCCCC)C5=O)s3)s2)s1,1,0.0,1,0.0,1.4,-3.72,-5.49,*c1cc(CCCCCCCCCCCC)c(-c2sc(-c3sc(-c4sc(*)cc4CCCCCCCCCCCC)c4c3C(=O)N(CC(CCCCCCCCCC)CCCCCCCCCCCC)C4=O)c3c2C(=O)N(CC(CCCCCCCCCC)CCCCCCCCCCCC)C3=O)s1,*c1ccc(-c2ccc(*)s2)s1,TPD2T-o-alkyl-BT,*c1ccc(-c2ccc(-c3sc(-c4sc(-c5sc(-c6cc(CCCCCCCCCCCC)c(*)s6)c6c5C(=O)N(CC(CCCCCCCCCC)CCCCCCCCCCCC)C6=O)c5c4C(=O)N(CC(CCCCCCCCCC)CCCCCCCCCCCC)C5=O)cc3CCCCCCCCCCCC)s2)s1,1,0.0,1,0.0,0.91,-3.79,-5.49,*c1sc(-c2sc(-c3sc(-c4cc(CCCCCCCCCCCC)c(*)s4)c4c3C(=O)N(CC(CCCCCCCCCC)CCCCCCCCCCCC)C4=O)c3c2C(=O)N(CC(CCCCCCCCCC)CCCCCCCCCCCC)C3=O)cc1CCCCCCCCCCCC,*c1ccc(-c2ccc(*)s2)s1
10.1039/c5ra28140g,"4,10-TPTQ-BT(PTPQ2T)",*c1ccc(-c2ccc(-c3cc4c(=O)n(CC(CCCCCCCCCC)CCCCCCCCCCCC)c5cc6c7sc(*)cc7c(=O)n(CC(CCCCCCCCCC)CCCCCCCCCCCC)c6cc5c4s3)s2)s1,1,0.0,1,0.0,0.027,-3.41,-5.43,*c1ccc(-c2ccc(*)s2)s1,*c1cc2c(=O)n(CC(CCCCCCCCCC)CCCCCCCCCCCC)c3cc4c5sc(*)cc5c(=O)n(CC(CCCCCCCCCC)CCCCCCCCCCCC)c4cc3c2s1,PIQP2T,*c1ccc2c(c1)c(=O)n(CC(CCCCCCCCCC)CCCCCCCCCCCC)c1cc3c4ccc(-c5ccc(-c6ccc(*)s6)s5)cc4c(=O)n(CC(CCCCCCCCCC)CCCCCCCCCCCC)c3cc21,1,0.0,1,0.0,0.037,-3.13,-5.38,*c1ccc(-c2ccc(*)s2)s1,*c1ccc2c(c1)c(=O)n(CC(CCCCCCCCCC)CCCCCCCCCCCC)c1cc3c4ccc(*)cc4c(=O)n(CC(CCCCCCCCCC)CCCCCCCCCCCC)c3cc21
10.1039/c6cc09684k,P-BNBP-TVT,*c1cc2c3[n+](c1)[B-](F)(F)N(CC(CCCCCCCC)CCCCCCCCCC)c1cc(-c4ccc(/C=C/c5ccc(*)s5)s4)c[n+](c1-3)[B-](F)(F)N2CC(CCCCCCCC)CCCCCCCCCC,1,0.0,1,0.015,0.32,-3.47,-5.69,*c1ccc(/C=C/c2ccc(*)s2)s1,*c1cc2c3[n+](c1)[B-](F)(F)N(CC(CCCCCCCC)CCCCCCCCCC)c1cc(*)c[n+](c1-3)[B-](F)(F)N2CC(CCCCCCCC)CCCCCCCCCC,P-BNBP-BT,*c1cc2c3[n+](c1)[B-](F)(F)N(CC(CCCCCCCC)CCCCCCCCCC)c1cc(-c4ccc(-c5ccc(*)s5)s4)c[n+](c1-3)[B-](F)(F)N2CC(CCCCCCCC)CCCCCCCCCC,1,0.0,1,0.0014,0.05,-3.52,-5.76,*c1ccc(-c2ccc(*)s2)s1,*c1cc2c3[n+](c1)[B-](F)(F)N(CC(CCCCCCCC)CCCCCCCCCC)c1cc(*)c[n+](c1-3)[B-](F)(F)N2CC(CCCCCCCC)CCCCCCCCCC
10.1039/c6cc09684k,P-BNBP-TVT,*c1cc2c3[n+](c1)[B-](F)(F)N(CC(CCCCCCCC)CCCCCCCCCC)c1cc(-c4ccc(/C=C/c5ccc(*)s5)s4)c[n+](c1-3)[B-](F)(F)N2CC(CCCCCCCC)CCCCCCCCCC,1,0.0,1,0.015,0.32,-3.47,-5.69,*c1ccc(/C=C/c2ccc(*)s2)s1,*c1cc2c3[n+](c1)[B-](F)(F)N(CC(CCCCCCCC)CCCCCCCCCC)c1cc(*)c[n+](c1-3)[B-](F)(F)N2CC(CCCCCCCC)CCCCCCCCCC,P-BNBP-fBT,*c1cc2c3[n+](c1)[B-](F)(F)N(CC(CCCCCCCC)CCCCCCCCCC)c1cc(-c4cc(F)c(-c5sc(*)cc5F)s4)c[n+](c1-3)[B-](F)(F)N2CC(CCCCCCCC)CCCCCCCCCC,1,0.0,1,0.0,0.02,-3.62,-5.87,*c1cc(F)c(-c2sc(*)cc2F)s1,*c1cc2c3[n+](c1)[B-](F)(F)N(CC(CCCCCCCC)CCCCCCCCCC)c1cc(*)c[n+](c1-3)[B-](F)(F)N2CC(CCCCCCCC)CCCCCCCCCC
10.1039/c6cc09684k,P-BNBP-BT,*c1cc2c3[n+](c1)[B-](F)(F)N(CC(CCCCCCCC)CCCCCCCCCC)c1cc(-c4ccc(-c5ccc(*)s5)s4)c[n+](c1-3)[B-](F)(F)N2CC(CCCCCCCC)CCCCCCCCCC,1,0.0,1,0.0014,0.05,-3.52,-5.76,*c1ccc(-c2ccc(*)s2)s1,*c1cc2c3[n+](c1)[B-](F)(F)N(CC(CCCCCCCC)CCCCCCCCCC)c1cc(*)c[n+](c1-3)[B-](F)(F)N2CC(CCCCCCCC)CCCCCCCCCC,P-BNBP-fBT,*c1cc2c3[n+](c1)[B-](F)(F)N(CC(CCCCCCCC)CCCCCCCCCC)c1cc(-c4cc(F)c(-c5sc(*)cc5F)s4)c[n+](c1-3)[B-](F)(F)N2CC(CCCCCCCC)CCCCCCCCCC,1,0.0,1,0.0,0.02,-3.62,-5.87,*c1cc(F)c(-c2sc(*)cc2F)s1,*c1cc2c3[n+](c1)[B-](F)(F)N(CC(CCCCCCCC)CCCCCCCCCC)c1cc(*)c[n+](c1-3)[B-](F)(F)N2CC(CCCCCCCC)CCCCCCCCCC
10.1039/c6py00143b,Pyranopyran-dione(P66TET-4OD),*/C=C/c1sc(-c2cc3c(=O)oc(-c4cc(CC(CCCCCCCC)CCCCCCCCCC)c(*)s4)cc3c(=O)o2)cc1CC(CCCCCCCC)CCCCCCCCCC,1,0.0,1,0.51,0.0,-3.52,-5.8,*/C=C/*,*c1sc(-c2cc3c(=O)oc(-c4cc(CC(CCCCCCCC)CCCCCCCCCC)c(*)s4)cc3c(=O)o2)cc1CC(CCCCCCCC)CCCCCCCCCC,P66TET-3OD,*/C=C/c1cc(CC(CCCCCCCC)CCCCCCCCCC)c(-c2cc3c(=O)oc(-c4sc(*)cc4CC(CCCCCCCC)CCCCCCCCCC)cc3c(=O)o2)s1,1,0.0,1,0.34,0.0,-3.45,-5.74,*/C=C/*,*c1cc(CC(CCCCCCCC)CCCCCCCCCC)c(-c2cc3c(=O)oc(-c4sc(*)cc4CC(CCCCCCCC)CCCCCCCCCC)cc3c(=O)o2)s1
10.1039/c6py01922f,PD23TFPE(S-F),*c1ccc(C2=C3C(=O)N(CC(CCCCCCCCCC)CCCCCCCCCCCC)C(c4ccc(-c5ccc(/C=C/c6ccc(*)c(F)c6F)c(F)c5F)s4)=C3C(=O)N2CC(CCCCCCCCCC)CCCCCCCCCCCC)s1,1,0.0,1,0.02,0.06,-3.53,-5.6,*c1ccc(/C=C/c2ccc(*)c(F)c2F)c(F)c1F,*c1ccc(C2=C3C(=O)N(CC(CCCCCCCCCC)CCCCCCCCCCCC)C(c4ccc(*)s4)=C3C(=O)N2CC(CCCCCCCCCC)CCCCCCCCCCCC)s1,PD26TFPE,*c1cc(F)c(/C=C/c2c(F)cc(-c3ccc(C4=C5C(=O)N(CC(CCCCCCCCCC)CCCCCCCCCCCC)C(c6ccc(*)s6)=C5C(=O)N4CC(CCCCCCCCCC)CCCCCCCCCCCC)s3)cc2F)c(F)c1,1,0.0,1,0.09,0.26,-3.59,-5.58,*c1cc(F)c(/C=C/c2c(F)cc(*)cc2F)c(F)c1,*c1ccc(C2=C3C(=O)N(CC(CCCCCCCCCC)CCCCCCCCCCCC)C(c4ccc(*)s4)=C3C(=O)N2CC(CCCCCCCCCC)CCCCCCCCCCCC)s1
10.1039/c6py01922f,PD23TFPE(S-F),*c1ccc(C2=C3C(=O)N(CC(CCCCCCCCCC)CCCCCCCCCCCC)C(c4ccc(-c5ccc(/C=C/c6ccc(*)c(F)c6F)c(F)c5F)s4)=C3C(=O)N2CC(CCCCCCCCCC)CCCCCCCCCCCC)s1,1,0.0,1,0.02,0.06,-3.53,-5.6,*c1ccc(/C=C/c2ccc(*)c(F)c2F)c(F)c1F,*c1ccc(C2=C3C(=O)N(CC(CCCCCCCCCC)CCCCCCCCCCCC)C(c4ccc(*)s4)=C3C(=O)N2CC(CCCCCCCCCC)CCCCCCCCCCCC)s1,PD25TFPE(S-F),*c1ccc(C2=C3C(=O)N(CC(CCCCCCCCCC)CCCCCCCCCCCC)C(c4ccc(-c5cc(F)c(/C=C/c6cc(F)c(*)cc6F)cc5F)s4)=C3C(=O)N2CC(CCCCCCCCCC)CCCCCCCCCCCC)s1,1,0.0,1,0.18,0.32,-3.63,-5.57,*c1cc(F)c(/C=C/c2cc(F)c(*)cc2F)cc1F,*c1ccc(C2=C3C(=O)N(CC(CCCCCCCCCC)CCCCCCCCCCCC)C(c4ccc(*)s4)=C3C(=O)N2CC(CCCCCCCCCC)CCCCCCCCCCCC)s1
10.1039/c6py01922f,PD26TFPE,*c1cc(F)c(/C=C/c2c(F)cc(-c3ccc(C4=C5C(=O)N(CC(CCCCCCCCCC)CCCCCCCCCCCC)C(c6ccc(*)s6)=C5C(=O)N4CC(CCCCCCCCCC)CCCCCCCCCCCC)s3)cc2F)c(F)c1,1,0.0,1,0.09,0.26,-3.59,-5.58,*c1cc(F)c(/C=C/c2c(F)cc(*)cc2F)c(F)c1,*c1ccc(C2=C3C(=O)N(CC(CCCCCCCCCC)CCCCCCCCCCCC)C(c4ccc(*)s4)=C3C(=O)N2CC(CCCCCCCCCC)CCCCCCCCCCCC)s1,PD25TFPE(S-F),*c1ccc(C2=C3C(=O)N(CC(CCCCCCCCCC)CCCCCCCCCCCC)C(c4ccc(-c5cc(F)c(/C=C/c6cc(F)c(*)cc6F)cc5F)s4)=C3C(=O)N2CC(CCCCCCCCCC)CCCCCCCCCCCC)s1,1,0.0,1,0.18,0.32,-3.63,-5.57,*c1cc(F)c(/C=C/c2cc(F)c(*)cc2F)cc1F,*c1ccc(C2=C3C(=O)N(CC(CCCCCCCCCC)CCCCCCCCCCCC)C(c4ccc(*)s4)=C3C(=O)N2CC(CCCCCCCCCC)CCCCCCCCCCCC)s1
10.1039/c6ra03221d,PIDTOBT,*c1ccc2c(c1)N(CCCC(CCCCCCCCCCCCCCCCCC)CCCCCCCCCCCCCCCCCC)C(=O)/C2=C1\C=C/C(=C2/C=C/C(=C3\C(=O)N(CCCC(CCCCCCCCCCCCCCCCCC)CCCCCCCCCCCCCCCCCC)c4cc(-c5ccc(-c6ccc(*)s6)s5)ccc43)S2(=O)=O)S1(=O)=O,1,0.0,1,0.18,0.0,-4.09,-5.78,*c1ccc(-c2ccc(*)s2)s1,*c1ccc2c(c1)N(CCCC(CCCCCCCCCCCCCCCCCC)CCCCCCCCCCCCCCCCCC)C(=O)/C2=C1\C=C/C(=C2/C=C/C(=C3\C(=O)N(CCCC(CCCCCCCCCCCCCCCCCC)CCCCCCCCCCCCCCCCCC)c4cc(*)ccc43)S2(=O)=O)S1(=O)=O,PIDTOBTz,*c1ccc2c(c1)N(CCCC(CCCCCCCCCCCCCCCCCC)CCCCCCCCCCCCCCCCCC)C(=O)/C2=C1\C=C/C(=C2/C=C/C(=C3\C(=O)N(CCCC(CCCCCCCCCCCCCCCCCC)CCCCCCCCCCCCCCCCCC)c4cc(-c5cnc(-c6ncc(*)s6)s5)ccc43)S2(=O)=O)S1(=O)=O,1,0.0,1,0.017,0.0,-4.18,-5.99,*c1cnc(-c2ncc(*)s2)s1,*c1ccc2c(c1)N(CCCC(CCCCCCCCCCCCCCCCCC)CCCCCCCCCCCCCCCCCC)C(=O)/C2=C1\C=C/C(=C2/C=C/C(=C3\C(=O)N(CCCC(CCCCCCCCCCCCCCCCCC)CCCCCCCCCCCCCCCCCC)c4cc(*)ccc43)S2(=O)=O)S1(=O)=O
10.1039/c6tc00051g,d-PDBPy ,*c1ccc(C2=C3C(=O)N(CC(CCCCCCCC)CCCCCCCCCC)C(c4ccc(-c5cc(CCCCCC)c(-c6cc7sc(-c8sc(*)cc8CCCCCC)cc7s6)s5)nc4)=C3C(=O)N2CC(CCCCCCCC)CCCCCCCCCC)cn1,1,0.0,1,0.0,0.00032,-3.01,-5.44,*c1ccc(C2=C3C(=O)N(CC(CCCCCCCC)CCCCCCCCCC)C(c4ccc(*)nc4)=C3C(=O)N2CC(CCCCCCCC)CCCCCCCCCC)cn1,*c1cc(CCCCCC)c(-c2cc3sc(-c4sc(*)cc4CCCCCC)cc3s2)s1,p-PDBPy ,*c1ccc(C2=C3C(=O)N(CC(CCCCCCCC)CCCCCCCCCC)C(c4ccc(-c5cc(CCCCCC)c(-c6cc7sc(-c8sc(*)cc8CCCCCC)cc7s6)s5)cn4)=C3C(=O)N2CC(CCCCCCCC)CCCCCCCCCC)nc1,1,0.0,1,0.0,0.35,-3.09,-5.32,*c1ccc(C2=C3C(=O)N(CC(CCCCCCCC)CCCCCCCCCC)C(c4ccc(*)cn4)=C3C(=O)N2CC(CCCCCCCC)CCCCCCCCCC)nc1,*c1cc(CCCCCC)c(-c2cc3sc(-c4sc(*)cc4CCCCCC)cc3s2)s1
10.1039/c6tc01617k,PBIBDF-HH,*c1ccc2c(c1)N(CC(CCCCCCCCCC)CCCCCCCCCCCC)C(=O)/C2=C1/C(=O)Oc2cc3c(cc21)OC(=O)/C3=C1/C(=O)N(CC(CCCCCCCCCC)CCCCCCCCCCCC)c2cc(-c3cc(CCCCCCCCCCCC)c(-c4sc(*)cc4CCCCCCCCCCCC)s3)ccc21,1,0.0,1,1.23,0.37,-4.06,-5.63,*c1cc(CCCCCCCCCCCC)c(-c2sc(*)cc2CCCCCCCCCCCC)s1,*c1ccc2c(c1)N(CC(CCCCCCCCCC)CCCCCCCCCCCC)C(=O)/C2=C1/C(=O)Oc2cc3c(cc21)OC(=O)/C3=C1/C(=O)N(CC(CCCCCCCCCC)CCCCCCCCCCCC)c2cc(*)ccc21,PBIBDF-HT,*c1ccc2c(c1)N(CC(CCCCCCCCCC)CCCCCCCCCCCC)C(=O)/C2=C1/C(=O)Oc2cc3c(cc21)OC(=O)/C3=C1/C(=O)N(CC(CCCCCCCCCC)CCCCCCCCCCCC)c2cc(-c3cc(CCCCCCCCCCCC)c(-c4cc(CCCCCCCCCCCC)c(*)s4)s3)ccc21,1,0.0,0,0.175,0.0018,-4.05,-5.68,*c1cc(CCCCCCCCCCCC)c(-c2cc(CCCCCCCCCCCC)c(*)s2)s1,*c1ccc2c(c1)N(CC(CCCCCCCCCC)CCCCCCCCCCCC)C(=O)/C2=C1/C(=O)Oc2cc3c(cc21)OC(=O)/C3=C1/C(=O)N(CC(CCCCCCCCCC)CCCCCCCCCCCC)c2cc(*)ccc21
10.1039/c6tc01617k,PBIBDF-HH,*c1ccc2c(c1)N(CC(CCCCCCCCCC)CCCCCCCCCCCC)C(=O)/C2=C1/C(=O)Oc2cc3c(cc21)OC(=O)/C3=C1/C(=O)N(CC(CCCCCCCCCC)CCCCCCCCCCCC)c2cc(-c3cc(CCCCCCCCCCCC)c(-c4sc(*)cc4CCCCCCCCCCCC)s3)ccc21,1,0.0,1,1.23,0.37,-4.06,-5.63,*c1cc(CCCCCCCCCCCC)c(-c2sc(*)cc2CCCCCCCCCCCC)s1,*c1ccc2c(c1)N(CC(CCCCCCCCCC)CCCCCCCCCCCC)C(=O)/C2=C1/C(=O)Oc2cc3c(cc21)OC(=O)/C3=C1/C(=O)N(CC(CCCCCCCCCC)CCCCCCCCCCCC)c2cc(*)ccc21,PBIBDF-TT,*c1ccc2c(c1)N(CC(CCCCCCCCCC)CCCCCCCCCCCC)C(=O)/C2=C1/C(=O)Oc2cc3c(cc21)OC(=O)/C3=C1/C(=O)N(CC(CCCCCCCCCC)CCCCCCCCCCCC)c2cc(-c3sc(-c4cc(CCCCCCCCCCCC)c(*)s4)cc3CCCCCCCCCCCC)ccc21,1,0.0,1,0.7,0.17,-4.01,-5.73,*c1sc(-c2cc(CCCCCCCCCCCC)c(*)s2)cc1CCCCCCCCCCCC,*c1ccc2c(c1)N(CC(CCCCCCCCCC)CCCCCCCCCCCC)C(=O)/C2=C1/C(=O)Oc2cc3c(cc21)OC(=O)/C3=C1/C(=O)N(CC(CCCCCCCCCC)CCCCCCCCCCCC)c2cc(*)ccc21
10.1039/c6tc01617k,PBIBDF-HT,*c1ccc2c(c1)N(CC(CCCCCCCCCC)CCCCCCCCCCCC)C(=O)/C2=C1/C(=O)Oc2cc3c(cc21)OC(=O)/C3=C1/C(=O)N(CC(CCCCCCCCCC)CCCCCCCCCCCC)c2cc(-c3cc(CCCCCCCCCCCC)c(-c4cc(CCCCCCCCCCCC)c(*)s4)s3)ccc21,1,0.0,0,0.175,0.0018,-4.05,-5.68,*c1cc(CCCCCCCCCCCC)c(-c2cc(CCCCCCCCCCCC)c(*)s2)s1,*c1ccc2c(c1)N(CC(CCCCCCCCCC)CCCCCCCCCCCC)C(=O)/C2=C1/C(=O)Oc2cc3c(cc21)OC(=O)/C3=C1/C(=O)N(CC(CCCCCCCCCC)CCCCCCCCCCCC)c2cc(*)ccc21,PBIBDF-TT,*c1ccc2c(c1)N(CC(CCCCCCCCCC)CCCCCCCCCCCC)C(=O)/C2=C1/C(=O)Oc2cc3c(cc21)OC(=O)/C3=C1/C(=O)N(CC(CCCCCCCCCC)CCCCCCCCCCCC)c2cc(-c3sc(-c4cc(CCCCCCCCCCCC)c(*)s4)cc3CCCCCCCCCCCC)ccc21,1,0.0,1,0.7,0.17,-4.01,-5.73,*c1sc(-c2cc(CCCCCCCCCCCC)c(*)s2)cc1CCCCCCCCCCCC,*c1ccc2c(c1)N(CC(CCCCCCCCCC)CCCCCCCCCCCC)C(=O)/C2=C1/C(=O)Oc2cc3c(cc21)OC(=O)/C3=C1/C(=O)N(CC(CCCCCCCCCC)CCCCCCCCCCCC)c2cc(*)ccc21
10.1039/c6tc04271f,PPyTDPP-TT,*c1ccc(C2=C3C(=O)N(CC(CCCCCCCC)CCCCCCCCCC)C(c4ccc(-c5cc6sc(*)cc6s5)s4)=C3C(=O)N2CC(CCCCCCCC)CCCCCCCCCC)nc1,1,0.0,0,0.18,0.48,-3.75,-5.28,*c1cc2sc(*)cc2s1,*c1ccc(C2=C3C(=O)N(CC(CCCCCCCC)CCCCCCCCCC)C(c4ccc(*)s4)=C3C(=O)N2CC(CCCCCCCC)CCCCCCCCCC)nc1,PPyTDPP-BT,*c1ccc(C2=C3C(=O)N(CC(CCCCCCCC)CCCCCCCCCC)C(c4ccc(-c5ccc(-c6ccc(*)s6)s5)s4)=C3C(=O)N2CC(CCCCCCCC)CCCCCCCCCC)nc1,1,0.0,0,0.08,0.55,-3.6,-5.14,*c1ccc(-c2ccc(*)s2)s1,*c1ccc(C2=C3C(=O)N(CC(CCCCCCCC)CCCCCCCCCC)C(c4ccc(*)s4)=C3C(=O)N2CC(CCCCCCCC)CCCCCCCCCC)nc1
10.1039/c7cc08603b,PDIO-BT,*c1ccc2c(c1)N(CC(CCCCCCCCCC)CCCCCCCCCCCC)C(=O)/C2=C1/C(=O)N(CC(CCCCCCCCCC)CCCCCCCCCCCC)c2cc3c(cc21)c(=O)c1cc2c(cc13)c(=O)c1cc3c(cc12)N(CC(CCCCCCCCCC)CCCCCCCCCCCC)C(=O)/C3=C1/C(=O)N(CC(CCCCCCCCCC)CCCCCCCCCCCC)c2cc(-c3ccc(-c4ccc(*)s4)s3)ccc21,1,0.0,1,0.053,0.065,-3.79,-5.47,*c1ccc(-c2ccc(*)s2)s1,*c1ccc2c(c1)N(CC(CCCCCCCCCC)CCCCCCCCCCCC)C(=O)/C2=C1/C(=O)N(CC(CCCCCCCCCC)CCCCCCCCCCCC)c2cc3c(cc21)c(=O)c1cc2c(cc13)c(=O)c1cc3c(cc12)N(CC(CCCCCCCCCC)CCCCCCCCCCCC)C(=O)/C3=C1/C(=O)N(CC(CCCCCCCCCC)CCCCCCCCCCCC)c2cc(*)ccc21,PDIO-TVT,*c1ccc2c(c1)N(CC(CCCCCCCCCC)CCCCCCCCCCCC)C(=O)/C2=C1/C(=O)N(CC(CCCCCCCCCC)CCCCCCCCCCCC)c2cc3c(cc21)c(=O)c1cc2c(cc13)c(=O)c1cc3c(cc12)N(CC(CCCCCCCCCC)CCCCCCCCCCCC)C(=O)/C3=C1/C(=O)N(CC(CCCCCCCCCC)CCCCCCCCCCCC)c2cc(-c3ccc(/C=C/c4ccc(*)s4)s3)ccc21,1,0.0,1,0.14,0.1,-3.77,-5.39,*c1ccc(/C=C/c2ccc(*)s2)s1,*c1ccc2c(c1)N(CC(CCCCCCCCCC)CCCCCCCCCCCC)C(=O)/C2=C1/C(=O)N(CC(CCCCCCCCCC)CCCCCCCCCCCC)c2cc3c(cc21)c(=O)c1cc2c(cc13)c(=O)c1cc3c(cc12)N(CC(CCCCCCCCCC)CCCCCCCCCCCC)C(=O)/C3=C1/C(=O)N(CC(CCCCCCCCCC)CCCCCCCCCCCC)c2cc(*)ccc21
10.1039/c7py00295e,PBABDF-DT,*c1ccc2c(n1)N(CCCC(CCCCCCCCCC)CCCCCCCCCC)C(=O)/C2=C1/C(=O)Oc2cc3c(cc21)OC(=O)/C3=C1/C(=O)N(CCCC(CCCCCCCCCC)CCCCCCCCCC)c2nc(-c3cc(CCCCCCCCCCCC)c(-c4sc(*)cc4CCCCCCCCCCCC)s3)ccc21,1,0.0,1,1.86,0.0,-4.04,-5.7,*c1cc(CCCCCCCCCCCC)c(-c2sc(*)cc2CCCCCCCCCCCC)s1,*c1ccc2c(n1)N(CCCC(CCCCCCCCCC)CCCCCCCCCC)C(=O)/C2=C1/C(=O)Oc2cc3c(cc21)OC(=O)/C3=C1/C(=O)N(CCCC(CCCCCCCCCC)CCCCCCCCCC)c2nc(*)ccc21,PBABDF-TVT,*c1ccc2c(n1)N(CCCC(CCCCCCCCCC)CCCCCCCCCC)C(=O)/C2=C1/C(=O)Oc2cc3c(cc21)OC(=O)/C3=C1/C(=O)N(CCCC(CCCCCCCCCC)CCCCCCCCCC)c2nc(-c3cc(CCCCCCCCCCCC)c(/C=C/c4sc(*)cc4CCCCCCCCCCCC)s3)ccc21,1,0.0,1,1.56,0.0,-3.99,-5.6,*c1cc(CCCCCCCCCCCC)c(/C=C/c2sc(*)cc2CCCCCCCCCCCC)s1,*c1ccc2c(n1)N(CCCC(CCCCCCCCCC)CCCCCCCCCC)C(=O)/C2=C1/C(=O)Oc2cc3c(cc21)OC(=O)/C3=C1/C(=O)N(CCCC(CCCCCCCCCC)CCCCCCCCCC)c2nc(*)ccc21
10.1039/c7py00616k,NDP-BT,*c1ccc(C2=c3ccc4c5c(ccc4c3N(CC(CCCCCCCCCC)CCCCCCCCCCCC)C2=O)=C(c2ccc(-c3ccc(-c4ccc(*)s4)s3)cc2)C(=O)N5CC(CCCCCCCCCC)CCCCCCCCCCCC)cc1,1,0.0,1,0.283,0.069,-4.2,-5.66,*c1ccc(-c2ccc(*)s2)s1,*c1ccc(C2=c3ccc4c5c(ccc4c3N(CC(CCCCCCCCCC)CCCCCCCCCCCC)C2=O)=C(c2ccc(*)cc2)C(=O)N5CC(CCCCCCCCCC)CCCCCCCCCCCC)cc1,NDP-BDTO,*c1ccc(C2=c3ccc4c5c(ccc4c3N(CC(CCCCCCCCCC)CCCCCCCCCCCC)C2=O)=C(c2ccc(-c3cc4c(OCC(CC)CCCC)c6sc(*)cc6c(OCC(CC)CCCC)c4s3)cc2)C(=O)N5CC(CCCCCCCCCC)CCCCCCCCCCCC)cc1,1,0.0,1,0.057,0.021,-4.31,-5.78,*c1cc2c(OCC(CC)CCCC)c3sc(*)cc3c(OCC(CC)CCCC)c2s1,*c1ccc(C2=c3ccc4c5c(ccc4c3N(CC(CCCCCCCCCC)CCCCCCCCCCCC)C2=O)=C(c2ccc(*)cc2)C(=O)N5CC(CCCCCCCCCC)CCCCCCCCCCCC)cc1
10.1039/c7py00940b,PBTTDPPBT,*c1ccc(C2=C3C(=O)N(CC(CCCCCCCC)CCCCCCCCCC)C(c4cc5ccc(-c6ccc(-c7ccc(*)s7)s6)cc5s4)=C3C(=O)N2CC(CCCCCCCC)CCCCCCCCCC)s1,1,0.0,0,0.4,1.2,-3.24,-4.73,*c1ccc(-c2ccc(*)s2)s1,*c1ccc2cc(C3=C4C(=O)N(CC(CCCCCCCC)CCCCCCCCCC)C(c5ccc(*)s5)=C4C(=O)N3CC(CCCCCCCC)CCCCCCCCCC)sc2c1,PBTTDPPTT,*c1ccc(C2=C3C(=O)N(CC(CCCCCCCC)CCCCCCCCCC)C(c4cc5ccc(-c6cc7sc(*)cc7s6)cc5s4)=C3C(=O)N2CC(CCCCCCCC)CCCCCCCCCC)s1,1,0.0,0,0.14,1.68,-3.63,-5.09,*c1cc2sc(*)cc2s1,*c1ccc2cc(C3=C4C(=O)N(CC(CCCCCCCC)CCCCCCCCCC)C(c5ccc(*)s5)=C4C(=O)N3CC(CCCCCCCC)CCCCCCCCCC)sc2c1
10.1039/c7py00940b,PBTTDPPBT,*c1ccc(C2=C3C(=O)N(CC(CCCCCCCC)CCCCCCCCCC)C(c4cc5ccc(-c6ccc(-c7ccc(*)s7)s6)cc5s4)=C3C(=O)N2CC(CCCCCCCC)CCCCCCCCCC)s1,1,0.0,0,0.4,1.2,-3.24,-4.73,*c1ccc(-c2ccc(*)s2)s1,*c1ccc2cc(C3=C4C(=O)N(CC(CCCCCCCC)CCCCCCCCCC)C(c5ccc(*)s5)=C4C(=O)N3CC(CCCCCCCC)CCCCCCCCCC)sc2c1,PBTTDPP2FBT,*c1ccc(C2=C3C(=O)N(CC(CCCCCCCC)CCCCCCCCCC)C(c4cc5ccc(-c6cc(F)c(-c7sc(*)cc7F)s6)cc5s4)=C3C(=O)N2CC(CCCCCCCC)CCCCCCCCCC)s1,1,0.0,0,0.35,1.5,-3.83,-5.29,*c1cc(F)c(-c2sc(*)cc2F)s1,*c1ccc2cc(C3=C4C(=O)N(CC(CCCCCCCC)CCCCCCCCCC)C(c5ccc(*)s5)=C4C(=O)N3CC(CCCCCCCC)CCCCCCCCCC)sc2c1
10.1039/c7py00940b,PBTTDPPTT,*c1ccc(C2=C3C(=O)N(CC(CCCCCCCC)CCCCCCCCCC)C(c4cc5ccc(-c6cc7sc(*)cc7s6)cc5s4)=C3C(=O)N2CC(CCCCCCCC)CCCCCCCCCC)s1,1,0.0,0,0.14,1.68,-3.63,-5.09,*c1cc2sc(*)cc2s1,*c1ccc2cc(C3=C4C(=O)N(CC(CCCCCCCC)CCCCCCCCCC)C(c5ccc(*)s5)=C4C(=O)N3CC(CCCCCCCC)CCCCCCCCCC)sc2c1,PBTTDPP2FBT,*c1ccc(C2=C3C(=O)N(CC(CCCCCCCC)CCCCCCCCCC)C(c4cc5ccc(-c6cc(F)c(-c7sc(*)cc7F)s6)cc5s4)=C3C(=O)N2CC(CCCCCCCC)CCCCCCCCCC)s1,1,0.0,0,0.35,1.5,-3.83,-5.29,*c1cc(F)c(-c2sc(*)cc2F)s1,*c1ccc2cc(C3=C4C(=O)N(CC(CCCCCCCC)CCCCCCCCCC)C(c5ccc(*)s5)=C4C(=O)N3CC(CCCCCCCC)CCCCCCCCCC)sc2c1
10.1039/c7qm00236j,PBOPACN-1,*c1ccc(C2=C3C(=O)N(CC(CCCCCCCC)CCCCCCCCCC)C(c4ccc(-c5ccc(/C(C#N)=C/c6cc(OCCCCCCCC)c(/C=C(\C#N)c7ccc(*)s7)cc6OCCCCCCCC)s5)s4)=C3C(=O)N2CC(CCCCCCCC)CCCCCCCCCC)s1,1,0.0,1,0.0,0.101,-3.38,-5.42,*c1ccc(/C(C#N)=C/c2cc(OCCCCCCCC)c(/C=C(\C#N)c3ccc(*)s3)cc2OCCCCCCCC)s1,*c1ccc(C2=C3C(=O)N(CC(CCCCCCCC)CCCCCCCCCC)C(c4ccc(*)s4)=C3C(=O)N2CC(CCCCCCCC)CCCCCCCCCC)s1,PBOPACN-2,*c1ccc(C2=C3C(=O)N(CC(CCCCCCCCCC)CCCCCCCCCCCC)C(c4ccc(-c5ccc(/C(C#N)=C/c6cc(OCCCCCCCC)c(/C=C(\C#N)c7ccc(*)s7)cc6OCCCCCCCC)s5)s4)=C3C(=O)N2CC(CCCCCCCCCC)CCCCCCCCCCCC)s1,1,0.0,1,0.0,0.12,-3.39,-5.41,*c1ccc(/C(C#N)=C/c2cc(OCCCCCCCC)c(/C=C(\C#N)c3ccc(*)s3)cc2OCCCCCCCC)s1,*c1ccc(C2=C3C(=O)N(CC(CCCCCCCCCC)CCCCCCCCCCCC)C(c4ccc(*)s4)=C3C(=O)N2CC(CCCCCCCCCC)CCCCCCCCCCCC)s1
10.1039/c7qm00236j,PBOPACN-1,*c1ccc(C2=C3C(=O)N(CC(CCCCCCCC)CCCCCCCCCC)C(c4ccc(-c5ccc(/C(C#N)=C/c6cc(OCCCCCCCC)c(/C=C(\C#N)c7ccc(*)s7)cc6OCCCCCCCC)s5)s4)=C3C(=O)N2CC(CCCCCCCC)CCCCCCCCCC)s1,1,0.0,1,0.0,0.101,-3.38,-5.42,*c1ccc(/C(C#N)=C/c2cc(OCCCCCCCC)c(/C=C(\C#N)c3ccc(*)s3)cc2OCCCCCCCC)s1,*c1ccc(C2=C3C(=O)N(CC(CCCCCCCC)CCCCCCCCCC)C(c4ccc(*)s4)=C3C(=O)N2CC(CCCCCCCC)CCCCCCCCCC)s1,PBOPA-1,*c1ccc(/C=C/c2cc(OCCCCCCCC)c(/C=C/c3ccc(-c4ccc(C5=C6C(=O)N(CC(CCCCCCCC)CCCCCCCCCC)C(c7ccc(*)s7)=C6C(=O)N5CC(CCCCCCCC)CCCCCCCCCC)s4)s3)cc2OCCCCCCCC)s1,1,0.0,1,0.0,0.0757,-3.32,-5.24,*c1ccc(/C=C/c2cc(OCCCCCCCC)c(/C=C/c3ccc(*)s3)cc2OCCCCCCCC)s1,*c1ccc(C2=C3C(=O)N(CC(CCCCCCCC)CCCCCCCCCC)C(c4ccc(*)s4)=C3C(=O)N2CC(CCCCCCCC)CCCCCCCCCC)s1
10.1039/c7qm00236j,PBOPACN-1,*c1ccc(C2=C3C(=O)N(CC(CCCCCCCC)CCCCCCCCCC)C(c4ccc(-c5ccc(/C(C#N)=C/c6cc(OCCCCCCCC)c(/C=C(\C#N)c7ccc(*)s7)cc6OCCCCCCCC)s5)s4)=C3C(=O)N2CC(CCCCCCCC)CCCCCCCCCC)s1,1,0.0,1,0.0,0.101,-3.38,-5.42,*c1ccc(/C(C#N)=C/c2cc(OCCCCCCCC)c(/C=C(\C#N)c3ccc(*)s3)cc2OCCCCCCCC)s1,*c1ccc(C2=C3C(=O)N(CC(CCCCCCCC)CCCCCCCCCC)C(c4ccc(*)s4)=C3C(=O)N2CC(CCCCCCCC)CCCCCCCCCC)s1,PBOPA-2,*c1ccc(/C=C/c2cc(OCCCCCCCC)c(/C=C/c3ccc(-c4ccc(C5=C6C(=O)N(CC(CCCCCCCCCC)CCCCCCCCCCCC)C(c7ccc(*)s7)=C6C(=O)N5CC(CCCCCCCCCC)CCCCCCCCCCCC)s4)s3)cc2OCCCCCCCC)s1,1,0.0,1,0.0,0.129,-3.28,-5.27,*c1ccc(/C=C/c2cc(OCCCCCCCC)c(/C=C/c3ccc(*)s3)cc2OCCCCCCCC)s1,*c1ccc(C2=C3C(=O)N(CC(CCCCCCCCCC)CCCCCCCCCCCC)C(c4ccc(*)s4)=C3C(=O)N2CC(CCCCCCCCCC)CCCCCCCCCCCC)s1
10.1039/c7qm00236j,PBOPACN-2,*c1ccc(C2=C3C(=O)N(CC(CCCCCCCCCC)CCCCCCCCCCCC)C(c4ccc(-c5ccc(/C(C#N)=C/c6cc(OCCCCCCCC)c(/C=C(\C#N)c7ccc(*)s7)cc6OCCCCCCCC)s5)s4)=C3C(=O)N2CC(CCCCCCCCCC)CCCCCCCCCCCC)s1,1,0.0,1,0.0,0.12,-3.39,-5.41,*c1ccc(/C(C#N)=C/c2cc(OCCCCCCCC)c(/C=C(\C#N)c3ccc(*)s3)cc2OCCCCCCCC)s1,*c1ccc(C2=C3C(=O)N(CC(CCCCCCCCCC)CCCCCCCCCCCC)C(c4ccc(*)s4)=C3C(=O)N2CC(CCCCCCCCCC)CCCCCCCCCCCC)s1,PBOPA-1,*c1ccc(/C=C/c2cc(OCCCCCCCC)c(/C=C/c3ccc(-c4ccc(C5=C6C(=O)N(CC(CCCCCCCC)CCCCCCCCCC)C(c7ccc(*)s7)=C6C(=O)N5CC(CCCCCCCC)CCCCCCCCCC)s4)s3)cc2OCCCCCCCC)s1,1,0.0,1,0.0,0.0757,-3.32,-5.24,*c1ccc(/C=C/c2cc(OCCCCCCCC)c(/C=C/c3ccc(*)s3)cc2OCCCCCCCC)s1,*c1ccc(C2=C3C(=O)N(CC(CCCCCCCC)CCCCCCCCCC)C(c4ccc(*)s4)=C3C(=O)N2CC(CCCCCCCC)CCCCCCCCCC)s1
10.1039/c7qm00236j,PBOPACN-2,*c1ccc(C2=C3C(=O)N(CC(CCCCCCCCCC)CCCCCCCCCCCC)C(c4ccc(-c5ccc(/C(C#N)=C/c6cc(OCCCCCCCC)c(/C=C(\C#N)c7ccc(*)s7)cc6OCCCCCCCC)s5)s4)=C3C(=O)N2CC(CCCCCCCCCC)CCCCCCCCCCCC)s1,1,0.0,1,0.0,0.12,-3.39,-5.41,*c1ccc(/C(C#N)=C/c2cc(OCCCCCCCC)c(/C=C(\C#N)c3ccc(*)s3)cc2OCCCCCCCC)s1,*c1ccc(C2=C3C(=O)N(CC(CCCCCCCCCC)CCCCCCCCCCCC)C(c4ccc(*)s4)=C3C(=O)N2CC(CCCCCCCCCC)CCCCCCCCCCCC)s1,PBOPA-2,*c1ccc(/C=C/c2cc(OCCCCCCCC)c(/C=C/c3ccc(-c4ccc(C5=C6C(=O)N(CC(CCCCCCCCCC)CCCCCCCCCCCC)C(c7ccc(*)s7)=C6C(=O)N5CC(CCCCCCCCCC)CCCCCCCCCCCC)s4)s3)cc2OCCCCCCCC)s1,1,0.0,1,0.0,0.129,-3.28,-5.27,*c1ccc(/C=C/c2cc(OCCCCCCCC)c(/C=C/c3ccc(*)s3)cc2OCCCCCCCC)s1,*c1ccc(C2=C3C(=O)N(CC(CCCCCCCCCC)CCCCCCCCCCCC)C(c4ccc(*)s4)=C3C(=O)N2CC(CCCCCCCCCC)CCCCCCCCCCCC)s1
10.1039/c7qm00236j,PBOPA-1,*c1ccc(/C=C/c2cc(OCCCCCCCC)c(/C=C/c3ccc(-c4ccc(C5=C6C(=O)N(CC(CCCCCCCC)CCCCCCCCCC)C(c7ccc(*)s7)=C6C(=O)N5CC(CCCCCCCC)CCCCCCCCCC)s4)s3)cc2OCCCCCCCC)s1,1,0.0,1,0.0,0.0757,-3.32,-5.24,*c1ccc(/C=C/c2cc(OCCCCCCCC)c(/C=C/c3ccc(*)s3)cc2OCCCCCCCC)s1,*c1ccc(C2=C3C(=O)N(CC(CCCCCCCC)CCCCCCCCCC)C(c4ccc(*)s4)=C3C(=O)N2CC(CCCCCCCC)CCCCCCCCCC)s1,PBOPA-2,*c1ccc(/C=C/c2cc(OCCCCCCCC)c(/C=C/c3ccc(-c4ccc(C5=C6C(=O)N(CC(CCCCCCCCCC)CCCCCCCCCCCC)C(c7ccc(*)s7)=C6C(=O)N5CC(CCCCCCCCCC)CCCCCCCCCCCC)s4)s3)cc2OCCCCCCCC)s1,1,0.0,1,0.0,0.129,-3.28,-5.27,*c1ccc(/C=C/c2cc(OCCCCCCCC)c(/C=C/c3ccc(*)s3)cc2OCCCCCCCC)s1,*c1ccc(C2=C3C(=O)N(CC(CCCCCCCCCC)CCCCCCCCCCCC)C(c4ccc(*)s4)=C3C(=O)N2CC(CCCCCCCCCC)CCCCCCCCCCCC)s1
10.1039/c7tc01204g,PINDFBT-(TT),*c1ccc2c(c1)N(CC(CCCCCCCCCC)CCCCCCCCCCCC)C(=O)/C2=C1/C(=O)Oc2c1ccc1c3c(ccc21)/C(=C1\C(=O)N(CC(CCCCCCCCCC)CCCCCCCCCCCC)c2cc(-c4sc(-c5cc(CCCCCCCCCCCC)c(*)s5)cc4CCCCCCCCCCCC)ccc21)C(=O)O3,1,0.0,1,0.0217,0.0717,-3.78,-5.76,*c1sc(-c2cc(CCCCCCCCCCCC)c(*)s2)cc1CCCCCCCCCCCC,*c1ccc2c(c1)N(CC(CCCCCCCCCC)CCCCCCCCCCCC)C(=O)/C2=C1/C(=O)Oc2c1ccc1c3c(ccc21)/C(=C1\C(=O)N(CC(CCCCCCCCCC)CCCCCCCCCCCC)c2cc(*)ccc21)C(=O)O3,PINDFBT-(HH),*c1ccc2c(c1)N(CC(CCCCCCCCCC)CCCCCCCCCCCC)C(=O)/C2=C1/C(=O)Oc2c1ccc1c3c(ccc21)/C(=C1\C(=O)N(CC(CCCCCCCCCC)CCCCCCCCCCCC)c2cc(-c4cc(CCCCCCCCCCCC)c(-c5sc(*)cc5CCCCCCCCCCCC)s4)ccc21)C(=O)O3,1,0.0,1,0.33,0.15,-3.77,-5.68,*c1cc(CCCCCCCCCCCC)c(-c2sc(*)cc2CCCCCCCCCCCC)s1,*c1ccc2c(c1)N(CC(CCCCCCCCCC)CCCCCCCCCCCC)C(=O)/C2=C1/C(=O)Oc2c1ccc1c3c(ccc21)/C(=C1\C(=O)N(CC(CCCCCCCCCC)CCCCCCCCCCCC)c2cc(*)ccc21)C(=O)O3
10.1039/c7tc02273e,PTzTz-BiTh,*c1cc(CCCCCCCCCCCC)c(-c2nc3sc(-c4sc(-c5cc(CCCCCCCCCCCC)c(-c6sc(*)cc6CCCCCCCCCCCC)s5)cc4CCCCCCCCCCCC)nc3s2)s1,1,0.0,1,0.0025,0.076,-3.56,-5.36,*c1cc(CCCCCCCCCCCC)c(-c2sc(*)cc2CCCCCCCCCCCC)s1,*c1cc(CCCCCCCCCCCC)c(-c2nc3sc(-c4sc(*)cc4CCCCCCCCCCCC)nc3s2)s1,PTzTz-TV,*c1cc(CCCCCCCCCCCC)c(/C=C/c2sc(-c3cc(CCCCCCCCCCCC)c(-c4nc5sc(-c6sc(*)cc6CCCCCCCCCCCC)nc5s4)s3)cc2CCCCCCCCCCCC)s1,1,0.0,1,0.05,1.66,-3.36,-5.03,*c1cc(CCCCCCCCCCCC)c(/C=C/c2sc(*)cc2CCCCCCCCCCCC)s1,*c1cc(CCCCCCCCCCCC)c(-c2nc3sc(-c4sc(*)cc4CCCCCCCCCCCC)nc3s2)s1
10.1039/c7tc02273e,PTzTz-BiTh,*c1cc(CCCCCCCCCCCC)c(-c2nc3sc(-c4sc(-c5cc(CCCCCCCCCCCC)c(-c6sc(*)cc6CCCCCCCCCCCC)s5)cc4CCCCCCCCCCCC)nc3s2)s1,1,0.0,1,0.0025,0.076,-3.56,-5.36,*c1cc(CCCCCCCCCCCC)c(-c2sc(*)cc2CCCCCCCCCCCC)s1,*c1cc(CCCCCCCCCCCC)c(-c2nc3sc(-c4sc(*)cc4CCCCCCCCCCCC)nc3s2)s1,PTT-TV,*c1cc(CCCCCCCCCCCC)c(/C=C/c2sc(-c3cc(CCCCCCCCCCCC)c(-c4cc5sc(-c6sc(*)cc6CCCCCCCCCCCC)cc5s4)s3)cc2CCCCCCCCCCCC)s1,1,0.0,1,0.0,0.02,-3.17,-4.97,*c1cc(CCCCCCCCCCCC)c(/C=C/c2sc(*)cc2CCCCCCCCCCCC)s1,*c1cc(CCCCCCCCCCCC)c(-c2cc3sc(-c4sc(*)cc4CCCCCCCCCCCC)cc3s2)s1
10.1039/c7tc02273e,PTzTz-TV,*c1cc(CCCCCCCCCCCC)c(/C=C/c2sc(-c3cc(CCCCCCCCCCCC)c(-c4nc5sc(-c6sc(*)cc6CCCCCCCCCCCC)nc5s4)s3)cc2CCCCCCCCCCCC)s1,1,0.0,1,0.05,1.66,-3.36,-5.03,*c1cc(CCCCCCCCCCCC)c(/C=C/c2sc(*)cc2CCCCCCCCCCCC)s1,*c1cc(CCCCCCCCCCCC)c(-c2nc3sc(-c4sc(*)cc4CCCCCCCCCCCC)nc3s2)s1,PTT-TV,*c1cc(CCCCCCCCCCCC)c(/C=C/c2sc(-c3cc(CCCCCCCCCCCC)c(-c4cc5sc(-c6sc(*)cc6CCCCCCCCCCCC)cc5s4)s3)cc2CCCCCCCCCCCC)s1,1,0.0,1,0.0,0.02,-3.17,-4.97,*c1cc(CCCCCCCCCCCC)c(/C=C/c2sc(*)cc2CCCCCCCCCCCC)s1,*c1cc(CCCCCCCCCCCC)c(-c2cc3sc(-c4sc(*)cc4CCCCCCCCCCCC)cc3s2)s1
10.1039/c7tc02903a,TBDI-DT,*c1ccc(-c2ccc(-c3cc4c(=O)n(CC(CCCCCCCCCC)CCCCCCCCCCCC)c(=O)c5cc6c(cc5c4s3)c(=O)n(CC(CCCCCCCCCC)CCCCCCCCCCCC)c(=O)c3cc(*)sc36)s2)s1,1,0.0,1,0.15,0.015,-3.11,-5.57,*c1ccc(-c2ccc(*)s2)s1,*c1cc2c(=O)n(CC(CCCCCCCCCC)CCCCCCCCCCCC)c(=O)c3cc4c(cc3c2s1)c(=O)n(CC(CCCCCCCCCC)CCCCCCCCCCCC)c(=O)c1cc(*)sc14,TBDI-T,*c1ccc(-c2cc3c(=O)n(CC(CCCCCCCCCC)CCCCCCCCCCCC)c(=O)c4cc5c(cc4c3s2)c(=O)n(CC(CCCCCCCCCC)CCCCCCCCCCCC)c(=O)c2cc(*)sc25)s1,1,0.0,0,0.11,0.0,-3.11,-5.84,*c1ccc(*)s1,*c1cc2c(=O)n(CC(CCCCCCCCCC)CCCCCCCCCCCC)c(=O)c3cc4c(cc3c2s1)c(=O)n(CC(CCCCCCCCCC)CCCCCCCCCCCC)c(=O)c1cc(*)sc14
10.1039/c7tc02903a,TBDI-DT,*c1ccc(-c2ccc(-c3cc4c(=O)n(CC(CCCCCCCCCC)CCCCCCCCCCCC)c(=O)c5cc6c(cc5c4s3)c(=O)n(CC(CCCCCCCCCC)CCCCCCCCCCCC)c(=O)c3cc(*)sc36)s2)s1,1,0.0,1,0.15,0.015,-3.11,-5.57,*c1ccc(-c2ccc(*)s2)s1,*c1cc2c(=O)n(CC(CCCCCCCCCC)CCCCCCCCCCCC)c(=O)c3cc4c(cc3c2s1)c(=O)n(CC(CCCCCCCCCC)CCCCCCCCCCCC)c(=O)c1cc(*)sc14,TBDI-DFDT,*c1cc(F)c(-c2sc(-c3cc4c(=O)n(CC(CCCCCCCCCC)CCCCCCCCCCCC)c(=O)c5cc6c(cc5c4s3)c(=O)n(CC(CCCCCCCCCC)CCCCCCCCCCCC)c(=O)c3cc(*)sc36)cc2F)s1,1,0.0,1,0.4,0.0,-3.2,-5.74,*c1cc(F)c(-c2sc(*)cc2F)s1,*c1cc2c(=O)n(CC(CCCCCCCCCC)CCCCCCCCCCCC)c(=O)c3cc4c(cc3c2s1)c(=O)n(CC(CCCCCCCCCC)CCCCCCCCCCCC)c(=O)c1cc(*)sc14
10.1039/c7tc02903a,TBDI-T,*c1ccc(-c2cc3c(=O)n(CC(CCCCCCCCCC)CCCCCCCCCCCC)c(=O)c4cc5c(cc4c3s2)c(=O)n(CC(CCCCCCCCCC)CCCCCCCCCCCC)c(=O)c2cc(*)sc25)s1,1,0.0,0,0.11,0.0,-3.11,-5.84,*c1ccc(*)s1,*c1cc2c(=O)n(CC(CCCCCCCCCC)CCCCCCCCCCCC)c(=O)c3cc4c(cc3c2s1)c(=O)n(CC(CCCCCCCCCC)CCCCCCCCCCCC)c(=O)c1cc(*)sc14,TBDI-DFDT,*c1cc(F)c(-c2sc(-c3cc4c(=O)n(CC(CCCCCCCCCC)CCCCCCCCCCCC)c(=O)c5cc6c(cc5c4s3)c(=O)n(CC(CCCCCCCCCC)CCCCCCCCCCCC)c(=O)c3cc(*)sc36)cc2F)s1,1,0.0,1,0.4,0.0,-3.2,-5.74,*c1cc(F)c(-c2sc(*)cc2F)s1,*c1cc2c(=O)n(CC(CCCCCCCCCC)CCCCCCCCCCCC)c(=O)c3cc4c(cc3c2s1)c(=O)n(CC(CCCCCCCCCC)CCCCCCCCCCCC)c(=O)c1cc(*)sc14
10.1039/c7tc04993e,pBBT-PhF0,*c1ccc(-c2sc(-c3c4c(c(-c5cc(CC(CCCC)CCCCCC)c(*)s5)c5nsnc35)N=S=N4)cc2CC(CCCC)CCCCCC)cc1,1,0.0,1,0.0,1.1e-06,-3.83,-5.27,*c1ccc(*)cc1,*c1sc(-c2c3c(c(-c4cc(CC(CCCC)CCCCCC)c(*)s4)c4nsnc24)N=S=N3)cc1CC(CCCC)CCCCCC,pBBT-PhF4,*c1sc(-c2c3c(c(-c4cc(CC(CCCC)CCCCCC)c(-c5c(F)c(F)c(*)c(F)c5F)s4)c4nsnc24)N=S=N3)cc1CC(CCCC)CCCCCC,1,0.0,1,0.00037,0.0,-3.87,-5.64,*c1c(F)c(F)c(*)c(F)c1F,*c1sc(-c2c3c(c(-c4cc(CC(CCCC)CCCCCC)c(*)s4)c4nsnc24)N=S=N3)cc1CC(CCCC)CCCCCC
10.1039/c7tc04993e,pBBT-PhF0,*c1ccc(-c2sc(-c3c4c(c(-c5cc(CC(CCCC)CCCCCC)c(*)s5)c5nsnc35)N=S=N4)cc2CC(CCCC)CCCCCC)cc1,1,0.0,1,0.0,1.1e-06,-3.83,-5.27,*c1ccc(*)cc1,*c1sc(-c2c3c(c(-c4cc(CC(CCCC)CCCCCC)c(*)s4)c4nsnc24)N=S=N3)cc1CC(CCCC)CCCCCC,pSNT-PhF0,*c1ccc(-c2ccc(-c3ccc(-c4sc(-c5c6c(c(-c7cc(CCCCCCCCCCCCCCCC)c(*)s7)c7nn(CC(CCCCCCCCCC)CCCCCCCCCCCC)nc57)N=S=N6)cc4CCCCCCCCCCCCCCCC)s3)cc2)s1,1,0.0,0,0.0,0.054,-3.24,-5.15,*c1ccc(-c2ccc(-c3ccc(*)s3)cc2)s1,*c1sc(-c2c3c(c(-c4cc(CCCCCCCCCCCCCCCC)c(*)s4)c4nn(CC(CCCCCCCCCC)CCCCCCCCCCCC)nc24)N=S=N3)cc1CCCCCCCCCCCCCCCC
10.1039/c7tc04993e,pBBT-PhF0,*c1ccc(-c2sc(-c3c4c(c(-c5cc(CC(CCCC)CCCCCC)c(*)s5)c5nsnc35)N=S=N4)cc2CC(CCCC)CCCCCC)cc1,1,0.0,1,0.0,1.1e-06,-3.83,-5.27,*c1ccc(*)cc1,*c1sc(-c2c3c(c(-c4cc(CC(CCCC)CCCCCC)c(*)s4)c4nsnc24)N=S=N3)cc1CC(CCCC)CCCCCC,pSNT-PhF4,*c1ccc(-c2c(F)c(F)c(-c3ccc(-c4sc(-c5c6c(c(-c7cc(CCCCCCCCCCCCCCCC)c(*)s7)c7nn(CC(CCCCCCCCCC)CCCCCCCCCCCC)nc57)N=S=N6)cc4CCCCCCCCCCCCCCCC)s3)c(F)c2F)s1,1,0.0,0,0.0,1.15,-3.28,-5.23,*c1ccc(-c2c(F)c(F)c(-c3ccc(*)s3)c(F)c2F)s1,*c1sc(-c2c3c(c(-c4cc(CCCCCCCCCCCCCCCC)c(*)s4)c4nn(CC(CCCCCCCCCC)CCCCCCCCCCCC)nc24)N=S=N3)cc1CCCCCCCCCCCCCCCC
10.1039/c7tc04993e,pBBT-PhF4,*c1sc(-c2c3c(c(-c4cc(CC(CCCC)CCCCCC)c(-c5c(F)c(F)c(*)c(F)c5F)s4)c4nsnc24)N=S=N3)cc1CC(CCCC)CCCCCC,1,0.0,1,0.00037,0.0,-3.87,-5.64,*c1c(F)c(F)c(*)c(F)c1F,*c1sc(-c2c3c(c(-c4cc(CC(CCCC)CCCCCC)c(*)s4)c4nsnc24)N=S=N3)cc1CC(CCCC)CCCCCC,pSNT-PhF0,*c1ccc(-c2ccc(-c3ccc(-c4sc(-c5c6c(c(-c7cc(CCCCCCCCCCCCCCCC)c(*)s7)c7nn(CC(CCCCCCCCCC)CCCCCCCCCCCC)nc57)N=S=N6)cc4CCCCCCCCCCCCCCCC)s3)cc2)s1,1,0.0,0,0.0,0.054,-3.24,-5.15,*c1ccc(-c2ccc(-c3ccc(*)s3)cc2)s1,*c1sc(-c2c3c(c(-c4cc(CCCCCCCCCCCCCCCC)c(*)s4)c4nn(CC(CCCCCCCCCC)CCCCCCCCCCCC)nc24)N=S=N3)cc1CCCCCCCCCCCCCCCC
10.1039/c7tc04993e,pBBT-PhF4,*c1sc(-c2c3c(c(-c4cc(CC(CCCC)CCCCCC)c(-c5c(F)c(F)c(*)c(F)c5F)s4)c4nsnc24)N=S=N3)cc1CC(CCCC)CCCCCC,1,0.0,1,0.00037,0.0,-3.87,-5.64,*c1c(F)c(F)c(*)c(F)c1F,*c1sc(-c2c3c(c(-c4cc(CC(CCCC)CCCCCC)c(*)s4)c4nsnc24)N=S=N3)cc1CC(CCCC)CCCCCC,pSNT-PhF4,*c1ccc(-c2c(F)c(F)c(-c3ccc(-c4sc(-c5c6c(c(-c7cc(CCCCCCCCCCCCCCCC)c(*)s7)c7nn(CC(CCCCCCCCCC)CCCCCCCCCCCC)nc57)N=S=N6)cc4CCCCCCCCCCCCCCCC)s3)c(F)c2F)s1,1,0.0,0,0.0,1.15,-3.28,-5.23,*c1ccc(-c2c(F)c(F)c(-c3ccc(*)s3)c(F)c2F)s1,*c1sc(-c2c3c(c(-c4cc(CCCCCCCCCCCCCCCC)c(*)s4)c4nn(CC(CCCCCCCCCC)CCCCCCCCCCCC)nc24)N=S=N3)cc1CCCCCCCCCCCCCCCC
10.1039/c7tc04993e,pSNT-PhF0,*c1ccc(-c2ccc(-c3ccc(-c4sc(-c5c6c(c(-c7cc(CCCCCCCCCCCCCCCC)c(*)s7)c7nn(CC(CCCCCCCCCC)CCCCCCCCCCCC)nc57)N=S=N6)cc4CCCCCCCCCCCCCCCC)s3)cc2)s1,1,0.0,0,0.0,0.054,-3.24,-5.15,*c1ccc(-c2ccc(-c3ccc(*)s3)cc2)s1,*c1sc(-c2c3c(c(-c4cc(CCCCCCCCCCCCCCCC)c(*)s4)c4nn(CC(CCCCCCCCCC)CCCCCCCCCCCC)nc24)N=S=N3)cc1CCCCCCCCCCCCCCCC,pSNT-PhF4,*c1ccc(-c2c(F)c(F)c(-c3ccc(-c4sc(-c5c6c(c(-c7cc(CCCCCCCCCCCCCCCC)c(*)s7)c7nn(CC(CCCCCCCCCC)CCCCCCCCCCCC)nc57)N=S=N6)cc4CCCCCCCCCCCCCCCC)s3)c(F)c2F)s1,1,0.0,0,0.0,1.15,-3.28,-5.23,*c1ccc(-c2c(F)c(F)c(-c3ccc(*)s3)c(F)c2F)s1,*c1sc(-c2c3c(c(-c4cc(CCCCCCCCCCCCCCCC)c(*)s4)c4nn(CC(CCCCCCCCCC)CCCCCCCCCCCC)nc24)N=S=N3)cc1CCCCCCCCCCCCCCCC
10.1039/c7tc05162j,IDTT-T,*c1ccc(-c2cc3sc4c(c3s2)C(CCCCCCCCCCCCCCCC)(CCCCCCCCCCCCCCCC)c2cc3c(cc2-4)C(CCCCCCCCCCCCCCCC)(CCCCCCCCCCCCCCCC)c2c-3sc3cc(*)sc23)s1,1,0.0,0,0.0,0.0086,-3.13,-5.26,*c1cc2sc3c(c2s1)C(CCCCCCCCCCCCCCCC)(CCCCCCCCCCCCCCCC)c1cc2c(cc1-3)C(CCCCCCCCCCCCCCCC)(CCCCCCCCCCCCCCCC)c1c-2sc2cc(*)sc12,*c1ccc(*)s1,IDTT-TT,*c1cc2sc(-c3cc4sc5c(c4s3)C(CCCCCCCCCCCCCCCC)(CCCCCCCCCCCCCCCC)c3cc4c(cc3-5)C(CCCCCCCCCCCCCCCC)(CCCCCCCCCCCCCCCC)c3c-4sc4cc(*)sc34)cc2s1,1,0.0,1,0.0,1.1,-3.12,-5.24,*c1cc2sc3c(c2s1)C(CCCCCCCCCCCCCCCC)(CCCCCCCCCCCCCCCC)c1cc2c(cc1-3)C(CCCCCCCCCCCCCCCC)(CCCCCCCCCCCCCCCC)c1c-2sc2cc(*)sc12,*c1cc2sc(*)cc2s1
10.1039/c7tc05162j,IDTT-T,*c1ccc(-c2cc3sc4c(c3s2)C(CCCCCCCCCCCCCCCC)(CCCCCCCCCCCCCCCC)c2cc3c(cc2-4)C(CCCCCCCCCCCCCCCC)(CCCCCCCCCCCCCCCC)c2c-3sc3cc(*)sc23)s1,1,0.0,0,0.0,0.0086,-3.13,-5.26,*c1cc2sc3c(c2s1)C(CCCCCCCCCCCCCCCC)(CCCCCCCCCCCCCCCC)c1cc2c(cc1-3)C(CCCCCCCCCCCCCCCC)(CCCCCCCCCCCCCCCC)c1c-2sc2cc(*)sc12,*c1ccc(*)s1,IDTT-DTT,*c1cc2sc3c(c2s1)C(CCCCCCCCCCCCCCCC)(CCCCCCCCCCCCCCCC)c1cc2c(cc1-3)C(CCCCCCCCCCCCCCCC)(CCCCCCCCCCCCCCCC)c1c-2sc2cc(-c3cc4sc5cc(*)sc5c4s3)sc12,1,0.0,0,0.0,0.9,-3.14,-5.27,*c1cc2sc3c(c2s1)C(CCCCCCCCCCCCCCCC)(CCCCCCCCCCCCCCCC)c1cc2c(cc1-3)C(CCCCCCCCCCCCCCCC)(CCCCCCCCCCCCCCCC)c1c-2sc2cc(*)sc12,*c1cc2sc3cc(*)sc3c2s1
10.1039/c7tc05162j,IDTT-TT,*c1cc2sc(-c3cc4sc5c(c4s3)C(CCCCCCCCCCCCCCCC)(CCCCCCCCCCCCCCCC)c3cc4c(cc3-5)C(CCCCCCCCCCCCCCCC)(CCCCCCCCCCCCCCCC)c3c-4sc4cc(*)sc34)cc2s1,1,0.0,1,0.0,1.1,-3.12,-5.24,*c1cc2sc3c(c2s1)C(CCCCCCCCCCCCCCCC)(CCCCCCCCCCCCCCCC)c1cc2c(cc1-3)C(CCCCCCCCCCCCCCCC)(CCCCCCCCCCCCCCCC)c1c-2sc2cc(*)sc12,*c1cc2sc(*)cc2s1,IDTT-DTT,*c1cc2sc3c(c2s1)C(CCCCCCCCCCCCCCCC)(CCCCCCCCCCCCCCCC)c1cc2c(cc1-3)C(CCCCCCCCCCCCCCCC)(CCCCCCCCCCCCCCCC)c1c-2sc2cc(-c3cc4sc5cc(*)sc5c4s3)sc12,1,0.0,0,0.0,0.9,-3.14,-5.27,*c1cc2sc3c(c2s1)C(CCCCCCCCCCCCCCCC)(CCCCCCCCCCCCCCCC)c1cc2c(cc1-3)C(CCCCCCCCCCCCCCCC)(CCCCCCCCCCCCCCCC)c1c-2sc2cc(*)sc12,*c1cc2sc3cc(*)sc3c2s1
10.1039/c7tc05360f,PTFBTV,*/C=C/c1sc(/C=C/c2c(F)c(F)c(/C=C/c3cc(CC(CCCCCCCC)CCCCCCCCCC)c(*)s3)c3nsnc23)cc1CC(CCCCCCCC)CCCCCCCCCC,1,0.0,0,0.0,2.0,-3.6,-5.59,*/C=C/*,*c1sc(/C=C/c2c(F)c(F)c(/C=C/c3cc(CC(CCCCCCCC)CCCCCCCCCC)c(*)s3)c3nsnc23)cc1CC(CCCCCCCC)CCCCCCCCCC,PTBTV,*/C=C/c1sc(/C=C/c2ccc(/C=C/c3cc(CC(CCCCCCCC)CCCCCCCCCC)c(*)s3)c3nsnc23)cc1CC(CCCCCCCC)CCCCCCCCCC,1,0.0,0,0.0,3.2,-3.6,-5.41,*/C=C/*,*c1sc(/C=C/c2ccc(/C=C/c3cc(CC(CCCCCCCC)CCCCCCCCCC)c(*)s3)c3nsnc23)cc1CC(CCCCCCCC)CCCCCCCCCC
10.1039/c8nj01679h,PB4TV0,*c1ccc(-c2ccc(-c3sc(-c4ccc(-c5cc(CC(CCCCCCCC)CCCCCCCCCC)c(*)s5)c5nsnc45)cc3CC(CCCCCCCC)CCCCCCCCCC)s2)s1,1,0.0,0,0.0,0.063,-3.95,-5.65,*c1sc(-c2ccc(-c3cc(CC(CCCCCCCC)CCCCCCCCCC)c(*)s3)c3nsnc23)cc1CC(CCCCCCCC)CCCCCCCCCC,*c1ccc(-c2ccc(*)s2)s1,PB4TV1,*c1ccc(/C=C/c2ccc(-c3sc(-c4ccc(-c5cc(CC(CCCCCCCC)CCCCCCCCCC)c(*)s5)c5nsnc45)cc3CC(CCCCCCCC)CCCCCCCCCC)s2)s1,1,0.0,0,0.0,0.16,-3.9,-5.5,*c1sc(-c2ccc(-c3cc(CC(CCCCCCCC)CCCCCCCCCC)c(*)s3)c3nsnc23)cc1CC(CCCCCCCC)CCCCCCCCCC,*c1ccc(/C=C/c2ccc(*)s2)s1
10.1039/c8nj01679h,PB4TV0,*c1ccc(-c2ccc(-c3sc(-c4ccc(-c5cc(CC(CCCCCCCC)CCCCCCCCCC)c(*)s5)c5nsnc45)cc3CC(CCCCCCCC)CCCCCCCCCC)s2)s1,1,0.0,0,0.0,0.063,-3.95,-5.65,*c1sc(-c2ccc(-c3cc(CC(CCCCCCCC)CCCCCCCCCC)c(*)s3)c3nsnc23)cc1CC(CCCCCCCC)CCCCCCCCCC,*c1ccc(-c2ccc(*)s2)s1,PB4TV2,*c1ccc(-c2ccc(-c3sc(/C=C/c4ccc(/C=C/c5cc(CC(CCCCCCCC)CCCCCCCCCC)c(*)s5)c5nsnc45)cc3CC(CCCCCCCC)CCCCCCCCCC)s2)s1,1,0.0,0,0.0,0.2,-3.77,-5.48,*c1sc(/C=C/c2ccc(/C=C/c3cc(CC(CCCCCCCC)CCCCCCCCCC)c(*)s3)c3nsnc23)cc1CC(CCCCCCCC)CCCCCCCCCC,*c1ccc(-c2ccc(*)s2)s1
10.1039/c8nj01679h,PB4TV0,*c1ccc(-c2ccc(-c3sc(-c4ccc(-c5cc(CC(CCCCCCCC)CCCCCCCCCC)c(*)s5)c5nsnc45)cc3CC(CCCCCCCC)CCCCCCCCCC)s2)s1,1,0.0,0,0.0,0.063,-3.95,-5.65,*c1sc(-c2ccc(-c3cc(CC(CCCCCCCC)CCCCCCCCCC)c(*)s3)c3nsnc23)cc1CC(CCCCCCCC)CCCCCCCCCC,*c1ccc(-c2ccc(*)s2)s1,PB4TV3,*c1ccc(/C=C/c2ccc(-c3sc(/C=C/c4ccc(/C=C/c5cc(CC(CCCCCCCC)CCCCCCCCCC)c(*)s5)c5nsnc45)cc3CC(CCCCCCCC)CCCCCCCCCC)s2)s1,1,0.0,0,0.0,0.36,-3.74,-5.41,*c1sc(/C=C/c2ccc(/C=C/c3cc(CC(CCCCCCCC)CCCCCCCCCC)c(*)s3)c3nsnc23)cc1CC(CCCCCCCC)CCCCCCCCCC,*c1ccc(/C=C/c2ccc(*)s2)s1
10.1039/c8nj01679h,PB4TV1,*c1ccc(/C=C/c2ccc(-c3sc(-c4ccc(-c5cc(CC(CCCCCCCC)CCCCCCCCCC)c(*)s5)c5nsnc45)cc3CC(CCCCCCCC)CCCCCCCCCC)s2)s1,1,0.0,0,0.0,0.16,-3.9,-5.5,*c1sc(-c2ccc(-c3cc(CC(CCCCCCCC)CCCCCCCCCC)c(*)s3)c3nsnc23)cc1CC(CCCCCCCC)CCCCCCCCCC,*c1ccc(/C=C/c2ccc(*)s2)s1,PB4TV2,*c1ccc(-c2ccc(-c3sc(/C=C/c4ccc(/C=C/c5cc(CC(CCCCCCCC)CCCCCCCCCC)c(*)s5)c5nsnc45)cc3CC(CCCCCCCC)CCCCCCCCCC)s2)s1,1,0.0,0,0.0,0.2,-3.77,-5.48,*c1sc(/C=C/c2ccc(/C=C/c3cc(CC(CCCCCCCC)CCCCCCCCCC)c(*)s3)c3nsnc23)cc1CC(CCCCCCCC)CCCCCCCCCC,*c1ccc(-c2ccc(*)s2)s1
10.1039/c8nj01679h,PB4TV1,*c1ccc(/C=C/c2ccc(-c3sc(-c4ccc(-c5cc(CC(CCCCCCCC)CCCCCCCCCC)c(*)s5)c5nsnc45)cc3CC(CCCCCCCC)CCCCCCCCCC)s2)s1,1,0.0,0,0.0,0.16,-3.9,-5.5,*c1sc(-c2ccc(-c3cc(CC(CCCCCCCC)CCCCCCCCCC)c(*)s3)c3nsnc23)cc1CC(CCCCCCCC)CCCCCCCCCC,*c1ccc(/C=C/c2ccc(*)s2)s1,PB4TV3,*c1ccc(/C=C/c2ccc(-c3sc(/C=C/c4ccc(/C=C/c5cc(CC(CCCCCCCC)CCCCCCCCCC)c(*)s5)c5nsnc45)cc3CC(CCCCCCCC)CCCCCCCCCC)s2)s1,1,0.0,0,0.0,0.36,-3.74,-5.41,*c1sc(/C=C/c2ccc(/C=C/c3cc(CC(CCCCCCCC)CCCCCCCCCC)c(*)s3)c3nsnc23)cc1CC(CCCCCCCC)CCCCCCCCCC,*c1ccc(/C=C/c2ccc(*)s2)s1
10.1039/c8nj01679h,PB4TV2,*c1ccc(-c2ccc(-c3sc(/C=C/c4ccc(/C=C/c5cc(CC(CCCCCCCC)CCCCCCCCCC)c(*)s5)c5nsnc45)cc3CC(CCCCCCCC)CCCCCCCCCC)s2)s1,1,0.0,0,0.0,0.2,-3.77,-5.48,*c1sc(/C=C/c2ccc(/C=C/c3cc(CC(CCCCCCCC)CCCCCCCCCC)c(*)s3)c3nsnc23)cc1CC(CCCCCCCC)CCCCCCCCCC,*c1ccc(-c2ccc(*)s2)s1,PB4TV3,*c1ccc(/C=C/c2ccc(-c3sc(/C=C/c4ccc(/C=C/c5cc(CC(CCCCCCCC)CCCCCCCCCC)c(*)s5)c5nsnc45)cc3CC(CCCCCCCC)CCCCCCCCCC)s2)s1,1,0.0,0,0.0,0.36,-3.74,-5.41,*c1sc(/C=C/c2ccc(/C=C/c3cc(CC(CCCCCCCC)CCCCCCCCCC)c(*)s3)c3nsnc23)cc1CC(CCCCCCCC)CCCCCCCCCC,*c1ccc(/C=C/c2ccc(*)s2)s1
10.1039/c8py00540k,PDCNBT2T ,*c1cc(OCC(CCC)CCCCC)c(-c2sc(-c3c(C#N)c(C#N)c(*)c4nsnc34)cc2CC(CCCC)CCCCCC)s1,1,0.0,0,0.47,0.59,-3.5,-5.33,*c1c(C#N)c(C#N)c(*)c2nsnc12,*c1cc(CC(CCCC)CCCCCC)c(-c2sc(*)cc2OCC(CCC)CCCCC)s1,PDCNBSe2T. ,*c1cc(OCC(CCC)CCCCC)c(-c2sc(-c3c(C#N)c(C#N)c(*)c4n[se]nc34)cc2CC(CCCC)CCCCCC)s1,1,0.0,0,0.014,0.018,-3.55,-5.27,*c1c(C#N)c(C#N)c(*)c2n[se]nc12,*c1cc(CC(CCCC)CCCCCC)c(-c2sc(*)cc2OCC(CCC)CCCCC)s1
10.1039/c8py00997j,PTBPD-Th,*c1ccc(C2=C/C(=C3/C=C(c4ccc(-c5ccc(*)s5)s4)N(CC(CCCCCCCCCC)CCCCCCCCCCCC)C3=O)C(=O)N2CC(CCCCCCCCCC)CCCCCCCCCCCC)s1,1,0.0,0,0.0,0.46,-3.7,-5.1,*c1ccc(*)s1,*c1ccc(C2=C/C(=C3/C=C(c4ccc(*)s4)N(CC(CCCCCCCCCC)CCCCCCCCCCCC)C3=O)C(=O)N2CC(CCCCCCCCCC)CCCCCCCCCCCC)s1,PTBPD-Th2,*c1ccc(C2=C/C(=C3/C=C(c4ccc(-c5ccc(-c6ccc(*)s6)s5)s4)N(CC(CCCCCCCCCC)CCCCCCCCCCCC)C3=O)C(=O)N2CC(CCCCCCCCCC)CCCCCCCCCCCC)s1,1,0.0,1,0.0,0.12,-3.63,-5.1,*c1ccc(-c2ccc(*)s2)s1,*c1ccc(C2=C/C(=C3/C=C(c4ccc(*)s4)N(CC(CCCCCCCCCC)CCCCCCCCCCCC)C3=O)C(=O)N2CC(CCCCCCCCCC)CCCCCCCCCCCC)s1
10.1039/c8py00997j,PTBPD-Th,*c1ccc(C2=C/C(=C3/C=C(c4ccc(-c5ccc(*)s5)s4)N(CC(CCCCCCCCCC)CCCCCCCCCCCC)C3=O)C(=O)N2CC(CCCCCCCCCC)CCCCCCCCCCCC)s1,1,0.0,0,0.0,0.46,-3.7,-5.1,*c1ccc(*)s1,*c1ccc(C2=C/C(=C3/C=C(c4ccc(*)s4)N(CC(CCCCCCCCCC)CCCCCCCCCCCC)C3=O)C(=O)N2CC(CCCCCCCCCC)CCCCCCCCCCCC)s1,PTBPD-Se,*c1ccc(C2=C/C(=C3/C=C(c4ccc(-c5ccc(*)[se]5)s4)N(CC(CCCCCCCCCC)CCCCCCCCCCCC)C3=O)C(=O)N2CC(CCCCCCCCCC)CCCCCCCCCCCC)s1,1,0.0,0,0.0,0.11,-3.7,-5.05,*c1ccc(*)[se]1,*c1ccc(C2=C/C(=C3/C=C(c4ccc(*)s4)N(CC(CCCCCCCCCC)CCCCCCCCCCCC)C3=O)C(=O)N2CC(CCCCCCCCCC)CCCCCCCCCCCC)s1
10.1039/c8py00997j,PTBPD-Th,*c1ccc(C2=C/C(=C3/C=C(c4ccc(-c5ccc(*)s5)s4)N(CC(CCCCCCCCCC)CCCCCCCCCCCC)C3=O)C(=O)N2CC(CCCCCCCCCC)CCCCCCCCCCCC)s1,1,0.0,0,0.0,0.46,-3.7,-5.1,*c1ccc(*)s1,*c1ccc(C2=C/C(=C3/C=C(c4ccc(*)s4)N(CC(CCCCCCCCCC)CCCCCCCCCCCC)C3=O)C(=O)N2CC(CCCCCCCCCC)CCCCCCCCCCCC)s1,PTBPD-Se2,*c1ccc(C2=C/C(=C3/C=C(c4ccc(-c5ccc(-c6ccc(*)[se]6)[se]5)s4)N(CC(CCCCCCCCCC)CCCCCCCCCCCC)C3=O)C(=O)N2CC(CCCCCCCCCC)CCCCCCCCCCCC)s1,1,0.0,1,0.0,0.28,-3.6,-5.05,*c1ccc(-c2ccc(*)[se]2)[se]1,*c1ccc(C2=C/C(=C3/C=C(c4ccc(*)s4)N(CC(CCCCCCCCCC)CCCCCCCCCCCC)C3=O)C(=O)N2CC(CCCCCCCCCC)CCCCCCCCCCCC)s1
10.1039/c8py00997j,PTBPD-Th2,*c1ccc(C2=C/C(=C3/C=C(c4ccc(-c5ccc(-c6ccc(*)s6)s5)s4)N(CC(CCCCCCCCCC)CCCCCCCCCCCC)C3=O)C(=O)N2CC(CCCCCCCCCC)CCCCCCCCCCCC)s1,1,0.0,1,0.0,0.12,-3.63,-5.1,*c1ccc(-c2ccc(*)s2)s1,*c1ccc(C2=C/C(=C3/C=C(c4ccc(*)s4)N(CC(CCCCCCCCCC)CCCCCCCCCCCC)C3=O)C(=O)N2CC(CCCCCCCCCC)CCCCCCCCCCCC)s1,PTBPD-Se,*c1ccc(C2=C/C(=C3/C=C(c4ccc(-c5ccc(*)[se]5)s4)N(CC(CCCCCCCCCC)CCCCCCCCCCCC)C3=O)C(=O)N2CC(CCCCCCCCCC)CCCCCCCCCCCC)s1,1,0.0,0,0.0,0.11,-3.7,-5.05,*c1ccc(*)[se]1,*c1ccc(C2=C/C(=C3/C=C(c4ccc(*)s4)N(CC(CCCCCCCCCC)CCCCCCCCCCCC)C3=O)C(=O)N2CC(CCCCCCCCCC)CCCCCCCCCCCC)s1
10.1039/c8py00997j,PTBPD-Th2,*c1ccc(C2=C/C(=C3/C=C(c4ccc(-c5ccc(-c6ccc(*)s6)s5)s4)N(CC(CCCCCCCCCC)CCCCCCCCCCCC)C3=O)C(=O)N2CC(CCCCCCCCCC)CCCCCCCCCCCC)s1,1,0.0,1,0.0,0.12,-3.63,-5.1,*c1ccc(-c2ccc(*)s2)s1,*c1ccc(C2=C/C(=C3/C=C(c4ccc(*)s4)N(CC(CCCCCCCCCC)CCCCCCCCCCCC)C3=O)C(=O)N2CC(CCCCCCCCCC)CCCCCCCCCCCC)s1,PTBPD-Se2,*c1ccc(C2=C/C(=C3/C=C(c4ccc(-c5ccc(-c6ccc(*)[se]6)[se]5)s4)N(CC(CCCCCCCCCC)CCCCCCCCCCCC)C3=O)C(=O)N2CC(CCCCCCCCCC)CCCCCCCCCCCC)s1,1,0.0,1,0.0,0.28,-3.6,-5.05,*c1ccc(-c2ccc(*)[se]2)[se]1,*c1ccc(C2=C/C(=C3/C=C(c4ccc(*)s4)N(CC(CCCCCCCCCC)CCCCCCCCCCCC)C3=O)C(=O)N2CC(CCCCCCCCCC)CCCCCCCCCCCC)s1
10.1039/c8py00997j,PTBPD-Se,*c1ccc(C2=C/C(=C3/C=C(c4ccc(-c5ccc(*)[se]5)s4)N(CC(CCCCCCCCCC)CCCCCCCCCCCC)C3=O)C(=O)N2CC(CCCCCCCCCC)CCCCCCCCCCCC)s1,1,0.0,0,0.0,0.11,-3.7,-5.05,*c1ccc(*)[se]1,*c1ccc(C2=C/C(=C3/C=C(c4ccc(*)s4)N(CC(CCCCCCCCCC)CCCCCCCCCCCC)C3=O)C(=O)N2CC(CCCCCCCCCC)CCCCCCCCCCCC)s1,PTBPD-Se2,*c1ccc(C2=C/C(=C3/C=C(c4ccc(-c5ccc(-c6ccc(*)[se]6)[se]5)s4)N(CC(CCCCCCCCCC)CCCCCCCCCCCC)C3=O)C(=O)N2CC(CCCCCCCCCC)CCCCCCCCCCCC)s1,1,0.0,1,0.0,0.28,-3.6,-5.05,*c1ccc(-c2ccc(*)[se]2)[se]1,*c1ccc(C2=C/C(=C3/C=C(c4ccc(*)s4)N(CC(CCCCCCCCCC)CCCCCCCCCCCC)C3=O)C(=O)N2CC(CCCCCCCCCC)CCCCCCCCCCCC)s1
10.1039/c8py01526k,PBTBBTa-BT,*c1ccc(-c2ccc(-c3ccc(-c4c5nn(CC(CCCCCCCC)CCCCCCCCCC)nc5c(-c5ccc(*)s5)c5n[n+](CC(CCCCCCCC)CCCCCCCCCC)[n-]c45)s3)s2)s1,1,0.0,1,0.0,0.21,-3.3,-5.2,*c1ccc(-c2ccc(*)s2)s1,*c1ccc(-c2c3nn(CC(CCCCCCCC)CCCCCCCCCC)nc3c(-c3ccc(*)s3)c3[n-][n+](CC(CCCCCCCC)CCCCCCCCCC)nc23)s1,PBTBBTa-TT,*c1ccc(-c2c3nn(CC(CCCCCCCC)CCCCCCCCCC)nc3c(-c3ccc(-c4cc5sc(*)cc5s4)s3)c3[n-][n+](CC(CCCCCCCC)CCCCCCCCCC)nc23)s1,1,0.0,1,0.0,0.13,-3.22,-5.11,*c1cc2sc(*)cc2s1,*c1ccc(-c2c3nn(CC(CCCCCCCC)CCCCCCCCCC)nc3c(-c3ccc(*)s3)c3[n-][n+](CC(CCCCCCCC)CCCCCCCCCC)nc23)s1
10.1039/c8py01526k,PBTBBTa-BT,*c1ccc(-c2ccc(-c3ccc(-c4c5nn(CC(CCCCCCCC)CCCCCCCCCC)nc5c(-c5ccc(*)s5)c5n[n+](CC(CCCCCCCC)CCCCCCCCCC)[n-]c45)s3)s2)s1,1,0.0,1,0.0,0.21,-3.3,-5.2,*c1ccc(-c2ccc(*)s2)s1,*c1ccc(-c2c3nn(CC(CCCCCCCC)CCCCCCCCCC)nc3c(-c3ccc(*)s3)c3[n-][n+](CC(CCCCCCCC)CCCCCCCCCC)nc23)s1,PBTBBTa-TVT,*c1ccc(/C=C/c2ccc(-c3ccc(-c4c5nn(CC(CCCCCCCC)CCCCCCCCCC)nc5c(-c5ccc(*)s5)c5n[n+](CC(CCCCCCCC)CCCCCCCCCC)[n-]c45)s3)s2)s1,1,0.0,1,0.0,0.031,-3.23,-5.08,*c1ccc(/C=C/c2ccc(*)s2)s1,*c1ccc(-c2c3nn(CC(CCCCCCCC)CCCCCCCCCC)nc3c(-c3ccc(*)s3)c3[n-][n+](CC(CCCCCCCC)CCCCCCCCCC)nc23)s1
10.1039/c8py01526k,PBTBBTa-TT,*c1ccc(-c2c3nn(CC(CCCCCCCC)CCCCCCCCCC)nc3c(-c3ccc(-c4cc5sc(*)cc5s4)s3)c3[n-][n+](CC(CCCCCCCC)CCCCCCCCCC)nc23)s1,1,0.0,1,0.0,0.13,-3.22,-5.11,*c1cc2sc(*)cc2s1,*c1ccc(-c2c3nn(CC(CCCCCCCC)CCCCCCCCCC)nc3c(-c3ccc(*)s3)c3[n-][n+](CC(CCCCCCCC)CCCCCCCCCC)nc23)s1,PBTBBTa-TVT,*c1ccc(/C=C/c2ccc(-c3ccc(-c4c5nn(CC(CCCCCCCC)CCCCCCCCCC)nc5c(-c5ccc(*)s5)c5n[n+](CC(CCCCCCCC)CCCCCCCCCC)[n-]c45)s3)s2)s1,1,0.0,1,0.0,0.031,-3.23,-5.08,*c1ccc(/C=C/c2ccc(*)s2)s1,*c1ccc(-c2c3nn(CC(CCCCCCCC)CCCCCCCCCC)nc3c(-c3ccc(*)s3)c3[n-][n+](CC(CCCCCCCC)CCCCCCCCCC)nc23)s1
10.1039/c8ra02915f,PNDI-DTBT,*c1ccc(-c2ccc(-c3ccc(-c4cc5c6c(c(*)cc7c6c4C(=O)N(CCC(CCCCCCCCCC)CCCCCCCCCCCC)C7=O)C(=O)N(CCC(CCCCCCCCCC)CCCCCCCCCCCC)C5=O)s3)c3nsnc23)s1,1,0.0,0,0.086,0.073,-3.95,-5.4,*c1ccc(-c2ccc(-c3ccc(*)s3)c3nsnc23)s1,*c1cc2c3c(c(*)cc4c3c1C(=O)N(CCC(CCCCCCCCCC)CCCCCCCCCCCC)C4=O)C(=O)N(CCC(CCCCCCCCCC)CCCCCCCCCCCC)C2=O,PNDI-2FDTBT,*c1ccc(-c2c(F)c(F)c(-c3ccc(-c4cc5c6c(c(*)cc7c6c4C(=O)N(CCC(CCCCCCCCCC)CCCCCCCCCCCC)C7=O)C(=O)N(CCC(CCCCCCCCCC)CCCCCCCCCCCC)C5=O)s3)c3nsnc23)s1,1,0.0,0,0.258,0.0024,-4.05,-5.67,*c1ccc(-c2c(F)c(F)c(-c3ccc(*)s3)c3nsnc23)s1,*c1cc2c3c(c(*)cc4c3c1C(=O)N(CCC(CCCCCCCCCC)CCCCCCCCCCCC)C4=O)C(=O)N(CCC(CCCCCCCCCC)CCCCCCCCCCCC)C2=O
10.1039/c8ra08890j,PBIBDF-TVT,*c1ccc2c(c1)N(CCCC(CCCCCCCCCCCCCCCCCC)CCCCCCCCCCCCCCCCCC)C(=O)/C2=C1/C(=O)Oc2cc3c(cc21)OC(=O)/C3=C1/C(=O)N(CCCC(CCCCCCCCCCCCCCCCCC)CCCCCCCCCCCCCCCCCC)c2cc(-c3ccc(/C=C/c4ccc(*)s4)s3)ccc21,1,0.0,1,0.0005,0.0,-3.85,-5.53,*c1ccc(/C=C/c2ccc(*)s2)s1,*c1ccc2c(c1)N(CCCC(CCCCCCCCCCCCCCCCCC)CCCCCCCCCCCCCCCCCC)C(=O)/C2=C1/C(=O)Oc2cc3c(cc21)OC(=O)/C3=C1/C(=O)N(CCCC(CCCCCCCCCCCCCCCCCC)CCCCCCCCCCCCCCCCCC)c2cc(*)ccc21,PBIBDF-TBT,*c1ccc2c(c1)N(CCCC(CCCCCCCCCCCCCCCCCC)CCCCCCCCCCCCCCCCCC)C(=O)/C2=C1/C(=O)Oc2cc3c(cc21)OC(=O)/C3=C1/C(=O)N(CCCC(CCCCCCCCCCCCCCCCCC)CCCCCCCCCCCCCCCCCC)c2cc(-c3ccc(-c4ccc(-c5ccc(*)s5)c5nsnc45)s3)ccc21,1,0.0,0,0.029,0.0,-3.9,-5.67,*c1ccc(-c2ccc(-c3ccc(*)s3)c3nsnc23)s1,*c1ccc2c(c1)N(CCCC(CCCCCCCCCCCCCCCCCC)CCCCCCCCCCCCCCCCCC)C(=O)/C2=C1/C(=O)Oc2cc3c(cc21)OC(=O)/C3=C1/C(=O)N(CCCC(CCCCCCCCCCCCCCCCCC)CCCCCCCCCCCCCCCCCC)c2cc(*)ccc21
10.1039/c8tc02319k,PMDPP50-BT,*c1ccc(-c2ccc(-c3sc(C4=C5C(=O)N(CCCCCCC(CCCCCCCC)CCCCCCCCCC)C(c6cc(C)c(*)s6)=C5C(=O)N4CCCCCCC(CCCCCCCC)CCCCCCCCCC)cc3C)s2)s1,1,0.0,1,0.15,0.2,-3.75,-5.13,*c1sc(C2=C3C(=O)N(CCCCCCC(CCCCCCCC)CCCCCCCCCC)C(c4cc(C)c(*)s4)=C3C(=O)N2CCCCCCC(CCCCCCCC)CCCCCCCCCC)cc1C,*c1ccc(-c2ccc(*)s2)s1,PMDPP50-TVT,*c1ccc(/C=C/c2ccc(-c3sc(C4=C5C(=O)N(CCCCCCC(CCCCCCCC)CCCCCCCCCC)C(c6cc(C)c(*)s6)=C5C(=O)N4CCCCCCC(CCCCCCCC)CCCCCCCCCC)cc3C)s2)s1,1,0.0,1,0.05,1.6,-3.7,-5.07,*c1sc(C2=C3C(=O)N(CCCCCCC(CCCCCCCC)CCCCCCCCCC)C(c4cc(C)c(*)s4)=C3C(=O)N2CCCCCCC(CCCCCCCC)CCCCCCCCCC)cc1C,*c1ccc(/C=C/c2ccc(*)s2)s1
10.1039/c8tc02319k,PMDPP50-BT,*c1ccc(-c2ccc(-c3sc(C4=C5C(=O)N(CCCCCCC(CCCCCCCC)CCCCCCCCCC)C(c6cc(C)c(*)s6)=C5C(=O)N4CCCCCCC(CCCCCCCC)CCCCCCCCCC)cc3C)s2)s1,1,0.0,1,0.15,0.2,-3.75,-5.13,*c1sc(C2=C3C(=O)N(CCCCCCC(CCCCCCCC)CCCCCCCCCC)C(c4cc(C)c(*)s4)=C3C(=O)N2CCCCCCC(CCCCCCCC)CCCCCCCCCC)cc1C,*c1ccc(-c2ccc(*)s2)s1,PMDPP66-TAT,*c1ccc(C#Cc2ccc(-c3sc(C4=C5C(=O)N(CCCCCCC(CCCCCCCCCC)CCCCCCCCCCCC)C(c6cc(C)c(*)s6)=C5C(=O)N4CCCCCCC(CCCCCCCCCC)CCCCCCCCCCCC)cc3C)s2)s1,1,0.0,1,0.002,1.25,-3.67,-5.16,*c1sc(C2=C3C(=O)N(CCCCCCC(CCCCCCCCCC)CCCCCCCCCCCC)C(c4cc(C)c(*)s4)=C3C(=O)N2CCCCCCC(CCCCCCCCCC)CCCCCCCCCCCC)cc1C,*c1ccc(C#Cc2ccc(*)s2)s1
10.1039/c8tc02319k,PMDPP50-TVT,*c1ccc(/C=C/c2ccc(-c3sc(C4=C5C(=O)N(CCCCCCC(CCCCCCCC)CCCCCCCCCC)C(c6cc(C)c(*)s6)=C5C(=O)N4CCCCCCC(CCCCCCCC)CCCCCCCCCC)cc3C)s2)s1,1,0.0,1,0.05,1.6,-3.7,-5.07,*c1sc(C2=C3C(=O)N(CCCCCCC(CCCCCCCC)CCCCCCCCCC)C(c4cc(C)c(*)s4)=C3C(=O)N2CCCCCCC(CCCCCCCC)CCCCCCCCCC)cc1C,*c1ccc(/C=C/c2ccc(*)s2)s1,PMDPP66-TAT,*c1ccc(C#Cc2ccc(-c3sc(C4=C5C(=O)N(CCCCCCC(CCCCCCCCCC)CCCCCCCCCCCC)C(c6cc(C)c(*)s6)=C5C(=O)N4CCCCCCC(CCCCCCCCCC)CCCCCCCCCCCC)cc3C)s2)s1,1,0.0,1,0.002,1.25,-3.67,-5.16,*c1sc(C2=C3C(=O)N(CCCCCCC(CCCCCCCCCC)CCCCCCCCCCCC)C(c4cc(C)c(*)s4)=C3C(=O)N2CCCCCCC(CCCCCCCCCC)CCCCCCCCCCCC)cc1C,*c1ccc(C#Cc2ccc(*)s2)s1
10.1039/c8tc02705f,PTTIID-T,*c1ccc(-c2cc3sc4c(c3s2)N(CCCCCCC(CCCCCCCCCC)CCCCCCCCCCCC)C(=O)/C4=C2/C(=O)N(CCCCCCC(CCCCCCCCCC)CCCCCCCCCCCC)c3c2sc2cc(*)sc32)s1,1,0.0,0,0.0,0.54,-3.74,-5.44,*c1cc2sc3c(c2s1)N(CCCCCCC(CCCCCCCCCC)CCCCCCCCCCCC)C(=O)/C3=C1/C(=O)N(CCCCCCC(CCCCCCCCCC)CCCCCCCCCCCC)c2c1sc1cc(*)sc21,*c1ccc(*)s1,PTTIID-BT,*c1ccc(-c2ccc(-c3cc4sc5c(c4s3)N(CCCCCCC(CCCCCCCCCC)CCCCCCCCCCCC)C(=O)/C5=C3/C(=O)N(CCCCCCC(CCCCCCCCCC)CCCCCCCCCCCC)c4c3sc3cc(*)sc43)s2)s1,1,0.0,1,0.0,0.055,-3.74,-5.43,*c1cc2sc3c(c2s1)N(CCCCCCC(CCCCCCCCCC)CCCCCCCCCCCC)C(=O)/C3=C1/C(=O)N(CCCCCCC(CCCCCCCCCC)CCCCCCCCCCCC)c2c1sc1cc(*)sc21,*c1ccc(-c2ccc(*)s2)s1
10.1039/c8tc02705f,PTTIID-T,*c1ccc(-c2cc3sc4c(c3s2)N(CCCCCCC(CCCCCCCCCC)CCCCCCCCCCCC)C(=O)/C4=C2/C(=O)N(CCCCCCC(CCCCCCCCCC)CCCCCCCCCCCC)c3c2sc2cc(*)sc32)s1,1,0.0,0,0.0,0.54,-3.74,-5.44,*c1cc2sc3c(c2s1)N(CCCCCCC(CCCCCCCCCC)CCCCCCCCCCCC)C(=O)/C3=C1/C(=O)N(CCCCCCC(CCCCCCCCCC)CCCCCCCCCCCC)c2c1sc1cc(*)sc21,*c1ccc(*)s1,PTTIID-TT,*c1cc2sc(-c3cc4sc5c(c4s3)N(CCCCCCC(CCCCCCCCCC)CCCCCCCCCCCC)C(=O)/C5=C3/C(=O)N(CCCCCCC(CCCCCCCCCC)CCCCCCCCCCCC)c4c3sc3cc(*)sc43)cc2s1,1,0.0,1,0.0,0.066,-3.77,-5.45,*c1cc2sc3c(c2s1)N(CCCCCCC(CCCCCCCCCC)CCCCCCCCCCCC)C(=O)/C3=C1/C(=O)N(CCCCCCC(CCCCCCCCCC)CCCCCCCCCCCC)c2c1sc1cc(*)sc21,*c1cc2sc(*)cc2s1
10.1039/c8tc02705f,PTTIID-T,*c1ccc(-c2cc3sc4c(c3s2)N(CCCCCCC(CCCCCCCCCC)CCCCCCCCCCCC)C(=O)/C4=C2/C(=O)N(CCCCCCC(CCCCCCCCCC)CCCCCCCCCCCC)c3c2sc2cc(*)sc32)s1,1,0.0,0,0.0,0.54,-3.74,-5.44,*c1cc2sc3c(c2s1)N(CCCCCCC(CCCCCCCCCC)CCCCCCCCCCCC)C(=O)/C3=C1/C(=O)N(CCCCCCC(CCCCCCCCCC)CCCCCCCCCCCC)c2c1sc1cc(*)sc21,*c1ccc(*)s1,PTTIID-TVT,*c1ccc(/C=C/c2ccc(-c3cc4sc5c(c4s3)N(CCCCCCC(CCCCCCCCCC)CCCCCCCCCCCC)C(=O)/C5=C3/C(=O)N(CCCCCCC(CCCCCCCCCC)CCCCCCCCCCCC)c4c3sc3cc(*)sc43)s2)s1,1,0.0,1,0.0,0.044,-3.51,-5.47,*c1cc2sc3c(c2s1)N(CCCCCCC(CCCCCCCCCC)CCCCCCCCCCCC)C(=O)/C3=C1/C(=O)N(CCCCCCC(CCCCCCCCCC)CCCCCCCCCCCC)c2c1sc1cc(*)sc21,*c1ccc(/C=C/c2ccc(*)s2)s1
10.1039/c8tc02705f,PTTIID-T,*c1ccc(-c2cc3sc4c(c3s2)N(CCCCCCC(CCCCCCCCCC)CCCCCCCCCCCC)C(=O)/C4=C2/C(=O)N(CCCCCCC(CCCCCCCCCC)CCCCCCCCCCCC)c3c2sc2cc(*)sc32)s1,1,0.0,0,0.0,0.54,-3.74,-5.44,*c1cc2sc3c(c2s1)N(CCCCCCC(CCCCCCCCCC)CCCCCCCCCCCC)C(=O)/C3=C1/C(=O)N(CCCCCCC(CCCCCCCCCC)CCCCCCCCCCCC)c2c1sc1cc(*)sc21,*c1ccc(*)s1,PTTIID-SVS,*c1cc2sc3c(c2s1)N(CCCCCCC(CCCCCCCCCC)CCCCCCCCCCCC)C(=O)/C3=C1/C(=O)N(CCCCCCC(CCCCCCCCCC)CCCCCCCCCCCC)c2c1sc1cc(-c3ccc(/C=C/c4ccc(*)[se]4)[se]3)sc21,1,0.0,1,0.0,0.046,-3.72,-5.48,*c1cc2sc3c(c2s1)N(CCCCCCC(CCCCCCCCCC)CCCCCCCCCCCC)C(=O)/C3=C1/C(=O)N(CCCCCCC(CCCCCCCCCC)CCCCCCCCCCCC)c2c1sc1cc(*)sc21,*c1ccc(/C=C/c2ccc(*)[se]2)[se]1
10.1039/c8tc02705f,PTTIID-BT,*c1ccc(-c2ccc(-c3cc4sc5c(c4s3)N(CCCCCCC(CCCCCCCCCC)CCCCCCCCCCCC)C(=O)/C5=C3/C(=O)N(CCCCCCC(CCCCCCCCCC)CCCCCCCCCCCC)c4c3sc3cc(*)sc43)s2)s1,1,0.0,1,0.0,0.055,-3.74,-5.43,*c1cc2sc3c(c2s1)N(CCCCCCC(CCCCCCCCCC)CCCCCCCCCCCC)C(=O)/C3=C1/C(=O)N(CCCCCCC(CCCCCCCCCC)CCCCCCCCCCCC)c2c1sc1cc(*)sc21,*c1ccc(-c2ccc(*)s2)s1,PTTIID-TT,*c1cc2sc(-c3cc4sc5c(c4s3)N(CCCCCCC(CCCCCCCCCC)CCCCCCCCCCCC)C(=O)/C5=C3/C(=O)N(CCCCCCC(CCCCCCCCCC)CCCCCCCCCCCC)c4c3sc3cc(*)sc43)cc2s1,1,0.0,1,0.0,0.066,-3.77,-5.45,*c1cc2sc3c(c2s1)N(CCCCCCC(CCCCCCCCCC)CCCCCCCCCCCC)C(=O)/C3=C1/C(=O)N(CCCCCCC(CCCCCCCCCC)CCCCCCCCCCCC)c2c1sc1cc(*)sc21,*c1cc2sc(*)cc2s1
10.1039/c8tc02705f,PTTIID-BT,*c1ccc(-c2ccc(-c3cc4sc5c(c4s3)N(CCCCCCC(CCCCCCCCCC)CCCCCCCCCCCC)C(=O)/C5=C3/C(=O)N(CCCCCCC(CCCCCCCCCC)CCCCCCCCCCCC)c4c3sc3cc(*)sc43)s2)s1,1,0.0,1,0.0,0.055,-3.74,-5.43,*c1cc2sc3c(c2s1)N(CCCCCCC(CCCCCCCCCC)CCCCCCCCCCCC)C(=O)/C3=C1/C(=O)N(CCCCCCC(CCCCCCCCCC)CCCCCCCCCCCC)c2c1sc1cc(*)sc21,*c1ccc(-c2ccc(*)s2)s1,PTTIID-TVT,*c1ccc(/C=C/c2ccc(-c3cc4sc5c(c4s3)N(CCCCCCC(CCCCCCCCCC)CCCCCCCCCCCC)C(=O)/C5=C3/C(=O)N(CCCCCCC(CCCCCCCCCC)CCCCCCCCCCCC)c4c3sc3cc(*)sc43)s2)s1,1,0.0,1,0.0,0.044,-3.51,-5.47,*c1cc2sc3c(c2s1)N(CCCCCCC(CCCCCCCCCC)CCCCCCCCCCCC)C(=O)/C3=C1/C(=O)N(CCCCCCC(CCCCCCCCCC)CCCCCCCCCCCC)c2c1sc1cc(*)sc21,*c1ccc(/C=C/c2ccc(*)s2)s1
10.1039/c8tc02705f,PTTIID-BT,*c1ccc(-c2ccc(-c3cc4sc5c(c4s3)N(CCCCCCC(CCCCCCCCCC)CCCCCCCCCCCC)C(=O)/C5=C3/C(=O)N(CCCCCCC(CCCCCCCCCC)CCCCCCCCCCCC)c4c3sc3cc(*)sc43)s2)s1,1,0.0,1,0.0,0.055,-3.74,-5.43,*c1cc2sc3c(c2s1)N(CCCCCCC(CCCCCCCCCC)CCCCCCCCCCCC)C(=O)/C3=C1/C(=O)N(CCCCCCC(CCCCCCCCCC)CCCCCCCCCCCC)c2c1sc1cc(*)sc21,*c1ccc(-c2ccc(*)s2)s1,PTTIID-SVS,*c1cc2sc3c(c2s1)N(CCCCCCC(CCCCCCCCCC)CCCCCCCCCCCC)C(=O)/C3=C1/C(=O)N(CCCCCCC(CCCCCCCCCC)CCCCCCCCCCCC)c2c1sc1cc(-c3ccc(/C=C/c4ccc(*)[se]4)[se]3)sc21,1,0.0,1,0.0,0.046,-3.72,-5.48,*c1cc2sc3c(c2s1)N(CCCCCCC(CCCCCCCCCC)CCCCCCCCCCCC)C(=O)/C3=C1/C(=O)N(CCCCCCC(CCCCCCCCCC)CCCCCCCCCCCC)c2c1sc1cc(*)sc21,*c1ccc(/C=C/c2ccc(*)[se]2)[se]1
10.1039/c8tc02705f,PTTIID-TT,*c1cc2sc(-c3cc4sc5c(c4s3)N(CCCCCCC(CCCCCCCCCC)CCCCCCCCCCCC)C(=O)/C5=C3/C(=O)N(CCCCCCC(CCCCCCCCCC)CCCCCCCCCCCC)c4c3sc3cc(*)sc43)cc2s1,1,0.0,1,0.0,0.066,-3.77,-5.45,*c1cc2sc3c(c2s1)N(CCCCCCC(CCCCCCCCCC)CCCCCCCCCCCC)C(=O)/C3=C1/C(=O)N(CCCCCCC(CCCCCCCCCC)CCCCCCCCCCCC)c2c1sc1cc(*)sc21,*c1cc2sc(*)cc2s1,PTTIID-TVT,*c1ccc(/C=C/c2ccc(-c3cc4sc5c(c4s3)N(CCCCCCC(CCCCCCCCCC)CCCCCCCCCCCC)C(=O)/C5=C3/C(=O)N(CCCCCCC(CCCCCCCCCC)CCCCCCCCCCCC)c4c3sc3cc(*)sc43)s2)s1,1,0.0,1,0.0,0.044,-3.51,-5.47,*c1cc2sc3c(c2s1)N(CCCCCCC(CCCCCCCCCC)CCCCCCCCCCCC)C(=O)/C3=C1/C(=O)N(CCCCCCC(CCCCCCCCCC)CCCCCCCCCCCC)c2c1sc1cc(*)sc21,*c1ccc(/C=C/c2ccc(*)s2)s1
10.1039/c8tc02705f,PTTIID-TT,*c1cc2sc(-c3cc4sc5c(c4s3)N(CCCCCCC(CCCCCCCCCC)CCCCCCCCCCCC)C(=O)/C5=C3/C(=O)N(CCCCCCC(CCCCCCCCCC)CCCCCCCCCCCC)c4c3sc3cc(*)sc43)cc2s1,1,0.0,1,0.0,0.066,-3.77,-5.45,*c1cc2sc3c(c2s1)N(CCCCCCC(CCCCCCCCCC)CCCCCCCCCCCC)C(=O)/C3=C1/C(=O)N(CCCCCCC(CCCCCCCCCC)CCCCCCCCCCCC)c2c1sc1cc(*)sc21,*c1cc2sc(*)cc2s1,PTTIID-SVS,*c1cc2sc3c(c2s1)N(CCCCCCC(CCCCCCCCCC)CCCCCCCCCCCC)C(=O)/C3=C1/C(=O)N(CCCCCCC(CCCCCCCCCC)CCCCCCCCCCCC)c2c1sc1cc(-c3ccc(/C=C/c4ccc(*)[se]4)[se]3)sc21,1,0.0,1,0.0,0.046,-3.72,-5.48,*c1cc2sc3c(c2s1)N(CCCCCCC(CCCCCCCCCC)CCCCCCCCCCCC)C(=O)/C3=C1/C(=O)N(CCCCCCC(CCCCCCCCCC)CCCCCCCCCCCC)c2c1sc1cc(*)sc21,*c1ccc(/C=C/c2ccc(*)[se]2)[se]1
10.1039/c8tc02705f,PTTIID-TVT,*c1ccc(/C=C/c2ccc(-c3cc4sc5c(c4s3)N(CCCCCCC(CCCCCCCCCC)CCCCCCCCCCCC)C(=O)/C5=C3/C(=O)N(CCCCCCC(CCCCCCCCCC)CCCCCCCCCCCC)c4c3sc3cc(*)sc43)s2)s1,1,0.0,1,0.0,0.044,-3.51,-5.47,*c1cc2sc3c(c2s1)N(CCCCCCC(CCCCCCCCCC)CCCCCCCCCCCC)C(=O)/C3=C1/C(=O)N(CCCCCCC(CCCCCCCCCC)CCCCCCCCCCCC)c2c1sc1cc(*)sc21,*c1ccc(/C=C/c2ccc(*)s2)s1,PTTIID-SVS,*c1cc2sc3c(c2s1)N(CCCCCCC(CCCCCCCCCC)CCCCCCCCCCCC)C(=O)/C3=C1/C(=O)N(CCCCCCC(CCCCCCCCCC)CCCCCCCCCCCC)c2c1sc1cc(-c3ccc(/C=C/c4ccc(*)[se]4)[se]3)sc21,1,0.0,1,0.0,0.046,-3.72,-5.48,*c1cc2sc3c(c2s1)N(CCCCCCC(CCCCCCCCCC)CCCCCCCCCCCC)C(=O)/C3=C1/C(=O)N(CCCCCCC(CCCCCCCCCC)CCCCCCCCCCCC)c2c1sc1cc(*)sc21,*c1ccc(/C=C/c2ccc(*)[se]2)[se]1
10.1039/c8tc03725f,DPPTh-BT,*c1ccc(C2=C3C(=O)N(CCCC(CCCCCCCCCC)CCCCCCCCCC)C(c4ccc(-c5ccc(-c6ccc(*)s6)s5)s4)=C3C(=O)N2CCCC(CCCCCCCCCC)CCCCCCCCCC)s1,1,0.0,1,0.04,0.92,-3.59,-5.11,*c1ccc(-c2ccc(*)s2)s1,*c1ccc(C2=C3C(=O)N(CCCC(CCCCCCCCCC)CCCCCCCCCC)C(c4ccc(*)s4)=C3C(=O)N2CCCC(CCCCCCCCCC)CCCCCCCCCC)s1,DPPTh-BT2CN,*c1ccc(C2=C3C(=O)N(CCCC(CCCCCCCCCC)CCCCCCCCCC)C(c4ccc(-c5cc(C#N)c(-c6sc(*)cc6C#N)s5)s4)=C3C(=O)N2CCCC(CCCCCCCCCC)CCCCCCCCCC)s1,1,0.0,1,0.35,0.01,-3.67,-5.41,*c1cc(C#N)c(-c2sc(*)cc2C#N)s1,*c1ccc(C2=C3C(=O)N(CCCC(CCCCCCCCCC)CCCCCCCCCC)C(c4ccc(*)s4)=C3C(=O)N2CCCC(CCCCCCCCCC)CCCCCCCCCC)s1
10.1039/c8tc03725f,DPPTh-BT,*c1ccc(C2=C3C(=O)N(CCCC(CCCCCCCCCC)CCCCCCCCCC)C(c4ccc(-c5ccc(-c6ccc(*)s6)s5)s4)=C3C(=O)N2CCCC(CCCCCCCCCC)CCCCCCCCCC)s1,1,0.0,1,0.04,0.92,-3.59,-5.11,*c1ccc(-c2ccc(*)s2)s1,*c1ccc(C2=C3C(=O)N(CCCC(CCCCCCCCCC)CCCCCCCCCC)C(c4ccc(*)s4)=C3C(=O)N2CCCC(CCCCCCCCCC)CCCCCCCCCC)s1,DPPPy-BT2CN,*c1ccc(C2=C3C(=O)N(CCCC(CCCCCCCCCC)CCCCCCCCCC)C(c4ccc(-c5cc(C#N)c(-c6sc(*)cc6C#N)s5)cn4)=C3C(=O)N2CCCC(CCCCCCCCCC)CCCCCCCCCC)nc1,1,0.0,1,0.3,0.0,-3.75,-5.83,*c1cc(C#N)c(-c2sc(*)cc2C#N)s1,*c1ccc(C2=C3C(=O)N(CCCC(CCCCCCCCCC)CCCCCCCCCC)C(c4ccc(*)cn4)=C3C(=O)N2CCCC(CCCCCCCCCC)CCCCCCCCCC)nc1
10.1039/c8tc03725f,DPPTh-BT,*c1ccc(C2=C3C(=O)N(CCCC(CCCCCCCCCC)CCCCCCCCCC)C(c4ccc(-c5ccc(-c6ccc(*)s6)s5)s4)=C3C(=O)N2CCCC(CCCCCCCCCC)CCCCCCCCCC)s1,1,0.0,1,0.04,0.92,-3.59,-5.11,*c1ccc(-c2ccc(*)s2)s1,*c1ccc(C2=C3C(=O)N(CCCC(CCCCCCCCCC)CCCCCCCCCC)C(c4ccc(*)s4)=C3C(=O)N2CCCC(CCCCCCCCCC)CCCCCCCCCC)s1,2FIID-BT2CN,*c1cc(C#N)c(-c2sc(-c3ccc4c(c3F)N(CCCC(CCCCCCCCCC)CCCCCCCCCC)C(=O)/C4=C3/C(=O)N(CCCC(CCCCCCCCCC)CCCCCCCCCC)c4c3ccc(*)c4F)cc2C#N)s1,1,0.0,1,0.25,0.0,-3.92,-6.15,*c1cc(C#N)c(-c2sc(*)cc2C#N)s1,*c1ccc2c(c1F)N(CCCC(CCCCCCCCCC)CCCCCCCCCC)C(=O)/C2=C1/C(=O)N(CCCC(CCCCCCCCCC)CCCCCCCCCC)c2c1ccc(*)c2F
10.1039/c8tc03725f,DPPTh-BT2CN,*c1ccc(C2=C3C(=O)N(CCCC(CCCCCCCCCC)CCCCCCCCCC)C(c4ccc(-c5cc(C#N)c(-c6sc(*)cc6C#N)s5)s4)=C3C(=O)N2CCCC(CCCCCCCCCC)CCCCCCCCCC)s1,1,0.0,1,0.35,0.01,-3.67,-5.41,*c1cc(C#N)c(-c2sc(*)cc2C#N)s1,*c1ccc(C2=C3C(=O)N(CCCC(CCCCCCCCCC)CCCCCCCCCC)C(c4ccc(*)s4)=C3C(=O)N2CCCC(CCCCCCCCCC)CCCCCCCCCC)s1,DPPPy-BT2CN,*c1ccc(C2=C3C(=O)N(CCCC(CCCCCCCCCC)CCCCCCCCCC)C(c4ccc(-c5cc(C#N)c(-c6sc(*)cc6C#N)s5)cn4)=C3C(=O)N2CCCC(CCCCCCCCCC)CCCCCCCCCC)nc1,1,0.0,1,0.3,0.0,-3.75,-5.83,*c1cc(C#N)c(-c2sc(*)cc2C#N)s1,*c1ccc(C2=C3C(=O)N(CCCC(CCCCCCCCCC)CCCCCCCCCC)C(c4ccc(*)cn4)=C3C(=O)N2CCCC(CCCCCCCCCC)CCCCCCCCCC)nc1
10.1039/c8tc03725f,DPPTh-BT2CN,*c1ccc(C2=C3C(=O)N(CCCC(CCCCCCCCCC)CCCCCCCCCC)C(c4ccc(-c5cc(C#N)c(-c6sc(*)cc6C#N)s5)s4)=C3C(=O)N2CCCC(CCCCCCCCCC)CCCCCCCCCC)s1,1,0.0,1,0.35,0.01,-3.67,-5.41,*c1cc(C#N)c(-c2sc(*)cc2C#N)s1,*c1ccc(C2=C3C(=O)N(CCCC(CCCCCCCCCC)CCCCCCCCCC)C(c4ccc(*)s4)=C3C(=O)N2CCCC(CCCCCCCCCC)CCCCCCCCCC)s1,2FIID-BT2CN,*c1cc(C#N)c(-c2sc(-c3ccc4c(c3F)N(CCCC(CCCCCCCCCC)CCCCCCCCCC)C(=O)/C4=C3/C(=O)N(CCCC(CCCCCCCCCC)CCCCCCCCCC)c4c3ccc(*)c4F)cc2C#N)s1,1,0.0,1,0.25,0.0,-3.92,-6.15,*c1cc(C#N)c(-c2sc(*)cc2C#N)s1,*c1ccc2c(c1F)N(CCCC(CCCCCCCCCC)CCCCCCCCCC)C(=O)/C2=C1/C(=O)N(CCCC(CCCCCCCCCC)CCCCCCCCCC)c2c1ccc(*)c2F
10.1039/c8tc03725f,DPPPy-BT2CN,*c1ccc(C2=C3C(=O)N(CCCC(CCCCCCCCCC)CCCCCCCCCC)C(c4ccc(-c5cc(C#N)c(-c6sc(*)cc6C#N)s5)cn4)=C3C(=O)N2CCCC(CCCCCCCCCC)CCCCCCCCCC)nc1,1,0.0,1,0.3,0.0,-3.75,-5.83,*c1cc(C#N)c(-c2sc(*)cc2C#N)s1,*c1ccc(C2=C3C(=O)N(CCCC(CCCCCCCCCC)CCCCCCCCCC)C(c4ccc(*)cn4)=C3C(=O)N2CCCC(CCCCCCCCCC)CCCCCCCCCC)nc1,2FIID-BT2CN,*c1cc(C#N)c(-c2sc(-c3ccc4c(c3F)N(CCCC(CCCCCCCCCC)CCCCCCCCCC)C(=O)/C4=C3/C(=O)N(CCCC(CCCCCCCCCC)CCCCCCCCCC)c4c3ccc(*)c4F)cc2C#N)s1,1,0.0,1,0.25,0.0,-3.92,-6.15,*c1cc(C#N)c(-c2sc(*)cc2C#N)s1,*c1ccc2c(c1F)N(CCCC(CCCCCCCCCC)CCCCCCCCCC)C(=O)/C2=C1/C(=O)N(CCCC(CCCCCCCCCC)CCCCCCCCCC)c2c1ccc(*)c2F
10.1039/c8tc03917h,Fused-DPP-BT,*c1ccc(-c2ccc(-c3cc4c(s3)C3=C5C(=O)N6C=C(CC(CCCCCCCC)CCCCCCCCCC)c7cc(*)sc7C6=C5C(=O)N3C=C4CC(CCCCCCCC)CCCCCCCCCC)s2)s1,1,0.0,1,0.0,0.1,-3.71,-4.96,*c1ccc(-c2ccc(*)s2)s1,*c1cc2c(s1)C1=C3C(=O)N4C=C(CC(CCCCCCCC)CCCCCCCCCC)c5cc(*)sc5C4=C3C(=O)N1C=C2CC(CCCCCCCC)CCCCCCCCCC,Fused-DPP-T,*c1ccc(-c2cc3c(s2)C2=C4C(=O)N5C=C(CC(CCCCCCCC)CCCCCCCCCC)c6cc(*)sc6C5=C4C(=O)N2C=C3CC(CCCCCCCC)CCCCCCCCCC)s1,1,0.0,0,0.0,0.012,-3.7,-4.95,*c1ccc(*)s1,*c1cc2c(s1)C1=C3C(=O)N4C=C(CC(CCCCCCCC)CCCCCCCCCC)c5cc(*)sc5C4=C3C(=O)N1C=C2CC(CCCCCCCC)CCCCCCCCCC
10.1039/c9cc03682b,PDTCDI-BT1,*c1ccc(-c2ccc(-c3cc4c(c5ccsc35)c3c(=O)n(CC(CCCCCCCCCC)CCCCCCCCCCCC)c(=O)c3c3c5cc(*)c6sccc6c5c5c(=O)n(CC(CCCCCCCCCC)CCCCCCCCCCCC)c(=O)c5c43)s2)s1,1,0.0,1,0.11,0.0,-4.01,-6.05,*c1ccc(-c2ccc(*)s2)s1,*c1cc2c(c3ccsc13)c1c(=O)n(CC(CCCCCCCCCC)CCCCCCCCCCCC)c(=O)c1c1c3cc(*)c4sccc4c3c3c(=O)n(CC(CCCCCCCCCC)CCCCCCCCCCCC)c(=O)c3c21,PDTCDI-BT2,*c1ccc(-c2ccc(-c3cc4c(ccc5c4c4c(=O)n(CC(CCCCCCCCCC)CCCCCCCCCCCC)c(=O)c4c4c6ccc7sc(*)cc7c6c6c(=O)n(CC(CCCCCCCCCC)CCCCCCCCCCCC)c(=O)c6c54)s3)s2)s1,0,0.0,1,0.00179,0.00087,-3.96,-5.76,*c1ccc(-c2ccc(*)s2)s1,*c1cc2c(ccc3c2c2c(=O)n(CC(CCCCCCCCCC)CCCCCCCCCCCC)c(=O)c2c2c4ccc5sc(*)cc5c4c4c(=O)n(CC(CCCCCCCCCC)CCCCCCCCCCCC)c(=O)c4c32)s1
10.1039/c9py00448c,PFDPPF-Si,*c1ccc(C2=C3C(=O)N(CCCCC[Si](C)(O[Si](C)(C)C)O[Si](C)(C)C)C(c4ccc(-c5ccc(*)o5)o4)=C3C(=O)N2CCCCC[Si](C)(O[Si](C)(C)C)O[Si](C)(C)C)o1,1,0.0,0,0.15,2.48,-3.57,-5.21,*c1ccc(*)o1,*c1ccc(C2=C3C(=O)N(CCCCC[Si](C)(O[Si](C)(C)C)O[Si](C)(C)C)C(c4ccc(*)o4)=C3C(=O)N2CCCCC[Si](C)(O[Si](C)(C)C)O[Si](C)(C)C)o1,PFDPPT-Si,*c1ccc(C2=C3C(=O)N(CCCCC[Si](C)(O[Si](C)(C)C)O[Si](C)(C)C)C(c4ccc(-c5ccc(*)s5)o4)=C3C(=O)N2CCCCC[Si](C)(O[Si](C)(C)C)O[Si](C)(C)C)o1,1,0.0,0,0.21,1.99,-3.57,-5.18,*c1ccc(*)s1,*c1ccc(C2=C3C(=O)N(CCCCC[Si](C)(O[Si](C)(C)C)O[Si](C)(C)C)C(c4ccc(*)o4)=C3C(=O)N2CCCCC[Si](C)(O[Si](C)(C)C)O[Si](C)(C)C)o1
10.1039/c9py00448c,PFDPPF-Si,*c1ccc(C2=C3C(=O)N(CCCCC[Si](C)(O[Si](C)(C)C)O[Si](C)(C)C)C(c4ccc(-c5ccc(*)o5)o4)=C3C(=O)N2CCCCC[Si](C)(O[Si](C)(C)C)O[Si](C)(C)C)o1,1,0.0,0,0.15,2.48,-3.57,-5.21,*c1ccc(*)o1,*c1ccc(C2=C3C(=O)N(CCCCC[Si](C)(O[Si](C)(C)C)O[Si](C)(C)C)C(c4ccc(*)o4)=C3C(=O)N2CCCCC[Si](C)(O[Si](C)(C)C)O[Si](C)(C)C)o1,PFDPPS-Si,*c1ccc(C2=C3C(=O)N(CCCCC[Si](C)(O[Si](C)(C)C)O[Si](C)(C)C)C(c4ccc(-c5ccc(*)[se]5)o4)=C3C(=O)N2CCCCC[Si](C)(O[Si](C)(C)C)O[Si](C)(C)C)o1,1,0.0,0,0.3,1.9,-3.65,-5.18,*c1ccc(*)[se]1,*c1ccc(C2=C3C(=O)N(CCCCC[Si](C)(O[Si](C)(C)C)O[Si](C)(C)C)C(c4ccc(*)o4)=C3C(=O)N2CCCCC[Si](C)(O[Si](C)(C)C)O[Si](C)(C)C)o1
10.1039/c9py00448c,PFDPPT-Si,*c1ccc(C2=C3C(=O)N(CCCCC[Si](C)(O[Si](C)(C)C)O[Si](C)(C)C)C(c4ccc(-c5ccc(*)s5)o4)=C3C(=O)N2CCCCC[Si](C)(O[Si](C)(C)C)O[Si](C)(C)C)o1,1,0.0,0,0.21,1.99,-3.57,-5.18,*c1ccc(*)s1,*c1ccc(C2=C3C(=O)N(CCCCC[Si](C)(O[Si](C)(C)C)O[Si](C)(C)C)C(c4ccc(*)o4)=C3C(=O)N2CCCCC[Si](C)(O[Si](C)(C)C)O[Si](C)(C)C)o1,PFDPPS-Si,*c1ccc(C2=C3C(=O)N(CCCCC[Si](C)(O[Si](C)(C)C)O[Si](C)(C)C)C(c4ccc(-c5ccc(*)[se]5)o4)=C3C(=O)N2CCCCC[Si](C)(O[Si](C)(C)C)O[Si](C)(C)C)o1,1,0.0,0,0.3,1.9,-3.65,-5.18,*c1ccc(*)[se]1,*c1ccc(C2=C3C(=O)N(CCCCC[Si](C)(O[Si](C)(C)C)O[Si](C)(C)C)C(c4ccc(*)o4)=C3C(=O)N2CCCCC[Si](C)(O[Si](C)(C)C)O[Si](C)(C)C)o1
10.1039/c9tc02021g,PBIID1-BT,*c1ccc2c(c1)N(CC(CCCCCCCCCC)CCCCCCCCCCCC)C(=O)/C2=C1/C(=O)N(CC(CCCCCCCCCC)CCCCCCCCCCCC)c2c1ccc1c3c(ccc21)/C(=C1\C(=O)N(CC(CCCCCCCCCC)CCCCCCCCCCCC)c2cc(-c4ccc(-c5ccc(*)s5)s4)ccc21)C(=O)N3CC(CCCCCCCCCC)CCCCCCCCCCCC,1,0.0,1,0.0,0.01,-3.64,-5.57,*c1ccc(-c2ccc(*)s2)s1,*c1ccc2c(c1)N(CC(CCCCCCCCCC)CCCCCCCCCCCC)C(=O)/C2=C1/C(=O)N(CC(CCCCCCCCCC)CCCCCCCCCCCC)c2c1ccc1c3c(ccc21)/C(=C1\C(=O)N(CC(CCCCCCCCCC)CCCCCCCCCCCC)c2cc(*)ccc21)C(=O)N3CC(CCCCCCCCCC)CCCCCCCCCCCC,PBIID2-BT,*c1ccc2c(c1)N(CC(CCCCCCCCCC)CCCCCCCCCCCC)C(=O)/C2=C1/C(=O)N(CCCCCCCCCCCC)c2c1ccc1c3c(ccc21)/C(=C1\C(=O)N(CC(CCCCCCCCCC)CCCCCCCCCCCC)c2cc(-c4ccc(-c5ccc(*)s5)s4)ccc21)C(=O)N3CCCCCCCCCCCC,1,0.0,1,0.045,0.67,-3.65,-5.62,*c1ccc(-c2ccc(*)s2)s1,*c1ccc2c(c1)N(CC(CCCCCCCCCC)CCCCCCCCCCCC)C(=O)/C2=C1/C(=O)N(CCCCCCCCCCCC)c2c1ccc1c3c(ccc21)/C(=C1\C(=O)N(CC(CCCCCCCCCC)CCCCCCCCCCCC)c2cc(*)ccc21)C(=O)N3CCCCCCCCCCCC
10.1039/c9tc02021g,PBIID1-BT,*c1ccc2c(c1)N(CC(CCCCCCCCCC)CCCCCCCCCCCC)C(=O)/C2=C1/C(=O)N(CC(CCCCCCCCCC)CCCCCCCCCCCC)c2c1ccc1c3c(ccc21)/C(=C1\C(=O)N(CC(CCCCCCCCCC)CCCCCCCCCCCC)c2cc(-c4ccc(-c5ccc(*)s5)s4)ccc21)C(=O)N3CC(CCCCCCCCCC)CCCCCCCCCCCC,1,0.0,1,0.0,0.01,-3.64,-5.57,*c1ccc(-c2ccc(*)s2)s1,*c1ccc2c(c1)N(CC(CCCCCCCCCC)CCCCCCCCCCCC)C(=O)/C2=C1/C(=O)N(CC(CCCCCCCCCC)CCCCCCCCCCCC)c2c1ccc1c3c(ccc21)/C(=C1\C(=O)N(CC(CCCCCCCCCC)CCCCCCCCCCCC)c2cc(*)ccc21)C(=O)N3CC(CCCCCCCCCC)CCCCCCCCCCCC,PBAID1-BT,*c1ccc2c(n1)N(CC(CCCCCCCCCC)CCCCCCCCCCCC)C(=O)/C2=C1/C(=O)N(CC(CCCCCCCCCC)CCCCCCCCCCCC)c2c1ccc1c3c(ccc21)/C(=C1\C(=O)N(CC(CCCCCCCCCC)CCCCCCCCCCCC)c2nc(-c4ccc(-c5ccc(*)s5)s4)ccc21)C(=O)N3CC(CCCCCCCCCC)CCCCCCCCCCCC,1,0.0,1,0.0,0.018,-3.69,-5.65,*c1ccc(-c2ccc(*)s2)s1,*c1ccc2c(n1)N(CC(CCCCCCCCCC)CCCCCCCCCCCC)C(=O)/C2=C1/C(=O)N(CC(CCCCCCCCCC)CCCCCCCCCCCC)c2c1ccc1c3c(ccc21)/C(=C1\C(=O)N(CC(CCCCCCCCCC)CCCCCCCCCCCC)c2nc(*)ccc21)C(=O)N3CC(CCCCCCCCCC)CCCCCCCCCCCC
10.1039/c9tc02021g,PBIID1-BT,*c1ccc2c(c1)N(CC(CCCCCCCCCC)CCCCCCCCCCCC)C(=O)/C2=C1/C(=O)N(CC(CCCCCCCCCC)CCCCCCCCCCCC)c2c1ccc1c3c(ccc21)/C(=C1\C(=O)N(CC(CCCCCCCCCC)CCCCCCCCCCCC)c2cc(-c4ccc(-c5ccc(*)s5)s4)ccc21)C(=O)N3CC(CCCCCCCCCC)CCCCCCCCCCCC,1,0.0,1,0.0,0.01,-3.64,-5.57,*c1ccc(-c2ccc(*)s2)s1,*c1ccc2c(c1)N(CC(CCCCCCCCCC)CCCCCCCCCCCC)C(=O)/C2=C1/C(=O)N(CC(CCCCCCCCCC)CCCCCCCCCCCC)c2c1ccc1c3c(ccc21)/C(=C1\C(=O)N(CC(CCCCCCCCCC)CCCCCCCCCCCC)c2cc(*)ccc21)C(=O)N3CC(CCCCCCCCCC)CCCCCCCCCCCC,PBAID2-BT,*c1ccc2c(n1)N(CC(CCCCCCCCCC)CCCCCCCCCCCC)C(=O)/C2=C1/C(=O)N(CCCCCCCCCCCC)c2c1ccc1c3c(ccc21)/C(=C1\C(=O)N(CC(CCCCCCCCCC)CCCCCCCCCCCC)c2nc(-c4ccc(-c5ccc(*)s5)s4)ccc21)C(=O)N3CCCCCCCCCCCC,1,0.0,1,0.94,0.7,-3.68,-5.61,*c1ccc(-c2ccc(*)s2)s1,*c1ccc2c(n1)N(CC(CCCCCCCCCC)CCCCCCCCCCCC)C(=O)/C2=C1/C(=O)N(CCCCCCCCCCCC)c2c1ccc1c3c(ccc21)/C(=C1\C(=O)N(CC(CCCCCCCCCC)CCCCCCCCCCCC)c2nc(*)ccc21)C(=O)N3CCCCCCCCCCCC
10.1039/c9tc02021g,PBIID1-BT,*c1ccc2c(c1)N(CC(CCCCCCCCCC)CCCCCCCCCCCC)C(=O)/C2=C1/C(=O)N(CC(CCCCCCCCCC)CCCCCCCCCCCC)c2c1ccc1c3c(ccc21)/C(=C1\C(=O)N(CC(CCCCCCCCCC)CCCCCCCCCCCC)c2cc(-c4ccc(-c5ccc(*)s5)s4)ccc21)C(=O)N3CC(CCCCCCCCCC)CCCCCCCCCCCC,1,0.0,1,0.0,0.01,-3.64,-5.57,*c1ccc(-c2ccc(*)s2)s1,*c1ccc2c(c1)N(CC(CCCCCCCCCC)CCCCCCCCCCCC)C(=O)/C2=C1/C(=O)N(CC(CCCCCCCCCC)CCCCCCCCCCCC)c2c1ccc1c3c(ccc21)/C(=C1\C(=O)N(CC(CCCCCCCCCC)CCCCCCCCCCCC)c2cc(*)ccc21)C(=O)N3CC(CCCCCCCCCC)CCCCCCCCCCCC,PBAID3-BT,*c1ccc2c(n1)N(CCCC(CCCCCCCCCC)CCCCCCCCCC)C(=O)/C2=C1/C(=O)N(CCCCCCCCCCCC)c2c1ccc1c3c(ccc21)/C(=C1\C(=O)N(CCCC(CCCCCCCCCC)CCCCCCCCCC)c2nc(-c4ccc(-c5ccc(*)s5)s4)ccc21)C(=O)N3CCCCCCCCCCCC,1,0.0,1,0.61,1.66,-3.67,-5.64,*c1ccc(-c2ccc(*)s2)s1,*c1ccc2c(n1)N(CCCC(CCCCCCCCCC)CCCCCCCCCC)C(=O)/C2=C1/C(=O)N(CCCCCCCCCCCC)c2c1ccc1c3c(ccc21)/C(=C1\C(=O)N(CCCC(CCCCCCCCCC)CCCCCCCCCC)c2nc(*)ccc21)C(=O)N3CCCCCCCCCCCC
10.1039/c9tc02021g,PBIID1-BT,*c1ccc2c(c1)N(CC(CCCCCCCCCC)CCCCCCCCCCCC)C(=O)/C2=C1/C(=O)N(CC(CCCCCCCCCC)CCCCCCCCCCCC)c2c1ccc1c3c(ccc21)/C(=C1\C(=O)N(CC(CCCCCCCCCC)CCCCCCCCCCCC)c2cc(-c4ccc(-c5ccc(*)s5)s4)ccc21)C(=O)N3CC(CCCCCCCCCC)CCCCCCCCCCCC,1,0.0,1,0.0,0.01,-3.64,-5.57,*c1ccc(-c2ccc(*)s2)s1,*c1ccc2c(c1)N(CC(CCCCCCCCCC)CCCCCCCCCCCC)C(=O)/C2=C1/C(=O)N(CC(CCCCCCCCCC)CCCCCCCCCCCC)c2c1ccc1c3c(ccc21)/C(=C1\C(=O)N(CC(CCCCCCCCCC)CCCCCCCCCCCC)c2cc(*)ccc21)C(=O)N3CC(CCCCCCCCCC)CCCCCCCCCCCC,PBAID3-2FBT,*c1ccc2c(n1)N(CCCC(CCCCCCCCCC)CCCCCCCCCC)C(=O)/C2=C1/C(=O)N(CCCCCCCCCCCC)c2c1ccc1c3c(ccc21)/C(=C1\C(=O)N(CCCC(CCCCCCCCCC)CCCCCCCCCC)c2nc(-c4cc(F)c(-c5sc(*)cc5F)s4)ccc21)C(=O)N3CCCCCCCCCCCC,1,0.0,1,1.33,1.68,-3.7,-5.66,*c1cc(F)c(-c2sc(*)cc2F)s1,*c1ccc2c(n1)N(CCCC(CCCCCCCCCC)CCCCCCCCCC)C(=O)/C2=C1/C(=O)N(CCCCCCCCCCCC)c2c1ccc1c3c(ccc21)/C(=C1\C(=O)N(CCCC(CCCCCCCCCC)CCCCCCCCCC)c2nc(*)ccc21)C(=O)N3CCCCCCCCCCCC
10.1039/c9tc02021g,PBIID2-BT,*c1ccc2c(c1)N(CC(CCCCCCCCCC)CCCCCCCCCCCC)C(=O)/C2=C1/C(=O)N(CCCCCCCCCCCC)c2c1ccc1c3c(ccc21)/C(=C1\C(=O)N(CC(CCCCCCCCCC)CCCCCCCCCCCC)c2cc(-c4ccc(-c5ccc(*)s5)s4)ccc21)C(=O)N3CCCCCCCCCCCC,1,0.0,1,0.045,0.67,-3.65,-5.62,*c1ccc(-c2ccc(*)s2)s1,*c1ccc2c(c1)N(CC(CCCCCCCCCC)CCCCCCCCCCCC)C(=O)/C2=C1/C(=O)N(CCCCCCCCCCCC)c2c1ccc1c3c(ccc21)/C(=C1\C(=O)N(CC(CCCCCCCCCC)CCCCCCCCCCCC)c2cc(*)ccc21)C(=O)N3CCCCCCCCCCCC,PBAID1-BT,*c1ccc2c(n1)N(CC(CCCCCCCCCC)CCCCCCCCCCCC)C(=O)/C2=C1/C(=O)N(CC(CCCCCCCCCC)CCCCCCCCCCCC)c2c1ccc1c3c(ccc21)/C(=C1\C(=O)N(CC(CCCCCCCCCC)CCCCCCCCCCCC)c2nc(-c4ccc(-c5ccc(*)s5)s4)ccc21)C(=O)N3CC(CCCCCCCCCC)CCCCCCCCCCCC,1,0.0,1,0.0,0.018,-3.69,-5.65,*c1ccc(-c2ccc(*)s2)s1,*c1ccc2c(n1)N(CC(CCCCCCCCCC)CCCCCCCCCCCC)C(=O)/C2=C1/C(=O)N(CC(CCCCCCCCCC)CCCCCCCCCCCC)c2c1ccc1c3c(ccc21)/C(=C1\C(=O)N(CC(CCCCCCCCCC)CCCCCCCCCCCC)c2nc(*)ccc21)C(=O)N3CC(CCCCCCCCCC)CCCCCCCCCCCC
10.1039/c9tc02021g,PBIID2-BT,*c1ccc2c(c1)N(CC(CCCCCCCCCC)CCCCCCCCCCCC)C(=O)/C2=C1/C(=O)N(CCCCCCCCCCCC)c2c1ccc1c3c(ccc21)/C(=C1\C(=O)N(CC(CCCCCCCCCC)CCCCCCCCCCCC)c2cc(-c4ccc(-c5ccc(*)s5)s4)ccc21)C(=O)N3CCCCCCCCCCCC,1,0.0,1,0.045,0.67,-3.65,-5.62,*c1ccc(-c2ccc(*)s2)s1,*c1ccc2c(c1)N(CC(CCCCCCCCCC)CCCCCCCCCCCC)C(=O)/C2=C1/C(=O)N(CCCCCCCCCCCC)c2c1ccc1c3c(ccc21)/C(=C1\C(=O)N(CC(CCCCCCCCCC)CCCCCCCCCCCC)c2cc(*)ccc21)C(=O)N3CCCCCCCCCCCC,PBAID2-BT,*c1ccc2c(n1)N(CC(CCCCCCCCCC)CCCCCCCCCCCC)C(=O)/C2=C1/C(=O)N(CCCCCCCCCCCC)c2c1ccc1c3c(ccc21)/C(=C1\C(=O)N(CC(CCCCCCCCCC)CCCCCCCCCCCC)c2nc(-c4ccc(-c5ccc(*)s5)s4)ccc21)C(=O)N3CCCCCCCCCCCC,1,0.0,1,0.94,0.7,-3.68,-5.61,*c1ccc(-c2ccc(*)s2)s1,*c1ccc2c(n1)N(CC(CCCCCCCCCC)CCCCCCCCCCCC)C(=O)/C2=C1/C(=O)N(CCCCCCCCCCCC)c2c1ccc1c3c(ccc21)/C(=C1\C(=O)N(CC(CCCCCCCCCC)CCCCCCCCCCCC)c2nc(*)ccc21)C(=O)N3CCCCCCCCCCCC
10.1039/c9tc02021g,PBIID2-BT,*c1ccc2c(c1)N(CC(CCCCCCCCCC)CCCCCCCCCCCC)C(=O)/C2=C1/C(=O)N(CCCCCCCCCCCC)c2c1ccc1c3c(ccc21)/C(=C1\C(=O)N(CC(CCCCCCCCCC)CCCCCCCCCCCC)c2cc(-c4ccc(-c5ccc(*)s5)s4)ccc21)C(=O)N3CCCCCCCCCCCC,1,0.0,1,0.045,0.67,-3.65,-5.62,*c1ccc(-c2ccc(*)s2)s1,*c1ccc2c(c1)N(CC(CCCCCCCCCC)CCCCCCCCCCCC)C(=O)/C2=C1/C(=O)N(CCCCCCCCCCCC)c2c1ccc1c3c(ccc21)/C(=C1\C(=O)N(CC(CCCCCCCCCC)CCCCCCCCCCCC)c2cc(*)ccc21)C(=O)N3CCCCCCCCCCCC,PBAID3-BT,*c1ccc2c(n1)N(CCCC(CCCCCCCCCC)CCCCCCCCCC)C(=O)/C2=C1/C(=O)N(CCCCCCCCCCCC)c2c1ccc1c3c(ccc21)/C(=C1\C(=O)N(CCCC(CCCCCCCCCC)CCCCCCCCCC)c2nc(-c4ccc(-c5ccc(*)s5)s4)ccc21)C(=O)N3CCCCCCCCCCCC,1,0.0,1,0.61,1.66,-3.67,-5.64,*c1ccc(-c2ccc(*)s2)s1,*c1ccc2c(n1)N(CCCC(CCCCCCCCCC)CCCCCCCCCC)C(=O)/C2=C1/C(=O)N(CCCCCCCCCCCC)c2c1ccc1c3c(ccc21)/C(=C1\C(=O)N(CCCC(CCCCCCCCCC)CCCCCCCCCC)c2nc(*)ccc21)C(=O)N3CCCCCCCCCCCC
10.1039/c9tc02021g,PBIID2-BT,*c1ccc2c(c1)N(CC(CCCCCCCCCC)CCCCCCCCCCCC)C(=O)/C2=C1/C(=O)N(CCCCCCCCCCCC)c2c1ccc1c3c(ccc21)/C(=C1\C(=O)N(CC(CCCCCCCCCC)CCCCCCCCCCCC)c2cc(-c4ccc(-c5ccc(*)s5)s4)ccc21)C(=O)N3CCCCCCCCCCCC,1,0.0,1,0.045,0.67,-3.65,-5.62,*c1ccc(-c2ccc(*)s2)s1,*c1ccc2c(c1)N(CC(CCCCCCCCCC)CCCCCCCCCCCC)C(=O)/C2=C1/C(=O)N(CCCCCCCCCCCC)c2c1ccc1c3c(ccc21)/C(=C1\C(=O)N(CC(CCCCCCCCCC)CCCCCCCCCCCC)c2cc(*)ccc21)C(=O)N3CCCCCCCCCCCC,PBAID3-2FBT,*c1ccc2c(n1)N(CCCC(CCCCCCCCCC)CCCCCCCCCC)C(=O)/C2=C1/C(=O)N(CCCCCCCCCCCC)c2c1ccc1c3c(ccc21)/C(=C1\C(=O)N(CCCC(CCCCCCCCCC)CCCCCCCCCC)c2nc(-c4cc(F)c(-c5sc(*)cc5F)s4)ccc21)C(=O)N3CCCCCCCCCCCC,1,0.0,1,1.33,1.68,-3.7,-5.66,*c1cc(F)c(-c2sc(*)cc2F)s1,*c1ccc2c(n1)N(CCCC(CCCCCCCCCC)CCCCCCCCCC)C(=O)/C2=C1/C(=O)N(CCCCCCCCCCCC)c2c1ccc1c3c(ccc21)/C(=C1\C(=O)N(CCCC(CCCCCCCCCC)CCCCCCCCCC)c2nc(*)ccc21)C(=O)N3CCCCCCCCCCCC
10.1039/c9tc02021g,PBAID1-BT,*c1ccc2c(n1)N(CC(CCCCCCCCCC)CCCCCCCCCCCC)C(=O)/C2=C1/C(=O)N(CC(CCCCCCCCCC)CCCCCCCCCCCC)c2c1ccc1c3c(ccc21)/C(=C1\C(=O)N(CC(CCCCCCCCCC)CCCCCCCCCCCC)c2nc(-c4ccc(-c5ccc(*)s5)s4)ccc21)C(=O)N3CC(CCCCCCCCCC)CCCCCCCCCCCC,1,0.0,1,0.0,0.018,-3.69,-5.65,*c1ccc(-c2ccc(*)s2)s1,*c1ccc2c(n1)N(CC(CCCCCCCCCC)CCCCCCCCCCCC)C(=O)/C2=C1/C(=O)N(CC(CCCCCCCCCC)CCCCCCCCCCCC)c2c1ccc1c3c(ccc21)/C(=C1\C(=O)N(CC(CCCCCCCCCC)CCCCCCCCCCCC)c2nc(*)ccc21)C(=O)N3CC(CCCCCCCCCC)CCCCCCCCCCCC,PBAID2-BT,*c1ccc2c(n1)N(CC(CCCCCCCCCC)CCCCCCCCCCCC)C(=O)/C2=C1/C(=O)N(CCCCCCCCCCCC)c2c1ccc1c3c(ccc21)/C(=C1\C(=O)N(CC(CCCCCCCCCC)CCCCCCCCCCCC)c2nc(-c4ccc(-c5ccc(*)s5)s4)ccc21)C(=O)N3CCCCCCCCCCCC,1,0.0,1,0.94,0.7,-3.68,-5.61,*c1ccc(-c2ccc(*)s2)s1,*c1ccc2c(n1)N(CC(CCCCCCCCCC)CCCCCCCCCCCC)C(=O)/C2=C1/C(=O)N(CCCCCCCCCCCC)c2c1ccc1c3c(ccc21)/C(=C1\C(=O)N(CC(CCCCCCCCCC)CCCCCCCCCCCC)c2nc(*)ccc21)C(=O)N3CCCCCCCCCCCC
10.1039/c9tc02021g,PBAID1-BT,*c1ccc2c(n1)N(CC(CCCCCCCCCC)CCCCCCCCCCCC)C(=O)/C2=C1/C(=O)N(CC(CCCCCCCCCC)CCCCCCCCCCCC)c2c1ccc1c3c(ccc21)/C(=C1\C(=O)N(CC(CCCCCCCCCC)CCCCCCCCCCCC)c2nc(-c4ccc(-c5ccc(*)s5)s4)ccc21)C(=O)N3CC(CCCCCCCCCC)CCCCCCCCCCCC,1,0.0,1,0.0,0.018,-3.69,-5.65,*c1ccc(-c2ccc(*)s2)s1,*c1ccc2c(n1)N(CC(CCCCCCCCCC)CCCCCCCCCCCC)C(=O)/C2=C1/C(=O)N(CC(CCCCCCCCCC)CCCCCCCCCCCC)c2c1ccc1c3c(ccc21)/C(=C1\C(=O)N(CC(CCCCCCCCCC)CCCCCCCCCCCC)c2nc(*)ccc21)C(=O)N3CC(CCCCCCCCCC)CCCCCCCCCCCC,PBAID3-BT,*c1ccc2c(n1)N(CCCC(CCCCCCCCCC)CCCCCCCCCC)C(=O)/C2=C1/C(=O)N(CCCCCCCCCCCC)c2c1ccc1c3c(ccc21)/C(=C1\C(=O)N(CCCC(CCCCCCCCCC)CCCCCCCCCC)c2nc(-c4ccc(-c5ccc(*)s5)s4)ccc21)C(=O)N3CCCCCCCCCCCC,1,0.0,1,0.61,1.66,-3.67,-5.64,*c1ccc(-c2ccc(*)s2)s1,*c1ccc2c(n1)N(CCCC(CCCCCCCCCC)CCCCCCCCCC)C(=O)/C2=C1/C(=O)N(CCCCCCCCCCCC)c2c1ccc1c3c(ccc21)/C(=C1\C(=O)N(CCCC(CCCCCCCCCC)CCCCCCCCCC)c2nc(*)ccc21)C(=O)N3CCCCCCCCCCCC
10.1039/c9tc02021g,PBAID1-BT,*c1ccc2c(n1)N(CC(CCCCCCCCCC)CCCCCCCCCCCC)C(=O)/C2=C1/C(=O)N(CC(CCCCCCCCCC)CCCCCCCCCCCC)c2c1ccc1c3c(ccc21)/C(=C1\C(=O)N(CC(CCCCCCCCCC)CCCCCCCCCCCC)c2nc(-c4ccc(-c5ccc(*)s5)s4)ccc21)C(=O)N3CC(CCCCCCCCCC)CCCCCCCCCCCC,1,0.0,1,0.0,0.018,-3.69,-5.65,*c1ccc(-c2ccc(*)s2)s1,*c1ccc2c(n1)N(CC(CCCCCCCCCC)CCCCCCCCCCCC)C(=O)/C2=C1/C(=O)N(CC(CCCCCCCCCC)CCCCCCCCCCCC)c2c1ccc1c3c(ccc21)/C(=C1\C(=O)N(CC(CCCCCCCCCC)CCCCCCCCCCCC)c2nc(*)ccc21)C(=O)N3CC(CCCCCCCCCC)CCCCCCCCCCCC,PBAID3-2FBT,*c1ccc2c(n1)N(CCCC(CCCCCCCCCC)CCCCCCCCCC)C(=O)/C2=C1/C(=O)N(CCCCCCCCCCCC)c2c1ccc1c3c(ccc21)/C(=C1\C(=O)N(CCCC(CCCCCCCCCC)CCCCCCCCCC)c2nc(-c4cc(F)c(-c5sc(*)cc5F)s4)ccc21)C(=O)N3CCCCCCCCCCCC,1,0.0,1,1.33,1.68,-3.7,-5.66,*c1cc(F)c(-c2sc(*)cc2F)s1,*c1ccc2c(n1)N(CCCC(CCCCCCCCCC)CCCCCCCCCC)C(=O)/C2=C1/C(=O)N(CCCCCCCCCCCC)c2c1ccc1c3c(ccc21)/C(=C1\C(=O)N(CCCC(CCCCCCCCCC)CCCCCCCCCC)c2nc(*)ccc21)C(=O)N3CCCCCCCCCCCC
10.1039/c9tc02021g,PBAID2-BT,*c1ccc2c(n1)N(CC(CCCCCCCCCC)CCCCCCCCCCCC)C(=O)/C2=C1/C(=O)N(CCCCCCCCCCCC)c2c1ccc1c3c(ccc21)/C(=C1\C(=O)N(CC(CCCCCCCCCC)CCCCCCCCCCCC)c2nc(-c4ccc(-c5ccc(*)s5)s4)ccc21)C(=O)N3CCCCCCCCCCCC,1,0.0,1,0.94,0.7,-3.68,-5.61,*c1ccc(-c2ccc(*)s2)s1,*c1ccc2c(n1)N(CC(CCCCCCCCCC)CCCCCCCCCCCC)C(=O)/C2=C1/C(=O)N(CCCCCCCCCCCC)c2c1ccc1c3c(ccc21)/C(=C1\C(=O)N(CC(CCCCCCCCCC)CCCCCCCCCCCC)c2nc(*)ccc21)C(=O)N3CCCCCCCCCCCC,PBAID3-BT,*c1ccc2c(n1)N(CCCC(CCCCCCCCCC)CCCCCCCCCC)C(=O)/C2=C1/C(=O)N(CCCCCCCCCCCC)c2c1ccc1c3c(ccc21)/C(=C1\C(=O)N(CCCC(CCCCCCCCCC)CCCCCCCCCC)c2nc(-c4ccc(-c5ccc(*)s5)s4)ccc21)C(=O)N3CCCCCCCCCCCC,1,0.0,1,0.61,1.66,-3.67,-5.64,*c1ccc(-c2ccc(*)s2)s1,*c1ccc2c(n1)N(CCCC(CCCCCCCCCC)CCCCCCCCCC)C(=O)/C2=C1/C(=O)N(CCCCCCCCCCCC)c2c1ccc1c3c(ccc21)/C(=C1\C(=O)N(CCCC(CCCCCCCCCC)CCCCCCCCCC)c2nc(*)ccc21)C(=O)N3CCCCCCCCCCCC
10.1039/c9tc02021g,PBAID2-BT,*c1ccc2c(n1)N(CC(CCCCCCCCCC)CCCCCCCCCCCC)C(=O)/C2=C1/C(=O)N(CCCCCCCCCCCC)c2c1ccc1c3c(ccc21)/C(=C1\C(=O)N(CC(CCCCCCCCCC)CCCCCCCCCCCC)c2nc(-c4ccc(-c5ccc(*)s5)s4)ccc21)C(=O)N3CCCCCCCCCCCC,1,0.0,1,0.94,0.7,-3.68,-5.61,*c1ccc(-c2ccc(*)s2)s1,*c1ccc2c(n1)N(CC(CCCCCCCCCC)CCCCCCCCCCCC)C(=O)/C2=C1/C(=O)N(CCCCCCCCCCCC)c2c1ccc1c3c(ccc21)/C(=C1\C(=O)N(CC(CCCCCCCCCC)CCCCCCCCCCCC)c2nc(*)ccc21)C(=O)N3CCCCCCCCCCCC,PBAID3-2FBT,*c1ccc2c(n1)N(CCCC(CCCCCCCCCC)CCCCCCCCCC)C(=O)/C2=C1/C(=O)N(CCCCCCCCCCCC)c2c1ccc1c3c(ccc21)/C(=C1\C(=O)N(CCCC(CCCCCCCCCC)CCCCCCCCCC)c2nc(-c4cc(F)c(-c5sc(*)cc5F)s4)ccc21)C(=O)N3CCCCCCCCCCCC,1,0.0,1,1.33,1.68,-3.7,-5.66,*c1cc(F)c(-c2sc(*)cc2F)s1,*c1ccc2c(n1)N(CCCC(CCCCCCCCCC)CCCCCCCCCC)C(=O)/C2=C1/C(=O)N(CCCCCCCCCCCC)c2c1ccc1c3c(ccc21)/C(=C1\C(=O)N(CCCC(CCCCCCCCCC)CCCCCCCCCC)c2nc(*)ccc21)C(=O)N3CCCCCCCCCCCC
10.1039/c9tc02021g,PBAID3-BT,*c1ccc2c(n1)N(CCCC(CCCCCCCCCC)CCCCCCCCCC)C(=O)/C2=C1/C(=O)N(CCCCCCCCCCCC)c2c1ccc1c3c(ccc21)/C(=C1\C(=O)N(CCCC(CCCCCCCCCC)CCCCCCCCCC)c2nc(-c4ccc(-c5ccc(*)s5)s4)ccc21)C(=O)N3CCCCCCCCCCCC,1,0.0,1,0.61,1.66,-3.67,-5.64,*c1ccc(-c2ccc(*)s2)s1,*c1ccc2c(n1)N(CCCC(CCCCCCCCCC)CCCCCCCCCC)C(=O)/C2=C1/C(=O)N(CCCCCCCCCCCC)c2c1ccc1c3c(ccc21)/C(=C1\C(=O)N(CCCC(CCCCCCCCCC)CCCCCCCCCC)c2nc(*)ccc21)C(=O)N3CCCCCCCCCCCC,PBAID3-2FBT,*c1ccc2c(n1)N(CCCC(CCCCCCCCCC)CCCCCCCCCC)C(=O)/C2=C1/C(=O)N(CCCCCCCCCCCC)c2c1ccc1c3c(ccc21)/C(=C1\C(=O)N(CCCC(CCCCCCCCCC)CCCCCCCCCC)c2nc(-c4cc(F)c(-c5sc(*)cc5F)s4)ccc21)C(=O)N3CCCCCCCCCCCC,1,0.0,1,1.33,1.68,-3.7,-5.66,*c1cc(F)c(-c2sc(*)cc2F)s1,*c1ccc2c(n1)N(CCCC(CCCCCCCCCC)CCCCCCCCCC)C(=O)/C2=C1/C(=O)N(CCCCCCCCCCCC)c2c1ccc1c3c(ccc21)/C(=C1\C(=O)N(CCCC(CCCCCCCCCC)CCCCCCCCCC)c2nc(*)ccc21)C(=O)N3CCCCCCCCCCCC
10.1039/c9tc02745a,PD-DTTE,*c1ccc(C2=C3C(=O)N(CC(CCCCCCCCCC)CCCCCCCCCCCC)C(c4ccc(-c5cc6sc(/C=C/c7sc8cc(*)sc8c7CCCCCC)c(CCCCCC)c6s5)s4)=C3C(=O)N2CC(CCCCCCCCCC)CCCCCCCCCCCC)s1,1,0.0,1,0.0,2.5,-3.42,-5.2,*c1ccc(C2=C3C(=O)N(CC(CCCCCCCCCC)CCCCCCCCCCCC)C(c4ccc(*)s4)=C3C(=O)N2CC(CCCCCCCCCC)CCCCCCCCCCCC)s1,*c1cc2sc(/C=C/c3sc4cc(*)sc4c3CCCCCC)c(CCCCCC)c2s1,PD-TVT,*c1ccc(C2=C3C(=O)N(CC(CCCCCCCCCC)CCCCCCCCCCCC)C(c4ccc(-c5cc(CCCCCC)c(/C=C/c6sc(*)cc6CCCCCC)s5)s4)=C3C(=O)N2CC(CCCCCCCCCC)CCCCCCCCCCCC)s1,1,0.0,1,0.0,1.0,-3.4,-5.2,*c1ccc(C2=C3C(=O)N(CC(CCCCCCCCCC)CCCCCCCCCCCC)C(c4ccc(*)s4)=C3C(=O)N2CC(CCCCCCCCCC)CCCCCCCCCCCC)s1,*c1cc(CCCCCC)c(/C=C/c2sc(*)cc2CCCCCC)s1
10.1039/c9tc02745a,PD-DTTE,*c1ccc(C2=C3C(=O)N(CC(CCCCCCCCCC)CCCCCCCCCCCC)C(c4ccc(-c5cc6sc(/C=C/c7sc8cc(*)sc8c7CCCCCC)c(CCCCCC)c6s5)s4)=C3C(=O)N2CC(CCCCCCCCCC)CCCCCCCCCCCC)s1,1,0.0,1,0.0,2.5,-3.42,-5.2,*c1ccc(C2=C3C(=O)N(CC(CCCCCCCCCC)CCCCCCCCCCCC)C(c4ccc(*)s4)=C3C(=O)N2CC(CCCCCCCCCC)CCCCCCCCCCCC)s1,*c1cc2sc(/C=C/c3sc4cc(*)sc4c3CCCCCC)c(CCCCCC)c2s1,PBD-DTTE,*c1cc2sc(C3=C4C(=O)N(CC(CCCCCCCCCC)CCCCCCCCCCCC)C(c5cc6sc(-c7cc8sc(/C=C/c9sc%10cc(*)sc%10c9CCCCCC)c(CCCCCC)c8s7)cc6s5)=C4C(=O)N3CC(CCCCCCCCCC)CCCCCCCCCCCC)cc2s1,1,0.0,1,0.0,6.0,-3.4,-5.2,*c1cc2sc(C3=C4C(=O)N(CC(CCCCCCCCCC)CCCCCCCCCCCC)C(c5cc6sc(*)cc6s5)=C4C(=O)N3CC(CCCCCCCCCC)CCCCCCCCCCCC)cc2s1,*c1cc2sc(/C=C/c3sc4cc(*)sc4c3CCCCCC)c(CCCCCC)c2s1
10.1039/c9tc02745a,PD-DTTE,*c1ccc(C2=C3C(=O)N(CC(CCCCCCCCCC)CCCCCCCCCCCC)C(c4ccc(-c5cc6sc(/C=C/c7sc8cc(*)sc8c7CCCCCC)c(CCCCCC)c6s5)s4)=C3C(=O)N2CC(CCCCCCCCCC)CCCCCCCCCCCC)s1,1,0.0,1,0.0,2.5,-3.42,-5.2,*c1ccc(C2=C3C(=O)N(CC(CCCCCCCCCC)CCCCCCCCCCCC)C(c4ccc(*)s4)=C3C(=O)N2CC(CCCCCCCCCC)CCCCCCCCCCCC)s1,*c1cc2sc(/C=C/c3sc4cc(*)sc4c3CCCCCC)c(CCCCCC)c2s1,PBD-TVT,*c1cc(CCCCCC)c(/C=C/c2sc(-c3cc4sc(C5=C6C(=O)N(CC(CCCCCCCCCC)CCCCCCCCCCCC)C(c7cc8sc(*)cc8s7)=C6C(=O)N5CC(CCCCCCCCCC)CCCCCCCCCCCC)cc4s3)cc2CCCCCC)s1,1,0.0,1,0.0,1.9,-3.39,-5.17,*c1cc2sc(C3=C4C(=O)N(CC(CCCCCCCCCC)CCCCCCCCCCCC)C(c5cc6sc(*)cc6s5)=C4C(=O)N3CC(CCCCCCCCCC)CCCCCCCCCCCC)cc2s1,*c1cc(CCCCCC)c(/C=C/c2sc(*)cc2CCCCCC)s1
10.1039/c9tc02745a,PD-TVT,*c1ccc(C2=C3C(=O)N(CC(CCCCCCCCCC)CCCCCCCCCCCC)C(c4ccc(-c5cc(CCCCCC)c(/C=C/c6sc(*)cc6CCCCCC)s5)s4)=C3C(=O)N2CC(CCCCCCCCCC)CCCCCCCCCCCC)s1,1,0.0,1,0.0,1.0,-3.4,-5.2,*c1ccc(C2=C3C(=O)N(CC(CCCCCCCCCC)CCCCCCCCCCCC)C(c4ccc(*)s4)=C3C(=O)N2CC(CCCCCCCCCC)CCCCCCCCCCCC)s1,*c1cc(CCCCCC)c(/C=C/c2sc(*)cc2CCCCCC)s1,PBD-DTTE,*c1cc2sc(C3=C4C(=O)N(CC(CCCCCCCCCC)CCCCCCCCCCCC)C(c5cc6sc(-c7cc8sc(/C=C/c9sc%10cc(*)sc%10c9CCCCCC)c(CCCCCC)c8s7)cc6s5)=C4C(=O)N3CC(CCCCCCCCCC)CCCCCCCCCCCC)cc2s1,1,0.0,1,0.0,6.0,-3.4,-5.2,*c1cc2sc(C3=C4C(=O)N(CC(CCCCCCCCCC)CCCCCCCCCCCC)C(c5cc6sc(*)cc6s5)=C4C(=O)N3CC(CCCCCCCCCC)CCCCCCCCCCCC)cc2s1,*c1cc2sc(/C=C/c3sc4cc(*)sc4c3CCCCCC)c(CCCCCC)c2s1
10.1039/c9tc02745a,PD-TVT,*c1ccc(C2=C3C(=O)N(CC(CCCCCCCCCC)CCCCCCCCCCCC)C(c4ccc(-c5cc(CCCCCC)c(/C=C/c6sc(*)cc6CCCCCC)s5)s4)=C3C(=O)N2CC(CCCCCCCCCC)CCCCCCCCCCCC)s1,1,0.0,1,0.0,1.0,-3.4,-5.2,*c1ccc(C2=C3C(=O)N(CC(CCCCCCCCCC)CCCCCCCCCCCC)C(c4ccc(*)s4)=C3C(=O)N2CC(CCCCCCCCCC)CCCCCCCCCCCC)s1,*c1cc(CCCCCC)c(/C=C/c2sc(*)cc2CCCCCC)s1,PBD-TVT,*c1cc(CCCCCC)c(/C=C/c2sc(-c3cc4sc(C5=C6C(=O)N(CC(CCCCCCCCCC)CCCCCCCCCCCC)C(c7cc8sc(*)cc8s7)=C6C(=O)N5CC(CCCCCCCCCC)CCCCCCCCCCCC)cc4s3)cc2CCCCCC)s1,1,0.0,1,0.0,1.9,-3.39,-5.17,*c1cc2sc(C3=C4C(=O)N(CC(CCCCCCCCCC)CCCCCCCCCCCC)C(c5cc6sc(*)cc6s5)=C4C(=O)N3CC(CCCCCCCCCC)CCCCCCCCCCCC)cc2s1,*c1cc(CCCCCC)c(/C=C/c2sc(*)cc2CCCCCC)s1
10.1039/c9tc02745a,PBD-DTTE,*c1cc2sc(C3=C4C(=O)N(CC(CCCCCCCCCC)CCCCCCCCCCCC)C(c5cc6sc(-c7cc8sc(/C=C/c9sc%10cc(*)sc%10c9CCCCCC)c(CCCCCC)c8s7)cc6s5)=C4C(=O)N3CC(CCCCCCCCCC)CCCCCCCCCCCC)cc2s1,1,0.0,1,0.0,6.0,-3.4,-5.2,*c1cc2sc(C3=C4C(=O)N(CC(CCCCCCCCCC)CCCCCCCCCCCC)C(c5cc6sc(*)cc6s5)=C4C(=O)N3CC(CCCCCCCCCC)CCCCCCCCCCCC)cc2s1,*c1cc2sc(/C=C/c3sc4cc(*)sc4c3CCCCCC)c(CCCCCC)c2s1,PBD-TVT,*c1cc(CCCCCC)c(/C=C/c2sc(-c3cc4sc(C5=C6C(=O)N(CC(CCCCCCCCCC)CCCCCCCCCCCC)C(c7cc8sc(*)cc8s7)=C6C(=O)N5CC(CCCCCCCCCC)CCCCCCCCCCCC)cc4s3)cc2CCCCCC)s1,1,0.0,1,0.0,1.9,-3.39,-5.17,*c1cc2sc(C3=C4C(=O)N(CC(CCCCCCCCCC)CCCCCCCCCCCC)C(c5cc6sc(*)cc6s5)=C4C(=O)N3CC(CCCCCCCCCC)CCCCCCCCCCCC)cc2s1,*c1cc(CCCCCC)c(/C=C/c2sc(*)cc2CCCCCC)s1
10.1039/c9tc03556g,PIDOTT-T,*c1ccc2c(c1)N(CCCC(CCCCCCCCCCCCCCCCCC)CCCCCCCCCCCCCCCCCC)C(=O)/C2=C1\C=C2C(=C/C(=C3\C(=O)N(CCCC(CCCCCCCCCCCCCCCCCC)CCCCCCCCCCCCCCCCCC)c4cc(-c5ccc(*)s5)ccc43)S2(=O)=O)S1(=O)=O,1,0.0,0,0.004,0.0,-4.04,-6.0,*c1ccc(*)s1,*c1ccc2c(c1)N(CCCC(CCCCCCCCCCCCCCCCCC)CCCCCCCCCCCCCCCCCC)C(=O)/C2=C1\C=C2C(=C/C(=C3\C(=O)N(CCCC(CCCCCCCCCCCCCCCCCC)CCCCCCCCCCCCCCCCCC)c4cc(*)ccc43)S2(=O)=O)S1(=O)=O,PIDOTT-TT,*c1ccc2c(c1)N(CCCC(CCCCCCCCCCCCCCCCCC)CCCCCCCCCCCCCCCCCC)C(=O)/C2=C1\C=C2C(=C/C(=C3\C(=O)N(CCCC(CCCCCCCCCCCCCCCCCC)CCCCCCCCCCCCCCCCCC)c4cc(-c5cc6sc(*)cc6s5)ccc43)S2(=O)=O)S1(=O)=O,1,0.0,1,0.38,0.0,-4.03,-5.95,*c1cc2sc(*)cc2s1,*c1ccc2c(c1)N(CCCC(CCCCCCCCCCCCCCCCCC)CCCCCCCCCCCCCCCCCC)C(=O)/C2=C1\C=C2C(=C/C(=C3\C(=O)N(CCCC(CCCCCCCCCCCCCCCCCC)CCCCCCCCCCCCCCCCCC)c4cc(*)ccc43)S2(=O)=O)S1(=O)=O
10.1039/c9tc03556g,PIDOTT-T,*c1ccc2c(c1)N(CCCC(CCCCCCCCCCCCCCCCCC)CCCCCCCCCCCCCCCCCC)C(=O)/C2=C1\C=C2C(=C/C(=C3\C(=O)N(CCCC(CCCCCCCCCCCCCCCCCC)CCCCCCCCCCCCCCCCCC)c4cc(-c5ccc(*)s5)ccc43)S2(=O)=O)S1(=O)=O,1,0.0,0,0.004,0.0,-4.04,-6.0,*c1ccc(*)s1,*c1ccc2c(c1)N(CCCC(CCCCCCCCCCCCCCCCCC)CCCCCCCCCCCCCCCCCC)C(=O)/C2=C1\C=C2C(=C/C(=C3\C(=O)N(CCCC(CCCCCCCCCCCCCCCCCC)CCCCCCCCCCCCCCCCCC)c4cc(*)ccc43)S2(=O)=O)S1(=O)=O,PIDOTT-BT,*c1ccc2c(c1)N(CCCC(CCCCCCCCCCCCCCCCCC)CCCCCCCCCCCCCCCCCC)C(=O)/C2=C1\C=C2C(=C/C(=C3\C(=O)N(CCCC(CCCCCCCCCCCCCCCCCC)CCCCCCCCCCCCCCCCCC)c4cc(-c5ccc(-c6ccc(*)s6)s5)ccc43)S2(=O)=O)S1(=O)=O,1,0.0,1,0.45,0.0,-4.05,-5.91,*c1ccc(-c2ccc(*)s2)s1,*c1ccc2c(c1)N(CCCC(CCCCCCCCCCCCCCCCCC)CCCCCCCCCCCCCCCCCC)C(=O)/C2=C1\C=C2C(=C/C(=C3\C(=O)N(CCCC(CCCCCCCCCCCCCCCCCC)CCCCCCCCCCCCCCCCCC)c4cc(*)ccc43)S2(=O)=O)S1(=O)=O
10.1039/c9tc03556g,PIDOTT-T,*c1ccc2c(c1)N(CCCC(CCCCCCCCCCCCCCCCCC)CCCCCCCCCCCCCCCCCC)C(=O)/C2=C1\C=C2C(=C/C(=C3\C(=O)N(CCCC(CCCCCCCCCCCCCCCCCC)CCCCCCCCCCCCCCCCCC)c4cc(-c5ccc(*)s5)ccc43)S2(=O)=O)S1(=O)=O,1,0.0,0,0.004,0.0,-4.04,-6.0,*c1ccc(*)s1,*c1ccc2c(c1)N(CCCC(CCCCCCCCCCCCCCCCCC)CCCCCCCCCCCCCCCCCC)C(=O)/C2=C1\C=C2C(=C/C(=C3\C(=O)N(CCCC(CCCCCCCCCCCCCCCCCC)CCCCCCCCCCCCCCCCCC)c4cc(*)ccc43)S2(=O)=O)S1(=O)=O,PIDOBT-TT,*c1ccc2c(c1)N(CCCC(CCCCCCCCCCCCCCCCCC)CCCCCCCCCCCCCCCCCC)C(=O)/C2=C1\C=C/C(=C2/C=C/C(=C3\C(=O)N(CCCC(CCCCCCCCCCCCCCCCCC)CCCCCCCCCCCCCCCCCC)c4cc(-c5cc6sc(*)cc6s5)ccc43)S2(=O)=O)S1(=O)=O,1,0.0,1,0.29,0.0,-4.13,-5.92,*c1cc2sc(*)cc2s1,*c1ccc2c(c1)N(CCCC(CCCCCCCCCCCCCCCCCC)CCCCCCCCCCCCCCCCCC)C(=O)/C2=C1\C=C/C(=C2/C=C/C(=C3\C(=O)N(CCCC(CCCCCCCCCCCCCCCCCC)CCCCCCCCCCCCCCCCCC)c4cc(*)ccc43)S2(=O)=O)S1(=O)=O
10.1039/c9tc03556g,PIDOTT-TT,*c1ccc2c(c1)N(CCCC(CCCCCCCCCCCCCCCCCC)CCCCCCCCCCCCCCCCCC)C(=O)/C2=C1\C=C2C(=C/C(=C3\C(=O)N(CCCC(CCCCCCCCCCCCCCCCCC)CCCCCCCCCCCCCCCCCC)c4cc(-c5cc6sc(*)cc6s5)ccc43)S2(=O)=O)S1(=O)=O,1,0.0,1,0.38,0.0,-4.03,-5.95,*c1cc2sc(*)cc2s1,*c1ccc2c(c1)N(CCCC(CCCCCCCCCCCCCCCCCC)CCCCCCCCCCCCCCCCCC)C(=O)/C2=C1\C=C2C(=C/C(=C3\C(=O)N(CCCC(CCCCCCCCCCCCCCCCCC)CCCCCCCCCCCCCCCCCC)c4cc(*)ccc43)S2(=O)=O)S1(=O)=O,PIDOTT-BT,*c1ccc2c(c1)N(CCCC(CCCCCCCCCCCCCCCCCC)CCCCCCCCCCCCCCCCCC)C(=O)/C2=C1\C=C2C(=C/C(=C3\C(=O)N(CCCC(CCCCCCCCCCCCCCCCCC)CCCCCCCCCCCCCCCCCC)c4cc(-c5ccc(-c6ccc(*)s6)s5)ccc43)S2(=O)=O)S1(=O)=O,1,0.0,1,0.45,0.0,-4.05,-5.91,*c1ccc(-c2ccc(*)s2)s1,*c1ccc2c(c1)N(CCCC(CCCCCCCCCCCCCCCCCC)CCCCCCCCCCCCCCCCCC)C(=O)/C2=C1\C=C2C(=C/C(=C3\C(=O)N(CCCC(CCCCCCCCCCCCCCCCCC)CCCCCCCCCCCCCCCCCC)c4cc(*)ccc43)S2(=O)=O)S1(=O)=O
10.1039/c9tc03556g,PIDOTT-TT,*c1ccc2c(c1)N(CCCC(CCCCCCCCCCCCCCCCCC)CCCCCCCCCCCCCCCCCC)C(=O)/C2=C1\C=C2C(=C/C(=C3\C(=O)N(CCCC(CCCCCCCCCCCCCCCCCC)CCCCCCCCCCCCCCCCCC)c4cc(-c5cc6sc(*)cc6s5)ccc43)S2(=O)=O)S1(=O)=O,1,0.0,1,0.38,0.0,-4.03,-5.95,*c1cc2sc(*)cc2s1,*c1ccc2c(c1)N(CCCC(CCCCCCCCCCCCCCCCCC)CCCCCCCCCCCCCCCCCC)C(=O)/C2=C1\C=C2C(=C/C(=C3\C(=O)N(CCCC(CCCCCCCCCCCCCCCCCC)CCCCCCCCCCCCCCCCCC)c4cc(*)ccc43)S2(=O)=O)S1(=O)=O,PIDOBT-TT,*c1ccc2c(c1)N(CCCC(CCCCCCCCCCCCCCCCCC)CCCCCCCCCCCCCCCCCC)C(=O)/C2=C1\C=C/C(=C2/C=C/C(=C3\C(=O)N(CCCC(CCCCCCCCCCCCCCCCCC)CCCCCCCCCCCCCCCCCC)c4cc(-c5cc6sc(*)cc6s5)ccc43)S2(=O)=O)S1(=O)=O,1,0.0,1,0.29,0.0,-4.13,-5.92,*c1cc2sc(*)cc2s1,*c1ccc2c(c1)N(CCCC(CCCCCCCCCCCCCCCCCC)CCCCCCCCCCCCCCCCCC)C(=O)/C2=C1\C=C/C(=C2/C=C/C(=C3\C(=O)N(CCCC(CCCCCCCCCCCCCCCCCC)CCCCCCCCCCCCCCCCCC)c4cc(*)ccc43)S2(=O)=O)S1(=O)=O
10.1039/c9tc03556g,PIDOTT-BT,*c1ccc2c(c1)N(CCCC(CCCCCCCCCCCCCCCCCC)CCCCCCCCCCCCCCCCCC)C(=O)/C2=C1\C=C2C(=C/C(=C3\C(=O)N(CCCC(CCCCCCCCCCCCCCCCCC)CCCCCCCCCCCCCCCCCC)c4cc(-c5ccc(-c6ccc(*)s6)s5)ccc43)S2(=O)=O)S1(=O)=O,1,0.0,1,0.45,0.0,-4.05,-5.91,*c1ccc(-c2ccc(*)s2)s1,*c1ccc2c(c1)N(CCCC(CCCCCCCCCCCCCCCCCC)CCCCCCCCCCCCCCCCCC)C(=O)/C2=C1\C=C2C(=C/C(=C3\C(=O)N(CCCC(CCCCCCCCCCCCCCCCCC)CCCCCCCCCCCCCCCCCC)c4cc(*)ccc43)S2(=O)=O)S1(=O)=O,PIDOBT-TT,*c1ccc2c(c1)N(CCCC(CCCCCCCCCCCCCCCCCC)CCCCCCCCCCCCCCCCCC)C(=O)/C2=C1\C=C/C(=C2/C=C/C(=C3\C(=O)N(CCCC(CCCCCCCCCCCCCCCCCC)CCCCCCCCCCCCCCCCCC)c4cc(-c5cc6sc(*)cc6s5)ccc43)S2(=O)=O)S1(=O)=O,1,0.0,1,0.29,0.0,-4.13,-5.92,*c1cc2sc(*)cc2s1,*c1ccc2c(c1)N(CCCC(CCCCCCCCCCCCCCCCCC)CCCCCCCCCCCCCCCCCC)C(=O)/C2=C1\C=C/C(=C2/C=C/C(=C3\C(=O)N(CCCC(CCCCCCCCCCCCCCCCCC)CCCCCCCCCCCCCCCCCC)c4cc(*)ccc43)S2(=O)=O)S1(=O)=O
10.1039/c9tc05944j,PDPP-Pyr,*c1cnc(-c2ccc(C3=C4C(=O)N(CC(CCCCCCCC)CCCCCCCCCC)C(c5ccc(*)s5)=C4C(=O)N3CC(CCCCCCCC)CCCCCCCCCC)s2)cn1,1,0.0,1,0.3,0.39,-4.12,-5.56,*c1cnc(*)cn1,*c1ccc(C2=C3C(=O)N(CC(CCCCCCCC)CCCCCCCCCC)C(c4ccc(*)s4)=C3C(=O)N2CC(CCCCCCCC)CCCCCCCCCC)s1,PDPP-Pyi,*c1ccc(-c2ccc(C3=C4C(=O)N(CC(CCCCCCCC)CCCCCCCCCC)C(c5ccc(*)s5)=C4C(=O)N3CC(CCCCCCCC)CCCCCCCCCC)s2)nn1,1,0.0,0,0.000146,0.000103,-3.96,-5.47,*c1ccc(*)nn1,*c1ccc(C2=C3C(=O)N(CC(CCCCCCCC)CCCCCCCCCC)C(c4ccc(*)s4)=C3C(=O)N2CC(CCCCCCCC)CCCCCCCCCC)s1
10.1039/d0py01399d,PIID-DiCNTVT2,*c1ccc2c(c1)N(CCCC(CCCCCCCCCC)CCCCCCCCCC)C(=O)/C2=C1/C(=O)N(CCCC(CCCCCCCCCC)CCCCCCCCCC)c2cc(-c3cc(C#N)c(/C=C/c4sc(*)cc4C#N)s3)ccc21,1,0.0,1,0.62,0.0,-3.65,-5.98,*c1cc(C#N)c(/C=C/c2sc(*)cc2C#N)s1,*c1ccc2c(c1)N(CCCC(CCCCCCCCCC)CCCCCCCCCC)C(=O)/C2=C1/C(=O)N(CCCC(CCCCCCCCCC)CCCCCCCCCC)c2cc(*)ccc21,PAIID-DiCNTVT2,*c1ccc2c(n1)N(CCCC(CCCCCCCCCC)CCCCCCCCCC)C(=O)/C2=C1/C(=O)N(CCCC(CCCCCCCCCC)CCCCCCCCCC)c2nc(-c3cc(C#N)c(/C=C/c4sc(*)cc4C#N)s3)ccc21,1,0.0,1,1.58,0.0,-3.81,-6.15,*c1cc(C#N)c(/C=C/c2sc(*)cc2C#N)s1,*c1ccc2c(n1)N(CCCC(CCCCCCCCCC)CCCCCCCCCC)C(=O)/C2=C1/C(=O)N(CCCC(CCCCCCCCCC)CCCCCCCCCC)c2nc(*)ccc21
10.1039/d0py01399d,PIID-DiCNTVT2,*c1ccc2c(c1)N(CCCC(CCCCCCCCCC)CCCCCCCCCC)C(=O)/C2=C1/C(=O)N(CCCC(CCCCCCCCCC)CCCCCCCCCC)c2cc(-c3cc(C#N)c(/C=C/c4sc(*)cc4C#N)s3)ccc21,1,0.0,1,0.62,0.0,-3.65,-5.98,*c1cc(C#N)c(/C=C/c2sc(*)cc2C#N)s1,*c1ccc2c(c1)N(CCCC(CCCCCCCCCC)CCCCCCCCCC)C(=O)/C2=C1/C(=O)N(CCCC(CCCCCCCCCC)CCCCCCCCCC)c2cc(*)ccc21,PFIID-DiCNTVT2,*c1cc(C#N)c(/C=C/c2sc(-c3ccc4c(c3F)N(CCCC(CCCCCCCCCC)CCCCCCCCCC)C(=O)/C4=C3/C(=O)N(CCCC(CCCCCCCCCC)CCCCCCCCCC)c4c3ccc(*)c4F)cc2C#N)s1,1,0.0,1,0.66,0.0,-3.82,-6.12,*c1cc(C#N)c(/C=C/c2sc(*)cc2C#N)s1,*c1ccc2c(c1F)N(CCCC(CCCCCCCCCC)CCCCCCCCCC)C(=O)/C2=C1/C(=O)N(CCCC(CCCCCCCCCC)CCCCCCCCCC)c2c1ccc(*)c2F
10.1039/d0py01399d,PAIID-DiCNTVT2,*c1ccc2c(n1)N(CCCC(CCCCCCCCCC)CCCCCCCCCC)C(=O)/C2=C1/C(=O)N(CCCC(CCCCCCCCCC)CCCCCCCCCC)c2nc(-c3cc(C#N)c(/C=C/c4sc(*)cc4C#N)s3)ccc21,1,0.0,1,1.58,0.0,-3.81,-6.15,*c1cc(C#N)c(/C=C/c2sc(*)cc2C#N)s1,*c1ccc2c(n1)N(CCCC(CCCCCCCCCC)CCCCCCCCCC)C(=O)/C2=C1/C(=O)N(CCCC(CCCCCCCCCC)CCCCCCCCCC)c2nc(*)ccc21,PFIID-DiCNTVT2,*c1cc(C#N)c(/C=C/c2sc(-c3ccc4c(c3F)N(CCCC(CCCCCCCCCC)CCCCCCCCCC)C(=O)/C4=C3/C(=O)N(CCCC(CCCCCCCCCC)CCCCCCCCCC)c4c3ccc(*)c4F)cc2C#N)s1,1,0.0,1,0.66,0.0,-3.82,-6.12,*c1cc(C#N)c(/C=C/c2sc(*)cc2C#N)s1,*c1ccc2c(c1F)N(CCCC(CCCCCCCCCC)CCCCCCCCCC)C(=O)/C2=C1/C(=O)N(CCCC(CCCCCCCCCC)CCCCCCCCCC)c2c1ccc(*)c2F
10.1039/d0py01710h,PDPP-T-Odz,*c1ccc(C2=C3C(=O)N(CCCCCCC(CCCCCCCCCC)CCCCCCCCCCCC)C(c4ccc(-c5ccc(-c6nnc(-c7ccc(*)s7)o6)s5)s4)=C3C(=O)N2CCCCCCC(CCCCCCCCCC)CCCCCCCCCCCC)s1,1,0.0,0,0.002,0.0012,-4.03,-5.35,*c1ccc(-c2nnc(-c3ccc(*)s3)o2)s1,*c1ccc(C2=C3C(=O)N(CCCCCCC(CCCCCCCCCC)CCCCCCCCCCCC)C(c4ccc(*)s4)=C3C(=O)N2CCCCCCC(CCCCCCCCCC)CCCCCCCCCCCC)s1,PDPP-T-Tdz,*c1ccc(C2=C3C(=O)N(CCCCCCC(CCCCCCCCCC)CCCCCCCCCCCC)C(c4ccc(-c5ccc(-c6nnc(-c7ccc(*)s7)s6)s5)s4)=C3C(=O)N2CCCCCCC(CCCCCCCCCC)CCCCCCCCCCCC)s1,1,0.0,0,0.0033,0.0047,-4.03,-5.36,*c1ccc(-c2nnc(-c3ccc(*)s3)s2)s1,*c1ccc(C2=C3C(=O)N(CCCCCCC(CCCCCCCCCC)CCCCCCCCCCCC)C(c4ccc(*)s4)=C3C(=O)N2CCCCCCC(CCCCCCCCCC)CCCCCCCCCCCC)s1
10.1039/d0py01710h,PDPP-T-Odz,*c1ccc(C2=C3C(=O)N(CCCCCCC(CCCCCCCCCC)CCCCCCCCCCCC)C(c4ccc(-c5ccc(-c6nnc(-c7ccc(*)s7)o6)s5)s4)=C3C(=O)N2CCCCCCC(CCCCCCCCCC)CCCCCCCCCCCC)s1,1,0.0,0,0.002,0.0012,-4.03,-5.35,*c1ccc(-c2nnc(-c3ccc(*)s3)o2)s1,*c1ccc(C2=C3C(=O)N(CCCCCCC(CCCCCCCCCC)CCCCCCCCCCCC)C(c4ccc(*)s4)=C3C(=O)N2CCCCCCC(CCCCCCCCCC)CCCCCCCCCCCC)s1,PDPP-Se-Odz,*c1ccc(C2=C3C(=O)N(CCCCCCC(CCCCCCCCCC)CCCCCCCCCCCC)C(c4ccc(-c5ccc(-c6nnc(-c7ccc(*)[se]7)o6)[se]5)s4)=C3C(=O)N2CCCCCCC(CCCCCCCCCC)CCCCCCCCCCCC)s1,1,0.0,0,0.023,0.009,-3.91,-5.34,*c1ccc(-c2nnc(-c3ccc(*)[se]3)o2)[se]1,*c1ccc(C2=C3C(=O)N(CCCCCCC(CCCCCCCCCC)CCCCCCCCCCCC)C(c4ccc(*)s4)=C3C(=O)N2CCCCCCC(CCCCCCCCCC)CCCCCCCCCCCC)s1
10.1039/d0py01710h,PDPP-T-Odz,*c1ccc(C2=C3C(=O)N(CCCCCCC(CCCCCCCCCC)CCCCCCCCCCCC)C(c4ccc(-c5ccc(-c6nnc(-c7ccc(*)s7)o6)s5)s4)=C3C(=O)N2CCCCCCC(CCCCCCCCCC)CCCCCCCCCCCC)s1,1,0.0,0,0.002,0.0012,-4.03,-5.35,*c1ccc(-c2nnc(-c3ccc(*)s3)o2)s1,*c1ccc(C2=C3C(=O)N(CCCCCCC(CCCCCCCCCC)CCCCCCCCCCCC)C(c4ccc(*)s4)=C3C(=O)N2CCCCCCC(CCCCCCCCCC)CCCCCCCCCCCC)s1,PDPP-Se-Tdz,*c1ccc(C2=C3C(=O)N(CCCCCCC(CCCCCCCCCC)CCCCCCCCCCCC)C(c4ccc(-c5ccc(-c6nnc(-c7ccc(*)[se]7)s6)[se]5)s4)=C3C(=O)N2CCCCCCC(CCCCCCCCCC)CCCCCCCCCCCC)s1,1,0.0,0,0.015,0.035,-4.03,-5.35,*c1ccc(-c2nnc(-c3ccc(*)[se]3)s2)[se]1,*c1ccc(C2=C3C(=O)N(CCCCCCC(CCCCCCCCCC)CCCCCCCCCCCC)C(c4ccc(*)s4)=C3C(=O)N2CCCCCCC(CCCCCCCCCC)CCCCCCCCCCCC)s1
10.1039/d0py01710h,PDPP-T-Tdz,*c1ccc(C2=C3C(=O)N(CCCCCCC(CCCCCCCCCC)CCCCCCCCCCCC)C(c4ccc(-c5ccc(-c6nnc(-c7ccc(*)s7)s6)s5)s4)=C3C(=O)N2CCCCCCC(CCCCCCCCCC)CCCCCCCCCCCC)s1,1,0.0,0,0.0033,0.0047,-4.03,-5.36,*c1ccc(-c2nnc(-c3ccc(*)s3)s2)s1,*c1ccc(C2=C3C(=O)N(CCCCCCC(CCCCCCCCCC)CCCCCCCCCCCC)C(c4ccc(*)s4)=C3C(=O)N2CCCCCCC(CCCCCCCCCC)CCCCCCCCCCCC)s1,PDPP-Se-Odz,*c1ccc(C2=C3C(=O)N(CCCCCCC(CCCCCCCCCC)CCCCCCCCCCCC)C(c4ccc(-c5ccc(-c6nnc(-c7ccc(*)[se]7)o6)[se]5)s4)=C3C(=O)N2CCCCCCC(CCCCCCCCCC)CCCCCCCCCCCC)s1,1,0.0,0,0.023,0.009,-3.91,-5.34,*c1ccc(-c2nnc(-c3ccc(*)[se]3)o2)[se]1,*c1ccc(C2=C3C(=O)N(CCCCCCC(CCCCCCCCCC)CCCCCCCCCCCC)C(c4ccc(*)s4)=C3C(=O)N2CCCCCCC(CCCCCCCCCC)CCCCCCCCCCCC)s1
10.1039/d0py01710h,PDPP-T-Tdz,*c1ccc(C2=C3C(=O)N(CCCCCCC(CCCCCCCCCC)CCCCCCCCCCCC)C(c4ccc(-c5ccc(-c6nnc(-c7ccc(*)s7)s6)s5)s4)=C3C(=O)N2CCCCCCC(CCCCCCCCCC)CCCCCCCCCCCC)s1,1,0.0,0,0.0033,0.0047,-4.03,-5.36,*c1ccc(-c2nnc(-c3ccc(*)s3)s2)s1,*c1ccc(C2=C3C(=O)N(CCCCCCC(CCCCCCCCCC)CCCCCCCCCCCC)C(c4ccc(*)s4)=C3C(=O)N2CCCCCCC(CCCCCCCCCC)CCCCCCCCCCCC)s1,PDPP-Se-Tdz,*c1ccc(C2=C3C(=O)N(CCCCCCC(CCCCCCCCCC)CCCCCCCCCCCC)C(c4ccc(-c5ccc(-c6nnc(-c7ccc(*)[se]7)s6)[se]5)s4)=C3C(=O)N2CCCCCCC(CCCCCCCCCC)CCCCCCCCCCCC)s1,1,0.0,0,0.015,0.035,-4.03,-5.35,*c1ccc(-c2nnc(-c3ccc(*)[se]3)s2)[se]1,*c1ccc(C2=C3C(=O)N(CCCCCCC(CCCCCCCCCC)CCCCCCCCCCCC)C(c4ccc(*)s4)=C3C(=O)N2CCCCCCC(CCCCCCCCCC)CCCCCCCCCCCC)s1
10.1039/d0py01710h,PDPP-Se-Odz,*c1ccc(C2=C3C(=O)N(CCCCCCC(CCCCCCCCCC)CCCCCCCCCCCC)C(c4ccc(-c5ccc(-c6nnc(-c7ccc(*)[se]7)o6)[se]5)s4)=C3C(=O)N2CCCCCCC(CCCCCCCCCC)CCCCCCCCCCCC)s1,1,0.0,0,0.023,0.009,-3.91,-5.34,*c1ccc(-c2nnc(-c3ccc(*)[se]3)o2)[se]1,*c1ccc(C2=C3C(=O)N(CCCCCCC(CCCCCCCCCC)CCCCCCCCCCCC)C(c4ccc(*)s4)=C3C(=O)N2CCCCCCC(CCCCCCCCCC)CCCCCCCCCCCC)s1,PDPP-Se-Tdz,*c1ccc(C2=C3C(=O)N(CCCCCCC(CCCCCCCCCC)CCCCCCCCCCCC)C(c4ccc(-c5ccc(-c6nnc(-c7ccc(*)[se]7)s6)[se]5)s4)=C3C(=O)N2CCCCCCC(CCCCCCCCCC)CCCCCCCCCCCC)s1,1,0.0,0,0.015,0.035,-4.03,-5.35,*c1ccc(-c2nnc(-c3ccc(*)[se]3)s2)[se]1,*c1ccc(C2=C3C(=O)N(CCCCCCC(CCCCCCCCCC)CCCCCCCCCCCC)C(c4ccc(*)s4)=C3C(=O)N2CCCCCCC(CCCCCCCCCC)CCCCCCCCCCCC)s1
10.1039/d0py01726d,PBTEI-BT,*c1ccc(/C=C2\C(=O)N(CC(CCCCCCCC)CCCCCCCCCC)c3c2ccc2c4c(ccc32)/C(=C/c2ccc(-c3sc(-c5cc(CCCCCCCCCCCC)c(*)s5)cc3CCCCCCCCCCCC)s2)C(=O)N4CC(CCCCCCCC)CCCCCCCCCC)s1,1,0.0,1,0.0,0.27,-3.52,-5.09,*c1sc(-c2cc(CCCCCCCCCCCC)c(*)s2)cc1CCCCCCCCCCCC,*c1ccc(/C=C2\C(=O)N(CC(CCCCCCCC)CCCCCCCCCC)c3c2ccc2c4c(ccc32)/C(=C/c2ccc(*)s2)C(=O)N4CC(CCCCCCCC)CCCCCCCCCC)s1,PBTEI-CN-BT,*c1ccc(/C(C#N)=C2\C(=O)N(CC(CCCCCCCC)CCCCCCCCCC)c3c2ccc2c4c(ccc32)/C(=C(\C#N)c2ccc(-c3sc(-c5cc(CCCCCCCCCCCC)c(*)s5)cc3CCCCCCCCCCCC)s2)C(=O)N4CC(CCCCCCCC)CCCCCCCCCC)s1,1,0.0,1,0.024,0.094,-3.84,-5.36,*c1sc(-c2cc(CCCCCCCCCCCC)c(*)s2)cc1CCCCCCCCCCCC,*c1ccc(/C(C#N)=C2\C(=O)N(CC(CCCCCCCC)CCCCCCCCCC)c3c2ccc2c4c(ccc32)/C(=C(\C#N)c2ccc(*)s2)C(=O)N4CC(CCCCCCCC)CCCCCCCCCC)s1
10.1039/d0tc01174f,PBPPV,*/C=C/c1ccc2c(c1)N(CCCCCCCC)C(=O)/C2=C\c1ccc(/C=C2\C(=O)N(CCCCCCCC)c3cc(*)ccc32)cc1,1,0.0,1,2.6e-05,2e-05,-3.58,-5.56,*/C=C/*,*c1ccc2c(c1)N(CCCCCCCC)C(=O)/C2=C\c1ccc(/C=C2\C(=O)N(CCCCCCCC)c3cc(*)ccc32)cc1,diPBPPV,*/C=C/c1ccc2c(c1)N(CCCCCCCC)C(=O)/C2=C\c1ccc(/C=C/c2ccc(/C=C3\C(=O)N(CCCCCCCC)c4cc(*)ccc43)cc2)cc1,1,0.0,1,0.00045,0.0003,-3.55,-5.59,*/C=C/*,*c1ccc2c(c1)N(CCCCCCCC)C(=O)/C2=C\c1ccc(/C=C/c2ccc(/C=C3\C(=O)N(CCCCCCCC)c4cc(*)ccc43)cc2)cc1
10.1039/d0tc02199g,PMQBT,*c1ccc2c(c1)N(CCCC(CCCCCCCCCCCCCC)CCCCCCCCCCCCCC)C(=O)/C2=c1\s/c(=c2/s/c(=C3\C(=O)N(CCCC(CCCCCCCCCCCCCC)CCCCCCCCCCCCCC)c4cc(-c5ccc(-c6ccc(*)s6)s5)ccc43)c(OC)c2OC)c(OC)c1OC,1,0.0,1,0.0,0.1,-3.95,-5.31,*c1ccc2c(c1)N(CCCC(CCCCCCCCCCCCCC)CCCCCCCCCCCCCC)C(=O)/C2=c1\s/c(=c2/s/c(=C3\C(=O)N(CCCC(CCCCCCCCCCCCCC)CCCCCCCCCCCCCC)c4cc(*)ccc43)c(OC)c2OC)c(OC)c1OC,*c1ccc(-c2ccc(*)s2)s1,P2FMQBT-BT,*c1ccc(-c2ccc(-c3ccc4c(c3F)N(CCCC(CCCCCCCCCCCCCC)CCCCCCCCCCCCCC)C(=O)/C4=c3\s/c(=c4/s/c(=C5\C(=O)N(CCCC(CCCCCCCCCCCCCC)CCCCCCCCCCCCCC)c6c5ccc(*)c6F)c(OC)c4OC)c(OC)c3OC)s2)s1,1,0.0,1,0.0,0.91,-3.96,-5.35,*c1ccc2c(c1F)N(CCCC(CCCCCCCCCCCCCC)CCCCCCCCCCCCCC)C(=O)/C2=c1\s/c(=c2/s/c(=C3\C(=O)N(CCCC(CCCCCCCCCCCCCC)CCCCCCCCCCCCCC)c4c3ccc(*)c4F)c(OC)c2OC)c(OC)c1OC,*c1ccc(-c2ccc(*)s2)s1
10.1039/d0tc02199g,PMQBT,*c1ccc2c(c1)N(CCCC(CCCCCCCCCCCCCC)CCCCCCCCCCCCCC)C(=O)/C2=c1\s/c(=c2/s/c(=C3\C(=O)N(CCCC(CCCCCCCCCCCCCC)CCCCCCCCCCCCCC)c4cc(-c5ccc(-c6ccc(*)s6)s5)ccc43)c(OC)c2OC)c(OC)c1OC,1,0.0,1,0.0,0.1,-3.95,-5.31,*c1ccc2c(c1)N(CCCC(CCCCCCCCCCCCCC)CCCCCCCCCCCCCC)C(=O)/C2=c1\s/c(=c2/s/c(=C3\C(=O)N(CCCC(CCCCCCCCCCCCCC)CCCCCCCCCCCCCC)c4cc(*)ccc43)c(OC)c2OC)c(OC)c1OC,*c1ccc(-c2ccc(*)s2)s1,PMQBT-DFBT,*c1ccc2c(c1)N(CCCC(CCCCCCCCCCCCCC)CCCCCCCCCCCCCC)C(=O)/C2=c1\s/c(=c2/s/c(=C3\C(=O)N(CCCC(CCCCCCCCCCCCCC)CCCCCCCCCCCCCC)c4cc(-c5cc(F)c(-c6sc(*)cc6F)s5)ccc43)c(OC)c2OC)c(OC)c1OC,1,0.0,1,0.0,1.35,-3.92,-5.32,*c1ccc2c(c1)N(CCCC(CCCCCCCCCCCCCC)CCCCCCCCCCCCCC)C(=O)/C2=c1\s/c(=c2/s/c(=C3\C(=O)N(CCCC(CCCCCCCCCCCCCC)CCCCCCCCCCCCCC)c4cc(*)ccc43)c(OC)c2OC)c(OC)c1OC,*c1cc(F)c(-c2sc(*)cc2F)s1
10.1039/d0tc02199g,PMQBT,*c1ccc2c(c1)N(CCCC(CCCCCCCCCCCCCC)CCCCCCCCCCCCCC)C(=O)/C2=c1\s/c(=c2/s/c(=C3\C(=O)N(CCCC(CCCCCCCCCCCCCC)CCCCCCCCCCCCCC)c4cc(-c5ccc(-c6ccc(*)s6)s5)ccc43)c(OC)c2OC)c(OC)c1OC,1,0.0,1,0.0,0.1,-3.95,-5.31,*c1ccc2c(c1)N(CCCC(CCCCCCCCCCCCCC)CCCCCCCCCCCCCC)C(=O)/C2=c1\s/c(=c2/s/c(=C3\C(=O)N(CCCC(CCCCCCCCCCCCCC)CCCCCCCCCCCCCC)c4cc(*)ccc43)c(OC)c2OC)c(OC)c1OC,*c1ccc(-c2ccc(*)s2)s1,P2FMQBT-DFBT,*c1cc(F)c(-c2sc(-c3ccc4c(c3F)N(CCCC(CCCCCCCCCCCCCC)CCCCCCCCCCCCCC)C(=O)/C4=c3\s/c(=c4/s/c(=C5\C(=O)N(CCCC(CCCCCCCCCCCCCC)CCCCCCCCCCCCCC)c6c5ccc(*)c6F)c(OC)c4OC)c(OC)c3OC)cc2F)s1,1,0.0,1,0.0,2.7,-3.97,-5.43,*c1ccc2c(c1F)N(CCCC(CCCCCCCCCCCCCC)CCCCCCCCCCCCCC)C(=O)/C2=c1\s/c(=c2/s/c(=C3\C(=O)N(CCCC(CCCCCCCCCCCCCC)CCCCCCCCCCCCCC)c4c3ccc(*)c4F)c(OC)c2OC)c(OC)c1OC,*c1cc(F)c(-c2sc(*)cc2F)s1
10.1039/d0tc02199g,P2FMQBT-BT,*c1ccc(-c2ccc(-c3ccc4c(c3F)N(CCCC(CCCCCCCCCCCCCC)CCCCCCCCCCCCCC)C(=O)/C4=c3\s/c(=c4/s/c(=C5\C(=O)N(CCCC(CCCCCCCCCCCCCC)CCCCCCCCCCCCCC)c6c5ccc(*)c6F)c(OC)c4OC)c(OC)c3OC)s2)s1,1,0.0,1,0.0,0.91,-3.96,-5.35,*c1ccc2c(c1F)N(CCCC(CCCCCCCCCCCCCC)CCCCCCCCCCCCCC)C(=O)/C2=c1\s/c(=c2/s/c(=C3\C(=O)N(CCCC(CCCCCCCCCCCCCC)CCCCCCCCCCCCCC)c4c3ccc(*)c4F)c(OC)c2OC)c(OC)c1OC,*c1ccc(-c2ccc(*)s2)s1,PMQBT-DFBT,*c1ccc2c(c1)N(CCCC(CCCCCCCCCCCCCC)CCCCCCCCCCCCCC)C(=O)/C2=c1\s/c(=c2/s/c(=C3\C(=O)N(CCCC(CCCCCCCCCCCCCC)CCCCCCCCCCCCCC)c4cc(-c5cc(F)c(-c6sc(*)cc6F)s5)ccc43)c(OC)c2OC)c(OC)c1OC,1,0.0,1,0.0,1.35,-3.92,-5.32,*c1ccc2c(c1)N(CCCC(CCCCCCCCCCCCCC)CCCCCCCCCCCCCC)C(=O)/C2=c1\s/c(=c2/s/c(=C3\C(=O)N(CCCC(CCCCCCCCCCCCCC)CCCCCCCCCCCCCC)c4cc(*)ccc43)c(OC)c2OC)c(OC)c1OC,*c1cc(F)c(-c2sc(*)cc2F)s1
10.1039/d0tc02199g,P2FMQBT-BT,*c1ccc(-c2ccc(-c3ccc4c(c3F)N(CCCC(CCCCCCCCCCCCCC)CCCCCCCCCCCCCC)C(=O)/C4=c3\s/c(=c4/s/c(=C5\C(=O)N(CCCC(CCCCCCCCCCCCCC)CCCCCCCCCCCCCC)c6c5ccc(*)c6F)c(OC)c4OC)c(OC)c3OC)s2)s1,1,0.0,1,0.0,0.91,-3.96,-5.35,*c1ccc2c(c1F)N(CCCC(CCCCCCCCCCCCCC)CCCCCCCCCCCCCC)C(=O)/C2=c1\s/c(=c2/s/c(=C3\C(=O)N(CCCC(CCCCCCCCCCCCCC)CCCCCCCCCCCCCC)c4c3ccc(*)c4F)c(OC)c2OC)c(OC)c1OC,*c1ccc(-c2ccc(*)s2)s1,P2FMQBT-DFBT,*c1cc(F)c(-c2sc(-c3ccc4c(c3F)N(CCCC(CCCCCCCCCCCCCC)CCCCCCCCCCCCCC)C(=O)/C4=c3\s/c(=c4/s/c(=C5\C(=O)N(CCCC(CCCCCCCCCCCCCC)CCCCCCCCCCCCCC)c6c5ccc(*)c6F)c(OC)c4OC)c(OC)c3OC)cc2F)s1,1,0.0,1,0.0,2.7,-3.97,-5.43,*c1ccc2c(c1F)N(CCCC(CCCCCCCCCCCCCC)CCCCCCCCCCCCCC)C(=O)/C2=c1\s/c(=c2/s/c(=C3\C(=O)N(CCCC(CCCCCCCCCCCCCC)CCCCCCCCCCCCCC)c4c3ccc(*)c4F)c(OC)c2OC)c(OC)c1OC,*c1cc(F)c(-c2sc(*)cc2F)s1
10.1039/d0tc02199g,PMQBT-DFBT,*c1ccc2c(c1)N(CCCC(CCCCCCCCCCCCCC)CCCCCCCCCCCCCC)C(=O)/C2=c1\s/c(=c2/s/c(=C3\C(=O)N(CCCC(CCCCCCCCCCCCCC)CCCCCCCCCCCCCC)c4cc(-c5cc(F)c(-c6sc(*)cc6F)s5)ccc43)c(OC)c2OC)c(OC)c1OC,1,0.0,1,0.0,1.35,-3.92,-5.32,*c1ccc2c(c1)N(CCCC(CCCCCCCCCCCCCC)CCCCCCCCCCCCCC)C(=O)/C2=c1\s/c(=c2/s/c(=C3\C(=O)N(CCCC(CCCCCCCCCCCCCC)CCCCCCCCCCCCCC)c4cc(*)ccc43)c(OC)c2OC)c(OC)c1OC,*c1cc(F)c(-c2sc(*)cc2F)s1,P2FMQBT-DFBT,*c1cc(F)c(-c2sc(-c3ccc4c(c3F)N(CCCC(CCCCCCCCCCCCCC)CCCCCCCCCCCCCC)C(=O)/C4=c3\s/c(=c4/s/c(=C5\C(=O)N(CCCC(CCCCCCCCCCCCCC)CCCCCCCCCCCCCC)c6c5ccc(*)c6F)c(OC)c4OC)c(OC)c3OC)cc2F)s1,1,0.0,1,0.0,2.7,-3.97,-5.43,*c1ccc2c(c1F)N(CCCC(CCCCCCCCCCCCCC)CCCCCCCCCCCCCC)C(=O)/C2=c1\s/c(=c2/s/c(=C3\C(=O)N(CCCC(CCCCCCCCCCCCCC)CCCCCCCCCCCCCC)c4c3ccc(*)c4F)c(OC)c2OC)c(OC)c1OC,*c1cc(F)c(-c2sc(*)cc2F)s1
10.1039/d0tc04493h,PNDI-TPhT ,*c1ccc(-c2ccc(-c3ccc(-c4cc5c6c(c(*)cc7c6c4C(=O)N(CC(CCCCCCCCCC)CCCCCCCCCCCC)C7=O)C(=O)N(CC(CCCCCCCCCC)CCCCCCCCCCCC)C5=O)s3)cc2)s1,1,0.0,1,0.053,0.0,-3.9,-5.76,*c1ccc(-c2ccc(-c3ccc(*)s3)cc2)s1,*c1cc2c3c(c(*)cc4c3c1C(=O)N(CC(CCCCCCCCCC)CCCCCCCCCCCC)C4=O)C(=O)N(CC(CCCCCCCCCC)CCCCCCCCCCCC)C2=O,PNDI-TPdT,*c1ccc(-c2ccc(-c3ccc(-c4cc5c6c(c(*)cc7c6c4C(=O)N(CC(CCCCCCCCCC)CCCCCCCCCCCC)C7=O)C(=O)N(CC(CCCCCCCCCC)CCCCCCCCCCCC)C5=O)s3)cn2)s1,1,0.0,0,0.059,0.0,-3.94,-5.81,*c1ccc(-c2ccc(-c3ccc(*)s3)nc2)s1,*c1cc2c3c(c(*)cc4c3c1C(=O)N(CC(CCCCCCCCCC)CCCCCCCCCCCC)C4=O)C(=O)N(CC(CCCCCCCCCC)CCCCCCCCCCCC)C2=O
10.1039/d0tc04493h,PNDI-TPhT ,*c1ccc(-c2ccc(-c3ccc(-c4cc5c6c(c(*)cc7c6c4C(=O)N(CC(CCCCCCCCCC)CCCCCCCCCCCC)C7=O)C(=O)N(CC(CCCCCCCCCC)CCCCCCCCCCCC)C5=O)s3)cc2)s1,1,0.0,1,0.053,0.0,-3.9,-5.76,*c1ccc(-c2ccc(-c3ccc(*)s3)cc2)s1,*c1cc2c3c(c(*)cc4c3c1C(=O)N(CC(CCCCCCCCCC)CCCCCCCCCCCC)C4=O)C(=O)N(CC(CCCCCCCCCC)CCCCCCCCCCCC)C2=O,PNDI-TPaT,*c1ccc(-c2ccc(-c3ccc(-c4cc5c6c(c(*)cc7c6c4C(=O)N(CC(CCCCCCCCCC)CCCCCCCCCCCC)C7=O)C(=O)N(CC(CCCCCCCCCC)CCCCCCCCCCCC)C5=O)s3)nn2)s1,1,0.0,0,0.014,0.0,-3.98,-5.9,*c1ccc(-c2ccc(-c3ccc(*)s3)nn2)s1,*c1cc2c3c(c(*)cc4c3c1C(=O)N(CC(CCCCCCCCCC)CCCCCCCCCCCC)C4=O)C(=O)N(CC(CCCCCCCCCC)CCCCCCCCCCCC)C2=O
10.1039/d0tc04493h,PNDI-TPhT ,*c1ccc(-c2ccc(-c3ccc(-c4cc5c6c(c(*)cc7c6c4C(=O)N(CC(CCCCCCCCCC)CCCCCCCCCCCC)C7=O)C(=O)N(CC(CCCCCCCCCC)CCCCCCCCCCCC)C5=O)s3)cc2)s1,1,0.0,1,0.053,0.0,-3.9,-5.76,*c1ccc(-c2ccc(-c3ccc(*)s3)cc2)s1,*c1cc2c3c(c(*)cc4c3c1C(=O)N(CC(CCCCCCCCCC)CCCCCCCCCCCC)C4=O)C(=O)N(CC(CCCCCCCCCC)CCCCCCCCCCCC)C2=O,PNDI-TTzT,*c1ccc(-c2nnc(-c3ccc(-c4cc5c6c(c(*)cc7c6c4C(=O)N(CC(CCCCCCCCCC)CCCCCCCCCCCC)C7=O)C(=O)N(CC(CCCCCCCCCC)CCCCCCCCCCCC)C5=O)s3)nn2)s1,1,0.0,1,0.073,0.0,-4.1,-6.01,*c1ccc(-c2nnc(-c3ccc(*)s3)nn2)s1,*c1cc2c3c(c(*)cc4c3c1C(=O)N(CC(CCCCCCCCCC)CCCCCCCCCCCC)C4=O)C(=O)N(CC(CCCCCCCCCC)CCCCCCCCCCCC)C2=O
10.1039/d0tc04493h,PNDI-TPdT,*c1ccc(-c2ccc(-c3ccc(-c4cc5c6c(c(*)cc7c6c4C(=O)N(CC(CCCCCCCCCC)CCCCCCCCCCCC)C7=O)C(=O)N(CC(CCCCCCCCCC)CCCCCCCCCCCC)C5=O)s3)cn2)s1,1,0.0,0,0.059,0.0,-3.94,-5.81,*c1ccc(-c2ccc(-c3ccc(*)s3)nc2)s1,*c1cc2c3c(c(*)cc4c3c1C(=O)N(CC(CCCCCCCCCC)CCCCCCCCCCCC)C4=O)C(=O)N(CC(CCCCCCCCCC)CCCCCCCCCCCC)C2=O,PNDI-TPaT,*c1ccc(-c2ccc(-c3ccc(-c4cc5c6c(c(*)cc7c6c4C(=O)N(CC(CCCCCCCCCC)CCCCCCCCCCCC)C7=O)C(=O)N(CC(CCCCCCCCCC)CCCCCCCCCCCC)C5=O)s3)nn2)s1,1,0.0,0,0.014,0.0,-3.98,-5.9,*c1ccc(-c2ccc(-c3ccc(*)s3)nn2)s1,*c1cc2c3c(c(*)cc4c3c1C(=O)N(CC(CCCCCCCCCC)CCCCCCCCCCCC)C4=O)C(=O)N(CC(CCCCCCCCCC)CCCCCCCCCCCC)C2=O
10.1039/d0tc04493h,PNDI-TPdT,*c1ccc(-c2ccc(-c3ccc(-c4cc5c6c(c(*)cc7c6c4C(=O)N(CC(CCCCCCCCCC)CCCCCCCCCCCC)C7=O)C(=O)N(CC(CCCCCCCCCC)CCCCCCCCCCCC)C5=O)s3)cn2)s1,1,0.0,0,0.059,0.0,-3.94,-5.81,*c1ccc(-c2ccc(-c3ccc(*)s3)nc2)s1,*c1cc2c3c(c(*)cc4c3c1C(=O)N(CC(CCCCCCCCCC)CCCCCCCCCCCC)C4=O)C(=O)N(CC(CCCCCCCCCC)CCCCCCCCCCCC)C2=O,PNDI-TTzT,*c1ccc(-c2nnc(-c3ccc(-c4cc5c6c(c(*)cc7c6c4C(=O)N(CC(CCCCCCCCCC)CCCCCCCCCCCC)C7=O)C(=O)N(CC(CCCCCCCCCC)CCCCCCCCCCCC)C5=O)s3)nn2)s1,1,0.0,1,0.073,0.0,-4.1,-6.01,*c1ccc(-c2nnc(-c3ccc(*)s3)nn2)s1,*c1cc2c3c(c(*)cc4c3c1C(=O)N(CC(CCCCCCCCCC)CCCCCCCCCCCC)C4=O)C(=O)N(CC(CCCCCCCCCC)CCCCCCCCCCCC)C2=O
10.1039/d0tc04493h,PNDI-TPaT,*c1ccc(-c2ccc(-c3ccc(-c4cc5c6c(c(*)cc7c6c4C(=O)N(CC(CCCCCCCCCC)CCCCCCCCCCCC)C7=O)C(=O)N(CC(CCCCCCCCCC)CCCCCCCCCCCC)C5=O)s3)nn2)s1,1,0.0,0,0.014,0.0,-3.98,-5.9,*c1ccc(-c2ccc(-c3ccc(*)s3)nn2)s1,*c1cc2c3c(c(*)cc4c3c1C(=O)N(CC(CCCCCCCCCC)CCCCCCCCCCCC)C4=O)C(=O)N(CC(CCCCCCCCCC)CCCCCCCCCCCC)C2=O,PNDI-TTzT,*c1ccc(-c2nnc(-c3ccc(-c4cc5c6c(c(*)cc7c6c4C(=O)N(CC(CCCCCCCCCC)CCCCCCCCCCCC)C7=O)C(=O)N(CC(CCCCCCCCCC)CCCCCCCCCCCC)C5=O)s3)nn2)s1,1,0.0,1,0.073,0.0,-4.1,-6.01,*c1ccc(-c2nnc(-c3ccc(*)s3)nn2)s1,*c1cc2c3c(c(*)cc4c3c1C(=O)N(CC(CCCCCCCCCC)CCCCCCCCCCCC)C4=O)C(=O)N(CC(CCCCCCCCCC)CCCCCCCCCCCC)C2=O
10.1039/d1ma00799h,DBC-IID,*c1ccc2c(c1)N(CC(CCCCCC)CCCCCCCC)C(=O)/C2=C1/C(=O)N(CC(CCCCCC)CCCCCCCC)c2cc(-c3ccc4c(c3)c(OCC(CCCCCCCC)CCCCCCCCCC)c3ccc5c6ccc(*)cc6c(OCC(CCCCCCCC)CCCCCCCCCC)c6ccc4c3c65)ccc21,1,0.0,1,0.0,6.35e-05,-3.49,-5.36,*c1ccc2c(c1)N(CC(CCCCCC)CCCCCCCC)C(=O)/C2=C1/C(=O)N(CC(CCCCCC)CCCCCCCC)c2cc(*)ccc21,*c1ccc2c(c1)c(OCC(CCCCCCCC)CCCCCCCCCC)c1ccc3c4ccc(*)cc4c(OCC(CCCCCCCC)CCCCCCCCCC)c4ccc2c1c43,DBC-DPP,*c1ccc2c(c1)c(OCC(CCCCCCCC)CCCCCCCCCC)c1ccc3c4ccc(-c5ccc(C6=C7C(=O)N(CC(CCCCCCCC)CCCCCCCCCC)C(c8ccc(*)s8)=C7C(=O)N6CC(CCCCCCCC)CCCCCCCCCC)s5)cc4c(OCC(CCCCCCCC)CCCCCCCCCC)c4ccc2c1c43,1,0.0,1,0.0,0.000362,-3.73,-5.31,*c1ccc(C2=C3C(=O)N(CC(CCCCCCCC)CCCCCCCCCC)C(c4ccc(*)s4)=C3C(=O)N2CC(CCCCCCCC)CCCCCCCCCC)s1,*c1ccc2c(c1)c(OCC(CCCCCCCC)CCCCCCCCCC)c1ccc3c4ccc(*)cc4c(OCC(CCCCCCCC)CCCCCCCCCC)c4ccc2c1c43
10.1039/d1ma00799h,DBC-IID,*c1ccc2c(c1)N(CC(CCCCCC)CCCCCCCC)C(=O)/C2=C1/C(=O)N(CC(CCCCCC)CCCCCCCC)c2cc(-c3ccc4c(c3)c(OCC(CCCCCCCC)CCCCCCCCCC)c3ccc5c6ccc(*)cc6c(OCC(CCCCCCCC)CCCCCCCCCC)c6ccc4c3c65)ccc21,1,0.0,1,0.0,6.35e-05,-3.49,-5.36,*c1ccc2c(c1)N(CC(CCCCCC)CCCCCCCC)C(=O)/C2=C1/C(=O)N(CC(CCCCCC)CCCCCCCC)c2cc(*)ccc21,*c1ccc2c(c1)c(OCC(CCCCCCCC)CCCCCCCCCC)c1ccc3c4ccc(*)cc4c(OCC(CCCCCCCC)CCCCCCCCCC)c4ccc2c1c43,DBC-DTBT,*c1ccc2c(c1)c(OCC(CCCCCCCC)CCCCCCCCCC)c1ccc3c4ccc(-c5sc(-c6ccc(-c7cc(CCCCCCCCCCCC)c(*)s7)c7nsnc67)cc5CCCCCCCCCCCC)cc4c(OCC(CCCCCCCC)CCCCCCCCCC)c4ccc2c1c43,1,0.0,0,0.0,0.000336,-3.4,-5.35,*c1sc(-c2ccc(-c3cc(CCCCCCCCCCCC)c(*)s3)c3nsnc23)cc1CCCCCCCCCCCC,*c1ccc2c(c1)c(OCC(CCCCCCCC)CCCCCCCCCC)c1ccc3c4ccc(*)cc4c(OCC(CCCCCCCC)CCCCCCCCCC)c4ccc2c1c43
10.1039/d1ma00799h,DBC-DPP,*c1ccc2c(c1)c(OCC(CCCCCCCC)CCCCCCCCCC)c1ccc3c4ccc(-c5ccc(C6=C7C(=O)N(CC(CCCCCCCC)CCCCCCCCCC)C(c8ccc(*)s8)=C7C(=O)N6CC(CCCCCCCC)CCCCCCCCCC)s5)cc4c(OCC(CCCCCCCC)CCCCCCCCCC)c4ccc2c1c43,1,0.0,1,0.0,0.000362,-3.73,-5.31,*c1ccc(C2=C3C(=O)N(CC(CCCCCCCC)CCCCCCCCCC)C(c4ccc(*)s4)=C3C(=O)N2CC(CCCCCCCC)CCCCCCCCCC)s1,*c1ccc2c(c1)c(OCC(CCCCCCCC)CCCCCCCCCC)c1ccc3c4ccc(*)cc4c(OCC(CCCCCCCC)CCCCCCCCCC)c4ccc2c1c43,DBC-DTBT,*c1ccc2c(c1)c(OCC(CCCCCCCC)CCCCCCCCCC)c1ccc3c4ccc(-c5sc(-c6ccc(-c7cc(CCCCCCCCCCCC)c(*)s7)c7nsnc67)cc5CCCCCCCCCCCC)cc4c(OCC(CCCCCCCC)CCCCCCCCCC)c4ccc2c1c43,1,0.0,0,0.0,0.000336,-3.4,-5.35,*c1sc(-c2ccc(-c3cc(CCCCCCCCCCCC)c(*)s3)c3nsnc23)cc1CCCCCCCCCCCC,*c1ccc2c(c1)c(OCC(CCCCCCCC)CCCCCCCCCC)c1ccc3c4ccc(*)cc4c(OCC(CCCCCCCC)CCCCCCCCCC)c4ccc2c1c43
10.1039/d1ta06383a,PAQM-BT,*c1ccc(/C=c2\nc(OCC(CCCCCCCCCC)CCCCCCCCCCCC)/c(=C/c3ccc(-c4ccc(*)c5nsnc45)s3)nc2OCC(CCCCCCCCCC)CCCCCCCCCCCC)s1,1,0.0,0,0.0,5.1,-3.84,-5.14,*c1ccc(*)c2nsnc12,*c1ccc(/C=c2\nc(OCC(CCCCCCCCCC)CCCCCCCCCCCC)/c(=C/c3ccc(*)s3)nc2OCC(CCCCCCCCCC)CCCCCCCCCCCC)s1,PAQM-3T,*c1ccc(/C=c2\nc(OCC(CCCCCCCCCC)CCCCCCCCCCCC)/c(=C/c3ccc(-c4ccc(*)s4)s3)nc2OCC(CCCCCCCCCC)CCCCCCCCCCCC)s1,1,0.0,0,0.0,0.54,-3.53,-5.02,*c1ccc(*)s1,*c1ccc(/C=c2\nc(OCC(CCCCCCCCCC)CCCCCCCCCCCC)/c(=C/c3ccc(*)s3)nc2OCC(CCCCCCCCCC)CCCCCCCCCCCC)s1
10.1039/d1ta06383a,PAQM-BT,*c1ccc(/C=c2\nc(OCC(CCCCCCCCCC)CCCCCCCCCCCC)/c(=C/c3ccc(-c4ccc(*)c5nsnc45)s3)nc2OCC(CCCCCCCCCC)CCCCCCCCCCCC)s1,1,0.0,0,0.0,5.1,-3.84,-5.14,*c1ccc(*)c2nsnc12,*c1ccc(/C=c2\nc(OCC(CCCCCCCCCC)CCCCCCCCCCCC)/c(=C/c3ccc(*)s3)nc2OCC(CCCCCCCCCC)CCCCCCCCCCCC)s1,PT3B1,*c1ccc(-c2cc(CCCCCCCCCCCC)c(-c3ccc(-c4sc(*)cc4CCCCCCCCCCCC)c4nsnc34)s2)s1,1,0.0,0,0.0,0.00061,-3.24,-5.2,*c1ccc(*)s1,*c1cc(CCCCCCCCCCCC)c(-c2ccc(-c3sc(*)cc3CCCCCCCCCCCC)c3nsnc23)s1
10.1039/d1ta06383a,PAQM-3T,*c1ccc(/C=c2\nc(OCC(CCCCCCCCCC)CCCCCCCCCCCC)/c(=C/c3ccc(-c4ccc(*)s4)s3)nc2OCC(CCCCCCCCCC)CCCCCCCCCCCC)s1,1,0.0,0,0.0,0.54,-3.53,-5.02,*c1ccc(*)s1,*c1ccc(/C=c2\nc(OCC(CCCCCCCCCC)CCCCCCCCCCCC)/c(=C/c3ccc(*)s3)nc2OCC(CCCCCCCCCC)CCCCCCCCCCCC)s1,PT3B1,*c1ccc(-c2cc(CCCCCCCCCCCC)c(-c3ccc(-c4sc(*)cc4CCCCCCCCCCCC)c4nsnc34)s2)s1,1,0.0,0,0.0,0.00061,-3.24,-5.2,*c1ccc(*)s1,*c1cc(CCCCCCCCCCCC)c(-c2ccc(-c3sc(*)cc3CCCCCCCCCCCC)c3nsnc23)s1
10.1039/d1tc01729b,PyDI-T,*c1ccc(-c2cc3c(=O)n(CC(CCCCCCCC)CCCCCCCCCC)c(=O)c4cc5c(*)cc6c(=O)n(CC(CCCCCCCC)CCCCCCCCCC)c(=O)c7cc2c(c34)c5c67)s1,1,0.0,0,0.087,0.0,-3.85,-5.65,*c1ccc(*)s1,*c1cc2c(=O)n(CC(CCCCCCCC)CCCCCCCCCC)c(=O)c3cc4c(*)cc5c(=O)n(CC(CCCCCCCC)CCCCCCCCCC)c(=O)c6cc1c(c23)c4c56,PyrDI-BT,*c1ccc(-c2ccc(-c3cc4c(=O)n(CC(CCCCCCCC)CCCCCCCCCC)c(=O)c5cc6c(*)cc7c(=O)n(CC(CCCCCCCC)CCCCCCCCCC)c(=O)c8cc3c(c45)c6c78)s2)s1,1,0.0,1,0.335,0.0,-3.84,-5.39,*c1ccc(-c2ccc(*)s2)s1,*c1cc2c(=O)n(CC(CCCCCCCC)CCCCCCCCCC)c(=O)c3cc4c(*)cc5c(=O)n(CC(CCCCCCCC)CCCCCCCCCC)c(=O)c6cc1c(c23)c4c56
10.1039/d1tc02833b,PNBDO-TT,*c1ccc2c(n1)N(CCCC(CCCCCCCCCCCCCCCCCC)CCCCCCCCCCCCCCCCCC)C(=O)/C2=C1/C(=O)Oc2cc3c(cc21)OC(=O)/C3=C1/C(=O)N(CCCC(CCCCCCCCCCCCCCCCCC)CCCCCCCCCCCCCCCCCC)c2nc(-c3cc4sc(*)cc4s3)ccc21,1,0.0,1,2.08,0.0,-4.07,-5.99,*c1cc2sc(*)cc2s1,*c1ccc2c(n1)N(CCCC(CCCCCCCCCCCCCCCCCC)CCCCCCCCCCCCCCCCCC)C(=O)/C2=C1/C(=O)Oc2cc3c(cc21)OC(=O)/C3=C1/C(=O)N(CCCC(CCCCCCCCCCCCCCCCCC)CCCCCCCCCCCCCCCCCC)c2nc(*)ccc21,PNBDO-DMTT,*c1ccc2c(n1)N(CCCC(CCCCCCCCCCCCCCCCCC)CCCCCCCCCCCCCCCCCC)C(=O)/C2=C1/C(=O)Oc2cc3c(cc21)OC(=O)/C3=C1/C(=O)N(CCCC(CCCCCCCCCCCCCCCCCC)CCCCCCCCCCCCCCCCCC)c2nc(-c3sc4c(C)c(*)sc4c3C)ccc21,1,0.0,1,0.739,0.0255,-4.0,-5.94,*c1sc2c(C)c(*)sc2c1C,*c1ccc2c(n1)N(CCCC(CCCCCCCCCCCCCCCCCC)CCCCCCCCCCCCCCCCCC)C(=O)/C2=C1/C(=O)Oc2cc3c(cc21)OC(=O)/C3=C1/C(=O)N(CCCC(CCCCCCCCCCCCCCCCCC)CCCCCCCCCCCCCCCCCC)c2nc(*)ccc21
10.1039/d1tc02833b,PNBDO-TT,*c1ccc2c(n1)N(CCCC(CCCCCCCCCCCCCCCCCC)CCCCCCCCCCCCCCCCCC)C(=O)/C2=C1/C(=O)Oc2cc3c(cc21)OC(=O)/C3=C1/C(=O)N(CCCC(CCCCCCCCCCCCCCCCCC)CCCCCCCCCCCCCCCCCC)c2nc(-c3cc4sc(*)cc4s3)ccc21,1,0.0,1,2.08,0.0,-4.07,-5.99,*c1cc2sc(*)cc2s1,*c1ccc2c(n1)N(CCCC(CCCCCCCCCCCCCCCCCC)CCCCCCCCCCCCCCCCCC)C(=O)/C2=C1/C(=O)Oc2cc3c(cc21)OC(=O)/C3=C1/C(=O)N(CCCC(CCCCCCCCCCCCCCCCCC)CCCCCCCCCCCCCCCCCC)c2nc(*)ccc21,PNBDO-MOTT,*c1ccc2c(n1)N(CCCC(CCCCCCCCCCCCCCCCCC)CCCCCCCCCCCCCCCCCC)C(=O)/C2=C1/C(=O)Oc2cc3c(cc21)OC(=O)/C3=C1/C(=O)N(CCCC(CCCCCCCCCCCCCCCCCC)CCCCCCCCCCCCCCCCCC)c2nc(-c3sc4c(OC)c(*)sc4c3OC)ccc21,1,0.0,1,0.103,0.0711,-4.0,-5.75,*c1sc2c(OC)c(*)sc2c1OC,*c1ccc2c(n1)N(CCCC(CCCCCCCCCCCCCCCCCC)CCCCCCCCCCCCCCCCCC)C(=O)/C2=C1/C(=O)Oc2cc3c(cc21)OC(=O)/C3=C1/C(=O)N(CCCC(CCCCCCCCCCCCCCCCCC)CCCCCCCCCCCCCCCCCC)c2nc(*)ccc21
10.1039/d1tc02833b,PNBDO-DMTT,*c1ccc2c(n1)N(CCCC(CCCCCCCCCCCCCCCCCC)CCCCCCCCCCCCCCCCCC)C(=O)/C2=C1/C(=O)Oc2cc3c(cc21)OC(=O)/C3=C1/C(=O)N(CCCC(CCCCCCCCCCCCCCCCCC)CCCCCCCCCCCCCCCCCC)c2nc(-c3sc4c(C)c(*)sc4c3C)ccc21,1,0.0,1,0.739,0.0255,-4.0,-5.94,*c1sc2c(C)c(*)sc2c1C,*c1ccc2c(n1)N(CCCC(CCCCCCCCCCCCCCCCCC)CCCCCCCCCCCCCCCCCC)C(=O)/C2=C1/C(=O)Oc2cc3c(cc21)OC(=O)/C3=C1/C(=O)N(CCCC(CCCCCCCCCCCCCCCCCC)CCCCCCCCCCCCCCCCCC)c2nc(*)ccc21,PNBDO-MOTT,*c1ccc2c(n1)N(CCCC(CCCCCCCCCCCCCCCCCC)CCCCCCCCCCCCCCCCCC)C(=O)/C2=C1/C(=O)Oc2cc3c(cc21)OC(=O)/C3=C1/C(=O)N(CCCC(CCCCCCCCCCCCCCCCCC)CCCCCCCCCCCCCCCCCC)c2nc(-c3sc4c(OC)c(*)sc4c3OC)ccc21,1,0.0,1,0.103,0.0711,-4.0,-5.75,*c1sc2c(OC)c(*)sc2c1OC,*c1ccc2c(n1)N(CCCC(CCCCCCCCCCCCCCCCCC)CCCCCCCCCCCCCCCCCC)C(=O)/C2=C1/C(=O)Oc2cc3c(cc21)OC(=O)/C3=C1/C(=O)N(CCCC(CCCCCCCCCCCCCCCCCC)CCCCCCCCCCCCCCCCCC)c2nc(*)ccc21
10.1039/d1tc03876a,PBPT-TT,*c1ccc(-c2sc(-c3ncc(-c4cnc(-c5cc(CC(CCCCCCCCCC)CCCCCCCCCCCC)c(*)s5)c5nsnc45)c4nsnc34)cc2CC(CCCCCCCCCC)CCCCCCCCCCCC)s1,1,0.0,0,0.0191,0.0135,-3.43,-5.36,*c1ccc(*)s1,*c1sc(-c2ncc(-c3cnc(-c4cc(CC(CCCCCCCCCC)CCCCCCCCCCCC)c(*)s4)c4nsnc34)c3nsnc23)cc1CC(CCCCCCCCCC)CCCCCCCCCCCC,PBPT-FTT,*c1sc(-c2ncc(-c3cnc(-c4cc(CC(CCCCCCCCCC)CCCCCCCCCCCC)c(-c5sc(*)c(F)c5F)s4)c4nsnc34)c3nsnc23)cc1CC(CCCCCCCCCC)CCCCCCCCCCCC,1,0.0,0,1.602,0.332,-3.52,-5.54,*c1sc(*)c(F)c1F,*c1sc(-c2ncc(-c3cnc(-c4cc(CC(CCCCCCCCCC)CCCCCCCCCCCC)c(*)s4)c4nsnc34)c3nsnc23)cc1CC(CCCCCCCCCC)CCCCCCCCCCCC
10.1039/d1tc04207f,Fu-F(furanDPP-4FTVT),*c1ccc(C2=C3C(=O)N(CCCC(CCCCCCCCCCCCCC)CCCCCCCCCCCCCC)C(c4ccc(-c5sc(/C=C/c6sc(*)c(F)c6F)c(F)c5F)o4)=C3C(=O)N2CCCC(CCCCCCCCCCCCCC)CCCCCCCCCCCCCC)o1,1,0.0,1,2.79,0.53,-3.56,-5.44,*c1sc(/C=C/c2sc(*)c(F)c2F)c(F)c1F,*c1ccc(C2=C3C(=O)N(CCCC(CCCCCCCCCCCCCC)CCCCCCCCCCCCCC)C(c4ccc(*)o4)=C3C(=O)N2CCCC(CCCCCCCCCCCCCC)CCCCCCCCCCCCCC)o1,Fu-Cl(furanDPP-4ClTVT),*c1ccc(C2=C3C(=O)N(CCCC(CCCCCCCCCCCCCC)CCCCCCCCCCCCCC)C(c4ccc(-c5sc(/C=C/c6sc(*)c(Cl)c6Cl)c(Cl)c5Cl)o4)=C3C(=O)N2CCCC(CCCCCCCCCCCCCC)CCCCCCCCCCCCCC)o1,1,0.0,1,0.015,0.0035,-3.58,-5.45,*c1sc(/C=C/c2sc(*)c(Cl)c2Cl)c(Cl)c1Cl,*c1ccc(C2=C3C(=O)N(CCCC(CCCCCCCCCCCCCC)CCCCCCCCCCCCCC)C(c4ccc(*)o4)=C3C(=O)N2CCCC(CCCCCCCCCCCCCC)CCCCCCCCCCCCCC)o1
10.1039/d1tc06103h,2FDSBT-BDTS,*c1cc2c(SCC(CC)CCCC)c3sc(-c4ccc(-c5c(F)c(F)c(-c6ccc(*)[se]6)c6nsnc56)[se]4)cc3c(SCC(CC)CCCC)c2s1,1,0.0,0,0.0,0.056,-3.35,-4.96,*c1ccc(-c2c(F)c(F)c(-c3ccc(*)[se]3)c3nsnc23)[se]1,*c1cc2c(SCC(CC)CCCC)c3sc(*)cc3c(SCC(CC)CCCC)c2s1,FODSBT-BDTS,*c1cc2c(SCC(CC)CCCC)c3sc(-c4ccc(-c5c(OCC(CCCCCCCCCC)CCCCCCCCCCCC)c(F)c(-c6ccc(*)[se]6)c6nsnc56)[se]4)cc3c(SCC(CC)CCCC)c2s1,1,0.0,0,0.0,0.00188,-3.29,-4.94,*c1ccc(-c2c(F)c(OCC(CCCCCCCCCC)CCCCCCCCCCCC)c(-c3ccc(*)[se]3)c3nsnc23)[se]1,*c1cc2c(SCC(CC)CCCC)c3sc(*)cc3c(SCC(CC)CCCC)c2s1
10.1039/d1tc06103h,2FDSBT-BDTS,*c1cc2c(SCC(CC)CCCC)c3sc(-c4ccc(-c5c(F)c(F)c(-c6ccc(*)[se]6)c6nsnc56)[se]4)cc3c(SCC(CC)CCCC)c2s1,1,0.0,0,0.0,0.056,-3.35,-4.96,*c1ccc(-c2c(F)c(F)c(-c3ccc(*)[se]3)c3nsnc23)[se]1,*c1cc2c(SCC(CC)CCCC)c3sc(*)cc3c(SCC(CC)CCCC)c2s1,2ODSBT-BDTS,*c1cc2c(SCC(CC)CCCC)c3sc(-c4ccc(-c5c(OCC(CCCCCCCCCC)CCCCCCCCCCCC)c(OCC(CCCCCCCCCC)CCCCCCCCCCCC)c(-c6ccc(*)[se]6)c6nsnc56)[se]4)cc3c(SCC(CC)CCCC)c2s1,1,0.0,0,0.0,0.00011,-3.25,-4.92,*c1ccc(-c2c(OCC(CCCCCCCCCC)CCCCCCCCCCCC)c(OCC(CCCCCCCCCC)CCCCCCCCCCCC)c(-c3ccc(*)[se]3)c3nsnc23)[se]1,*c1cc2c(SCC(CC)CCCC)c3sc(*)cc3c(SCC(CC)CCCC)c2s1
10.1039/d1tc06103h,FODSBT-BDTS,*c1cc2c(SCC(CC)CCCC)c3sc(-c4ccc(-c5c(OCC(CCCCCCCCCC)CCCCCCCCCCCC)c(F)c(-c6ccc(*)[se]6)c6nsnc56)[se]4)cc3c(SCC(CC)CCCC)c2s1,1,0.0,0,0.0,0.00188,-3.29,-4.94,*c1ccc(-c2c(F)c(OCC(CCCCCCCCCC)CCCCCCCCCCCC)c(-c3ccc(*)[se]3)c3nsnc23)[se]1,*c1cc2c(SCC(CC)CCCC)c3sc(*)cc3c(SCC(CC)CCCC)c2s1,2ODSBT-BDTS,*c1cc2c(SCC(CC)CCCC)c3sc(-c4ccc(-c5c(OCC(CCCCCCCCCC)CCCCCCCCCCCC)c(OCC(CCCCCCCCCC)CCCCCCCCCCCC)c(-c6ccc(*)[se]6)c6nsnc56)[se]4)cc3c(SCC(CC)CCCC)c2s1,1,0.0,0,0.0,0.00011,-3.25,-4.92,*c1ccc(-c2c(OCC(CCCCCCCCCC)CCCCCCCCCCCC)c(OCC(CCCCCCCCCC)CCCCCCCCCCCC)c(-c3ccc(*)[se]3)c3nsnc23)[se]1,*c1cc2c(SCC(CC)CCCC)c3sc(*)cc3c(SCC(CC)CCCC)c2s1
10.1039/d2py01430k,BT-DTYM-BT,*c1ccc(-c2ccc(-c3sc(-c4c5c(c(-c6cc(CC(CCCCCCCCCC)CCCCCCCCCCCC)c(*)s6)c6nsnc46)SC(=C(C#N)C#N)S5)cc3CC(CCCCCCCCCC)CCCCCCCCCCCC)s2)s1,1,0.0,0,0.00131,0.0,-3.52,-5.6,*c1ccc(-c2ccc(*)s2)s1,*c1sc(-c2c3c(c(-c4cc(CC(CCCCCCCCCC)CCCCCCCCCCCC)c(*)s4)c4nsnc24)SC(=C(C#N)C#N)S3)cc1CC(CCCCCCCCCC)CCCCCCCCCCCC,BT-DTYM-TT,*c1cc2sc(-c3sc(-c4c5c(c(-c6cc(CC(CCCCCCCCCC)CCCCCCCCCCCC)c(*)s6)c6nsnc46)SC(=C(C#N)C#N)S5)cc3CC(CCCCCCCCCC)CCCCCCCCCCCC)cc2s1,1,0.0,0,0.000523,0.0,-3.61,-5.56,*c1cc2sc(*)cc2s1,*c1sc(-c2c3c(c(-c4cc(CC(CCCCCCCCCC)CCCCCCCCCCCC)c(*)s4)c4nsnc24)SC(=C(C#N)C#N)S3)cc1CC(CCCCCCCCCC)CCCCCCCCCCCC
10.1039/d2py01430k,BT-DTYM-BT,*c1ccc(-c2ccc(-c3sc(-c4c5c(c(-c6cc(CC(CCCCCCCCCC)CCCCCCCCCCCC)c(*)s6)c6nsnc46)SC(=C(C#N)C#N)S5)cc3CC(CCCCCCCCCC)CCCCCCCCCCCC)s2)s1,1,0.0,0,0.00131,0.0,-3.52,-5.6,*c1ccc(-c2ccc(*)s2)s1,*c1sc(-c2c3c(c(-c4cc(CC(CCCCCCCCCC)CCCCCCCCCCCC)c(*)s4)c4nsnc24)SC(=C(C#N)C#N)S3)cc1CC(CCCCCCCCCC)CCCCCCCCCCCC,BT-DTYM-FBT,*c1cc(F)c(-c2sc(-c3sc(-c4c5c(c(-c6cc(CC(CCCCCCCCCC)CCCCCCCCCCCC)c(*)s6)c6nsnc46)SC(=C(C#N)C#N)S5)cc3CC(CCCCCCCCCC)CCCCCCCCCCCC)cc2F)s1,1,0.0,0,0.0052,0.0,-3.92,-5.88,*c1cc(F)c(-c2sc(*)cc2F)s1,*c1sc(-c2c3c(c(-c4cc(CC(CCCCCCCCCC)CCCCCCCCCCCC)c(*)s4)c4nsnc24)SC(=C(C#N)C#N)S3)cc1CC(CCCCCCCCCC)CCCCCCCCCCCC
10.1039/d2py01430k,BT-DTYM-BT,*c1ccc(-c2ccc(-c3sc(-c4c5c(c(-c6cc(CC(CCCCCCCCCC)CCCCCCCCCCCC)c(*)s6)c6nsnc46)SC(=C(C#N)C#N)S5)cc3CC(CCCCCCCCCC)CCCCCCCCCCCC)s2)s1,1,0.0,0,0.00131,0.0,-3.52,-5.6,*c1ccc(-c2ccc(*)s2)s1,*c1sc(-c2c3c(c(-c4cc(CC(CCCCCCCCCC)CCCCCCCCCCCC)c(*)s4)c4nsnc24)SC(=C(C#N)C#N)S3)cc1CC(CCCCCCCCCC)CCCCCCCCCCCC,BT-DTYM-BDT-T,*c1cc2c(-c3ccc(CC(CC)CCCC)s3)c3sc(-c4sc(-c5c6c(c(-c7cc(CC(CCCCCCCCCC)CCCCCCCCCCCC)c(*)s7)c7nsnc57)SC(=C(C#N)C#N)S6)cc4CC(CCCCCCCCCC)CCCCCCCCCCCC)cc3c(-c3ccc(CC(CC)CCCC)s3)c2s1,1,0.0,0,7.54e-05,0.0,-3.53,-5.78,*c1cc2c(-c3ccc(CC(CC)CCCC)s3)c3sc(*)cc3c(-c3ccc(CC(CC)CCCC)s3)c2s1,*c1sc(-c2c3c(c(-c4cc(CC(CCCCCCCCCC)CCCCCCCCCCCC)c(*)s4)c4nsnc24)SC(=C(C#N)C#N)S3)cc1CC(CCCCCCCCCC)CCCCCCCCCCCC
10.1039/d2py01430k,BT-DTYM-TT,*c1cc2sc(-c3sc(-c4c5c(c(-c6cc(CC(CCCCCCCCCC)CCCCCCCCCCCC)c(*)s6)c6nsnc46)SC(=C(C#N)C#N)S5)cc3CC(CCCCCCCCCC)CCCCCCCCCCCC)cc2s1,1,0.0,0,0.000523,0.0,-3.61,-5.56,*c1cc2sc(*)cc2s1,*c1sc(-c2c3c(c(-c4cc(CC(CCCCCCCCCC)CCCCCCCCCCCC)c(*)s4)c4nsnc24)SC(=C(C#N)C#N)S3)cc1CC(CCCCCCCCCC)CCCCCCCCCCCC,BT-DTYM-FBT,*c1cc(F)c(-c2sc(-c3sc(-c4c5c(c(-c6cc(CC(CCCCCCCCCC)CCCCCCCCCCCC)c(*)s6)c6nsnc46)SC(=C(C#N)C#N)S5)cc3CC(CCCCCCCCCC)CCCCCCCCCCCC)cc2F)s1,1,0.0,0,0.0052,0.0,-3.92,-5.88,*c1cc(F)c(-c2sc(*)cc2F)s1,*c1sc(-c2c3c(c(-c4cc(CC(CCCCCCCCCC)CCCCCCCCCCCC)c(*)s4)c4nsnc24)SC(=C(C#N)C#N)S3)cc1CC(CCCCCCCCCC)CCCCCCCCCCCC
10.1039/d2py01430k,BT-DTYM-TT,*c1cc2sc(-c3sc(-c4c5c(c(-c6cc(CC(CCCCCCCCCC)CCCCCCCCCCCC)c(*)s6)c6nsnc46)SC(=C(C#N)C#N)S5)cc3CC(CCCCCCCCCC)CCCCCCCCCCCC)cc2s1,1,0.0,0,0.000523,0.0,-3.61,-5.56,*c1cc2sc(*)cc2s1,*c1sc(-c2c3c(c(-c4cc(CC(CCCCCCCCCC)CCCCCCCCCCCC)c(*)s4)c4nsnc24)SC(=C(C#N)C#N)S3)cc1CC(CCCCCCCCCC)CCCCCCCCCCCC,BT-DTYM-BDT-T,*c1cc2c(-c3ccc(CC(CC)CCCC)s3)c3sc(-c4sc(-c5c6c(c(-c7cc(CC(CCCCCCCCCC)CCCCCCCCCCCC)c(*)s7)c7nsnc57)SC(=C(C#N)C#N)S6)cc4CC(CCCCCCCCCC)CCCCCCCCCCCC)cc3c(-c3ccc(CC(CC)CCCC)s3)c2s1,1,0.0,0,7.54e-05,0.0,-3.53,-5.78,*c1cc2c(-c3ccc(CC(CC)CCCC)s3)c3sc(*)cc3c(-c3ccc(CC(CC)CCCC)s3)c2s1,*c1sc(-c2c3c(c(-c4cc(CC(CCCCCCCCCC)CCCCCCCCCCCC)c(*)s4)c4nsnc24)SC(=C(C#N)C#N)S3)cc1CC(CCCCCCCCCC)CCCCCCCCCCCC
10.1039/d2py01430k,BT-DTYM-FBT,*c1cc(F)c(-c2sc(-c3sc(-c4c5c(c(-c6cc(CC(CCCCCCCCCC)CCCCCCCCCCCC)c(*)s6)c6nsnc46)SC(=C(C#N)C#N)S5)cc3CC(CCCCCCCCCC)CCCCCCCCCCCC)cc2F)s1,1,0.0,0,0.0052,0.0,-3.92,-5.88,*c1cc(F)c(-c2sc(*)cc2F)s1,*c1sc(-c2c3c(c(-c4cc(CC(CCCCCCCCCC)CCCCCCCCCCCC)c(*)s4)c4nsnc24)SC(=C(C#N)C#N)S3)cc1CC(CCCCCCCCCC)CCCCCCCCCCCC,BT-DTYM-BDT-T,*c1cc2c(-c3ccc(CC(CC)CCCC)s3)c3sc(-c4sc(-c5c6c(c(-c7cc(CC(CCCCCCCCCC)CCCCCCCCCCCC)c(*)s7)c7nsnc57)SC(=C(C#N)C#N)S6)cc4CC(CCCCCCCCCC)CCCCCCCCCCCC)cc3c(-c3ccc(CC(CC)CCCC)s3)c2s1,1,0.0,0,7.54e-05,0.0,-3.53,-5.78,*c1cc2c(-c3ccc(CC(CC)CCCC)s3)c3sc(*)cc3c(-c3ccc(CC(CC)CCCC)s3)c2s1,*c1sc(-c2c3c(c(-c4cc(CC(CCCCCCCCCC)CCCCCCCCCCCC)c(*)s4)c4nsnc24)SC(=C(C#N)C#N)S3)cc1CC(CCCCCCCCCC)CCCCCCCCCCCC
10.1039/d2sc04661j,TzPTTPTz,*c1nc2c(s1)c1sc3c(sc4c5sc(*)nc5n(CCCCCCCCCCCCCCCC)c43)c1n2CCCCCCCCCCCCCCCC,1,0.0,1,0.0,0.0031,-3.5,-4.85,*c1nc2c(s1)c1sc3c(sc4c5sc(*)nc5n(CCCCCCCCCCCCCCCC)c43)c1n2CCCCCCCCCCCCCCCC,*c1nc2c(s1)c1sc3c(sc4c5sc(*)nc5n(CCCCCCCCCCCCCCCC)c43)c1n2CCCCCCCCCCCCCCCC,TzPTTPTz-2,*c1nc2c(s1)c1sc3c(sc4c5sc(*)nc5n(CC(CCCCCCCC)CCCCCCCCCC)c43)c1n2CC(CCCCCCCC)CCCCCCCCCC,1,0.0,1,0.0,0.00045,-3.51,-4.83,*c1nc2c(s1)c1sc3c(sc4c5sc(*)nc5n(CC(CCCCCCCC)CCCCCCCCCC)c43)c1n2CC(CCCCCCCC)CCCCCCCCCC,*c1nc2c(s1)c1sc3c(sc4c5sc(*)nc5n(CC(CCCCCCCC)CCCCCCCCCC)c43)c1n2CC(CCCCCCCC)CCCCCCCCCC
10.1039/d2sc04661j,TzPTTPTz,*c1nc2c(s1)c1sc3c(sc4c5sc(*)nc5n(CCCCCCCCCCCCCCCC)c43)c1n2CCCCCCCCCCCCCCCC,1,0.0,1,0.0,0.0031,-3.5,-4.85,*c1nc2c(s1)c1sc3c(sc4c5sc(*)nc5n(CCCCCCCCCCCCCCCC)c43)c1n2CCCCCCCCCCCCCCCC,*c1nc2c(s1)c1sc3c(sc4c5sc(*)nc5n(CCCCCCCCCCCCCCCC)c43)c1n2CCCCCCCCCCCCCCCC,TzPTTPTz-DPP,*c1ccc(C2=C3C(=O)N(CC(CC)CCCC)C(c4ccc(-c5nc6c(s5)c5sc7c(sc8c9sc(*)nc9n(CCCCCCCCCCCCCCCC)c87)c5n6CCCCCCCCCCCCCCCC)s4)=C3C(=O)N2CC(CC)CCCC)s1,1,0.0,1,0.0,0.05,-3.53,-4.81,*c1ccc(C2=C3C(=O)N(CC(CC)CCCC)C(c4ccc(*)s4)=C3C(=O)N2CC(CC)CCCC)s1,*c1nc2c(s1)c1sc3c(sc4c5sc(*)nc5n(CCCCCCCCCCCCCCCC)c43)c1n2CCCCCCCCCCCCCCCC
10.1039/d2sc04661j,TzPTTPTz-2,*c1nc2c(s1)c1sc3c(sc4c5sc(*)nc5n(CC(CCCCCCCC)CCCCCCCCCC)c43)c1n2CC(CCCCCCCC)CCCCCCCCCC,1,0.0,1,0.0,0.00045,-3.51,-4.83,*c1nc2c(s1)c1sc3c(sc4c5sc(*)nc5n(CC(CCCCCCCC)CCCCCCCCCC)c43)c1n2CC(CCCCCCCC)CCCCCCCCCC,*c1nc2c(s1)c1sc3c(sc4c5sc(*)nc5n(CC(CCCCCCCC)CCCCCCCCCC)c43)c1n2CC(CCCCCCCC)CCCCCCCCCC,TzPTTPTz-DPP,*c1ccc(C2=C3C(=O)N(CC(CC)CCCC)C(c4ccc(-c5nc6c(s5)c5sc7c(sc8c9sc(*)nc9n(CCCCCCCCCCCCCCCC)c87)c5n6CCCCCCCCCCCCCCCC)s4)=C3C(=O)N2CC(CC)CCCC)s1,1,0.0,1,0.0,0.05,-3.53,-4.81,*c1ccc(C2=C3C(=O)N(CC(CC)CCCC)C(c4ccc(*)s4)=C3C(=O)N2CC(CC)CCCC)s1,*c1nc2c(s1)c1sc3c(sc4c5sc(*)nc5n(CCCCCCCCCCCCCCCC)c43)c1n2CCCCCCCCCCCCCCCC
10.1039/d2tc00732k,P(BTI-4FBT),*c1cc2c(=O)n(CCCC(CCCCCCCCCCCCCCCCCC)CCCCCCCCCCCCCCCCCC)c(=O)c3cc(-c4sc(-c5sc(*)c(F)c5F)c(F)c4F)sc3c2s1,1,0.0,0,0.19,0.0,-3.35,-5.99,*c1sc(-c2sc(*)c(F)c2F)c(F)c1F,*c1cc2c(=O)n(CCCC(CCCCCCCCCCCCCCCCCC)CCCCCCCCCCCCCCCCCC)c(=O)c3cc(*)sc3c2s1,P(BTI-4FTVT),*c1cc2c(=O)n(CCCC(CCCCCCCCCCCCCCCCCC)CCCCCCCCCCCCCCCCCC)c(=O)c3cc(-c4sc(/C=C/c5sc(*)c(F)c5F)c(F)c4F)sc3c2s1,1,0.0,0,0.3,0.0,-3.34,-5.84,*c1sc(/C=C/c2sc(*)c(F)c2F)c(F)c1F,*c1cc2c(=O)n(CCCC(CCCCCCCCCCCCCCCCCC)CCCCCCCCCCCCCCCCCC)c(=O)c3cc(*)sc3c2s1
10.1039/d2tc00732k,P(BTI-4FBT),*c1cc2c(=O)n(CCCC(CCCCCCCCCCCCCCCCCC)CCCCCCCCCCCCCCCCCC)c(=O)c3cc(-c4sc(-c5sc(*)c(F)c5F)c(F)c4F)sc3c2s1,1,0.0,0,0.19,0.0,-3.35,-5.99,*c1sc(-c2sc(*)c(F)c2F)c(F)c1F,*c1cc2c(=O)n(CCCC(CCCCCCCCCCCCCCCCCC)CCCCCCCCCCCCCCCCCC)c(=O)c3cc(*)sc3c2s1,P(BTI2-4FBT),*c1cc2c(=O)n(CCCC(CCCCCCCCCCCCCCCCCC)CCCCCCCCCCCCCCCCCC)c(=O)c3cc(-c4cc5c(=O)n(CCCC(CCCCCCCCCCCCCCCCCC)CCCCCCCCCCCCCCCCCC)c(=O)c6cc(-c7sc(-c8sc(*)c(F)c8F)c(F)c7F)sc6c5s4)sc3c2s1,1,0.0,1,0.4,0.0,-3.4,-6.09,*c1sc(-c2sc(*)c(F)c2F)c(F)c1F,*c1cc2c(=O)n(CCCC(CCCCCCCCCCCCCCCCCC)CCCCCCCCCCCCCCCCCC)c(=O)c3cc(-c4cc5c(=O)n(CCCC(CCCCCCCCCCCCCCCCCC)CCCCCCCCCCCCCCCCCC)c(=O)c6cc(*)sc6c5s4)sc3c2s1
10.1039/d2tc00732k,P(BTI-4FBT),*c1cc2c(=O)n(CCCC(CCCCCCCCCCCCCCCCCC)CCCCCCCCCCCCCCCCCC)c(=O)c3cc(-c4sc(-c5sc(*)c(F)c5F)c(F)c4F)sc3c2s1,1,0.0,0,0.19,0.0,-3.35,-5.99,*c1sc(-c2sc(*)c(F)c2F)c(F)c1F,*c1cc2c(=O)n(CCCC(CCCCCCCCCCCCCCCCCC)CCCCCCCCCCCCCCCCCC)c(=O)c3cc(*)sc3c2s1,P(BTI2-4FTVT),*c1cc2c(=O)n(CCCC(CCCCCCCCCCCCCCCCCC)CCCCCCCCCCCCCCCCCC)c(=O)c3cc(-c4cc5c(=O)n(CCCC(CCCCCCCCCCCCCCCCCC)CCCCCCCCCCCCCCCCCC)c(=O)c6cc(-c7sc(/C=C/c8sc(*)c(F)c8F)c(F)c7F)sc6c5s4)sc3c2s1,1,0.0,1,0.72,0.0,-3.4,-5.97,*c1sc(/C=C/c2sc(*)c(F)c2F)c(F)c1F,*c1cc2c(=O)n(CCCC(CCCCCCCCCCCCCCCCCC)CCCCCCCCCCCCCCCCCC)c(=O)c3cc(-c4cc5c(=O)n(CCCC(CCCCCCCCCCCCCCCCCC)CCCCCCCCCCCCCCCCCC)c(=O)c6cc(*)sc6c5s4)sc3c2s1
10.1039/d2tc00732k,P(BTI-4FTVT),*c1cc2c(=O)n(CCCC(CCCCCCCCCCCCCCCCCC)CCCCCCCCCCCCCCCCCC)c(=O)c3cc(-c4sc(/C=C/c5sc(*)c(F)c5F)c(F)c4F)sc3c2s1,1,0.0,0,0.3,0.0,-3.34,-5.84,*c1sc(/C=C/c2sc(*)c(F)c2F)c(F)c1F,*c1cc2c(=O)n(CCCC(CCCCCCCCCCCCCCCCCC)CCCCCCCCCCCCCCCCCC)c(=O)c3cc(*)sc3c2s1,P(BTI2-4FBT),*c1cc2c(=O)n(CCCC(CCCCCCCCCCCCCCCCCC)CCCCCCCCCCCCCCCCCC)c(=O)c3cc(-c4cc5c(=O)n(CCCC(CCCCCCCCCCCCCCCCCC)CCCCCCCCCCCCCCCCCC)c(=O)c6cc(-c7sc(-c8sc(*)c(F)c8F)c(F)c7F)sc6c5s4)sc3c2s1,1,0.0,1,0.4,0.0,-3.4,-6.09,*c1sc(-c2sc(*)c(F)c2F)c(F)c1F,*c1cc2c(=O)n(CCCC(CCCCCCCCCCCCCCCCCC)CCCCCCCCCCCCCCCCCC)c(=O)c3cc(-c4cc5c(=O)n(CCCC(CCCCCCCCCCCCCCCCCC)CCCCCCCCCCCCCCCCCC)c(=O)c6cc(*)sc6c5s4)sc3c2s1
10.1039/d2tc00732k,P(BTI-4FTVT),*c1cc2c(=O)n(CCCC(CCCCCCCCCCCCCCCCCC)CCCCCCCCCCCCCCCCCC)c(=O)c3cc(-c4sc(/C=C/c5sc(*)c(F)c5F)c(F)c4F)sc3c2s1,1,0.0,0,0.3,0.0,-3.34,-5.84,*c1sc(/C=C/c2sc(*)c(F)c2F)c(F)c1F,*c1cc2c(=O)n(CCCC(CCCCCCCCCCCCCCCCCC)CCCCCCCCCCCCCCCCCC)c(=O)c3cc(*)sc3c2s1,P(BTI2-4FTVT),*c1cc2c(=O)n(CCCC(CCCCCCCCCCCCCCCCCC)CCCCCCCCCCCCCCCCCC)c(=O)c3cc(-c4cc5c(=O)n(CCCC(CCCCCCCCCCCCCCCCCC)CCCCCCCCCCCCCCCCCC)c(=O)c6cc(-c7sc(/C=C/c8sc(*)c(F)c8F)c(F)c7F)sc6c5s4)sc3c2s1,1,0.0,1,0.72,0.0,-3.4,-5.97,*c1sc(/C=C/c2sc(*)c(F)c2F)c(F)c1F,*c1cc2c(=O)n(CCCC(CCCCCCCCCCCCCCCCCC)CCCCCCCCCCCCCCCCCC)c(=O)c3cc(-c4cc5c(=O)n(CCCC(CCCCCCCCCCCCCCCCCC)CCCCCCCCCCCCCCCCCC)c(=O)c6cc(*)sc6c5s4)sc3c2s1
10.1039/d2tc00732k,P(BTI2-4FBT),*c1cc2c(=O)n(CCCC(CCCCCCCCCCCCCCCCCC)CCCCCCCCCCCCCCCCCC)c(=O)c3cc(-c4cc5c(=O)n(CCCC(CCCCCCCCCCCCCCCCCC)CCCCCCCCCCCCCCCCCC)c(=O)c6cc(-c7sc(-c8sc(*)c(F)c8F)c(F)c7F)sc6c5s4)sc3c2s1,1,0.0,1,0.4,0.0,-3.4,-6.09,*c1sc(-c2sc(*)c(F)c2F)c(F)c1F,*c1cc2c(=O)n(CCCC(CCCCCCCCCCCCCCCCCC)CCCCCCCCCCCCCCCCCC)c(=O)c3cc(-c4cc5c(=O)n(CCCC(CCCCCCCCCCCCCCCCCC)CCCCCCCCCCCCCCCCCC)c(=O)c6cc(*)sc6c5s4)sc3c2s1,P(BTI2-4FTVT),*c1cc2c(=O)n(CCCC(CCCCCCCCCCCCCCCCCC)CCCCCCCCCCCCCCCCCC)c(=O)c3cc(-c4cc5c(=O)n(CCCC(CCCCCCCCCCCCCCCCCC)CCCCCCCCCCCCCCCCCC)c(=O)c6cc(-c7sc(/C=C/c8sc(*)c(F)c8F)c(F)c7F)sc6c5s4)sc3c2s1,1,0.0,1,0.72,0.0,-3.4,-5.97,*c1sc(/C=C/c2sc(*)c(F)c2F)c(F)c1F,*c1cc2c(=O)n(CCCC(CCCCCCCCCCCCCCCCCC)CCCCCCCCCCCCCCCCCC)c(=O)c3cc(-c4cc5c(=O)n(CCCC(CCCCCCCCCCCCCCCCCC)CCCCCCCCCCCCCCCCCC)c(=O)c6cc(*)sc6c5s4)sc3c2s1
10.1039/d2tc02748h,TzFIID-T,*c1ccc(-c2cnc(-c3ccc4c(c3F)N(CCCC(CCCCCCCCCC)CCCCCCCCCC)C(=O)/C4=C3/C(=O)N(CCCC(CCCCCCCCCC)CCCCCCCCCC)c4c3ccc(-c3ncc(*)s3)c4F)s2)s1,1,0.0,0,0.0056,0.0,-3.84,-5.7,*c1ccc(*)s1,*c1cnc(-c2ccc3c(c2F)N(CCCC(CCCCCCCCCC)CCCCCCCCCC)C(=O)/C3=C2/C(=O)N(CCCC(CCCCCCCCCC)CCCCCCCCCC)c3c2ccc(-c2ncc(*)s2)c3F)s1,TzFIID-Se,*c1cnc(-c2ccc3c(c2F)N(CCCC(CCCCCCCCCC)CCCCCCCCCC)C(=O)/C3=C2/C(=O)N(CCCC(CCCCCCCCCC)CCCCCCCCCC)c3c2ccc(-c2ncc(-c4ccc(*)[se]4)s2)c3F)s1,1,0.0,0,0.02,0.0,-3.74,-5.56,*c1ccc(*)[se]1,*c1cnc(-c2ccc3c(c2F)N(CCCC(CCCCCCCCCC)CCCCCCCCCC)C(=O)/C3=C2/C(=O)N(CCCC(CCCCCCCCCC)CCCCCCCCCC)c3c2ccc(-c2ncc(*)s2)c3F)s1
10.1039/d2tc03956g,DPP-NN,*c1ccc(C2=C3C(=O)N(CCCCCCCC[Si](C)(CCCCCCCC)CCCCCCCC)C(c4ccc(-c5ccc(-c6c7nn(CC(CC)CCCC)nc7c(-c7ccc(*)s7)c7[n-][n+](CC(CC)CCCC)nc67)s5)s4)=C3C(=O)N2CCCCCCCC[Si](C)(CCCCCCCC)CCCCCCCC)s1,1,0.0,1,0.0,0.053,-2.95,-4.36,*c1ccc(-c2c3nn(CC(CC)CCCC)nc3c(-c3ccc(*)s3)c3[n-][n+](CC(CC)CCCC)nc23)s1,*c1ccc(C2=C3C(=O)N(CCCCCCCC[Si](C)(CCCCCCCC)CCCCCCCC)C(c4ccc(*)s4)=C3C(=O)N2CCCCCCCC[Si](C)(CCCCCCCC)CCCCCCCC)s1,DPP-NS,*c1ccc(C2=C3C(=O)N(CCCCCCCC[Si](C)(CCCCCCCC)CCCCCCCC)C(c4ccc(-c5ccc(-c6c7c(c(-c8ccc(*)s8)c8nn(CC(CC)CCCC)nc68)N=S=N7)s5)s4)=C3C(=O)N2CCCCCCCC[Si](C)(CCCCCCCC)CCCCCCCC)s1,1,0.0,1,0.0,0.03,-3.32,-4.46,*c1ccc(-c2c3c(c(-c4ccc(*)s4)c4nn(CC(CC)CCCC)nc24)N=S=N3)s1,*c1ccc(C2=C3C(=O)N(CCCCCCCC[Si](C)(CCCCCCCC)CCCCCCCC)C(c4ccc(*)s4)=C3C(=O)N2CCCCCCCC[Si](C)(CCCCCCCC)CCCCCCCC)s1
10.1039/d2tc03956g,DPP-NN,*c1ccc(C2=C3C(=O)N(CCCCCCCC[Si](C)(CCCCCCCC)CCCCCCCC)C(c4ccc(-c5ccc(-c6c7nn(CC(CC)CCCC)nc7c(-c7ccc(*)s7)c7[n-][n+](CC(CC)CCCC)nc67)s5)s4)=C3C(=O)N2CCCCCCCC[Si](C)(CCCCCCCC)CCCCCCCC)s1,1,0.0,1,0.0,0.053,-2.95,-4.36,*c1ccc(-c2c3nn(CC(CC)CCCC)nc3c(-c3ccc(*)s3)c3[n-][n+](CC(CC)CCCC)nc23)s1,*c1ccc(C2=C3C(=O)N(CCCCCCCC[Si](C)(CCCCCCCC)CCCCCCCC)C(c4ccc(*)s4)=C3C(=O)N2CCCCCCCC[Si](C)(CCCCCCCC)CCCCCCCC)s1,DPP-SS,*c1ccc(C2=C3C(=O)N(CCCCCCCC[Si](C)(CCCCCCCC)CCCCCCCC)C(c4ccc(-c5ccc(-c6c7c(c(-c8ccc(*)s8)c8nsnc68)N=S=N7)s5)s4)=C3C(=O)N2CCCCCCCC[Si](C)(CCCCCCCC)CCCCCCCC)s1,1,0.0,1,0.0,0.00026,-3.7,-4.54,*c1ccc(-c2c3c(c(-c4ccc(*)s4)c4nsnc24)N=S=N3)s1,*c1ccc(C2=C3C(=O)N(CCCCCCCC[Si](C)(CCCCCCCC)CCCCCCCC)C(c4ccc(*)s4)=C3C(=O)N2CCCCCCCC[Si](C)(CCCCCCCC)CCCCCCCC)s1
10.1039/d2tc03956g,DPP-NS,*c1ccc(C2=C3C(=O)N(CCCCCCCC[Si](C)(CCCCCCCC)CCCCCCCC)C(c4ccc(-c5ccc(-c6c7c(c(-c8ccc(*)s8)c8nn(CC(CC)CCCC)nc68)N=S=N7)s5)s4)=C3C(=O)N2CCCCCCCC[Si](C)(CCCCCCCC)CCCCCCCC)s1,1,0.0,1,0.0,0.03,-3.32,-4.46,*c1ccc(-c2c3c(c(-c4ccc(*)s4)c4nn(CC(CC)CCCC)nc24)N=S=N3)s1,*c1ccc(C2=C3C(=O)N(CCCCCCCC[Si](C)(CCCCCCCC)CCCCCCCC)C(c4ccc(*)s4)=C3C(=O)N2CCCCCCCC[Si](C)(CCCCCCCC)CCCCCCCC)s1,DPP-SS,*c1ccc(C2=C3C(=O)N(CCCCCCCC[Si](C)(CCCCCCCC)CCCCCCCC)C(c4ccc(-c5ccc(-c6c7c(c(-c8ccc(*)s8)c8nsnc68)N=S=N7)s5)s4)=C3C(=O)N2CCCCCCCC[Si](C)(CCCCCCCC)CCCCCCCC)s1,1,0.0,1,0.0,0.00026,-3.7,-4.54,*c1ccc(-c2c3c(c(-c4ccc(*)s4)c4nsnc24)N=S=N3)s1,*c1ccc(C2=C3C(=O)N(CCCCCCCC[Si](C)(CCCCCCCC)CCCCCCCC)C(c4ccc(*)s4)=C3C(=O)N2CCCCCCCC[Si](C)(CCCCCCCC)CCCCCCCC)s1
10.1039/d2tc04122g,PmQEDOTT2,*c1ccc2c(c1)N(CC(CCCCCCCCCC)CCCCCCCCCCCC)C(=O)/C2=c1\s/c(=C2\C(=O)N(CC(CCCCCCCCCC)CCCCCCCCCCCC)c3cc(-c4ccc(-c5ccc(*)s5)s4)ccc32)c2c1OCCO2,1,0.0,0,0.0017,0.13,-3.58,-5.17,*c1ccc2c(c1)N(CC(CCCCCCCCCC)CCCCCCCCCCCC)C(=O)/C2=c1\s/c(=C2\C(=O)N(CC(CCCCCCCCCC)CCCCCCCCCCCC)c3cc(*)ccc32)c2c1OCCO2,*c1ccc(-c2ccc(*)s2)s1,PmQEDTTT2,*c1ccc2c(c1)N(CC(CCCCCCCCCC)CCCCCCCCCCCC)C(=O)/C2=c1\s/c(=C2/C(=O)N(CC(CCCCCCCCCC)CCCCCCCCCCCC)c3cc(-c4ccc(-c5ccc(*)s5)s4)ccc32)c2c1SCCS2,1,0.0,0,0.001,0.02,-3.7,-5.17,*c1ccc2c(c1)N(CC(CCCCCCCCCC)CCCCCCCCCCCC)C(=O)/C2=c1\s/c(=C2/C(=O)N(CC(CCCCCCCCCC)CCCCCCCCCCCC)c3cc(*)ccc32)c2c1SCCS2,*c1ccc(-c2ccc(*)s2)s1
10.1039/d2tc05073k,IID-DTBT,*c1ccc2c(c1)N(CCCC(CCCCCCCCCC)CCCCCCCCCC)C(=O)/C2=C1/C(=O)N(CCCC(CCCCCCCCCC)CCCCCCCCCC)c2cc(-c3ccc(-c4ccc(-c5ccc(*)s5)c5nsnc45)s3)ccc21,1,0.0,0,0.0,1.4e-05,-3.19,-4.81,*c1ccc(-c2ccc(-c3ccc(*)s3)c3nsnc23)s1,*c1ccc2c(c1)N(CCCC(CCCCCCCCCC)CCCCCCCCCC)C(=O)/C2=C1/C(=O)N(CCCC(CCCCCCCCCC)CCCCCCCCCC)c2cc(*)ccc21,IID-2FDTBT,*c1ccc2c(c1)N(CCCC(CCCCCCCCCC)CCCCCCCCCC)C(=O)/C2=C1/C(=O)N(CCCC(CCCCCCCCCC)CCCCCCCCCC)c2cc(-c3ccc(-c4c(F)c(F)c(-c5ccc(*)s5)c5nsnc45)s3)ccc21,1,0.0,0,0.004,0.0033,-3.28,-4.99,*c1ccc(-c2c(F)c(F)c(-c3ccc(*)s3)c3nsnc23)s1,*c1ccc2c(c1)N(CCCC(CCCCCCCCCC)CCCCCCCCCC)C(=O)/C2=C1/C(=O)N(CCCC(CCCCCCCCCC)CCCCCCCCCC)c2cc(*)ccc21
10.1039/d2tc05073k,IID-DTBT,*c1ccc2c(c1)N(CCCC(CCCCCCCCCC)CCCCCCCCCC)C(=O)/C2=C1/C(=O)N(CCCC(CCCCCCCCCC)CCCCCCCCCC)c2cc(-c3ccc(-c4ccc(-c5ccc(*)s5)c5nsnc45)s3)ccc21,1,0.0,0,0.0,1.4e-05,-3.19,-4.81,*c1ccc(-c2ccc(-c3ccc(*)s3)c3nsnc23)s1,*c1ccc2c(c1)N(CCCC(CCCCCCCCCC)CCCCCCCCCC)C(=O)/C2=C1/C(=O)N(CCCC(CCCCCCCCCC)CCCCCCCCCC)c2cc(*)ccc21,FIID-DTBT,*c1ccc(-c2ccc(-c3ccc(-c4cc5c(cc4F)/C(=C4\C(=O)N(CCCC(CCCCCCCCCC)CCCCCCCCCC)c6cc(*)c(F)cc64)C(=O)N5CCCC(CCCCCCCCCC)CCCCCCCCCC)s3)c3nsnc23)s1,1,0.0,0,0.11,0.15,-3.36,-5.05,*c1ccc(-c2ccc(-c3ccc(*)s3)c3nsnc23)s1,*c1cc2c(cc1F)/C(=C1\C(=O)N(CCCC(CCCCCCCCCC)CCCCCCCCCC)c3cc(*)c(F)cc31)C(=O)N2CCCC(CCCCCCCCCC)CCCCCCCCCC
10.1039/d2tc05073k,IID-DTBT,*c1ccc2c(c1)N(CCCC(CCCCCCCCCC)CCCCCCCCCC)C(=O)/C2=C1/C(=O)N(CCCC(CCCCCCCCCC)CCCCCCCCCC)c2cc(-c3ccc(-c4ccc(-c5ccc(*)s5)c5nsnc45)s3)ccc21,1,0.0,0,0.0,1.4e-05,-3.19,-4.81,*c1ccc(-c2ccc(-c3ccc(*)s3)c3nsnc23)s1,*c1ccc2c(c1)N(CCCC(CCCCCCCCCC)CCCCCCCCCC)C(=O)/C2=C1/C(=O)N(CCCC(CCCCCCCCCC)CCCCCCCCCC)c2cc(*)ccc21,FIID-2FDTBT,*c1ccc(-c2c(F)c(F)c(-c3ccc(-c4cc5c(cc4F)/C(=C4\C(=O)N(CCCC(CCCCCCCCCC)CCCCCCCCCC)c6cc(*)c(F)cc64)C(=O)N5CCCC(CCCCCCCCCC)CCCCCCCCCC)s3)c3nsnc23)s1,1,0.0,0,0.013,0.074,-3.46,-5.17,*c1ccc(-c2c(F)c(F)c(-c3ccc(*)s3)c3nsnc23)s1,*c1cc2c(cc1F)/C(=C1\C(=O)N(CCCC(CCCCCCCCCC)CCCCCCCCCC)c3cc(*)c(F)cc31)C(=O)N2CCCC(CCCCCCCCCC)CCCCCCCCCC
10.1039/d2tc05073k,IID-2FDTBT,*c1ccc2c(c1)N(CCCC(CCCCCCCCCC)CCCCCCCCCC)C(=O)/C2=C1/C(=O)N(CCCC(CCCCCCCCCC)CCCCCCCCCC)c2cc(-c3ccc(-c4c(F)c(F)c(-c5ccc(*)s5)c5nsnc45)s3)ccc21,1,0.0,0,0.004,0.0033,-3.28,-4.99,*c1ccc(-c2c(F)c(F)c(-c3ccc(*)s3)c3nsnc23)s1,*c1ccc2c(c1)N(CCCC(CCCCCCCCCC)CCCCCCCCCC)C(=O)/C2=C1/C(=O)N(CCCC(CCCCCCCCCC)CCCCCCCCCC)c2cc(*)ccc21,FIID-DTBT,*c1ccc(-c2ccc(-c3ccc(-c4cc5c(cc4F)/C(=C4\C(=O)N(CCCC(CCCCCCCCCC)CCCCCCCCCC)c6cc(*)c(F)cc64)C(=O)N5CCCC(CCCCCCCCCC)CCCCCCCCCC)s3)c3nsnc23)s1,1,0.0,0,0.11,0.15,-3.36,-5.05,*c1ccc(-c2ccc(-c3ccc(*)s3)c3nsnc23)s1,*c1cc2c(cc1F)/C(=C1\C(=O)N(CCCC(CCCCCCCCCC)CCCCCCCCCC)c3cc(*)c(F)cc31)C(=O)N2CCCC(CCCCCCCCCC)CCCCCCCCCC
10.1039/d2tc05073k,IID-2FDTBT,*c1ccc2c(c1)N(CCCC(CCCCCCCCCC)CCCCCCCCCC)C(=O)/C2=C1/C(=O)N(CCCC(CCCCCCCCCC)CCCCCCCCCC)c2cc(-c3ccc(-c4c(F)c(F)c(-c5ccc(*)s5)c5nsnc45)s3)ccc21,1,0.0,0,0.004,0.0033,-3.28,-4.99,*c1ccc(-c2c(F)c(F)c(-c3ccc(*)s3)c3nsnc23)s1,*c1ccc2c(c1)N(CCCC(CCCCCCCCCC)CCCCCCCCCC)C(=O)/C2=C1/C(=O)N(CCCC(CCCCCCCCCC)CCCCCCCCCC)c2cc(*)ccc21,FIID-2FDTBT,*c1ccc(-c2c(F)c(F)c(-c3ccc(-c4cc5c(cc4F)/C(=C4\C(=O)N(CCCC(CCCCCCCCCC)CCCCCCCCCC)c6cc(*)c(F)cc64)C(=O)N5CCCC(CCCCCCCCCC)CCCCCCCCCC)s3)c3nsnc23)s1,1,0.0,0,0.013,0.074,-3.46,-5.17,*c1ccc(-c2c(F)c(F)c(-c3ccc(*)s3)c3nsnc23)s1,*c1cc2c(cc1F)/C(=C1\C(=O)N(CCCC(CCCCCCCCCC)CCCCCCCCCC)c3cc(*)c(F)cc31)C(=O)N2CCCC(CCCCCCCCCC)CCCCCCCCCC
10.1039/d2tc05073k,FIID-DTBT,*c1ccc(-c2ccc(-c3ccc(-c4cc5c(cc4F)/C(=C4\C(=O)N(CCCC(CCCCCCCCCC)CCCCCCCCCC)c6cc(*)c(F)cc64)C(=O)N5CCCC(CCCCCCCCCC)CCCCCCCCCC)s3)c3nsnc23)s1,1,0.0,0,0.11,0.15,-3.36,-5.05,*c1ccc(-c2ccc(-c3ccc(*)s3)c3nsnc23)s1,*c1cc2c(cc1F)/C(=C1\C(=O)N(CCCC(CCCCCCCCCC)CCCCCCCCCC)c3cc(*)c(F)cc31)C(=O)N2CCCC(CCCCCCCCCC)CCCCCCCCCC,FIID-2FDTBT,*c1ccc(-c2c(F)c(F)c(-c3ccc(-c4cc5c(cc4F)/C(=C4\C(=O)N(CCCC(CCCCCCCCCC)CCCCCCCCCC)c6cc(*)c(F)cc64)C(=O)N5CCCC(CCCCCCCCCC)CCCCCCCCCC)s3)c3nsnc23)s1,1,0.0,0,0.013,0.074,-3.46,-5.17,*c1ccc(-c2c(F)c(F)c(-c3ccc(*)s3)c3nsnc23)s1,*c1cc2c(cc1F)/C(=C1\C(=O)N(CCCC(CCCCCCCCCC)CCCCCCCCCC)c3cc(*)c(F)cc31)C(=O)N2CCCC(CCCCCCCCCC)CCCCCCCCCC
10.1039/d3py00063j,TTEBIQ-FBT,*c1ccc2c(c1)C(=O)N(CC(CCCCCCCCCC)CCCCCCCCCCCC)C(=O)/C2=C\c1cc2sc(/C=C3\C(=O)N(CC(CCCCCCCCCC)CCCCCCCCCCCC)C(=O)c4cc(-c5cc(F)c(-c6sc(*)cc6F)s5)ccc43)cc2s1,1,0.0,1,0.04,0.35,-4.45,-5.64,*c1cc(F)c(-c2sc(*)cc2F)s1,*c1ccc2c(c1)C(=O)N(CC(CCCCCCCCCC)CCCCCCCCCCCC)C(=O)/C2=C\c1cc2sc(/C=C3\C(=O)N(CC(CCCCCCCCCC)CCCCCCCCCCCC)C(=O)c4cc(*)ccc43)cc2s1,BTEBIQ-FBT,*c1ccc2c(c1)C(=O)N(CC(CCCCCCCCCC)CCCCCCCCCCCC)C(=O)/C2=C\c1ccc(-c2ccc(/C=C3\C(=O)N(CC(CCCCCCCCCC)CCCCCCCCCCCC)C(=O)c4cc(-c5cc(F)c(-c6sc(*)cc6F)s5)ccc43)s2)s1,1,0.0,1,0.0,1.08,-3.81,-5.54,*c1cc(F)c(-c2sc(*)cc2F)s1,*c1ccc2c(c1)C(=O)N(CC(CCCCCCCCCC)CCCCCCCCCCCC)C(=O)/C2=C\c1ccc(-c2ccc(/C=C3\C(=O)N(CC(CCCCCCCCCC)CCCCCCCCCCCC)C(=O)c4cc(*)ccc43)s2)s1
10.1039/d3py00063j,TTEBIQ-FBT,*c1ccc2c(c1)C(=O)N(CC(CCCCCCCCCC)CCCCCCCCCCCC)C(=O)/C2=C\c1cc2sc(/C=C3\C(=O)N(CC(CCCCCCCCCC)CCCCCCCCCCCC)C(=O)c4cc(-c5cc(F)c(-c6sc(*)cc6F)s5)ccc43)cc2s1,1,0.0,1,0.04,0.35,-4.45,-5.64,*c1cc(F)c(-c2sc(*)cc2F)s1,*c1ccc2c(c1)C(=O)N(CC(CCCCCCCCCC)CCCCCCCCCCCC)C(=O)/C2=C\c1cc2sc(/C=C3\C(=O)N(CC(CCCCCCCCCC)CCCCCCCCCCCC)C(=O)c4cc(*)ccc43)cc2s1,DTEEBIQ-FBT,*c1ccc2c(c1)C(=O)N(CC(CCCCCCCCCC)CCCCCCCCCCCC)C(=O)/C2=C\c1ccc(/C=C/c2ccc(/C=C3\C(=O)N(CC(CCCCCCCCCC)CCCCCCCCCCCC)C(=O)c4cc(-c5cc(F)c(-c6sc(*)cc6F)s5)ccc43)s2)s1,1,0.0,1,0.0,0.75,-3.62,-5.45,*c1cc(F)c(-c2sc(*)cc2F)s1,*c1ccc2c(c1)C(=O)N(CC(CCCCCCCCCC)CCCCCCCCCCCC)C(=O)/C2=C\c1ccc(/C=C/c2ccc(/C=C3\C(=O)N(CC(CCCCCCCCCC)CCCCCCCCCCCC)C(=O)c4cc(*)ccc43)s2)s1
10.1039/d3py00063j,BTEBIQ-FBT,*c1ccc2c(c1)C(=O)N(CC(CCCCCCCCCC)CCCCCCCCCCCC)C(=O)/C2=C\c1ccc(-c2ccc(/C=C3\C(=O)N(CC(CCCCCCCCCC)CCCCCCCCCCCC)C(=O)c4cc(-c5cc(F)c(-c6sc(*)cc6F)s5)ccc43)s2)s1,1,0.0,1,0.0,1.08,-3.81,-5.54,*c1cc(F)c(-c2sc(*)cc2F)s1,*c1ccc2c(c1)C(=O)N(CC(CCCCCCCCCC)CCCCCCCCCCCC)C(=O)/C2=C\c1ccc(-c2ccc(/C=C3\C(=O)N(CC(CCCCCCCCCC)CCCCCCCCCCCC)C(=O)c4cc(*)ccc43)s2)s1,DTEEBIQ-FBT,*c1ccc2c(c1)C(=O)N(CC(CCCCCCCCCC)CCCCCCCCCCCC)C(=O)/C2=C\c1ccc(/C=C/c2ccc(/C=C3\C(=O)N(CC(CCCCCCCCCC)CCCCCCCCCCCC)C(=O)c4cc(-c5cc(F)c(-c6sc(*)cc6F)s5)ccc43)s2)s1,1,0.0,1,0.0,0.75,-3.62,-5.45,*c1cc(F)c(-c2sc(*)cc2F)s1,*c1ccc2c(c1)C(=O)N(CC(CCCCCCCCCC)CCCCCCCCCCCC)C(=O)/C2=C\c1ccc(/C=C/c2ccc(/C=C3\C(=O)N(CC(CCCCCCCCCC)CCCCCCCCCCCC)C(=O)c4cc(*)ccc43)s2)s1
10.1039/d3py01186k,PNTI-BT,*c1ccc(-c2ccc(-c3cc4c(s3)c3sc(*)cc3c3c5c(=O)n(CC(CCCCCCCC)CCCCCCCCCC)c(=O)c5c5c(=O)n(CC(CCCCCCCC)CCCCCCCCCC)c(=O)c5c43)s2)s1,1,0.0,0,0.0,0.0027,-3.72,-5.48,*c1ccc(-c2ccc(*)s2)s1,*c1cc2c(s1)c1sc(*)cc1c1c3c(=O)n(CC(CCCCCCCC)CCCCCCCCCC)c(=O)c3c3c(=O)n(CC(CCCCCCCC)CCCCCCCCCC)c(=O)c3c21,PNTI-FBT,*c1cc(F)c(-c2sc(-c3cc4c(s3)c3sc(*)cc3c3c5c(=O)n(CC(CCCCCCCC)CCCCCCCCCC)c(=O)c5c5c(=O)n(CC(CCCCCCCC)CCCCCCCCCC)c(=O)c5c43)cc2F)s1,1,0.0,0,0.0,0.0082,-3.85,-5.67,*c1cc(F)c(-c2sc(*)cc2F)s1,*c1cc2c(s1)c1sc(*)cc1c1c3c(=O)n(CC(CCCCCCCC)CCCCCCCCCC)c(=O)c3c3c(=O)n(CC(CCCCCCCC)CCCCCCCCCC)c(=O)c3c21
10.1039/d3py01186k,PNTI-BT,*c1ccc(-c2ccc(-c3cc4c(s3)c3sc(*)cc3c3c5c(=O)n(CC(CCCCCCCC)CCCCCCCCCC)c(=O)c5c5c(=O)n(CC(CCCCCCCC)CCCCCCCCCC)c(=O)c5c43)s2)s1,1,0.0,0,0.0,0.0027,-3.72,-5.48,*c1ccc(-c2ccc(*)s2)s1,*c1cc2c(s1)c1sc(*)cc1c1c3c(=O)n(CC(CCCCCCCC)CCCCCCCCCC)c(=O)c3c3c(=O)n(CC(CCCCCCCC)CCCCCCCCCC)c(=O)c3c21,PNTI-BS,*c1cc2c(s1)c1sc(-c3ccc(-c4ccc(*)[se]4)[se]3)cc1c1c3c(=O)n(CC(CCCCCCCC)CCCCCCCCCC)c(=O)c3c3c(=O)n(CC(CCCCCCCC)CCCCCCCCCC)c(=O)c3c21,1,0.0,0,0.0,0.0012,-3.73,-5.45,*c1ccc(-c2ccc(*)[se]2)[se]1,*c1cc2c(s1)c1sc(*)cc1c1c3c(=O)n(CC(CCCCCCCC)CCCCCCCCCC)c(=O)c3c3c(=O)n(CC(CCCCCCCC)CCCCCCCCCC)c(=O)c3c21
10.1039/d3py01186k,PNTI-FBT,*c1cc(F)c(-c2sc(-c3cc4c(s3)c3sc(*)cc3c3c5c(=O)n(CC(CCCCCCCC)CCCCCCCCCC)c(=O)c5c5c(=O)n(CC(CCCCCCCC)CCCCCCCCCC)c(=O)c5c43)cc2F)s1,1,0.0,0,0.0,0.0082,-3.85,-5.67,*c1cc(F)c(-c2sc(*)cc2F)s1,*c1cc2c(s1)c1sc(*)cc1c1c3c(=O)n(CC(CCCCCCCC)CCCCCCCCCC)c(=O)c3c3c(=O)n(CC(CCCCCCCC)CCCCCCCCCC)c(=O)c3c21,PNTI-BS,*c1cc2c(s1)c1sc(-c3ccc(-c4ccc(*)[se]4)[se]3)cc1c1c3c(=O)n(CC(CCCCCCCC)CCCCCCCCCC)c(=O)c3c3c(=O)n(CC(CCCCCCCC)CCCCCCCCCC)c(=O)c3c21,1,0.0,0,0.0,0.0012,-3.73,-5.45,*c1ccc(-c2ccc(*)[se]2)[se]1,*c1cc2c(s1)c1sc(*)cc1c1c3c(=O)n(CC(CCCCCCCC)CCCCCCCCCC)c(=O)c3c3c(=O)n(CC(CCCCCCCC)CCCCCCCCCC)c(=O)c3c21
10.1039/d3tc02243a,PDTQI,*c1cc2c3nc4c(nc3c3cc(*)sc3c2s1)C(=O)N(CC(CCCCCCCCCC)CCCCCCCCCCCC)C4=O,1,0.0,1,0.012,0.0,-3.6,-5.58,*c1cc2c3nc4c(nc3c3cc(*)sc3c2s1)C(=O)N(CC(CCCCCCCCCC)CCCCCCCCCCCC)C4=O,*c1cc2c3nc4c(nc3c3cc(*)sc3c2s1)C(=O)N(CC(CCCCCCCCCC)CCCCCCCCCCCC)C4=O,P(DTQI-BTI),*c1cc2c(=O)n(CC(CCCCCCCC)CCCCCCCCCC)c(=O)c3cc(-c4cc5c6nc7c(nc6c6cc(*)sc6c5s4)C(=O)N(CC(CCCCCCCCCC)CCCCCCCCCCCC)C7=O)sc3c2s1,1,0.0,1,0.25,0.0,-3.63,-5.61,*c1cc2c(=O)n(CC(CCCCCCCC)CCCCCCCCCC)c(=O)c3cc(*)sc3c2s1,*c1cc2c3nc4c(nc3c3cc(*)sc3c2s1)C(=O)N(CC(CCCCCCCCCC)CCCCCCCCCCCC)C4=O
10.1039/d3tc03736c,P3BT-in,*c1ccc(C2=C3C(=O)N(CC(CCCCCCCC)CCCCCCCCCC)C(c4ccc(-c5ccc(C6=C7C(=O)N(CC(CCCCCCCC)CCCCCCCCCC)C(c8ccc(-c9ccc(C%10=C%11C(OCC(CCCCCCCC)CCCCCCCCCC)=NC(c%12ccc(-c%13ccc(*)c%14nsnc%13%14)s%12)=C%11C(=O)N%10CC(CCCCCCCC)CCCCCCCCCC)s9)s8)=C7C(=O)N6CC(CCCCCCCC)CCCCCCCCCC)s5)s4)=C3C(OCC(CCCCCCCC)CCCCCCCCCC)=N2)s1,1,0.0,0,0.004,0.0004,-3.64,-5.45,*c1ccc(C2=C3C(=O)N(CC(CCCCCCCC)CCCCCCCCCC)C(c4ccc(-c5ccc(C6=C7C(=O)N(CC(CCCCCCCC)CCCCCCCCCC)C(c8ccc(-c9ccc(C%10=C%11C(OCC(CCCCCCCC)CCCCCCCCCC)=NC(c%12ccc(*)s%12)=C%11C(=O)N%10CC(CCCCCCCC)CCCCCCCCCC)s9)s8)=C7C(=O)N6CC(CCCCCCCC)CCCCCCCCCC)s5)s4)=C3C(OCC(CCCCCCCC)CCCCCCCCCC)=N2)s1,*c1ccc(*)c2nsnc12,P3BT-out,*c1ccc(C2=C3C(=O)N(CC(CCCCCCCC)CCCCCCCCCC)C(c4ccc(-c5ccc(-c6ccc(C7=C8C(OCC(CCCCCCCC)CCCCCCCCCC)=NC(c9ccc(-c%10ccc(C%11=C%12C(=O)N(CC(CCCCCCCC)CCCCCCCCCC)C(c%13ccc(*)s%13)=C%12C(=O)N%11CC(CCCCCCCC)CCCCCCCCCC)s%10)s9)=C8C(=O)N7CC(CCCCCCCC)CCCCCCCCCC)s6)c6nsnc56)s4)=C3C(OCC(CCCCCCCC)CCCCCCCCCC)=N2)s1,1,0.0,0,0.003,0.0004,-3.61,-5.54,*c1ccc(C2=C3C(=O)N(CC(CCCCCCCC)CCCCCCCCCC)C(c4ccc(-c5ccc(-c6ccc(C7=C8C(OCC(CCCCCCCC)CCCCCCCCCC)=NC(c9ccc(*)s9)=C8C(=O)N7CC(CCCCCCCC)CCCCCCCCCC)s6)c6nsnc56)s4)=C3C(OCC(CCCCCCCC)CCCCCCCCCC)=N2)s1,*c1ccc(C2=C3C(=O)N(CC(CCCCCCCC)CCCCCCCCCC)C(c4ccc(*)s4)=C3C(=O)N2CC(CCCCCCCC)CCCCCCCCCC)s1
10.1039/d4sc05793g,PNTz4T,*c1ccc(-c2ccc(-c3sc(-c4cc5c(cc(-c6cc(CC(CCCCCCCCCC)CCCCCCCCCCCC)c(*)s6)c6nsnc65)c5nsnc45)cc3CC(CCCCCCCCCC)CCCCCCCCCCCC)s2)s1,1,0.0,1,0.0,0.81,-3.33,-5.25,*c1ccc(-c2ccc(*)s2)s1,*c1sc(-c2cc3c(cc(-c4cc(CC(CCCCCCCCCC)CCCCCCCCCCCC)c(*)s4)c4nsnc43)c3nsnc23)cc1CC(CCCCCCCCCC)CCCCCCCCCCCC,PTNT2T,*c1cc(CC(CCCCCCCCCC)CCCCCCCCCCCC)c(-c2cc3c4nsnc4c4c5sc(-c6sc(*)cc6CC(CCCCCCCCCC)CCCCCCCCCCCC)cc5c5nsnc5c4c3s2)s1,1,0.0,1,0.0,1.1,-3.18,-5.42,*c1cc(CC(CCCCCCCCCC)CCCCCCCCCCCC)c(-c2cc3c4nsnc4c4c5sc(-c6sc(*)cc6CC(CCCCCCCCCC)CCCCCCCCCCCC)cc5c5nsnc5c4c3s2)s1,*c1cc(CC(CCCCCCCCCC)CCCCCCCCCCCC)c(-c2cc3c4nsnc4c4c5sc(-c6sc(*)cc6CC(CCCCCCCCCC)CCCCCCCCCCCC)cc5c5nsnc5c4c3s2)s1
10.1039/d4sc05793g,PNTz4T,*c1ccc(-c2ccc(-c3sc(-c4cc5c(cc(-c6cc(CC(CCCCCCCCCC)CCCCCCCCCCCC)c(*)s6)c6nsnc65)c5nsnc45)cc3CC(CCCCCCCCCC)CCCCCCCCCCCC)s2)s1,1,0.0,1,0.0,0.81,-3.33,-5.25,*c1ccc(-c2ccc(*)s2)s1,*c1sc(-c2cc3c(cc(-c4cc(CC(CCCCCCCCCC)CCCCCCCCCCCC)c(*)s4)c4nsnc43)c3nsnc23)cc1CC(CCCCCCCCCC)CCCCCCCCCCCC,PNTz1-F,*c1cc2c(-c3cc(F)c(CC(CC)CCCC)s3)c3sc(-c4sc(-c5cc6c(cc(-c7cc(CC(CCCC)CCCCCC)c(*)s7)c7nsnc76)c6nsnc56)cc4CC(CCCC)CCCCCC)cc3c(-c3cc(F)c(CC(CC)CCCC)s3)c2s1,1,0.0,1,0.0,0.004,-3.31,-5.38,*c1cc2c(-c3cc(F)c(CC(CC)CCCC)s3)c3sc(*)cc3c(-c3cc(F)c(CC(CC)CCCC)s3)c2s1,*c1sc(-c2cc3c(cc(-c4cc(CC(CCCC)CCCCCC)c(*)s4)c4nsnc43)c3nsnc23)cc1CC(CCCC)CCCCCC
10.1039/d4sc05793g,PNTz4T,*c1ccc(-c2ccc(-c3sc(-c4cc5c(cc(-c6cc(CC(CCCCCCCCCC)CCCCCCCCCCCC)c(*)s6)c6nsnc65)c5nsnc45)cc3CC(CCCCCCCCCC)CCCCCCCCCCCC)s2)s1,1,0.0,1,0.0,0.81,-3.33,-5.25,*c1ccc(-c2ccc(*)s2)s1,*c1sc(-c2cc3c(cc(-c4cc(CC(CCCCCCCCCC)CCCCCCCCCCCC)c(*)s4)c4nsnc43)c3nsnc23)cc1CC(CCCCCCCCCC)CCCCCCCCCCCC,PTNT1-F,*c1cc(CC(CCCC)CCCCCC)c(-c2cc3c4nsnc4c4c5sc(-c6sc(-c7cc8c(-c9cc(F)c(CC(CC)CCCC)s9)c9sc(*)cc9c(-c9cc(F)c(CC(CC)CCCC)s9)c8s7)cc6CC(CCCC)CCCCCC)cc5c5nsnc5c4c3s2)s1,1,0.0,1,0.0,0.18,-3.17,-5.53,*c1cc2c(-c3cc(F)c(CC(CC)CCCC)s3)c3sc(*)cc3c(-c3cc(F)c(CC(CC)CCCC)s3)c2s1,*c1cc(CC(CCCC)CCCCCC)c(-c2cc3c4nsnc4c4c5sc(-c6sc(*)cc6CC(CCCC)CCCCCC)cc5c5nsnc5c4c3s2)s1
10.1039/d4sc05793g,PTNT2T,*c1cc(CC(CCCCCCCCCC)CCCCCCCCCCCC)c(-c2cc3c4nsnc4c4c5sc(-c6sc(*)cc6CC(CCCCCCCCCC)CCCCCCCCCCCC)cc5c5nsnc5c4c3s2)s1,1,0.0,1,0.0,1.1,-3.18,-5.42,*c1cc(CC(CCCCCCCCCC)CCCCCCCCCCCC)c(-c2cc3c4nsnc4c4c5sc(-c6sc(*)cc6CC(CCCCCCCCCC)CCCCCCCCCCCC)cc5c5nsnc5c4c3s2)s1,*c1cc(CC(CCCCCCCCCC)CCCCCCCCCCCC)c(-c2cc3c4nsnc4c4c5sc(-c6sc(*)cc6CC(CCCCCCCCCC)CCCCCCCCCCCC)cc5c5nsnc5c4c3s2)s1,PNTz1-F,*c1cc2c(-c3cc(F)c(CC(CC)CCCC)s3)c3sc(-c4sc(-c5cc6c(cc(-c7cc(CC(CCCC)CCCCCC)c(*)s7)c7nsnc76)c6nsnc56)cc4CC(CCCC)CCCCCC)cc3c(-c3cc(F)c(CC(CC)CCCC)s3)c2s1,1,0.0,1,0.0,0.004,-3.31,-5.38,*c1cc2c(-c3cc(F)c(CC(CC)CCCC)s3)c3sc(*)cc3c(-c3cc(F)c(CC(CC)CCCC)s3)c2s1,*c1sc(-c2cc3c(cc(-c4cc(CC(CCCC)CCCCCC)c(*)s4)c4nsnc43)c3nsnc23)cc1CC(CCCC)CCCCCC
10.1039/d4sc05793g,PTNT2T,*c1cc(CC(CCCCCCCCCC)CCCCCCCCCCCC)c(-c2cc3c4nsnc4c4c5sc(-c6sc(*)cc6CC(CCCCCCCCCC)CCCCCCCCCCCC)cc5c5nsnc5c4c3s2)s1,1,0.0,1,0.0,1.1,-3.18,-5.42,*c1cc(CC(CCCCCCCCCC)CCCCCCCCCCCC)c(-c2cc3c4nsnc4c4c5sc(-c6sc(*)cc6CC(CCCCCCCCCC)CCCCCCCCCCCC)cc5c5nsnc5c4c3s2)s1,*c1cc(CC(CCCCCCCCCC)CCCCCCCCCCCC)c(-c2cc3c4nsnc4c4c5sc(-c6sc(*)cc6CC(CCCCCCCCCC)CCCCCCCCCCCC)cc5c5nsnc5c4c3s2)s1,PTNT1-F,*c1cc(CC(CCCC)CCCCCC)c(-c2cc3c4nsnc4c4c5sc(-c6sc(-c7cc8c(-c9cc(F)c(CC(CC)CCCC)s9)c9sc(*)cc9c(-c9cc(F)c(CC(CC)CCCC)s9)c8s7)cc6CC(CCCC)CCCCCC)cc5c5nsnc5c4c3s2)s1,1,0.0,1,0.0,0.18,-3.17,-5.53,*c1cc2c(-c3cc(F)c(CC(CC)CCCC)s3)c3sc(*)cc3c(-c3cc(F)c(CC(CC)CCCC)s3)c2s1,*c1cc(CC(CCCC)CCCCCC)c(-c2cc3c4nsnc4c4c5sc(-c6sc(*)cc6CC(CCCC)CCCCCC)cc5c5nsnc5c4c3s2)s1
10.1039/d4sc05793g,PNTz1-F,*c1cc2c(-c3cc(F)c(CC(CC)CCCC)s3)c3sc(-c4sc(-c5cc6c(cc(-c7cc(CC(CCCC)CCCCCC)c(*)s7)c7nsnc76)c6nsnc56)cc4CC(CCCC)CCCCCC)cc3c(-c3cc(F)c(CC(CC)CCCC)s3)c2s1,1,0.0,1,0.0,0.004,-3.31,-5.38,*c1cc2c(-c3cc(F)c(CC(CC)CCCC)s3)c3sc(*)cc3c(-c3cc(F)c(CC(CC)CCCC)s3)c2s1,*c1sc(-c2cc3c(cc(-c4cc(CC(CCCC)CCCCCC)c(*)s4)c4nsnc43)c3nsnc23)cc1CC(CCCC)CCCCCC,PTNT1-F,*c1cc(CC(CCCC)CCCCCC)c(-c2cc3c4nsnc4c4c5sc(-c6sc(-c7cc8c(-c9cc(F)c(CC(CC)CCCC)s9)c9sc(*)cc9c(-c9cc(F)c(CC(CC)CCCC)s9)c8s7)cc6CC(CCCC)CCCCCC)cc5c5nsnc5c4c3s2)s1,1,0.0,1,0.0,0.18,-3.17,-5.53,*c1cc2c(-c3cc(F)c(CC(CC)CCCC)s3)c3sc(*)cc3c(-c3cc(F)c(CC(CC)CCCC)s3)c2s1,*c1cc(CC(CCCC)CCCCCC)c(-c2cc3c4nsnc4c4c5sc(-c6sc(*)cc6CC(CCCC)CCCCCC)cc5c5nsnc5c4c3s2)s1
10.1039/d5py00990a,cs-PyDT-BT,*c1cc2c(s1)-c1cc3ccc4c5c(cc6ccc(c1C2(CCCCCCCCCCCCCCCC)CCCCCCCCCCCCCCCC)c3c64)-c1sc(-c2ccc(*)c3nsnc23)cc1C5(CCCCCCCCCCCCCCCC)CCCCCCCCCCCCCCCC,1,0.0,0,0.0,1.03,-3.32,-5.53,*c1cc2c(s1)-c1cc3ccc4c5c(cc6ccc(c1C2(CCCCCCCCCCCCCCCC)CCCCCCCCCCCCCCCC)c3c64)-c1sc(*)cc1C5(CCCCCCCCCCCCCCCC)CCCCCCCCCCCCCCCC,*c1ccc(*)c2nsnc12,as-PyDT-BT,*c1cc2c(s1)-c1cc3ccc4cc5c(c6ccc(c1C2(CCCCCCCCCCCCCCCC)CCCCCCCCCCCCCCCC)c3c46)C(CCCCCCCCCCCCCCCC)(CCCCCCCCCCCCCCCC)c1cc(-c2ccc(*)c3nsnc23)sc1-5,1,0.0,0,0.0,0.0025,-3.31,-5.35,*c1cc2c(s1)-c1cc3ccc4cc5c(c6ccc(c1C2(CCCCCCCCCCCCCCCC)CCCCCCCCCCCCCCCC)c3c46)C(CCCCCCCCCCCCCCCC)(CCCCCCCCCCCCCCCC)c1cc(*)sc1-5,*c1ccc(*)c2nsnc12
10.1039/d5tc01228g,PIQBT-T,*c1ccc2c(c1)N(CC(CCCCCCCCCC)CCCCCCCCCCCC)C(=O)C2=c1ccc(=c2ccc(=C3C(=O)N(CC(CCCCCCCCCC)CCCCCCCCCCCC)c4cc(-c5ccc(*)s5)ccc43)s2)s1,1,1.0,0,0.12,0.12,-3.74,-5.24,*c1ccc(*)s1,*c1ccc2c(c1)N(CC(CCCCCCCCCC)CCCCCCCCCCCC)C(=O)C2=c1ccc(=c2ccc(=C3C(=O)N(CC(CCCCCCCCCC)CCCCCCCCCCCC)c4cc(*)ccc43)s2)s1,PIQFBT-T,*c1ccc2c(c1)N(CC(CCCCCCCCCC)CCCCCCCCCCCC)C(=O)C2=c1cc(F)/c(=c2\sc(=C3C(=O)N(CC(CCCCCCCCCC)CCCCCCCCCCCC)c4cc(-c5ccc(*)s5)ccc43)cc2F)s1,1,1.0,0,1.44,0.77,-3.95,-5.52,*c1ccc(*)s1,*c1ccc2c(c1)N(CC(CCCCCCCCCC)CCCCCCCCCCCC)C(=O)C2=c1cc(F)/c(=c2\sc(=C3C(=O)N(CC(CCCCCCCCCC)CCCCCCCCCCCC)c4cc(*)ccc43)cc2F)s1
10.1039/d5tc01228g,PIQBT-T,*c1ccc2c(c1)N(CC(CCCCCCCCCC)CCCCCCCCCCCC)C(=O)C2=c1ccc(=c2ccc(=C3C(=O)N(CC(CCCCCCCCCC)CCCCCCCCCCCC)c4cc(-c5ccc(*)s5)ccc43)s2)s1,1,1.0,0,0.12,0.12,-3.74,-5.24,*c1ccc(*)s1,*c1ccc2c(c1)N(CC(CCCCCCCCCC)CCCCCCCCCCCC)C(=O)C2=c1ccc(=c2ccc(=C3C(=O)N(CC(CCCCCCCCCC)CCCCCCCCCCCC)c4cc(*)ccc43)s2)s1,PIQBT-T-2,*c1ccc2c(c1)N(CCCC(CCCCCCCCCC)CCCCCCCCCC)C(=O)C2=c1ccc(=c2ccc(=C3C(=O)N(CCCC(CCCCCCCCCC)CCCCCCCCCC)c4cc(-c5ccc(*)s5)ccc43)s2)s1,1,1.0,0,0.04,0.11,-3.77,-5.14,*c1ccc(*)s1,*c1ccc2c(c1)N(CCCC(CCCCCCCCCC)CCCCCCCCCC)C(=O)C2=c1ccc(=c2ccc(=C3C(=O)N(CCCC(CCCCCCCCCC)CCCCCCCCCC)c4cc(*)ccc43)s2)s1
10.1039/d5tc01228g,PIQBT-T,*c1ccc2c(c1)N(CC(CCCCCCCCCC)CCCCCCCCCCCC)C(=O)C2=c1ccc(=c2ccc(=C3C(=O)N(CC(CCCCCCCCCC)CCCCCCCCCCCC)c4cc(-c5ccc(*)s5)ccc43)s2)s1,1,1.0,0,0.12,0.12,-3.74,-5.24,*c1ccc(*)s1,*c1ccc2c(c1)N(CC(CCCCCCCCCC)CCCCCCCCCCCC)C(=O)C2=c1ccc(=c2ccc(=C3C(=O)N(CC(CCCCCCCCCC)CCCCCCCCCCCC)c4cc(*)ccc43)s2)s1,PIQFBT-T-2,*c1ccc2c(c1)N(CCCC(CCCCCCCCCC)CCCCCCCCCC)C(=O)C2=c1cc(F)/c(=c2\sc(=C3C(=O)N(CCCC(CCCCCCCCCC)CCCCCCCCCC)c4cc(-c5ccc(*)s5)ccc43)cc2F)s1,1,1.0,0,0.9,0.53,-3.85,-5.42,*c1ccc(*)s1,*c1ccc2c(c1)N(CCCC(CCCCCCCCCC)CCCCCCCCCC)C(=O)C2=c1cc(F)/c(=c2\sc(=C3C(=O)N(CCCC(CCCCCCCCCC)CCCCCCCCCC)c4cc(*)ccc43)cc2F)s1
10.1039/d5tc01228g,PIQFBT-T,*c1ccc2c(c1)N(CC(CCCCCCCCCC)CCCCCCCCCCCC)C(=O)C2=c1cc(F)/c(=c2\sc(=C3C(=O)N(CC(CCCCCCCCCC)CCCCCCCCCCCC)c4cc(-c5ccc(*)s5)ccc43)cc2F)s1,1,1.0,0,1.44,0.77,-3.95,-5.52,*c1ccc(*)s1,*c1ccc2c(c1)N(CC(CCCCCCCCCC)CCCCCCCCCCCC)C(=O)C2=c1cc(F)/c(=c2\sc(=C3C(=O)N(CC(CCCCCCCCCC)CCCCCCCCCCCC)c4cc(*)ccc43)cc2F)s1,PIQBT-T-2,*c1ccc2c(c1)N(CCCC(CCCCCCCCCC)CCCCCCCCCC)C(=O)C2=c1ccc(=c2ccc(=C3C(=O)N(CCCC(CCCCCCCCCC)CCCCCCCCCC)c4cc(-c5ccc(*)s5)ccc43)s2)s1,1,1.0,0,0.04,0.11,-3.77,-5.14,*c1ccc(*)s1,*c1ccc2c(c1)N(CCCC(CCCCCCCCCC)CCCCCCCCCC)C(=O)C2=c1ccc(=c2ccc(=C3C(=O)N(CCCC(CCCCCCCCCC)CCCCCCCCCC)c4cc(*)ccc43)s2)s1
10.1039/d5tc01228g,PIQFBT-T,*c1ccc2c(c1)N(CC(CCCCCCCCCC)CCCCCCCCCCCC)C(=O)C2=c1cc(F)/c(=c2\sc(=C3C(=O)N(CC(CCCCCCCCCC)CCCCCCCCCCCC)c4cc(-c5ccc(*)s5)ccc43)cc2F)s1,1,1.0,0,1.44,0.77,-3.95,-5.52,*c1ccc(*)s1,*c1ccc2c(c1)N(CC(CCCCCCCCCC)CCCCCCCCCCCC)C(=O)C2=c1cc(F)/c(=c2\sc(=C3C(=O)N(CC(CCCCCCCCCC)CCCCCCCCCCCC)c4cc(*)ccc43)cc2F)s1,PIQFBT-T-2,*c1ccc2c(c1)N(CCCC(CCCCCCCCCC)CCCCCCCCCC)C(=O)C2=c1cc(F)/c(=c2\sc(=C3C(=O)N(CCCC(CCCCCCCCCC)CCCCCCCCCC)c4cc(-c5ccc(*)s5)ccc43)cc2F)s1,1,1.0,0,0.9,0.53,-3.85,-5.42,*c1ccc(*)s1,*c1ccc2c(c1)N(CCCC(CCCCCCCCCC)CCCCCCCCCC)C(=O)C2=c1cc(F)/c(=c2\sc(=C3C(=O)N(CCCC(CCCCCCCCCC)CCCCCCCCCC)c4cc(*)ccc43)cc2F)s1
10.1039/d5tc01228g,PIQBT-T-2,*c1ccc2c(c1)N(CCCC(CCCCCCCCCC)CCCCCCCCCC)C(=O)C2=c1ccc(=c2ccc(=C3C(=O)N(CCCC(CCCCCCCCCC)CCCCCCCCCC)c4cc(-c5ccc(*)s5)ccc43)s2)s1,1,1.0,0,0.04,0.11,-3.77,-5.14,*c1ccc(*)s1,*c1ccc2c(c1)N(CCCC(CCCCCCCCCC)CCCCCCCCCC)C(=O)C2=c1ccc(=c2ccc(=C3C(=O)N(CCCC(CCCCCCCCCC)CCCCCCCCCC)c4cc(*)ccc43)s2)s1,PIQFBT-T-2,*c1ccc2c(c1)N(CCCC(CCCCCCCCCC)CCCCCCCCCC)C(=O)C2=c1cc(F)/c(=c2\sc(=C3C(=O)N(CCCC(CCCCCCCCCC)CCCCCCCCCC)c4cc(-c5ccc(*)s5)ccc43)cc2F)s1,1,1.0,0,0.9,0.53,-3.85,-5.42,*c1ccc(*)s1,*c1ccc2c(c1)N(CCCC(CCCCCCCCCC)CCCCCCCCCC)C(=O)C2=c1cc(F)/c(=c2\sc(=C3C(=O)N(CCCC(CCCCCCCCCC)CCCCCCCCCC)c4cc(*)ccc43)cc2F)s1
10.1039/d5tc02503f,PBTz-TCN,*c1sc(-c2sc(-c3cnc(-c4ncc(-c5sc(*)c6c5C(=O)N(CC(CCCCCCCCCC)CCCCCCCCCCCC)C6=O)s4)s3)c3c2C(=O)N(CC(CCCCCCCCCC)CCCCCCCCCCCC)C3=O)c(C#N)c1C#N,1,0.0,0,0.000197,0.0,-3.93,-5.7,*c1sc(-c2cnc(-c3ncc(-c4sc(*)c5c4C(=O)N(CC(CCCCCCCCCC)CCCCCCCCCCCC)C5=O)s3)s2)c2c1C(=O)N(CC(CCCCCCCCCC)CCCCCCCCCCCC)C2=O,*c1sc(*)c(C#N)c1C#N,PTTz-TCN ,*c1sc(-c2sc(-c3nc4sc(-c5sc(*)c6c5C(=O)N(CC(CCCCCCCCCC)CCCCCCCCCCCC)C6=O)nc4s3)c3c2C(=O)N(CC(CCCCCCCCCC)CCCCCCCCCCCC)C3=O)c(C#N)c1C#N,1,0.0,0,0.00269,0.0,-4.21,-5.88,*c1sc(-c2nc3sc(-c4sc(*)c5c4C(=O)N(CC(CCCCCCCCCC)CCCCCCCCCCCC)C5=O)nc3s2)c2c1C(=O)N(CC(CCCCCCCCCC)CCCCCCCCCCCC)C2=O,*c1sc(*)c(C#N)c1C#N
10.1039/d6sc02144a,PSPa4T,*c1ccc(-c2ccc(-c3cc(OCC(CCCCCCCCCC)CCCCCCCCCCCC)c(C4=C/C(=C5/C=C(c6sc(*)cc6OCC(CCCCCCCCCC)CCCCCCCCCCCC)SC5=O)C(=O)S4)s3)s2)s1,1,0.0,1,0.0,0.98,-3.72,-4.98,*c1ccc(-c2ccc(*)s2)s1,*c1cc(OCC(CCCCCCCCCC)CCCCCCCCCCCC)c(C2=C/C(=C3/C=C(c4sc(*)cc4OCC(CCCCCCCCCC)CCCCCCCCCCCC)SC3=O)C(=O)S2)s1,PSPa3T,*c1ccc(-c2cc(OCC(CCCCCCCCCC)CCCCCCCCCCCC)c(C3=C/C(=C4/C=C(c5sc(*)cc5OCC(CCCCCCCCCC)CCCCCCCCCCCC)SC4=O)C(=O)S3)s2)s1,1,0.0,0,0.62,4.41,-3.81,-4.99,*c1ccc(*)s1,*c1cc(OCC(CCCCCCCCCC)CCCCCCCCCCCC)c(C2=C/C(=C3/C=C(c4sc(*)cc4OCC(CCCCCCCCCC)CCCCCCCCCCCC)SC3=O)C(=O)S2)s1
10.1039/d6sc02144a,PSPa4T,*c1ccc(-c2ccc(-c3cc(OCC(CCCCCCCCCC)CCCCCCCCCCCC)c(C4=C/C(=C5/C=C(c6sc(*)cc6OCC(CCCCCCCCCC)CCCCCCCCCCCC)SC5=O)C(=O)S4)s3)s2)s1,1,0.0,1,0.0,0.98,-3.72,-4.98,*c1ccc(-c2ccc(*)s2)s1,*c1cc(OCC(CCCCCCCCCC)CCCCCCCCCCCC)c(C2=C/C(=C3/C=C(c4sc(*)cc4OCC(CCCCCCCCCC)CCCCCCCCCCCC)SC3=O)C(=O)S2)s1,PSPa2T,*c1cc(OCC(CCCCCCCCCC)CCCCCCCCCCCC)c(C2=C/C(=C3/C=C(c4sc(*)cc4OCC(CCCCCCCCCC)CCCCCCCCCCCC)SC3=O)C(=O)S2)s1,1,0.0,1,3.38,2.06,-3.94,-5.0,*c1cc(OCC(CCCCCCCCCC)CCCCCCCCCCCC)c(C2=C/C(=C3/C=C(c4sc(*)cc4OCC(CCCCCCCCCC)CCCCCCCCCCCC)SC3=O)C(=O)S2)s1,*c1cc(OCC(CCCCCCCCCC)CCCCCCCCCCCC)c(C2=C/C(=C3/C=C(c4sc(*)cc4OCC(CCCCCCCCCC)CCCCCCCCCCCC)SC3=O)C(=O)S2)s1
10.1039/d6sc02144a,PSPa3T,*c1ccc(-c2cc(OCC(CCCCCCCCCC)CCCCCCCCCCCC)c(C3=C/C(=C4/C=C(c5sc(*)cc5OCC(CCCCCCCCCC)CCCCCCCCCCCC)SC4=O)C(=O)S3)s2)s1,1,0.0,0,0.62,4.41,-3.81,-4.99,*c1ccc(*)s1,*c1cc(OCC(CCCCCCCCCC)CCCCCCCCCCCC)c(C2=C/C(=C3/C=C(c4sc(*)cc4OCC(CCCCCCCCCC)CCCCCCCCCCCC)SC3=O)C(=O)S2)s1,PSPa2T,*c1cc(OCC(CCCCCCCCCC)CCCCCCCCCCCC)c(C2=C/C(=C3/C=C(c4sc(*)cc4OCC(CCCCCCCCCC)CCCCCCCCCCCC)SC3=O)C(=O)S2)s1,1,0.0,1,3.38,2.06,-3.94,-5.0,*c1cc(OCC(CCCCCCCCCC)CCCCCCCCCCCC)c(C2=C/C(=C3/C=C(c4sc(*)cc4OCC(CCCCCCCCCC)CCCCCCCCCCCC)SC3=O)C(=O)S2)s1,*c1cc(OCC(CCCCCCCCCC)CCCCCCCCCCCC)c(C2=C/C(=C3/C=C(c4sc(*)cc4OCC(CCCCCCCCCC)CCCCCCCCCCCC)SC3=O)C(=O)S2)s1
10.1055/a-1639-2383,P-BNBP-TVT,*c1cc2c3[n+](c1)[B-](F)(F)N(CC(CCCCCCCC)CCCCCCCCCC)c1cc(-c4ccc(/C=C/c5ccc(*)s5)s4)c[n+](c1-3)[B-](F)(F)N2CC(CCCCCCCC)CCCCCCCCCC,1,0.0,1,0.32,0.015,-3.4,-5.65,*c1ccc(/C=C/c2ccc(*)s2)s1,*c1cc2c3[n+](c1)[B-](F)(F)N(CC(CCCCCCCC)CCCCCCCCCC)c1cc(*)c[n+](c1-3)[B-](F)(F)N2CC(CCCCCCCC)CCCCCCCCCC,P-BNBP-2CNTVT,*c1cc2c3[n+](c1)[B-](F)(F)N(CC(CCCCCCCCCCCCCC)CCCCCCCCCCCCCCCC)c1cc(-c4cc(C#N)c(/C=C/c5sc(*)cc5C#N)s4)c[n+](c1-3)[B-](F)(F)N2CC(CCCCCCCCCCCCCC)CCCCCCCCCCCCCCCC,1,0.0,1,0.026,0.0,-3.8,-5.95,*c1cc(C#N)c(/C=C/c2sc(*)cc2C#N)s1,*c1cc2c3[n+](c1)[B-](F)(F)N(CC(CCCCCCCCCCCCCC)CCCCCCCCCCCCCCCC)c1cc(*)c[n+](c1-3)[B-](F)(F)N2CC(CCCCCCCCCCCCCC)CCCCCCCCCCCCCCCC
10.11777/j.issn1000-3304.2023.23165,DPP-2ClTT,*c1ccc(C2=C3C(=O)N(CCCC(CCCCCCCCCCCCCC)CCCCCCCCCCCCCC)C(c4ccc(-c5sc6c(Cl)c(*)sc6c5Cl)s4)=C3C(=O)N2CCCC(CCCCCCCCCCCCCC)CCCCCCCCCCCCCC)s1,1,0.0,1,1.36,0.89,-3.66,-5.35,*c1sc2c(Cl)c(*)sc2c1Cl,*c1ccc(C2=C3C(=O)N(CCCC(CCCCCCCCCCCCCC)CCCCCCCCCCCCCC)C(c4ccc(*)s4)=C3C(=O)N2CCCC(CCCCCCCCCCCCCC)CCCCCCCCCCCCCC)s1,IID-2ClTT,*c1ccc2c(c1)N(CCCC(CCCCCCCCCCCCCC)CCCCCCCCCCCCCC)C(=O)/C2=C1/C(=O)N(CCCC(CCCCCCCCCCCCCC)CCCCCCCCCCCCCC)c2cc(-c3sc4c(Cl)c(*)sc4c3Cl)ccc21,1,0.0,1,0.029,0.0,-3.73,-5.88,*c1sc2c(Cl)c(*)sc2c1Cl,*c1ccc2c(c1)N(CCCC(CCCCCCCCCCCCCC)CCCCCCCCCCCCCC)C(=O)/C2=C1/C(=O)N(CCCC(CCCCCCCCCCCCCC)CCCCCCCCCCCCCC)c2cc(*)ccc21
10.31635/ccschem.023.202202574,eaiid2tbtz,*c1ccc2c(n1)N(CCCC(CCCCCCCCCC)CCCCCCCCCC)C(=O)/C2=C1/C(=O)N(CCCC(CCCCCCCCCC)CCCCCCCCCC)c2nc(/C=C/c3ccc4c(n3)N(CCCC(CCCCCCCCCC)CCCCCCCCCC)C(=O)/C4=C3/C(=O)N(CCCC(CCCCCCCCCC)CCCCCCCCCC)c4nc(-c5ccc(-c6ccc(-c7ccc(*)s7)c7nsnc67)s5)ccc43)ccc21,1,0.0,0,0.0,1.42,-3.99,-5.63,*c1ccc(-c2ccc(-c3ccc(*)s3)c3nsnc23)s1,*c1ccc2c(n1)N(CCCC(CCCCCCCCCC)CCCCCCCCCC)C(=O)/C2=C1/C(=O)N(CCCC(CCCCCCCCCC)CCCCCCCCCC)c2nc(/C=C/c3ccc4c(n3)N(CCCC(CCCCCCCCCC)CCCCCCCCCC)C(=O)/C4=C3/C(=O)N(CCCC(CCCCCCCCCC)CCCCCCCCCC)c4nc(*)ccc43)ccc21,Efaiid2tbtz,*c1ccc2c(n1)N(CCCC(CCCCCCCCCC)CCCCCCCCCC)C(=O)/C2=C1/C(=O)N(CCCC(CCCCCCCCCC)CCCCCCCCCC)c2c1ccc(/C=C/c1ccc3c(c1F)N(CCCC(CCCCCCCCCC)CCCCCCCCCC)C(=O)/C3=C1/C(=O)N(CCCC(CCCCCCCCCC)CCCCCCCCCC)c3nc(-c4ccc(-c5ccc(-c6ccc(*)s6)c6nsnc56)s4)ccc31)c2F,1,0.0,0,0.0,3.28,-4.11,-5.74,*c1ccc(-c2ccc(-c3ccc(*)s3)c3nsnc23)s1,*c1ccc2c(n1)N(CCCC(CCCCCCCCCC)CCCCCCCCCC)C(=O)/C2=C1/C(=O)N(CCCC(CCCCCCCCCC)CCCCCCCCCC)c2c1ccc(/C=C/c1ccc3c(c1F)N(CCCC(CCCCCCCCCC)CCCCCCCCCC)C(=O)/C3=C1/C(=O)N(CCCC(CCCCCCCCCC)CCCCCCCCCC)c3nc(*)ccc31)c2F
10.31635/ccschem.023.202202574,eaiid2tbtz,*c1ccc2c(n1)N(CCCC(CCCCCCCCCC)CCCCCCCCCC)C(=O)/C2=C1/C(=O)N(CCCC(CCCCCCCCCC)CCCCCCCCCC)c2nc(/C=C/c3ccc4c(n3)N(CCCC(CCCCCCCCCC)CCCCCCCCCC)C(=O)/C4=C3/C(=O)N(CCCC(CCCCCCCCCC)CCCCCCCCCC)c4nc(-c5ccc(-c6ccc(-c7ccc(*)s7)c7nsnc67)s5)ccc43)ccc21,1,0.0,0,0.0,1.42,-3.99,-5.63,*c1ccc(-c2ccc(-c3ccc(*)s3)c3nsnc23)s1,*c1ccc2c(n1)N(CCCC(CCCCCCCCCC)CCCCCCCCCC)C(=O)/C2=C1/C(=O)N(CCCC(CCCCCCCCCC)CCCCCCCCCC)c2nc(/C=C/c3ccc4c(n3)N(CCCC(CCCCCCCCCC)CCCCCCCCCC)C(=O)/C4=C3/C(=O)N(CCCC(CCCCCCCCCC)CCCCCCCCCC)c4nc(*)ccc43)ccc21,Eiid2tbtz,*c1ccc2c(n1)N(CCCC(CCCCCCCCCC)CCCCCCCCCC)C(=O)/C2=C1/C(=O)N(CCCC(CCCCCCCCCC)CCCCCCCCCC)c2cc(/C=C/c3ccc4c(c3)N(CCCC(CCCCCCCCCC)CCCCCCCCCC)C(=O)/C4=C3/C(=O)N(CCCC(CCCCCCCCCC)CCCCCCCCCC)c4nc(-c5ccc(-c6ccc(-c7ccc(*)s7)c7nsnc67)s5)ccc43)ccc21,1,0.0,0,0.46,1.2,-3.93,-5.58,*c1ccc(-c2ccc(-c3ccc(*)s3)c3nsnc23)s1,*c1ccc2c(n1)N(CCCC(CCCCCCCCCC)CCCCCCCCCC)C(=O)/C2=C1/C(=O)N(CCCC(CCCCCCCCCC)CCCCCCCCCC)c2cc(/C=C/c3ccc4c(c3)N(CCCC(CCCCCCCCCC)CCCCCCCCCC)C(=O)/C4=C3/C(=O)N(CCCC(CCCCCCCCCC)CCCCCCCCCC)c4nc(*)ccc43)ccc21
10.31635/ccschem.023.202202574,Efaiid2tbtz,*c1ccc2c(n1)N(CCCC(CCCCCCCCCC)CCCCCCCCCC)C(=O)/C2=C1/C(=O)N(CCCC(CCCCCCCCCC)CCCCCCCCCC)c2c1ccc(/C=C/c1ccc3c(c1F)N(CCCC(CCCCCCCCCC)CCCCCCCCCC)C(=O)/C3=C1/C(=O)N(CCCC(CCCCCCCCCC)CCCCCCCCCC)c3nc(-c4ccc(-c5ccc(-c6ccc(*)s6)c6nsnc56)s4)ccc31)c2F,1,0.0,0,0.0,3.28,-4.11,-5.74,*c1ccc(-c2ccc(-c3ccc(*)s3)c3nsnc23)s1,*c1ccc2c(n1)N(CCCC(CCCCCCCCCC)CCCCCCCCCC)C(=O)/C2=C1/C(=O)N(CCCC(CCCCCCCCCC)CCCCCCCCCC)c2c1ccc(/C=C/c1ccc3c(c1F)N(CCCC(CCCCCCCCCC)CCCCCCCCCC)C(=O)/C3=C1/C(=O)N(CCCC(CCCCCCCCCC)CCCCCCCCCC)c3nc(*)ccc31)c2F,Eiid2tbtz,*c1ccc2c(n1)N(CCCC(CCCCCCCCCC)CCCCCCCCCC)C(=O)/C2=C1/C(=O)N(CCCC(CCCCCCCCCC)CCCCCCCCCC)c2cc(/C=C/c3ccc4c(c3)N(CCCC(CCCCCCCCCC)CCCCCCCCCC)C(=O)/C4=C3/C(=O)N(CCCC(CCCCCCCCCC)CCCCCCCCCC)c4nc(-c5ccc(-c6ccc(-c7ccc(*)s7)c7nsnc67)s5)ccc43)ccc21,1,0.0,0,0.46,1.2,-3.93,-5.58,*c1ccc(-c2ccc(-c3ccc(*)s3)c3nsnc23)s1,*c1ccc2c(n1)N(CCCC(CCCCCCCCCC)CCCCCCCCCC)C(=O)/C2=C1/C(=O)N(CCCC(CCCCCCCCCC)CCCCCCCCCC)c2cc(/C=C/c3ccc4c(c3)N(CCCC(CCCCCCCCCC)CCCCCCCCCC)C(=O)/C4=C3/C(=O)N(CCCC(CCCCCCCCCC)CCCCCCCCCC)c4nc(*)ccc43)ccc21
